vessel,berth,arr,berth_at,unload_start,unload_end,in_kind,in_qty,in_qty_raw,in_teu,in_draft,load_start,load_end,out_kind,out_qty,out_qty_raw,out_teu,out_draft,dep,src
Парин,22,2021-12-24 12:00,2021-12-24 17:20,,,,,,,,,,,,,,,2022-01-01 12:30,2023-09-12_0900_
Арканор-2,22,2021-12-11 14:00,2021-12-17 18:15,,,,,,,,,,,,,,,2022-01-01 20:30,2023-09-12_0900_
Корус-1,2,2021-12-29 08:40,2021-12-29 09:25,,,,,,,,,,,,,,,2022-01-02 03:10,2023-09-12_0900_
Мактымгулы,3,2021-12-31 23:55,2022-01-01 10:25,,,,,,,,,,,,,,,2022-01-02 07:30,2023-09-12_0900_
Гарадаг,2,2022-01-01 23:25,2022-01-02 04:15,,,,,,,,,,,,,,,2022-01-02 18:05,2023-09-12_0900_
Пайя,21,2021-12-30 12:00,2021-12-30 21:45,,,,,,,,,,,,,,,2022-01-03 23:05,2023-09-12_0900_
Композитор Рахманов,6,2022-01-02 15:00,2022-01-02 16:15,,,,,,,,,,,,,,,2022-01-04 05:50,2023-09-12_0900_
Туркестан,3,2022-01-02 15:00,2022-01-02 22:10,,,,,,,,2022-01-03 06:25,2022-01-04 15:00,контейнера,160.0,160 шт.,,4.26,2022-01-05 00:15,2023-09-12_0900_
MCV Barys,2,2022-01-02 16:20,2022-01-02 19:10,2022-01-02 22:10,2022-01-03 06:50,контейнера,79.0,79 шт.,,3.5,2022-01-03 06:50,2022-01-05 01:55,контейнера,141.0,141 шт.,,3.9,2022-01-05 04:10,2023-09-12_0900_
Сарина,6,2022-01-01 04:40,2022-01-01 23:10,,,,,,,,,,,,,,,2022-01-06 03:55,2023-09-12_0900_
Балкан,1,2021-12-29 21:05,2021-12-31 04:45,,,,,,,,,,,,,,,2022-01-07 02:00,2023-09-12_0900_
Виста,6,2022-01-01 09:00,2022-01-06 05:25,,,,,,,,,,,,,,,2022-01-12 21:10,2023-09-12_0900_
Гарадаг,1,2022-01-11 18:20,2022-01-11 19:30,,,,,,,,2022-01-12 09:20,2022-01-12 17:50,контейнера,116.0,116 шт.,,,2022-01-12 21:30,2023-09-12_0900_
Мактымгулы,3,2022-01-11 06:00,2022-01-12 16:40,,,,,,,,,,,,,,,2022-01-13 09:00,2023-09-12_0900_
Сомия,6,2022-01-02 13:30,2022-01-05 02:20,,,,,,,,,,,,,,,2022-01-17 18:30,2023-09-12_0900_
MCV Barys,1,2022-01-17 06:00,2022-01-17 08:00,2022-01-13 01:30,2022-01-13 03:00,контейнера,23.0,23 шт,,3.4,2022-01-13 03:20,2022-01-17 18:45,контейнера,152.0,152 шт.,,3.9,2022-01-17 20:30,2023-09-12_0900_
Композитор Рахманов,6,2022-01-17 23:30,2022-01-18 01:10,,,,,,,,,,,,,,,2022-01-20 00:40,2023-09-12_0900_
Наргун,21,2022-01-12 09:00,2022-01-12 20:00,,,,,,,,,,,,,,,2022-01-21 18:55,2023-09-12_0900_
Тарадис,6,2022-01-13 09:15,2022-01-17 19:55,,,,,,,,,,,,,,,2022-01-21 19:30,2023-09-12_0900_
Арканор-3,6,2021-12-29 18:05,2022-01-07 00:20,,,,,,,,,,,,,,,2022-01-25 04:20,2023-09-12_0900_
Назмехр,22,2022-01-22 08:30,2022-01-22 09:50,,,,,,,,,,,,,,,2022-01-26 00:20,2023-09-12_0900_
Паранд,6,2022-01-08 00:20,2022-01-17 23:20,,,,,,,,,,,,,,,2022-01-26 20:40,2023-09-12_0900_
MCV Barys,1,2022-01-26 02:20,2022-01-26 03:00,2022-01-26 05:00,2022-01-26 11:30,контейнера,103.0,103 шт.,,3.85,2022-01-26 14:25,2022-01-27 10:10,контейнера,152.0,152 шт.,,3.9,2022-01-27 12:25,2023-09-12_0900_
Сабрина,6,2022-01-13 09:50,2022-01-17 21:40,,,,,,,,,,,,,,,2022-01-27 18:15,2023-09-12_0900_
Пайя,22,2022-01-26 13:30,2022-01-26 14:55,,,,,,,,,,,,,,,2022-01-29 02:30,2023-09-12_0900_
Гарадаг,1,2022-01-26 07:30,2022-01-27 13:10,,,,,,,,2022-01-27 19:00,2022-01-28 11:00,контейнера+барит,114.0,114 шт. + 130т.,,3.9,2022-01-29 03:50,2023-09-12_0900_
Гильда,8,2022-01-12 11:35,2022-01-21 21:50,,,,,,,,,,,,,,,2022-01-29 15:00,2023-09-12_0900_
Корус-1,3,2022-01-23 05:00,2022-01-25 16:50,,,,,,,,,,,,,,,2022-01-29 19:30,2023-09-12_0900_
Невский берег,6,2022-01-26 01:00,2022-01-29 11:30,,,,,,,,,,,,,,,2022-01-30 17:30,2023-09-12_0900_
Омскиий-143,23,2022-01-29 07:00,2022-01-29 08:55,,,,,,,,,,,,,,,2022-01-30 20:30,2023-09-12_0900_
Парин,2,2022-01-25 12:00,2022-01-25 16:35,,,,,,,,,,,,,,,2022-01-31 23:10,2023-09-12_0900_
Сарир,10,2022-01-12 14:10,2022-01-25 22:10,,,,,,,,,,,,,,,2022-02-01 15:30,2023-09-12_0900_
Сарина,3,2022-01-27 05:30,2022-01-27 17:45,,,,,,,,,,,,,,,2022-02-02 00:25,2023-09-12_0900_
Виана,6,2022-01-25 23:25,2022-01-29 16:40,,,,,,,,,,,,,,,2022-02-02 17:20,2023-09-12_0900_
Наргол,22,2022-02-01 18:00,2022-02-01 19:30,,,,,,,,,,,,,,,2022-02-06 23:50,2023-09-12_0900_
Сания,6,2022-01-18 02:30,2022-01-29 23:30,,,,,,,,,,,,,,,2022-02-07 02:35,2023-09-12_0900_
MCV Barys,1,2022-02-03 09:00,2022-02-03 09:45,,,,,,,,2022-02-04 02:30,2022-02-05 02:55,контейнера,202.0,202 шт.,,4.0,2022-02-08 02:10,2023-09-12_0900_
Нардис,10,2022-02-02 10:00,2022-02-02 12:45,,,,,,,,,,,,,,,2022-02-08 16:30,2023-09-12_0900_
Гарадаг,1,2022-02-07 01:45,2022-02-08 03:00,2022-02-08 05:20,2022-02-08 11:40,контейнера,31.0,31 шт,,3.8,2022-01-08 11:40,2022-02-08 19:40,контейнера + барит,114.0,114 шт + 138,,3.95,2022-02-09 00:30,2023-09-12_0900_
п.Композитор Гасанов,6,2022-02-06 19:15,2022-02-08 11:50,,,,,,,,,,,,,,,2022-02-10 02:15,2023-09-12_0900_
Омский-143,23,2022-02-08 00:30,2022-02-08 01:30,,,,,,,,,,,,,,,2022-02-10 02:50,2023-09-12_0900_
Назмехр,22,2022-02-08 11:40,2022-02-08 15:10,,,,,,,,,,,,,,,2022-02-10 03:45,2023-09-12_0900_
Кадос,21,2022-02-08 14:10,2022-02-10 10:00,,,,,,,,,,,,,,,2022-02-11 23:00,2023-09-12_0900_
Баку Бриз,2,2022-02-06 12:00,2022-02-08 01:05,,,,,,,,,,,,,,,2022-02-12 01:00,2023-09-12_0900_
Сомия,6,2022-02-02 09:15,2022-02-04 13:50,,,,,,,,,,,,,,,2022-02-12 01:30,2023-09-12_0900_
Наргун,22,2022-02-08 09:40,2022-02-10 13:55,,,,,,,,,,,,,,,2022-02-12 12:20,2023-09-12_0900_
Пайя,22,2022-02-12 02:00,2022-02-12 14:05,,,,,,,,,,,,,,,2022-02-14 07:05,2023-09-12_0900_
Паранд,6,2022-02-08 12:30,2022-02-10 06:35,,,,,,,,,,,,,,,2022-02-14 22:40,2023-09-12_0900_
Гильда,23,2022-02-12 03:00,2022-02-12 04:10,,,,,,,,,,,,,,,2022-02-15 00:15,2023-09-12_0900_
Корус-1,21,2022-02-08 23:15,2022-02-12 00:20,,,,,,,,,,,,,,,2022-02-16 00:35,2023-09-12_0900_
Парин,2,2022-02-12 11:00,2022-02-12 12:25,,,,,,,,,,,,,,,2022-02-16 01:00,2023-09-12_0900_
Виана,6,2022-02-16 06:00,2022-02-16 07:00,,,,,,,,,,,,,,,2022-02-18 15:45,2023-09-12_0900_
Сарина,22,2022-02-16 07:15,2022-02-16 17:20,,,,,,,,,,,,,,,2022-02-19 12:25,2023-09-12_0900_
MCV Barys,1,2022-02-18 04:00,2022-02-18 04:40,2022-02-18 06:25,2022-02-18 22:00,контейнера,131.0,131 шт.,,3.9,2022-02-18 22:00,2022-02-19 14:00,контейнера,164.0,164 шт.,,3.95,2022-02-19 16:40,2023-09-12_0900_
Сарир,6,2022-02-16 20:30,2022-02-17 13:30,,,,,,,,,,,,,,,2022-02-20 07:25,2023-09-12_0900_
Гарадаг,1,2022-02-20 17:20,2022-02-20 18:20,,,,,,,,2022-02-21 02:40,2022-02-21 11:40,контейнера + баррит,83.0,83 шт + 207 тн,,3.9,2022-02-21 19:40,2023-09-12_0900_
Нардис,6,2022-02-19 02:00,2022-02-20 10:00,,,,,,,,,,,,,,,2022-02-21 22:15,2023-09-12_0900_
Арканор-2,22,2022-02-09 21:35,2022-02-14 17:45,,,,,,,,,,,,,,,2022-02-22 14:00,2023-09-12_0900_
Наргол,3,2022-02-19 13:40,2022-02-19 21:50,,,,,,,,,,,,,,,2022-02-22 19:30,2023-09-12_0900_
Виста,6,2022-02-18 02:25,2022-02-19 23:25,,,,,,,,,,,,,,,2022-02-23 02:30,2023-09-12_0900_
Невский берег,2,2022-02-17 15:30,2022-02-18 16:45,,,,,,,,,,,,,,,2022-02-23 23:00,2023-09-12_0900_
Сабрина,21,2022-02-14 17:15,2022-02-16 00:05,,,,,,,,,,,,,,,2022-02-24 15:30,2023-09-12_0900_
Сания,23,2022-02-19 09:00,2022-02-22 15:50,,,,,,,,,,,,,,,2022-02-24 18:00,2023-09-12_0900_
Тина,10,2022-02-22 13:15,2022-02-22 17:40,,,,,,,,,,,,,,,2022-02-24 22:50,2023-09-12_0900_
Пайя,22,2022-02-22 18:30,2022-02-23 16:30,,,,,,,,,,,,,,,2022-02-25 01:50,2023-09-12_0900_
Кадос,10,2022-02-21 01:40,2022-02-23 04:05,,,,,,,,,,,,,,,2022-02-25 05:50,2023-09-12_0900_
Паранд,6,2022-02-22 14:30,2022-02-24 12:05,,,,,,,,,,,,,,,2022-02-27 00:05,2023-09-12_0900_
Сарина,22,2022-02-25 03:00,2022-02-25 07:15,,,,,,,,,,,,,,,2022-02-27 03:25,2023-09-12_0900_
MCV Barys,1,2022-02-25 09:00,2022-02-25 10:00,2022-02-25 11:50,2022-02-25 19:30,контейнера,114.0,114 шт.,,3.8,2022-02-25 21:30,2022-02-28 10:30,контейнера,191.0,план 191 шт.,,3.95,2022-02-28 13:15,2023-09-12_0900_
Сомия,23,2022-02-23 08:30,2022-02-24 22:20,,,,,,,,,,,,,,,2022-02-28 14:00,2023-09-12_0900_
Наргун,2,2022-02-24 19:30,2022-02-24 21:30,,,,,,,,,,,,,,,2022-02-28 19:10,2023-09-12_0900_
Сепано,6,2022-02-23 02:05,2022-02-25 17:30,,,,,,,,,,,,,,,2022-02-28 21:10,2023-09-12_0900_
Балкан,1,2022-02-25 19:45,2022-02-28 17:00,,,,,,,,,,,,,,,2022-03-01 22:30,2023-09-12_0900_
Гильда,23,2022-02-23 14:00,2022-02-28 16:20,,,,,,,,,,,,,,,2022-03-02 00:15,2023-09-12_0900_
Назмехр,21,2022-02-24 09:00,2022-02-24 19:30,,,,,,,,,,,,,,,2022-03-02 15:30,2023-09-12_0900_
Гарадаг,1,2022-03-01 14:45,2022-03-01 23:30,2022-03-02 01:30,2022-03-02 05:45,контейнера,64.0,64 шт.,,3.6,2022-03-02 05:45,2022-03-02 16:20,контейнера,116.0,116 шт.,,,2022-03-02 19:25,2023-09-12_0900_
Омский-143,23,2022-02-28 14:30,2022-03-02 01:05,,,,,,,,,,,,,,,2022-03-02 19:45,2023-09-12_0900_
Нардис,6,2022-03-01 16:00,2022-03-01 17:00,,,,,,,,,,,,,,,2022-03-03 01:00,2023-09-12_0900_
Баку Бриз,2,2022-02-26 01:00,2022-02-28 22:20,,,,,,,,,,,,,,,2022-03-07 13:10,2023-09-12_0900_
Амур-2522,3,2022-02-27 03:30,2022-02-28 12:45,,,,,,,,,,,,,,,2022-03-08 05:45,2023-09-12_0900_
MCV Barys,1,2022-03-08 18:00,2022-03-08 19:30,2022-03-08 22:30,2022-03-09 02:20,контейнера,119.0,119 шт.,,3.8,2022-03-09 02:40,2022-03-09 16:30,контейнера,165.0,165 шт.,,3.97,2022-03-09 20:35,2023-09-12_0900_
Сарир,23,2022-03-02 14:00,2022-03-02 17:55,,,,,,,,,,,,,,,2022-03-10 14:10,2023-09-12_0900_
Каспиан Ева,2,2022-03-10 10:00,2022-03-10 10:55,,,,,,,,,,,,,,,2022-03-11 11:40,2023-09-12_0900_
Виана,6,2022-02-28 12:00,2022-02-28 23:00,,,,,,,,,,,,,,,2022-03-11 12:05,2023-09-12_0900_
Наргол,21,2022-03-07 17:00,2022-03-07 23:30,,,,,,,,,,,,,,,2022-03-11 12:50,2023-09-12_0900_
Невский берег,10,2022-03-07 11:20,2022-03-07 12:15,,,,,,,,,,,,,,,2022-03-11 14:35,2023-09-12_0900_
Михаил Мушфиг,3,2022-03-03 08:00,2022-03-03 09:30,,,,,,,,,,,,,,,2022-03-12 01:15,2023-09-12_0900_
Кадос,21,2022-03-08 22:40,2022-03-11 16:55,,,,,,,,,,,,,,,2022-03-12 23:40,2023-09-12_0900_
Виста,6,2022-03-03 03:50,2022-03-08 23:25,,,,,,,,,,,,,,,2022-03-13 15:15,2023-09-12_0900_
Сарина,23,2022-03-09 02:05,2022-03-11 11:30,,,,,,,,,,,,,,,2022-03-13 18:35,2023-09-12_0900_
Маэстро Ниязи,1,2022-03-13 07:30,2022-03-13 10:00,,,,,,,,2022-03-13 12:15,2022-03-13 21:35,контейнера,114.0,114 шт.,,4.1,2022-03-14 02:30,2023-09-12_0900_
Пайя,21,2022-03-14 00:30,2022-03-14 01:15,,,,,,,,,,,,,,,2022-03-15 02:45,2023-09-12_0900_
Парин,10,2022-02-28 13:50,2022-03-09 11:10,,,,,,,,,,,,,,,2022-03-15 19:55,2023-09-12_0900_
Сания,23,2022-03-09 11:15,2022-03-15 09:50,,,,,,,,,,,,,,,2022-03-17 01:55,2023-09-12_0900_
Сабрина,23,2022-03-11 15:00,2022-03-11 16:30,,,,,,,,,,,,,,,2022-03-18 05:10,2023-09-12_0900_
Каспиан Сепехр,6,2022-03-11 19:30,2022-03-11 22:55,,,,,,,,,,,,,,,2022-03-19 04:50,2023-09-12_0900_
Касра-1,22,2022-03-08 19:30,2022-03-11 18:55,,,,,,,,,,,,,,,2022-03-19 06:20,2023-09-12_0900_
Пармис,23,2022-03-11 20:20,2022-03-17 09:20,,,,,,,,,,,,,,,2022-03-19 14:20,2023-09-12_0900_
Омский -143,23,2022-02-17 22:00,2022-03-17 23:20,,,,,,,,,,,,,,,2022-03-19 15:30,2023-09-12_0900_
MCV Barys,2,2022-03-18 01:30,2022-03-18 02:30,2022-03-18 04:15,2022-03-18 10:45,контейнера,90.0,90 шт.,,3.6,2022-03-18 10:45,2022-03-09 11:30,контейнера,176.0,176,,4.0,2022-03-19 16:30,2023-09-12_0900_
Тиям,1,2022-03-07 22:00,2022-03-14 21:25,,,,,,,,,,,,,,,2022-03-19 17:25,2023-09-12_0900_
Омский-143,23,2022-03-14 07:30,2022-03-18 07:20,,,,,,,,,,,,,,,2022-03-20 16:55,2023-09-12_0900_
Паранд,6,2022-03-11 20:30,2022-03-18 05:50,,,,,,,,,,,,,,,2022-03-21 01:15,2023-09-12_0900_
Леди Л,23,2022-03-16 12:00,2022-03-19 19:40,,,,,,,,,,,,,,,2022-03-21 19:05,2023-09-12_0900_
Маэстро Ниязи,1,2022-03-19 17:30,2022-03-19 18:55,,,,,,,,2022-03-20 15:20,2022-03-21 19:45,контейнера,140.0,140 шт.,,4.1,2022-03-22 00:30,2023-09-12_0900_
Ароканор-2,1,2022-03-13 18:35,2022-03-17 18:00,,,,,,,,,,,,,,,2022-03-22 21:00,2023-09-12_0900_
Сепано,6,2022-03-17 02:30,2022-03-21 03:00,,,,,,,,,,,,,,,2022-03-22 22:45,2023-09-12_0900_
Гильда,23,2022-03-19 02:10,2022-03-19 16:00,,,,,,,,,,,,,,,2022-03-23 13:40,2023-09-12_0900_
Наргун,22,2022-03-19 06:00,2022-03-20 23:15,,,,,,,,,,,,,,,2022-03-23 22:25,2023-09-12_0900_
Тарадис,23,2022-02-19 06:15,2022-03-21 21:30,,,,,,,,,,,,,,,2022-03-25 03:50,2023-09-12_0900_
Невский Берег,2,2022-03-18 14:30,2022-03-23 02:25,,,,,,,,,,,,,,,2022-03-25 15:05,2023-09-12_0900_
Тина,10,2022-03-13 17:00,2022-03-23 00:35,,,,,,,,,,,,,,,2022-03-25 23:20,2023-09-12_0900_
MCV Barys,1,2022-03-25 13:30,2022-03-25 14:30,2022-03-25 16:15,2022-03-25 22:00,контейнера,91.0,91 шт.,,3.7,2022-03-25 23:00,2022-03-26 14:50,контейнера,165.0,165 шт.,,3.6,2022-03-26 17:55,2023-09-12_0900_
Маэстро Ниязи,1,2022-03-27 15:40,2022-03-27 16:55,,,контейнера,26.0,26 шт.,,,2022-03-27 22:00,2022-03-29 11:50,контейнера,140.0,140 шт.,,4.1,2022-03-30 23:05,2023-09-12_0900_
Боско Гилан,10,2022-03-17 13:00,2022-03-22 03:10,,,,,,,,,,,,,,,2022-03-30 23:55,2023-09-12_0900_
Диба,21,2022-03-23 15:30,2022-03-23 16:40,,,,,,,,,,,,,,,2022-03-31 02:00,2023-09-12_0900_
Кадос,22,2022-03-23 14:30,2022-03-23 23:10,,,,,,,,,,,,,,,2022-03-31 17:50,2023-09-12_0900_
Сарир,23,2022-03-24 07:00,2022-03-27 20:15,,,,,,,,,,,,,,,2022-04-01 01:45,2023-09-12_0900_
Михаил Мушфиг,3,2022-03-24 15:30,2022-03-25 17:30,,,,,,,,,,,,,,,2022-04-01 17:45,2023-09-12_0900_
Сорен,6,2022-03-21 19:30,2022-03-31 12:45,,,,,,,,,,,,,,,2022-04-02 00:05,2023-09-12_0900_
MCV Barys,2,2022-03-31 21:30,2022-03-31 22:25,2022-04-01 01:30,2022-04-01 05:20,контейнера,40.0,40 шт,,2.9,2022-04-01 05:20,2022-04-01 23:30,контейнера,176.0,176 шт,,4.0,2022-04-02 02:25,2023-09-12_0900_
Нардис,21,2022-03-19 14:30,2022-03-23 12:25,,,,,,,,,,,,,,,2022-04-02 23:15,2023-09-12_0900_
Виста,6,2022-03-23 11:20,2022-03-31 15:30,,,,,,,,,,,,,,,2022-04-03 07:30,2023-09-12_0900_
Сания,23,2022-03-31 10:30,2022-04-01 03:45,,,,,,,,,,,,,,,2022-04-03 12:30,2023-09-12_0900_
Пайя,21,2022-04-01 16:30,2022-04-03 09:40,,,,,,,,,,,,,,,2022-04-05 01:10,2023-09-12_0900_
Виана,6,2022-03-24 17:30,2022-03-31 01:30,,,,,,,,,,,,,,,2022-04-05 01:45,2023-09-12_0900_
Маэстро Ниязи,1,2022-04-03 13:00,2022-04-03 14:50,,,,,,,,2022-04-03 17:30,2022-04-04 06:30,контейнера,136.0,136 шт.,,4.2,2022-04-05 10:30,2023-09-12_0900_
Сомия,23,2022-03-31 10:10,2022-04-03 12:35,,,,,,,,,,,,,,,2022-04-05 14:15,2023-09-12_0900_
Сарина,21,2022-03-31 08:30,2022-04-05 03:10,,,,,,,,,,,,,,,2022-04-05 18:30,2023-09-12_0900_
Сепано,6,2022-03-31 14:40,2022-04-05 02:25,,,,,,,,,,,,,,,2022-04-06 21:10,2023-09-12_0900_
Омский-143,23,2022-03-29 14:20,2022-04-05 15:55,,,,,,,,,,,,,,,2022-04-06 23:00,2023-09-12_0900_
Сепехр Артин,10,2022-03-27 16:15,2022-03-31 19:10,,,,,,,,,,,,,,,2022-04-06 23:55,2023-09-12_0900_
Невский берег,6,2022-04-02 06:00,2022-04-06 22:25,,,,,,,,,,,,,,,2022-04-08 03:30,2023-09-12_0900_
Парин,23,2022-03-31 09:50,2022-04-05 20:05,,,,,,,,,,,,,,,2022-04-08 07:05,2023-09-12_0900_
Джафар Джаббарлы,3,2022-03-26 01:45,2022-04-01 18:25,,,,,,,,,,,,,,,2022-04-08 18:00,2023-09-12_0900_
MCV Barys,1,2022-04-07 11:00,2022-04-07 16:40,2022-04-07 17:35,2022-04-07 19:20,контейнера,20.0,20 шт.,,2.9,2022-04-07 21:50,2022-04-09 12:30,контейнера,159.0,159 шт.,,4.0,2022-04-09 14:50,2023-09-12_0900_
Леди Л,23,2022-03-31 03:30,2022-04-08 08:00,,,,,,,,,,,,,,,2022-04-09 19:50,2023-09-12_0900_
Амур-2522,2,2022-03-25 21:50,2022-04-02 05:00,,,,,,,,,,,,,,,2022-04-10 06:50,2023-09-12_0900_
Маэстро Ниязи,1,2022-04-10 13:50,2022-04-10 14:50,2022-04-10 17:20,2022-04-10 19:20,контейнера,30.0,30 шт.,,,2022-04-10 19:20,2022-04-11 08:00,контейнера,140.0,план 140 шт.,,4.2,2022-04-11 16:00,2023-09-12_0900_
Гильда,22,2022-04-02 15:00,2022-04-06 00:15,,,,,,,,,,,,,,,2022-04-11 19:30,2023-09-12_0900_
Парс Хазар-2,21,2022-04-01 02:30,2022-04-02 03:40,,,,,,,,,,,,,,,2022-04-12 03:50,2023-09-12_0900_
Арканор-2,1,2022-04-05 15:10,2022-04-09 18:05,,,,,,,,,,,,,,,2022-04-13 23:00,2023-09-12_0900_
Сабрина,23,2022-03-31 10:15,2022-04-07 00:55,,,,,,,,,,,,,,,2022-04-14 00:00,2023-09-12_0900_
Кангалассы,21,2022-04-11 10:00,2022-04-12 05:25,,,,,,,,,,,,,,,2022-04-14 02:10,2023-09-12_0900_
Виана,6,2022-04-10 19:45,2022-04-12 09:30,,,,,,,,,,,,,,,2022-04-14 03:00,2023-09-12_0900_
Паранд,23,2022-04-01 02:00,2022-04-12 01:15,,,,,,,,,,,,,,,2022-04-15 03:20,2023-09-12_0900_
Пармис,23,2022-03-31 15:30,2022-04-09 12:40,,,,,,,,,,,,,,,2022-04-16 03:30,2023-09-12_0900_
MCV Barys,1,2022-04-15 19:30,2022-04-15 20:20,2022-04-15 23:00,2022-04-16 02:20,контейнера,47.0,47 шт.,,2.9,2022-04-16 03:00,2022-04-16 17:25,контейнера,172.0,172 шт.,,4.0,2022-04-16 19:25,2023-09-12_0900_
Нардис,23,2022-04-12 08:55,2022-04-16 04:45,,,,,,,,,,,,,,,2022-04-17 08:20,2023-09-12_0900_
Касра - 1,22,2022-04-10 12:50,2022-04-14 04:00,,,,,,,,,,,,,,,2022-04-17 17:10,2023-09-12_0900_
Сарина,22,2022-04-15 09:30,2022-04-17 17:55,,,,,,,,,,,,,,,2022-04-18 14:00,2023-09-12_0900_
Сорен,1,2022-04-11 02:00,2022-04-14 12:05,,,,,,,,,,,,,,,2022-04-18 16:50,2023-09-12_0900_
Сомия,23,2022-04-13 18:15,2022-04-17 09:45,,,,,,,,,,,,,,,2022-04-19 00:40,2023-09-12_0900_
Виста,6,2022-04-14 13:15,2022-04-17 12:40,,,,,,,,,,,,,,,2022-04-19 02:15,2023-09-12_0900_
Тарадис,23,2022-04-10 13:30,2022-04-14 13:55,,,,,,,,,,,,,,,2022-04-19 19:10,2023-09-12_0900_
Маэстро Ниязи,1,2022-04-18 19:00,2022-04-18 19:45,2022-04-18 23:40,2022-04-19 04:10,контейнера,57.0,57 шт.,,,2022-04-19 04:10,2022-04-19 17:40,контейнера,140.0,140 шт.,,4.2,2022-04-19 22:25,2023-09-12_0900_
Михаил Мушфиг,21,2022-04-14 23:30,2022-04-15 05:00,,,,,,,,,,,,,,,2022-04-20 03:05,2023-09-12_0900_
Бекет Ата,2,2022-04-18 18:00,2022-04-18 18:40,,,,,,,,2022-04-18 21:40,2022-04-19 22:40,контейнера,210.0,210 шт.,,4.7,2022-04-20 04:00,2023-09-12_0900_
Арканор-3,10,2022-04-10 02:30,2022-04-12 07:15,,,,,,,,,,,,,,,2022-04-20 17:55,2023-09-12_0900_
Балкан,2,2022-04-19 07:45,2022-04-20 04:50,,,,,,,,,,,,,,,2022-04-21 06:00,2023-09-12_0900_
Шаир Сабир,1,2022-04-16 05:25,2022-04-19 23:20,,,,,,,,,,контейнера,220.0,220 шт.,,4.5,2022-04-21 10:50,2023-09-12_0900_
Волго Балт - 216,3,2022-04-17 03:00,2022-04-17 03:55,,,,,,,,,,,,,,,2022-04-21 22:25,2023-09-12_0900_
Мрия С,23,2022-04-12 16:15,2022-04-20 23:50,,,,,,,,,,,,,,,2022-04-22 00:50,2023-09-12_0900_
MCV Barys,1,2022-04-20 17:00,2022-04-21 06:50,2022-04-21 09:15,2022-04-21 10:40,контейнера,42.0,42 шт.,,2.9,2022-04-21 10:40,2022-04-22 03:05,контейнера,149.0,149 шт.,,4.0,2022-04-22 04:50,2023-09-12_0900_
Сепано,6,2022-04-16 07:40,2022-04-20 23:15,,,,,,,,,,,,,,,2022-04-22 20:20,2023-09-12_0900_
Сарир,23,2022-04-14 08:00,2022-04-22 03:50,,,,,,,,,,,,,,,2022-04-24 00:25,2023-09-12_0900_
Невский берег,21,2022-04-20 00:00,2022-04-20 05:15,,,,,,,,,,,,,,,2022-04-24 05:40,2023-09-12_0900_
Пайя,22,2022-04-19 12:30,2022-04-19 14:00,,,,,,,,,,,,,,,2022-04-24 07:20,2023-09-12_0900_
Кангалассы,21,2022-04-23 12:45,2022-04-24 06:30,,,,,,,,,,,,,,,2022-04-24 20:05,2023-09-12_0900_
Омский-143,10,2022-04-17 01:00,2022-04-24 01:35,,,,,,,,,,,,,,,2022-04-25 19:25,2023-09-12_0900_
Волго Балт-232,6,2022-04-19 23:00,2022-04-22 00:20,,,,,,,,,,,,,,,2022-04-26 12:50,2023-09-12_0900_
Сания,23,2022-04-18 14:30,2022-04-25 04:00,,,,,,,,,,,,,,,2022-04-26 17:10,2023-09-12_0900_
Шаир Сабир,2,2022-04-24 02:00,2022-04-25 01:20,2022-04-25 03:00,2022-04-25 06:30,контейнера,58.0,58 шт.,,,2022-04-25 06:30,2022-04-26 17:00,контейнера+рельсы,20.0,20 шт. + 3995тн.,,4.5,2022-04-26 19:30,2023-09-12_0900_
Леди Л,3,2022-04-20 01:45,2022-04-21 23:35,,,,,,,,,,,,,,,2022-04-27 02:10,2023-09-12_0900_
MCV Barys,1,2022-04-25 18:25,2022-04-26 07:55,2022-04-26 10:10,2022-04-26 10:15,контейнера,1.0,1 шт.,,2.8,2022-04-26 10:15,2022-04-27 05:50,контейнера,164.0,164 шт.,,3.8,2022-04-27 08:00,2023-09-12_0900_
Бекет Ата,2,2022-04-26 11:50,2022-04-26 20:00,,,,,,,,2022-04-26 22:15,2022-04-27 11:00,контейнера,150.0,150 шт,,4.3,2022-04-27 13:00,2023-09-12_0900_
Маэстро Ниязи,1,2022-04-26 10:20,2022-04-27 09:25,,,контейнера,9.0,9 шт.,,,2022-04-27 12:15,2022-04-28 04:50,контейнера,140.0,140 шт.,,4.2,2022-04-28 11:45,2023-09-12_0900_
Диба,22,2022-04-15 00:00,2022-04-24 10:10,,,,,,,,,,,,,,,2022-04-28 18:50,2023-09-12_0900_
Волго Балт-210,21,2022-04-22 07:20,2022-04-24 21:55,,,,,,,,,,,,,,,2022-04-29 03:30,2023-09-12_0900_
Сомия,23,2022-04-28 09:30,2022-04-28 15:50,,,,,,,,,,,,,,,2022-04-29 04:45,2023-09-12_0900_
Нардис,6,2022-04-26 02:30,2022-04-27 14:25,,,,,,,,,,,,,,,2022-04-29 15:20,2023-09-12_0900_
Кадос,23,2022-04-14 14:45,2022-04-27 03:05,,,,,,,,,,,,,,,2022-05-01 02:00,2023-09-12_0900_
Джафар Джаббарлы,3,2022-04-24 02:30,2022-04-27 04:20,,,,,,,,,,,,,,,2022-05-01 21:00,2023-09-12_0900_
MCV Barys,1,2022-05-01 00:30,2022-05-01 01:30,2022-05-01 03:25,2022-05-01 06:00,контейнера,45.0,45 шт.,,2.9,2022-05-01 06:00,2022-05-02 01:45,контейнера,160.0,160 шт.,,3.9,2022-05-02 03:25,2023-09-12_0900_
Сарина,22,2022-04-27 21:00,2022-04-29 05:40,,,,,,,,,,,,,,,2022-05-03 13:50,2023-09-12_0900_
Мрия С,21,2022-04-28 03:20,2022-04-29 06:35,,,,,,,,,,,,,,,2022-05-03 15:45,2023-09-12_0900_
Сабрина,23,2022-04-24 13:30,2022-04-30 05:55,,,,,,,,,,,,,,,2022-05-03 19:50,2023-09-12_0900_
Пармис,10,2022-04-27 11:30,2022-04-28 14:00,,,,,,,,,,,,,,,2022-05-03 22:30,2023-09-12_0900_
Маэстро Ниязи,1,2022-05-02 10:00,2022-05-02 16:30,,,,,,,,2022-05-03 09:20,2022-05-03 19:45,контейнера,98.0,98 шт.,,4.0,2022-05-04 04:35,2023-09-12_0900_
Омский-143,23,2022-05-02 21:00,2022-05-03 22:05,,,,,,,,,,,,,,,2022-05-04 23:30,2023-09-12_0900_
Баку Бриз,3,2022-04-24 15:00,2022-04-28 13:20,,,,,,,,,,,,,,,2022-05-05 00:55,2023-09-12_0900_
Сепано,10,2022-05-03 18:40,2022-05-03 21:10,,,,,,,,,,,,,,,2022-05-07 16:30,2023-09-12_0900_
Паранд,23,2022-04-23 20:15,2022-05-03 16:05,,,,,,,,,,,,,,,2022-05-07 21:10,2023-09-12_0900_
MCV Barys,1,2022-05-06 05:00,2022-05-06 05:50,2022-05-06 07:00,2022-05-06 07:25,контейнера,7.0,7 шт.,,2.7,2022-05-06 09:00,2022-05-07 21:20,контейнера,145.0,план 145 шт.,,4.0,2022-05-07 23:45,2023-09-12_0900_
Бекет Ата,1,2022-05-05 20:30,2022-05-05 21:20,2022-05-05 23:20,2022-05-07 19:10,контейнер+паллеты,1.0,1 + 457 шт,,3.25,2022-05-07 19:25,2022-05-08 19:40,контейнера,163.0,163 шт.,,3.33,2022-05-08 22:50,2023-09-12_0900_
Джаг-1,21,2022-05-06 10:20,2022-05-06 11:45,,,,,,,,,,,,,,,2022-05-10 12:05,2023-09-12_0900_
Тарадис,23,2022-05-02 16:00,2022-05-03 16:50,,,,,,,,,,,,,,,2022-05-11 00:30,2023-09-12_0900_
Назмехр,22,2022-05-03 13:30,2022-05-04 17:45,,,,,,,,,,,,,,,2022-05-11 03:10,2023-09-12_0900_
Маэстро Ниязи,1,2022-05-10 19:40,2022-05-10 21:05,,,,,,,,2022-05-10 22:25,2022-05-10 07:20,контейнера,140.0,140 шт.,,4.2,2022-05-11 14:00,2023-09-12_0900_
Тина,10,2022-05-01 04:10,2022-05-06 05:10,,,,,,,,,,,,,,,2022-05-11 18:15,2023-09-12_0900_
Кангалассы,22,2022-05-11 03:00,2022-05-11 04:15,,,,,,,,,,,,,,,2022-05-11 23:00,2023-09-12_0900_
Виана,6,2022-04-27 05:30,2022-05-04 06:30,,,,,,,,,,,,,,,2022-05-12 18:15,2023-09-12_0900_
Кадос,21,2022-05-11 08:15,2022-05-11 17:25,,,,,,,,,,,,,,,2022-05-13 23:10,2023-09-12_0900_
Сарир,23,2022-05-03 06:15,2022-05-11 13:35,,,,,,,,,,,,,,,2022-05-13 23:35,2023-09-12_0900_
Касра-1,22,2022-05-06 10:20,2022-05-07 23:20,,,,,,,,,,,,,,,2022-05-13 23:50,2023-09-12_0900_
MCV Barys,1,2022-05-13 22:20,2022-05-13 23:15,2022-05-14 01:40,2022-05-14 02:55,контейнера,20.0,20 шт.,,3.0,2022-05-14 02:55,2022-05-14 17:45,контейнера,171.0,171 шт.,,3.9,2022-05-14 20:20,2023-09-12_0900_
Виста,6,2022-04-29 00:45,2022-05-11 09:20,,,,,,,,,,,,,,,2022-05-14 23:05,2023-09-12_0900_
Сания,23,2022-05-07 03:45,2022-05-14 01:20,,,,,,,,,,,,,,,2022-05-15 20:15,2023-09-12_0900_
Бекет Ата,1,2022-05-15 07:00,2022-05-15 08:00,2022-05-15 10:00,2022-05-15 15:25,контейнера,79.0,79 шт.,,3.6,2022-05-15 15:50,2022-05-16 05:20,контейнера,180.0,180 шт.,,4.38,2022-05-16 07:20,2023-09-12_0900_
Омский 143,23,2022-05-12 09:00,2022-05-14 02:55,,,,,,,,,,,,,,,2022-05-16 15:20,2023-09-12_0900_
Арканор-2,3,2022-04-30 00:40,2022-05-13 07:15,,,,,,,,,,,,,,,2022-05-16 19:25,2023-09-12_0900_
Балкан,2,2022-05-10 11:20,2022-05-16 16:05,,,,,,,,,,,,,,,2022-05-17 11:00,2023-09-12_0900_
Маэстро Ниязи,1,2022-05-16 18:00,2022-05-17 02:55,,,,,,,,2022-05-17 05:00,2022-05-17 18:15,контейнера,134.0,134 шт.,,4.2,2022-05-17 22:30,2023-09-12_0900_
Нардис,6,2022-05-11 11:30,2022-05-14 02:10,,,,,,,,,,,,,,,2022-05-18 21:30,2023-09-12_0900_
Парин,23,2022-05-05 04:00,2022-05-11 15:30,,,,,,,,,,,,,,,2022-05-19 01:00,2023-09-12_0900_
Кангалассы,22,2022-05-18 14:50,2022-05-18 15:55,,,,,,,,,,,,,,,2022-05-19 11:00,2023-09-12_0900_
Теймур Ахмедов,2,2022-05-18 10:00,2022-05-18 14:30,,,,,,,,2022-05-18 21:20,2022-05-19 07:50,контейнера,108.0,108 шт.,,3.0,2022-05-19 15:00,2023-09-12_0900_
Каспиан Сепехр,6,2022-05-11 08:45,2022-05-17 03:45,,,,,,,,,,,,,,,2022-05-21 18:45,2023-09-12_0900_
Пармис,22,2022-05-16 07:45,2022-05-18 20:05,,,,,,,,,,,,,,,2022-05-21 22:30,2023-09-12_0900_
MCV Barys,2,2022-05-19 20:30,2022-05-19 21:25,,,,,,,,2022-05-20 01:35,2022-05-21 22:30,контейнера,135.0,135 шт.,,4.0,2022-05-22 00:50,2023-09-12_0900_
Арканор-3,10,2022-05-02 16:50,2022-05-13 10:10,,,,,,,,,,,,,,,2022-05-24 01:00,2023-09-12_0900_
Сабрина,6,2022-05-12 06:45,2022-05-17 23:35,,,,,,,,,,,,,,,2022-05-24 23:45,2023-09-12_0900_
Пайя,21,2022-05-13 20:30,2022-05-18 18:00,,,,,,,,,,,,,,,2022-05-25 02:00,2023-09-12_0900_
Маэстро Ниязи,2,2022-05-22 14:10,2022-05-23 11:00,2022-05-23 14:10,2022-05-23 17:45,контейнера,35.0,35 шт.,,3.35,2022-05-23 18:30,2022-03-25 00:30,контейнера,125.0,125 шт.,,4.2,2022-05-25 04:50,2023-09-12_0900_
Тарадис,22,2022-05-23 17:30,2022-05-23 18:30,,,,,,,,,,,,,,,2022-05-25 19:00,2023-09-12_0900_
Виана,3,2022-05-21 01:35,2022-05-23 12:40,,,,,,,,,,,,,,,2022-05-25 19:45,2023-09-12_0900_
Бекет Ата,1,2022-05-22 15:25,2022-05-23 08:45,2022-05-23 13:55,2022-05-23 18:45,контейнера,33.0,33 шт.,,3.3,2022-05-23 19:00,2022-05-24 22:10,контейнера,88.0,88 шт.,,3.5,2022-05-26 00:00,2023-09-12_0900_
Омский-143,23,2022-05-25 10:00,2022-05-25 11:35,,,,,,,,,,,,,,,2022-05-27 00:05,2023-09-12_0900_
Дорита,22,2022-05-23 19:30,2022-05-23 22:10,,,,,,,,,,,,,,,2022-05-27 02:30,2023-09-12_0900_
MCV Barys,1,2022-05-26 05:30,2022-05-26 06:40,,,,,,,,2022-05-26 09:15,2022-05-27 06:50,контейнера,182.0,182 шт,,4.0,2022-05-27 08:55,2023-09-12_0900_
Кадос,21,2022-05-21 22:00,2022-05-26 01:05,,,,,,,,,,,,,,,2022-05-29 00:20,2023-09-12_0900_
Гарадаг,1,2022-05-29 06:30,2022-05-29 07:35,,,,,,,,,,,,,,,2022-05-29 23:50,2023-09-12_0900_
Нардис,22,2022-05-27 17:00,2022-05-28 13:10,,,,,,,,,,,,,,,2022-05-30 05:45,2023-09-12_0900_
Теймур Ахмедов,3,2022-05-29 05:30,2022-05-29 06:30,,,,,,,,,,,,,,,2022-05-30 17:30,2023-09-12_0900_
Маэстро Ниязи,1,2022-05-29 15:00,2022-05-30 00:45,2022-05-30 02:45,2022-05-30 06:45,контейнера,42.0,42 шт.,,3.4,2022-05-30 06:45,2022-05-30 19:25,контейнера,140.0,140 шт,,4.2,2022-05-31 00:25,2023-09-12_0900_
Наджва-2,3,2022-05-26 20:30,2022-05-26 21:30,,,,,,,,,,,,,,,2022-05-31 06:05,2023-09-12_0900_
Бекет Ата,2,2022-05-30 09:50,2022-05-30 18:15,2022-05-30 21:30,2022-05-31 00:20,контейнера,40.0,40 шт.,,3.46,2022-05-31 00:20,2022-05-31 23:00,контейнера,151.0,151 шт.,,4.4,2022-06-01 00:40,2023-09-12_0900_
Виста,21,2022-05-29 07:30,2022-05-29 13:00,,,,,,,,,,,,,,,2022-06-03 01:05,2023-09-12_0900_
Касра-1,3,2022-05-31 11:00,2022-06-02 12:45,,,,,,,,,,,,,,,2022-06-03 19:20,2023-09-12_0900_
Парин,22,2022-05-29 23:50,2022-05-30 07:15,,,,,,,,,,,,,,,2022-06-03 22:30,2023-09-12_0900_
Кангаласы,21,2022-06-02 23:30,2022-06-03 02:30,,,,,,,,,,,,,,,2022-06-04 03:00,2023-09-12_0900_
Теймур Ахмедов,2,2022-06-03 03:00,2022-06-03 16:30,,,,,,,,,,контейнера,108.0,108 шт.,,3.9,2022-06-04 16:50,2023-09-12_0900_
Маэстро Ниязи,1,2022-06-03 13:35,2022-06-03 18:20,,,,,,,,,,контейнера,85.0,85 шт.,,3.8,2022-06-04 17:25,2023-09-12_0900_
Каспиан Кимия,6,2022-05-29 03:00,2022-06-01 02:30,,,,,,,,,,,,,,,2022-06-04 18:00,2023-09-12_0900_
Орел-6,10,2022-06-03 06:30,2022-06-03 23:15,,,,,,,,,,,,,,,2022-06-05 16:30,2023-09-12_0900_
MCV Barys,2,2022-05-31 11:00,2022-05-31 12:05,,,,,,,,2022-06-04 17:25,2022-06-05 07:05,контейнера,184.0,184 шт.,,3.9,2022-06-05 19:30,2023-09-12_0900_
Бекет Ата,1,2022-06-04 22:50,2022-06-05 00:00,2022-06-05 04:15,2022-06-05 07:00,контейнера,29.0,29 шт.,,3.0,2022-06-05 09:30,2022-06-06 01:40,контейнера,129.0,129 шт.,,,2022-06-06 03:35,2023-09-12_0900_
Эльга-1,23,2022-06-04 00:00,2022-06-05 03:15,,,,,,,,,,,,,,,2022-06-06 20:10,2023-09-12_0900_
Сабрина,23,2022-06-02 08:30,2022-06-04 11:55,,,,,,,,,,,,,,,2022-06-07 23:40,2023-09-12_0900_
Кадос,22,2022-06-04 21:30,2022-06-06 22:20,,,,,,,,,,,,,,,2022-06-08 01:00,2023-09-12_0900_
Дорита,2,2022-06-05 10:20,2022-06-06 17:30,,,,,,,,,,,,,,,2022-06-08 15:10,2023-09-12_0900_
Гарадаг,1,2022-06-07 09:30,2022-06-07 22:40,,,,,,,,2022-06-08 01:50,2022-06-08 12:50,контейнера,106.0,106 шт.,,3.9,2022-06-08 16:40,2023-09-12_0900_
Сания,21,2022-05-30 01:00,2022-06-03 21:50,,,,,,,,,,,,,,,2022-06-09 03:25,2023-09-12_0900_
Диба,22,2022-06-04 02:00,2022-06-07 02:50,,,,,,,,,,,,,,,2022-06-10 11:00,2023-09-12_0900_
Cомия,22,2022-06-06 14:00,2022-06-08 02:50,,,,,,,,,,,,,,,2022-06-11 02:30,2023-09-12_0900_
Маэстро Ниязи,1,2022-06-09 20:30,2022-06-10 04:20,,,,,,,,2022-06-10 06:30,2022-06-11 06:00,контейнера,140.0,140 шт.,,4.2,2022-06-11 13:05,2023-09-12_0900_
Теймур Ахмедов,2,2022-06-10 05:00,2022-06-10 06:05,,,контейнера,18.0,18 шт.,,3.2,,,контейнера,104.0,104 шт.,,3.94,2022-06-11 18:05,2023-09-12_0900_
MCV Barys,1,2022-06-11 20:00,2022-06-11 21:10,2022-06-11 22:50,2022-06-12 00:35,контейнера,25.0,25 шт.,,2.9,2022-06-12 02:00,2022-06-13 00:00,контейнера,161.0,161 шт,,3.9,2022-06-13 02:30,2023-09-12_0900_
Бекет Ата,10,2022-06-12 04:30,2022-06-12 05:40,,,,,,,,2022-06-12 21:40,2022-06-13 16:20,контейнера,162.0,162 шт,,4.3,2022-06-13 23:15,2023-09-12_0900_
Кангаласы,21,2022-06-13 06:50,2022-06-13 12:30,,,,,,,,,,,,,,,2022-06-14 07:20,2023-09-12_0900_
Гарадаг,1,2022-06-13 12:45,2022-06-13 22:30,2022-06-14 01:35,2022-06-14 02:10,контейнера,10.0,10 шт.,,,2022-06-14 02:10,2022-06-14 11:05,контейнера,105.0,план 105 шт.,,,2022-06-14 15:40,2023-09-12_0900_
Пайя,22,2022-06-08 07:30,2022-06-11 17:05,,,,,,,,,,,,,,,2022-06-14 19:30,2023-09-12_0900_
Арканур-2,3,2022-06-02 07:00,2022-06-08 13:25,,,,,,,,,,,,,,,2022-06-14 23:10,2023-09-12_0900_
Гильда,23,2022-06-08 08:45,2022-06-10 11:55,,,,,,,,,,,,,,,2022-06-15 15:30,2023-09-12_0900_
Теймур Ахмедов,1,2022-06-15 15:10,2022-06-15 16:20,,,,,,,,,,контейнера,106.0,106 шт.,,3.9,2022-06-16 07:45,2023-09-12_0900_
Балкан,3,2022-06-12 08:40,2022-06-15 00:15,,,,,,,,,,,,,,,2022-06-16 11:00,2023-09-12_0900_
Маэстро Ниязи,1,2022-06-15 21:25,2022-06-16 09:50,,,контейнера,27.0,27 шт.,,,,,контейнера,140.0,140 шт.,,4.2,2022-06-18 05:15,2023-09-12_0900_
Патрис,6,2022-06-12 16:45,2022-06-14 13:25,,,,,,,,,,,,,,,2022-06-18 05:30,2023-09-12_0900_
Диба,21,2022-06-16 23:40,2022-06-17 07:45,,,,,,,,,,,,,,,2022-06-18 16:20,2023-09-12_0900_
Омский-114,23,2022-06-13 03:15,2022-06-16 11:30,,,,,,,,,,,,,,,2022-06-18 16:45,2023-09-12_0900_
MCV Barys,2,2022-06-17 07:35,2022-06-17 10:40,2022-06-17 13:45,2022-06-17 14:00,контейнера,6.0,6 шт,,2.9,2022-06-18 03:05,2022-06-19 06:10,контейнера,156.0,156 шт,,3.4,2022-06-19 08:10,2023-09-12_0900_
Туркестан,1,2022-06-18 01:00,2022-06-18 06:30,,,,,,,,2022-06-18 21:55,2022-06-19 19:45,контейнера,171.0,171 шт.,,4.3,2022-06-19 22:10,2023-09-12_0900_
Бекет Ата,2,2022-06-18 05:00,2022-06-19 09:20,,,,,,,,2022-06-19 15:15,2022-06-20 11:40,контейнера,176.0,176 шт,,4.3,2022-06-20 13:25,2023-09-12_0900_
Гарадаг,1,2022-06-19 09:30,2022-06-19 23:30,,,контейнера,10.0,10 шт.,,2.8,,,контейнера,106.0,106 шт,,3.9,2022-06-20 22:20,2023-09-12_0900_
Теймур Ахмедов,2,2022-06-19 21:50,2022-06-19 23:30,,,контейнера,10.0,10 шт.,,2.8,,,контейнера,82.0,82 шт.,,3.0,2022-06-21 05:15,2023-09-12_0900_
Маэстро Ниязи,1,2022-06-21 11:00,2022-06-21 11:55,,,,,,,,2022-06-21 15:50,2022-06-22 19:30,контейнера,113.0,113 шт.,,4.1,2022-06-22 23:30,2023-09-12_0900_
Сарир,23,2022-06-17 10:30,2022-06-18 10:10,,,,,,,,,,,,,,,2022-06-24 14:00,2023-09-12_0900_
Кангалассы,22,2022-06-22 02:30,2022-06-22 03:35,,,,,,,,,,,,,,,2022-06-24 15:30,2023-09-12_0900_
Касма,6,2022-06-10 21:30,2022-06-13 03:50,,,,,,,,,,,,,,,2022-06-24 15:50,2023-09-12_0900_
MCV Barys,1,2022-06-24 08:00,2022-06-24 08:45,2022-06-24 10:30,2022-06-24 11:30,контейнера,11.0,11 шт,,3.0,2022-06-24 11:30,2022-06-25 00:45,контейнера,143.0,143 шт.,,3.4,2022-06-25 02:55,2023-09-12_0900_
Касра-1,3,2022-06-21 22:40,2022-06-23 01:00,,,,,,,,,,,,,,,2022-06-25 22:45,2023-09-12_0900_
Балкан,1,2022-06-24 08:00,2022-06-25 03:40,,,,,,,,,,,,,,,2022-06-26 07:10,2023-09-12_0900_
Гарадаг,22,2022-06-26 05:45,2022-06-26 06:50,,,,,,,,,,,,,,,2022-06-27 11:10,2023-09-12_0900_
Тина,2,2022-06-19 20:00,2022-06-22 22:50,,,,,,,,,,,,,,,2022-06-27 17:50,2023-09-12_0900_
Сабрина,23,2022-06-21 08:00,2022-06-21 17:40,,,,,,,,,,,,,,,2022-06-27 19:15,2023-09-12_0900_
Омский-114,23,2022-06-25 21:15,2022-06-28 10:35,,,,,,,,,,,,,,,2022-06-30 08:15,2023-09-12_0900_
MCV Barys,2,2022-06-29 07:20,2022-06-29 22:00,,,,,,,,2022-06-29 23:20,2022-06-30 22:40,контейнера,165.0,165 шт.,,3.8,2022-07-01 00:15,2023-09-12_0900_
Эльга-1,23,2022-06-28 10:00,2022-06-28 14:45,,,,,,,,,,,,,,,2022-07-01 17:20,2023-09-12_0900_
Маэстро Ниязи,2,2022-07-01 15:00,2022-07-01 18:55,,,контейнера,30.0,30 шт.,,,,,контейнера,90.0,90 шт.,,,2022-07-02 16:00,2023-09-12_0900_
Паранд,23,2022-06-27 09:15,2022-06-27 13:00,,,,,,,,,,,,,,,2022-07-02 23:10,2023-09-12_0900_
Омский-118,23,2022-07-01 16:20,2022-07-02 23:55,,,,,,,,,,,,,,,2022-07-04 22:25,2023-09-12_0900_
Кадос,22,2022-07-02 04:30,2022-07-02 05:45,,,,,,,,,,,,,,,2022-07-05 06:10,2023-09-12_0900_
Кангалассы,22,2022-07-05 03:25,2022-07-05 07:45,,,,,,,,,,,,,,,2022-07-06 04:50,2023-09-12_0900_
Гарадаг,1,2022-07-05 10:50,2022-07-05 11:55,,,,,,,,,,,,,,,2022-07-06 06:30,2023-09-12_0900_
MCV Barys,1,2022-07-06 06:00,2022-07-06 07:15,2022-07-06 09:00,2022-07-06 09:55,контейнера,19.0,19 шт.,,2.9,2022-07-06 09:55,2022-07-06 22:30,контейнера,139.0,139 шт.,,3.8,2022-07-07 00:30,2023-09-12_0900_
Касма,22,2022-07-05 21:00,2022-07-06 07:50,,,,,,,,,,,,,,,2022-07-07 22:30,2023-09-12_0900_
Охотск,3,2022-06-25 10:30,2022-06-25 23:20,,,,,,,,,,,,,,,2022-07-08 22:45,2023-09-12_0900_
Сарир,22,2022-07-07 15:00,2022-07-08 00:20,,,,,,,,,,,,,,,2022-07-09 01:00,2023-09-12_0900_
Маэстро Ниязи,1,2022-07-08 13:00,2022-07-08 14:35,2022-07-08 16:00,2022-07-08 18:30,контейнера,30.0,30 шт.,,3.2,2022-07-08 18:30,2022-07-09 07:00,контейнера,84.0,84,,3.5,2022-07-09 10:45,2023-09-12_0900_
Гильда,6,2022-06-30 23:00,2022-07-01 00:50,,,,,,,,,,,,,,,2022-07-09 14:00,2023-09-12_0900_
Наргун,22,2022-07-06 16:50,2022-07-09 01:30,,,,,,,,,,,,,,,2022-07-10 02:30,2023-09-12_0900_
Гарадаг,1,2022-07-10 19:30,2022-07-10 21:25,2022-07-10 23:00,2022-07-11 02:30,контейнера,39.0,39 шт.,,3.2,2022-07-11 03:00,2022-07-11 07:10,контейнера,81.0,81 шт,,3.8,2022-07-11 12:30,2023-09-12_0900_
Виана,2,2022-07-06 22:50,2022-07-07 01:45,,,,,,,,,,,,,,,2022-07-12 01:10,2023-09-12_0900_
Кангаласы,22,2022-07-10 04:00,2022-07-11 14:00,,,контейнера,54.0,54шт,,,,,,,,,,2022-07-12 11:15,2023-09-12_0900_
Амур-2522,3,2022-07-07 12:30,2022-07-09 11:55,,,,,,,,,,,,,,,2022-07-12 19:25,2023-09-12_0900_
MCV Barys,1,2022-07-11 17:00,2022-07-11 18:40,2022-07-11 21:15,2022-07-11 23:30,контейнера,32.0,32 шт,,2.8,2022-07-11 23:30,2022-07-12 22:35,контейнера,175.0,175 шт.,,4.0,2022-07-13 00:40,2023-09-12_0900_
Диба,22,2022-07-08 23:00,2022-07-10 04:15,,,,,,,,,,,,,,,2022-07-13 05:00,2023-09-12_0900_
Омксий-118,23,2022-07-12 10:00,2022-07-12 12:00,,,,,,,,,,,,,,,2022-07-14 00:15,2023-09-12_0900_
Патрис,6,2022-07-06 00:00,2022-07-06 22:50,,,,,,,,,,,,,,,2022-07-14 15:00,2023-09-12_0900_
Маэстро Ниязи,1,2022-07-13 14:50,2022-07-13 16:00,,,,,,,,,,контейнера,23.0,23 шт.,,,2022-07-14 16:30,2023-09-12_0900_
Паранд,2,2022-07-11 21:40,2022-07-13 09:50,,,,,,,,,,,,,,,2022-07-15 07:45,2023-09-12_0900_
Омский-114,23,2022-07-12 13:15,2022-07-14 00:50,,,,,,,,,,,,,,,2022-07-15 16:55,2023-09-12_0900_
Гарадаг,1,2022-07-15 10:00,2022-07-15 12:20,2022-07-15 14:20,2022-07-15 16:30,контейнера,25.0,25 шт.,,3.2,2022-07-15 17:00,2022-07-16 04:00,контейнера,108.0,108 шт.,,3.8,2022-07-16 07:10,2023-09-12_0900_
Парин,21,2022-07-07 11:40,2022-07-12 13:15,,,,,,,,,,,,,,,2022-07-17 12:00,2023-09-12_0900_
Сомия,22,2022-07-08 18:00,2022-07-13 12:00,,,,,,,,,,,,,,,2022-07-17 23:05,2023-09-12_0900_
MCV Barys,1,2022-07-17 19:50,2022-07-17 21:10,2022-07-17 22:20,2022-07-17 23:25,контейнера,19.0,19 шт.,,2.7,2022-07-17 23:25,2022-07-18 18:20,контейнера,143.0,143 шт.,,4.0,2022-07-18 20:00,2023-09-12_0900_
Мактымгулы,3,2022-07-18 06:00,2022-07-18 21:05,,,,,,,,,,,,,,,2022-07-19 17:45,2023-09-12_0900_
Маэстро Ниязи,21,2022-07-19 10:00,2022-07-19 11:00,,,,,,,,2022-07-19 15:20,2022-07-22 04:00,контейнера,140.0,140 шт.,,4.2,2022-07-22 22:55,2023-09-12_0900_
Кадос,6,2022-07-11 22:00,2022-07-17 12:30,,,,,,,,,,,,,,,2022-07-23 15:45,2023-09-12_0900_
Наргол,22,2022-07-09 15:30,2022-07-18 00:25,,,,,,,,,,,,,,,2022-07-23 18:40,2023-09-12_0900_
MCV Barys,1,2022-07-24 13:30,2022-07-24 14:35,2022-07-24 16:00,2022-07-24 23:10,контейнера,70.0,70 шт.,,3.2,2022-07-24 23:10,2022-07-25 15:15,контейнера,174.0,174 шт.,,4.0,2022-07-25 18:10,2023-09-12_0900_
Мактымгулы,2,2022-07-24 11:20,2022-07-25 21:55,,,,,,,,,,,,,,,2022-07-26 19:40,2023-09-12_0900_
Касра-1,21,2022-07-10 02:30,2022-07-16 16:05,,,,,,,,,,,,,,,2022-07-27 02:35,2023-09-12_0900_
Сабрина,22,2022-07-26 16:30,2022-07-26 17:20,,,,,,,,,,,,,,,2022-07-27 11:40,2023-09-12_0900_
Гильда,6,2022-07-21 18:45,2022-07-23 04:00,,,,,,,,,,,,,,,2022-07-27 18:10,2023-09-12_0900_
Шаир Сабир,1,2022-07-26 18:15,2022-07-26 21:00,,,,,,,,,,,,,,,2022-07-29 22:40,2023-09-12_0900_
Кангалассы,22,2022-07-26 16:30,2022-07-27 04:00,,,,,,,,,,,,,,,2022-07-30 22:30,2023-09-12_0900_
Маэстро Ниязи,1,2022-07-30 18:00,2022-07-30 18:50,,,,,,,,2022-07-31 01:30,2022-07-31 12:20,контейнера,140.0,140 шт.,,,2022-07-31 15:50,2023-09-12_0900_
Омский-118,21,2022-07-28 17:00,2022-07-29 14:15,,,,,,,,,,,,,,,2022-08-01 16:20,2023-09-12_0900_
MCV Barys,1,2022-07-31 09:30,2022-07-31 16:40,2022-07-31 18:00,2022-08-01 02:05,контейнера,105.0,105 шт.,,3.4,2022-08-01 02:05,2022-08-01 18:00,контейнера,173.0,173 шт.,,4.0,2022-08-01 19:35,2023-09-12_0900_
Наргол,22,2022-07-31 22:50,2022-08-01 11:55,,,,,,,,,,,,,,,2022-08-02 14:10,2023-09-12_0900_
Назмехр,22,2022-08-01 03:00,2022-08-01 13:10,,,,,,,,,,,,,,,2022-08-02 14:35,2023-09-12_0900_
Сормовский-49,3,2022-08-01 05:00,2022-08-01 06:40,,,,,,,,,,,,,,,2022-08-05 07:45,2023-09-12_0900_
Маэстро Ниязи,1,2022-08-04 13:00,2022-08-04 14:55,2022-08-04 17:20,2022-08-04 19:30,контейнера,45.0,45 шт.,,,2022-08-04 21:10,2022-08-05 10:00,контейнера,140.0,140 шт.,,,2022-08-05 13:50,2023-09-12_0900_
Балкан,3,2022-08-03 08:00,2022-08-05 09:10,,,,,,,,,,,,,,,2022-08-06 07:00,2023-09-12_0900_
Кангалассы,21,2022-08-05 04:50,2022-08-05 05:55,,,,,,,,,,,,,,,2022-08-06 13:10,2023-09-12_0900_
Патрис,2,2022-07-26 17:15,2022-07-26 18:20,,,,,,,,,,,,,,,2022-08-06 14:00,2023-09-12_0900_
MCV Barys,1,2022-08-05 14:30,2022-08-05 15:10,2022-08-05 17:10,2022-08-05 22:40,контейнера,47.0,47 шт.,,2.7,2022-08-05 22:40,2022-08-06 18:50,контейнера,177.0,177 шт.,,4.0,2022-08-06 21:15,2023-09-12_0900_
Сабрина,22,2022-08-03 18:00,2022-08-07 15:40,,,,,,,,,,,,,,,2022-08-08 22:40,2023-09-12_0900_
Махмуд Рагимов,22,2022-08-08 09:30,2022-08-08 18:05,,,,,,,,,,,,,,,2022-08-09 16:00,2023-09-12_0900_
Диба,21,2022-08-06 18:00,2022-08-06 19:25,,,,,,,,,,,,,,,2022-08-09 20:30,2023-09-12_0900_
Гарадаг,2,2022-08-03 01:00,2022-08-03 07:35,,,,,,,,,,,,,,,2022-08-10 07:50,2023-09-12_0900_
Мактымгулы,3,2022-08-08 02:30,2022-08-09 11:35,,,,,,,,,,,,,,,2022-08-10 15:50,2023-09-12_0900_
Парин,22,2022-08-07 04:00,2022-08-09 17:00,,,,,,,,,,,,,,,2022-08-11 01:00,2023-09-12_0900_
Кангалассы,21,2022-08-10 23:30,2022-08-11 00:30,,,,,,,,,,,,,,,2022-08-11 19:00,2023-09-12_0900_
Сарир,22,2022-08-05 20:00,2022-08-07 10:35,,,,,,,,,,,,,,,2022-08-11 22:45,2023-09-12_0900_
MCV Barys,1,2022-08-10 22:00,2022-08-10 22:55,2022-08-11 01:45,2022-08-11 05:35,контейнера,23.0,23 шт.,,2.7,2022-08-11 06:20,2022-08-12 06:30,контейнера,188.0,188 шт.,,4.0,2022-08-12 08:00,2023-09-12_0900_
Маэстро Ниязи,2,2022-08-10 15:00,2022-08-10 19:00,2022-08-10 22:50,2022-08-11 07:40,контейнера,53.0,53 шт.,,,2022-08-11 11:00,2022-08-12 08:00,контейнера,140.0,140 шт.,,,2022-08-12 11:00,2023-09-12_0900_
Наругн,22,2022-08-11 20:00,2022-08-11 21:20,,,,,,,,,,,,,,,2022-08-13 03:00,2023-09-12_0900_
Балкан,1,2022-08-11 00:30,2022-08-12 09:30,,,,,,,,,,,,,,,2022-08-13 10:35,2023-09-12_0900_
Сарир,23,2022-08-13 05:00,2022-08-13 06:15,,,,,,,,,,,,,,,2022-08-13 13:40,2023-09-12_0900_
Махмуд Регимов,2,2022-08-13 06:00,2022-08-13 07:00,,,,,,,,,,,,,,,2022-08-13 22:30,2023-09-12_0900_
Сомия,22,2022-08-13 11:00,2022-08-13 12:45,,,,,,,,,,,,,,,2022-08-15 06:00,2023-09-12_0900_
Сабрина,22,2022-08-15 01:00,2022-08-15 12:35,,,,,,,,,,,,,,,2022-08-16 11:30,2023-09-12_0900_
MCV Barys,1,2022-08-15 23:45,2022-08-16 00:15,2022-08-16 01:35,2022-08-16 01:40,контейнера,1.0,1 шт.,,2.7,2022-08-16 01:40,2022-08-16 18:10,контейнера,185.0,185 шт.,,4.0,2022-08-16 19:40,2023-09-12_0900_
Сарина,21,2022-08-13 08:10,2022-08-13 12:10,,,,,,,,,,,,,,,2022-08-17 02:00,2023-09-12_0900_
Кангалассы,22,2022-08-16 08:30,2022-08-16 12:35,,,,,,,,,,,,,,,2022-08-17 02:35,2023-09-12_0900_
Гарадаг,2,2022-08-15 15:00,2022-08-15 16:45,,,,,,,,,,,,,,,2022-08-17 11:00,2023-09-12_0900_
Тарадис,21,2022-08-19 13:30,2022-08-19 14:45,,,,,,,,,,,,,,,2022-08-22 14:15,2023-09-12_0900_
Омский-138,23,2022-08-19 08:00,2022-08-19 09:15,,,,,,,,,,,,,,,2022-08-22 18:30,2023-09-12_0900_
MCV Barys,1,2022-08-20 21:15,2022-08-21 13:50,2022-08-21 21:15,2022-08-21 22:35,контейнера,30.0,30 шт,,2.9,2022-08-21 22:35,2022-08-22 18:50,контейнера,175.0,175 шт.,,4.0,2022-08-22 22:05,2023-09-12_0900_
Гильда,22,2022-08-22 18:30,2022-08-22 19:35,,,,,,,,,,,,,,,2022-08-23 11:40,2023-09-12_0900_
Алиреза-1,1,2022-08-23 08:00,2022-08-23 10:20,,,,,,,,,,,,,,,2022-08-24 06:55,2023-09-12_0900_
Мир,3,2022-08-16 13:00,2022-08-16 14:05,,,,,,,,,,,,,,,2022-08-25 01:00,2023-09-12_0900_
Наргол,22,2022-08-24 22:45,2022-08-24 23:45,,,,,,,,,,,,,,,2022-08-25 23:00,2023-09-12_0900_
Благоево,18,2022-07-09 12:30,2022-07-09 15:25,,,,,,,,,,,,,,,2022-08-26 00:50,2023-09-12_0900_
Махмуд Рагимов,22,2022-08-26 05:00,2022-08-26 06:55,,,,,,,,,,,,,,,2022-08-26 23:00,2023-09-12_0900_
Гарадаг,2,2022-08-24 09:00,2022-08-24 10:10,,,,,,,,,,,,,,,2022-08-27 07:00,2023-09-12_0900_
Кангалассы,22,2022-08-25 04:30,2022-08-25 21:50,,,,,,,,,,,,,,,2022-08-27 11:00,2023-09-12_0900_
MCV Barys,1,2022-08-26 17:00,2022-08-26 17:55,2022-08-26 21:30,2022-08-27 04:40,контейнера,66.0,66 шт.,,2.7,2022-08-27 04:40,2022-08-27 22:15,контейнера,173.0,173 шт.,,4.0,2022-08-28 00:10,2023-09-12_0900_
Балкан,2,2022-08-26 01:35,2022-08-27 09:45,,,,,,,,,,,,,,,2022-08-28 10:10,2023-09-12_0900_
Сания,3,2022-08-25 09:30,2022-08-25 14:45,,,,,,,,,,,,,,,2022-08-28 18:45,2023-09-12_0900_
Сабрина,22,2022-08-26 16:20,2022-08-27 12:25,,,,,,,,,,,,,,,2022-08-29 11:25,2023-09-12_0900_
Виста,2,2022-08-28 00:10,2022-08-28 13:40,,,,,,,,,,,,,,,2022-08-30 02:25,2023-09-12_0900_
Адрина,22,2022-08-30 17:30,2022-08-30 18:30,,,,,,,,,,,,,,,2022-08-31 03:45,2023-09-12_0900_
Виана,23,2022-08-23 10:00,2022-08-23 13:00,,,,,,,,,,,,,,,2022-08-31 18:00,2023-09-12_0900_
Амур-2522,3,2022-08-28 22:00,2022-08-28 22:50,,,,,,,,,,,,,,,2022-09-01 12:00,2023-09-12_0900_
MCV Barys,1,2022-08-31 12:30,2022-08-31 13:30,2022-08-31 15:45,2022-08-31 18:00,контейнера,19.0,19 шт.,,2.7,2022-08-31 18:00,2022-09-01 15:10,контейнера,192.0,192 шт,,4.0,2022-09-01 17:10,2023-09-12_0900_
Омский-138,23,2022-08-31 10:40,2022-08-31 18:40,,,,,,,,,,,,,,,2022-09-02 01:20,2023-09-12_0900_
Махмуд Рагимов,1,2022-09-01 11:40,2022-09-01 18:30,,,,,,,,,,,,,,,2022-09-02 17:20,2023-09-12_0900_
MCV Sunkar,1,2022-09-03 05:30,2022-09-03 06:25,,,,,,,,2022-09-03 07:10,2022-09-03 19:10,контейнера,140.0,140 шт.,,3.84,2022-09-03 23:30,2023-09-12_0900_
Балтийский-40,1,2022-09-01 13:00,2022-09-02 18:50,,,,,,,,,,,,,,,2022-09-04 11:15,2023-09-12_0900_
Джафар Джабарлы,3,2022-08-31 03:30,2022-08-31 05:40,,,,,,,,,,,,,,,2022-09-05 04:25,2023-09-12_0900_
Кангалассы,22,2022-09-03 23:40,2022-09-04 01:00,,,,,,,,,,,,,,,2022-09-06 16:20,2023-09-12_0900_
Омский-127,6,2022-08-31 18:00,2022-09-01 16:10,,,,,,,,,,,,,,,2022-09-06 22:45,2023-09-12_0900_
MCV Barys,1,2022-09-06 11:30,2022-09-06 13:35,,,,,,,,2022-09-06 15:20,2022-09-07 06:15,контейнера,143.0,143 шт.,,4.0,2022-09-07 07:45,2023-09-12_0900_
Гарадаг,3,2022-09-01 22:15,2022-09-07 05:00,,,,,,,,,,,,,,,2022-09-10 05:50,2023-09-12_0900_
Сарир,23,2022-08-26 05:20,2022-08-31 08:15,,,,,,,,,,,,,,,2022-09-11 04:50,2023-09-12_0900_
MCV Barys,1,2022-09-11 08:45,2022-09-11 09:50,2022-09-11 11:05,2022-09-11 14:35,контейнера,62.0,62 шт.,,2.9,2022-09-11 14:35,2022-09-12 00:00,контейнера,123.0,123 шт.,,4.0,2022-09-12 01:25,2023-09-12_0900_
Кангаласы,22,2022-09-11 20:00,2022-09-11 21:30,,,,,,,,,,,,,,,2022-09-15 10:50,2023-09-12_0900_
Парин,6,2022-09-02 02:45,2022-09-07 11:05,,,,,,,,,,,,,,,2022-09-15 18:40,2023-09-12_0900_
Гильда,2,2022-09-01 22:30,2022-09-04 18:05,,,,,,,,,,,,,,,2022-09-15 23:00,2023-09-12_0900_
Мир,2,2022-09-09 19:00,2022-09-10 06:45,,,,,,,,,,,,,,,2022-09-16 16:25,2023-09-12_0900_
Алиреза-1,1,2022-09-13 19:15,2022-09-15 17:10,,,,,,,,,,,,,,,2022-09-16 16:50,2023-09-12_0900_
MCV Sunkar,22,2022-09-11 02:16,2022-09-12 02:10,2022-09-12 03:20,2022-09-12 06:50,контейнера,37.0,37 шт.,,2.9,2022-09-15 21:30,2022-09-16 17:05,контейнера,158.0,158,,3.8,2022-09-16 20:00,2023-09-12_0900_
Благоево,18,2022-08-28 11:00,2022-08-28 11:40,,,,,,,,,,,,,,,2022-09-17 15:55,2023-09-12_0900_
Адрина,3,2022-09-12 03:30,2022-09-16 00:20,,,,,,,,,,,,,,,2022-09-17 20:15,2023-09-12_0900_
MCV Barys,1,2022-09-17 03:10,2022-09-17 04:05,2022-09-17 05:40,2022-09-17 11:00,контейнера,81.0,81 шт,,2.9,2022-09-17 11:00,2022-09-18 03:25,контейнера,151.0,151 шт,,4.0,2022-09-18 05:40,2023-09-12_0900_
Тиям,1,2022-09-16 08:10,2022-09-16 09:35,,,,,,,,,,,,,,,2022-09-19 18:05,2023-09-12_0900_
Сепано,23,2022-09-11 08:30,2022-09-14 21:10,,,,,,,,,,,,,,,2022-09-19 19:35,2023-09-12_0900_
Тарадис,23,2022-09-17 18:10,2022-09-17 19:25,,,,,,,,,,,,,,,2022-09-21 04:30,2023-09-12_0900_
Сомия,6,2022-09-12 23:50,2022-09-13 21:40,,,,,,,,,,,,,,,2022-09-21 16:35,2023-09-12_0900_
Омский-138,23,2022-09-15 10:45,2022-09-19 22:15,,,,,,,,,,,,,,,2022-09-22 17:35,2023-09-12_0900_
Кангалассы,22,2022-09-21 06:20,2022-09-21 07:40,,,,,,,,,,,,,,,2022-09-22 21:15,2023-09-12_0900_
Советская родина,6,2022-09-21 06:45,2022-09-21 17:35,,,,,,,,,,,,,,,2022-09-23 03:50,2023-09-12_0900_
MCV Barys,1,2022-09-22 06:30,2022-09-22 07:10,2022-09-22 10:05,2022-09-22 10:25,контейнера,4.0,4 шт,,2.6,2022-09-22 10:25,2022-09-23 02:45,контейнера,151.0,151 шт,,4.0,2022-09-23 04:20,2023-09-12_0900_
Балтийский-40,3,2022-09-22 07:00,2022-09-22 07:50,,,,,,,,,,,,,,,2022-09-23 18:05,2023-09-12_0900_
Амур-2522,6,2022-09-20 05:50,2022-09-20 06:55,,,,,,,,,,,,,,,2022-09-24 00:00,2023-09-12_0900_
Сабрина,23,2022-09-17 15:30,2022-09-18 23:15,,,,,,,,,,,,,,,2022-09-24 01:30,2023-09-12_0900_
Махмуд Рагимов,2,2022-09-23 09:00,2022-09-23 18:50,,,,,,,,,,"цинк,свенец,медь",3469.0,3469,,,2022-09-26 15:30,2023-09-12_0900_
Омский-106,6,2022-09-23 06:50,2022-09-23 21:15,,,,,,,,,,,,,,,2022-09-26 16:20,2023-09-12_0900_
Омский-143,23,2022-09-21 10:30,2022-09-22 22:40,,,,,,,,,,,,,,,2022-09-27 01:00,2023-09-12_0900_
Sunkar,2,2022-09-26 07:10,2022-09-26 10:45,2022-09-26 14:30,2022-09-27 00:20,контейнера,45.0,45 шт.,,3.2,2022-09-27 02:20,2022-09-27 15:55,контейнера,153.0,153 шт.,,3.8,2022-09-27 19:25,2023-09-12_0900_
Баку Бриз,23,2022-09-22 13:15,2022-09-22 22:10,,,,,,,,,,,,,,,2022-09-27 23:55,2023-09-12_0900_
Сарир,6,2022-09-22 10:15,2022-09-24 02:45,,,,,,,,,,,,,,,2022-09-29 01:45,2023-09-12_0900_
Волго Балт-232,23,2022-09-19 14:20,2022-09-27 02:30,,,,,,,,,,,,,,,2022-09-29 02:20,2023-09-12_0900_
Кангаласы,22,2022-09-28 12:00,2022-09-29 01:10,,,,,,,,,,,,,,,2022-09-29 18:15,2023-09-12_0900_
MCV Barys,1,2022-09-29 09:30,2022-09-29 12:20,2022-09-29 14:05,2022-09-29 16:20,контейнера,49.0,49 шт,,2.7,2022-09-29 17:10,2022-09-30 21:35,контейнера,156.0,156 шт,,3.9,2022-09-30 23:50,2023-09-12_0900_
Арканор-3,6,2022-09-23 00:00,2022-09-23 07:00,,,,,,,,,,,,,,,2022-10-01 01:00,2023-09-12_0900_
Сорен,23,2022-09-22 21:20,2022-09-29 04:20,,,,,,,,,,,,,,,2022-10-01 03:25,2023-09-12_0900_
Паранд,3,2022-09-29 01:25,2022-09-29 22:55,,,,,,,,,,,,,,,2022-10-04 06:45,2023-09-12_0900_
Тина,23,2022-09-23 01:30,2022-09-28 03:15,,,,,,,,,,,,,,,2022-10-04 07:00,2023-09-12_0900_
Омский-206,23,2022-09-23 07:10,2022-09-29 19:10,,,,,,,,,,,,,,,2022-10-05 21:30,2023-09-12_0900_
Советская Родина,6,2022-10-02 11:15,2022-10-04 09:15,,,,,,,,,,,,,,,2022-10-06 02:30,2023-09-12_0900_
Амур-2522,6,2022-10-04 20:00,2022-10-06 03:15,,,,,,,,,,,,,,,2022-10-07 03:15,2023-09-12_0900_
Боско Гелан,23,2022-09-26 18:30,2022-10-04 10:25,,,,,,,,,,,,,,,2022-10-07 04:55,2023-09-12_0900_
MCV Barys,1,2022-10-05 04:30,2022-10-05 05:30,2022-10-05 10:15,2022-10-05 17:55,контейнера,74.0,74 шт.,,2.9,2022-10-05 17:55,2022-10-07 07:20,контейнера,178.0,178 шт.,,4.0,2022-10-07 11:15,2023-09-12_0900_
Нардис,23,2022-09-27 20:00,2022-10-01 15:00,,,,,,,,,,,,,,,2022-10-08 06:40,2023-09-12_0900_
Сепано,6,2022-09-30 17:30,2022-10-04 22:15,,,,,,,,,,,,,,,2022-10-08 16:30,2023-09-12_0900_
Махмуд Рагимов,1,2022-10-02 09:45,2022-10-07 12:55,,,,,,,,,,,,,,,2022-10-10 22:45,2023-09-12_0900_
Адрина,3,2022-10-06 18:00,2022-10-07 02:25,,,,,,,,,,,,,,,2022-10-11 00:25,2023-09-12_0900_
Гарадаг,23,2022-09-27 23:35,2022-10-05 23:30,,,,,,,,,,,,,,,2022-10-11 03:25,2023-09-12_0900_
Кангалассы,22,2022-10-07 01:00,2022-10-11 04:40,,,,,,,,,,,,,,,2022-10-12 02:20,2023-09-12_0900_
Алиреза-1,1,2022-10-10 08:50,2022-10-10 23:45,,,,,,,,,,,,,,,2022-10-12 08:00,2023-09-12_0900_
Тиям,21,2022-09-29 19:10,2022-10-07 10:50,,,,,,,,,,,,,,,2022-10-12 14:00,2023-09-12_0900_
Гильда,23,2022-09-29 17:00,2022-10-08 07:50,,,,,,,,,,,,,,,2022-10-12 21:50,2023-09-12_0900_
Виста,6,2022-10-01 22:50,2022-10-08 13:20,,,,,,,,,,,,,,,2022-10-13 00:10,2023-09-12_0900_
Назмехр,3,2022-10-10 05:00,2022-10-11 02:20,,,,,,,,,,,,,,,2022-10-13 03:30,2023-09-12_0900_
MCV Barys,1,2022-10-11 13:30,2022-10-12 01:00,2022-10-12 03:00,2022-10-12 07:00,контейнера,63.0,63 шт,,2.9,2022-10-12 09:40,2022-10-13 04:45,контейнера,160.0,160 шт.,,4.0,2022-10-13 06:45,2023-09-12_0900_
Сабрина,22,2022-10-06 02:35,2022-10-12 04:25,,,,,,,,,,,,,,,2022-10-13 14:30,2023-09-12_0900_
Омский-138,23,2022-10-01 06:00,2022-10-12 23:45,,,,,,,,,,,,,,,2022-10-14 16:00,2023-09-12_0900_
Мир,3,2022-10-07 22:30,2022-10-13 14:00,,,,,,,,,,,,,,,2022-10-15 14:45,2023-09-12_0900_
Баку Бриз,23,2022-10-05 06:45,2022-10-13 18:00,,,,,,,,,,,,,,,2022-10-15 21:15,2023-09-12_0900_
Кангалассы,22,2022-10-15 10:55,2022-10-15 22:50,,,,,,,,,,,,,,,2022-10-16 15:50,2023-09-12_0900_
Сорен,6,2022-10-14 10:30,2022-10-14 11:45,,,,,,,,,,,,,,,2022-10-16 18:00,2023-09-12_0900_
Шаир Сабир,1,2022-10-13 14:50,2022-10-13 15:55,,,,,,,,,,,,,,,2022-10-16 22:50,2023-09-12_0900_
Сарир,22,2022-10-08 05:15,2022-10-14 17:50,,,,,,,,,,,,,,,2022-10-17 20:10,2023-09-12_0900_
Патрис,23,2022-09-28 01:10,2022-10-12 15:05,,,,,,,,,,,,,,,2022-10-18 02:55,2023-09-12_0900_
Махмуд Рагимов,1,2022-10-15 11:00,2022-10-16 23:55,,,,,,,,,,,,,,,2022-10-18 12:40,2023-09-12_0900_
MCV Barys,2,2022-10-18 08:00,2022-10-18 09:10,2022-10-18 11:20,2022-10-18 21:55,контейнера,102.0,102 шт.,,3.5,2022-10-18 21:55,2022-10-20 19:45,контейнера,192.0,192 шт,,4.0,2022-10-20 22:25,2023-09-12_0900_
Сания,23,2022-09-30 16:30,2022-10-12 11:50,,,,,,,,,,,,,,,2022-10-20 23:55,2023-09-12_0900_
Сильвер Стар,10,2022-10-15 04:30,2022-10-16 19:00,,,,,,,,,,,,,,,2022-10-22 17:00,2023-09-12_0900_
Парин,23,2022-09-28 19:00,2022-10-17 02:05,,,,,,,,,,,,,,,2022-10-22 19:25,2023-09-12_0900_
GC Sunkar,22,2022-10-14 16:10,2022-10-18 22:30,2022-10-20 14:40,2022-10-21 03:40,автомобили,65.0,65 шт.,,2.9,2022-10-22 22:30,2022-10-23 12:10,контейнера,114.0,114 шт.,,3.2,2022-10-23 16:20,2023-09-12_0900_
Балкан,3,2022-10-19 20:30,2022-10-22 22:55,,,,,,,,,,,,,,,2022-10-23 18:15,2023-09-12_0900_
Тарадис,23,2022-10-06 10:30,2022-10-17 22:05,,,,,,,,,,,,,,,2022-10-23 19:25,2023-09-12_0900_
Советская Родина,10,2022-10-12 07:20,2022-10-21 02:35,,,,,,,,,,,,,,,2022-10-24 11:00,2023-09-12_0900_
Омский-143,23,2022-10-08 11:00,2022-10-23 21:05,,,,,,,,,,,,,,,2022-10-25 00:25,2023-09-12_0900_
Омский 206,21,2022-10-15 16:45,2022-10-21 03:00,,,,,,,,,,,,,,,2022-10-25 01:00,2023-09-12_0900_
Арканур-3,6,2022-10-17 08:40,2022-10-18 21:25,,,,,,,,,,,,,,,2022-10-25 01:25,2023-09-12_0900_
Кангаласы,21,2022-10-24 05:00,2022-10-25 02:55,,,,,,,,,,,,,,,2022-10-26 18:00,2023-09-12_0900_
Нардис,6,2022-10-19 09:45,2022-10-23 06:05,,,,,,,,,,,,,,,2022-10-26 19:45,2023-09-12_0900_
Сомия,23,2022-10-12 15:00,2022-10-23 17:45,,,,,,,,,,,,,,,2022-10-27 01:30,2023-09-12_0900_
Боско Гилан,10,2022-10-18 21:30,2022-10-21 04:25,,,,,,,,,,,,,,,2022-10-28 17:30,2023-09-12_0900_
Эльга-1,22,2022-10-17 09:15,2022-10-25 02:15,,,,,,,,,,,,,,,2022-10-28 21:40,2023-09-12_0900_
Андор,6,2022-10-24 22:00,2022-10-26 21:20,,,,,,,,,,,,,,,2022-10-28 22:45,2023-09-12_0900_
MCV Barys,2,2022-10-27 13:15,2022-10-28 12:45,2022-10-28 14:25,2022-10-28 23:20,контейнера,84.0,84 шт,,3.5,2022-10-28 23:20,2022-10-29 18:40,контейнера,168.0,план 168 шт,,3.9,2022-10-29 22:25,2023-09-12_0900_
Сабрина,23,2022-10-21 02:55,2022-10-28 13:40,,,,,,,,,,,,,,,2022-10-30 13:10,2023-09-12_0900_
Паранд,23,2022-10-15 05:00,2022-10-26 12:15,,,,,,,,,,,,,,,2022-10-31 21:15,2023-09-12_0900_
Гарадаг,6,2022-10-30 22:00,2022-10-30 23:15,,,,,,,,,,,,,,,2022-11-03 15:30,2023-09-12_0900_
Адрина,3,2022-10-28 11:45,2022-10-30 11:15,,,,,,,,,,,,,,,2022-11-04 02:10,2023-09-12_0900_
Тиям,23,2022-10-24 21:40,2022-10-26 23:05,,,,,,,,,,,,,,,2022-11-04 09:50,2023-09-12_0900_
GC Sunkar,1,2022-11-03 12:10,2022-11-03 16:35,2022-11-03 19:10,2022-11-04 00:15,контейнера+авто,45.0,45 шт+28 авто,,3.2,2022-11-04 02:55,2022-11-04 16:50,контейнера,155.0,155 шт.,,4.0,2022-11-04 20:15,2023-09-12_0900_
Виста,6,2022-10-24 19:30,2022-10-30 00:45,,,,,,,,,,,,,,,2022-11-05 00:20,2023-09-12_0900_
Кангалассы,22,2022-11-04 11:20,2022-11-04 12:15,,,,,,,,,,,,,,,2022-11-05 06:25,2023-09-12_0900_
MCV Barys,1,2022-11-04 08:00,2022-11-04 21:10,2022-11-04 22:45,,контейнера,108.0,108 шт.,,3.1,,,,,,,,2022-11-05 12:00,2023-09-12_0900_
Советская Родина,6,2022-10-31 02:10,2022-11-05 01:30,,,,,,,,,,,,,,,2022-11-06 20:10,2023-09-12_0900_
Гильда,22,2022-10-26 12:20,2022-10-28 23:50,,,,,,,,,,,,,,,2022-11-06 23:50,2023-09-12_0900_
Махмуд Рагимов,1,2022-10-27 21:15,2022-10-31 10:15,,,,,,,,,,,,,,,2022-11-07 11:20,2023-09-12_0900_
Пайя,6,2022-10-29 02:30,2022-11-04 03:55,,,,,,,,,,,,,,,2022-11-07 22:50,2023-09-12_0900_
Алиреза-1,1,2022-10-31 10:25,2022-11-07 13:00,,,,,,,,,,,,,,,2022-11-08 17:55,2023-09-12_0900_
Сорен,23,2022-10-28 06:50,2022-11-06 22:15,,,,,,,,,,,,,,,2022-11-08 18:30,2023-09-12_0900_
Каспиан Легенд,3,2022-10-30 16:10,2022-11-06 00:45,,,,,,,,,,,,,,,2022-11-09 05:20,2023-09-12_0900_
Сепано,23,2022-10-27 10:00,2022-10-31 22:20,,,,,,,,,,,,,,,2022-11-10 23:00,2023-09-12_0900_
GC Sunkar,1,2022-11-09 19:00,2022-11-09 19:55,2022-11-09 22:30,2022-11-10 03:15,контейнера,71.0,71 шт.,,3.2,2022-11-10 03:15,2022-11-10 19:55,контейнера,158.0,158 шт.,,4.0,2022-11-10 23:30,2023-09-12_0900_
Нардис,6,2022-11-09 13:00,2022-11-09 14:45,,,,,,,,,,,,,,,2022-11-12 13:10,2023-09-12_0900_
Парин,21,2022-11-03 16:00,2022-11-07 00:45,,,,,,,,,,,,,,,2022-11-12 19:15,2023-09-12_0900_
Бекет Ата,10,2022-11-05 08:45,2022-11-08 21:20,,,,,,,,,,,,,,,2022-11-12 20:50,2023-09-12_0900_
Шаир Сабир,2,2022-11-10 12:00,2022-11-11 06:15,,,,,,,,,,,,,,,2022-11-12 23:00,2023-09-12_0900_
Балкан,22,2022-10-27 05:00,2022-11-11 00:35,,,,,,,,,,,,,,,2022-11-13 04:45,2023-09-12_0900_
Омский-127,23,2022-11-07 15:45,2022-11-12 11:25,,,,,,,,,,,,,,,2022-11-16 03:35,2023-09-12_0900_
Кангаласы,21,2022-11-11 21:15,2022-11-12 20:05,,,,,,,,,,,,,,,2022-11-16 13:10,2023-09-12_0900_
Андор,6,2022-11-11 17:45,2022-11-16 05:10,,,,,,,,,,,,,,,2022-11-17 22:35,2023-09-12_0900_
GC Sunkar,1,2022-11-17 06:10,2022-11-17 18:35,2022-11-17 21:25,2022-11-17 23:25,контейнера,45.0,45 шт.,,3.2,2022-11-17 23:25,2022-11-18 14:05,контейнера,145.0,145 шт.,,3.9,2022-11-18 15:50,2023-09-12_0900_
Навис-4,,2022-11-18 08:00,,,,,,,,,,,,,,,,2022-11-18 22:00,2023-09-12_0900_
Бекет Ата,21,2022-11-05 08:45,2022-11-16 04:30,2022-11-18 16:00,2022-11-19 00:10,,,,,,2022-11-16 17:30,2022-11-17 16:00,ячмень навалом,4826.0,"4826, 000",,4.6,2022-11-19 15:30,2023-09-12_0900_
Ванда,3,2022-11-11 16:30,2022-11-11 17:20,,,,,,,,,,,,,,,2022-11-19 16:20,2023-09-12_0900_
Сомия,6,2022-11-07 14:15,2022-11-16 01:40,,,,,,,,,,,,,,,2022-11-22 14:05,2023-09-12_0900_
Тина,23,2022-11-12 02:20,2022-11-18 12:20,,,,,,,,,,,,,,,2022-11-22 18:00,2023-09-12_0900_
Сания,3,2022-11-11 08:15,2022-11-13 01:00,,,,,,,,,,,,,,,2022-11-22 22:45,2023-09-12_0900_
Виста,6,2022-11-19 20:00,2022-11-19 22:30,,,,,,,,,,,,,,,2022-11-24 14:15,2023-09-12_0900_
Паранд,21,2022-11-17 15:30,2022-11-19 17:45,,,,,,,,,,,,,,,2022-11-24 17:45,2023-09-12_0900_
Адрина,3,2022-11-19 19:40,2022-11-19 21:25,,,,,,,,,,,,,,,2022-11-24 18:30,2023-09-12_0900_
GC Sunkar,2,2022-11-22 04:40,2022-11-23 01:10,2022-11-23 02:45,2022-11-23 09:45,контейнера,80.0,80 шт.,,3.0,2022-11-23 09:45,2022-11-24 11:25,контейнера,172.0,172 шт,,4.0,2022-11-24 19:10,2023-09-12_0900_
Махмуд Рагимов,1,2022-11-19 15:00,2022-11-21 12:30,,,,,,,,,,,,,,,2022-11-27 23:40,2023-09-12_0900_
Кангалассы,22,2022-11-25 16:10,2022-11-27 23:10,,,,,,,,,,,,,,,2022-11-28 15:30,2023-09-12_0900_
Гильда,21,2022-11-19 12:05,2022-11-21 16:45,,,,,,,,,,,,,,,2022-11-29 00:30,2023-09-12_0900_
Магтымгулы,2,2022-11-23 05:30,2022-11-27 21:45,,,,,,,,,,,,,,,2022-11-29 01:20,2023-09-12_0900_
Амур-2522,2,2022-11-19 23:30,2022-11-24 19:50,,,,,,,,,,,,,,,2022-11-29 22:00,2023-09-12_0900_
Эльга-1,23,2022-11-26 06:25,2022-11-27 17:35,,,,,,,,,,,,,,,2022-11-29 23:20,2023-09-12_0900_
GC Sunkar,2,2022-11-29 21:00,2022-11-29 22:50,2022-11-30 02:00,2022-11-30 05:25,контейнера,52.0,52 шт,,3.2,2022-11-30 05:25,2022-12-01 04:45,контейнера,163.0,163 шт.,,4.0,2022-12-01 07:00,2023-09-12_0900_
Нардис,6,2022-11-24 12:00,2022-11-28 00:40,,,,,,,,,,,,,,,2022-12-01 17:45,2023-09-12_0900_
Сабрина,22,2022-11-18 22:15,2022-11-28 18:45,,,,,,,,,,,,,,,2022-12-01 23:00,2023-09-12_0900_
Сормовский-49,1,2022-11-28 04:30,2022-11-30 04:40,,,,,,,,,,,,,,,2022-12-02 11:00,2023-09-12_0900_
Пайя,3,2022-11-22 09:30,2022-11-24 22:40,,,,,,,,,,,,,,,2022-12-02 14:20,2023-09-12_0900_
Ванда,2,2022-12-01 03:00,2022-12-01 22:30,,,,,,,,,,,,,,,2022-12-03 18:20,2023-09-12_0900_
GUBA,21,2022-12-01 09:00,2022-12-01 10:35,,,,,,,,,,,,,,,2022-12-03 22:45,2023-09-12_0900_
Балкан,3,2022-12-04 00:00,2022-12-04 01:25,,,,,,,,,,,,,,,2022-12-05 05:35,2023-09-12_0900_
Алиреза -1,1,2022-12-03 07:30,2022-12-03 19:20,,,,,,,,,,,,,,,2022-12-05 18:00,2023-09-12_0900_
JABRAYIL,21,2022-12-01 08:30,2022-12-01 09:45,,,,,,,,,,,,,,,2022-12-06 01:35,2023-09-12_0900_
Сарир,22,2022-11-30 05:00,2022-12-02 11:00,,,,,,,,,,,,,,,2022-12-07 02:50,2023-09-12_0900_
GC Sunkar,1,2022-12-05 00:10,2022-12-05 19:45,2022-12-05 22:20,2022-12-06 02:45,контейнера,44.0,44 шт,,3.3,2022-12-06 05:10,2022-12-07 06:00,контейнера,189.0,189 шт,,4.0,2022-12-07 10:45,2023-09-12_0900_
Каспиан Легенд,6,2022-11-30 07:00,2022-12-06 21:55,,,,,,,,,,,,,,,2022-12-07 22:45,2023-09-12_0900_
Сомия,10,2022-12-02 16:40,2022-12-03 00:20,,,,,,,,,,,,,,,2022-12-08 00:25,2023-09-12_0900_
Бекет Ата,23,2022-12-02 20:15,2022-12-06 17:55,,,,,,,,2022-12-07 18:35,2022-12-09 03:20,ячмень навалом,4840.0,"4840, 000",,4.6,2022-12-09 19:00,2023-09-12_0900_
п.К.Рахманинов,2,2022-12-03 19:30,2022-12-04 21:35,,,,,,,,,,,,,,,2022-12-09 21:35,2023-09-12_0900_
Махмуд Рагимов,3,2022-12-06 12:30,2022-12-06 23:05,,,,,,,,,,,,,,,2022-12-13 15:40,2023-09-12_0900_
Кангаласы,23,2022-12-06 02:50,2022-12-07 03:45,,,,,,,,,,,,,,,2022-12-13 18:20,2023-09-12_0900_
MCV Barys,1,2022-12-11 06:30,2022-12-12 11:35,,,,,,,,2022-12-12 14:35,2022-12-13 07:25,контейнера,128.0,128 шт.,,3.6,2022-12-13 19:20,2023-09-12_0900_
Благоево,6,2022-12-07 13:00,2022-12-07 14:50,,,,,,,,,,,,,,,2022-12-15 09:55,2023-09-12_0900_
GC Sunkar,22,2022-12-13 01:00,2022-12-13 22:00,2022-12-14 09:30,2022-12-14 18:30,контейнера + 1 паллет,105.0,105 шт.,,3.9,2022-12-15 07:00,2022-12-16 01:25,контейнера,149.0,149 шт.,,3.9,2022-12-16 04:30,2023-09-12_0900_
Парин,23,2022-11-26 21:50,2022-12-12 17:00,,,,,,,,,,,,,,,2022-12-16 11:40,2023-09-12_0900_
SAVALAN,21,2022-12-02 09:30,2022-12-04 15:20,,,,,,,,,,,,,,,2022-12-16 21:00,2023-09-12_0900_
Сания,6,2022-12-06 16:30,2022-12-12 14:00,,,,,,,,,,,,,,,2022-12-17 17:50,2023-09-12_0900_
GUBA,21,2022-12-08 09:00,2022-12-08 09:40,,,,,,,,2022-12-14 10:25,2022-12-15 21:20,"трубы + контейнера, цемент",260.0,260 тн.,,4.3,2022-12-17 23:40,2023-09-12_0900_
Пайя,1,2022-12-15 03:30,2022-12-16 02:15,,,,,,,,,,,,,,,2022-12-18 02:05,2023-09-12_0900_
JABRAYIL,21,2022-12-15 06:00,2022-12-16 21:40,,,бур. раствор / бентонит,490.0,490 м3,,4.3,2022-12-16 22:25,2022-12-17 10:45,палубный груз + контейнера,10.0,10 шт.,,4.7,2022-12-19 07:25,2023-09-12_0900_
SAVALAN,21,2022-12-18 19:00,2022-12-18 19:30,,,,,,,,,,,,,,,2022-12-19 15:15,2023-09-12_0900_
Эльга-1,23,2022-12-13 14:00,2022-12-16 12:45,,,,,,,,,,,,,,,2022-12-19 20:05,2023-09-12_0900_
Паранд,21,2022-12-14 17:00,2022-12-16 01:15,,,,,,,,,,,,,,,2022-12-21 00:15,2023-09-12_0900_
MCV Barys,1,2022-12-18 10:10,2022-12-18 11:30,2022-12-18 14:10,2022-12-18 19:05,контейнера,69.0,69 шт.,,3.1,2022-12-18 21:25,2022-12-20 22:20,контейнера,129.0,129 шт.,,3.6,2022-12-21 00:45,2023-09-12_0900_
Благоево,12,2022-12-18 20:00,2022-12-19 06:25,,,,,,,,,,,,,,,2022-12-21 06:35,2023-09-12_0900_
Кангаласы,22,2022-12-18 05:25,2022-12-18 10:35,,,,,,,,,,,,,,,2022-12-21 14:45,2023-09-12_0900_
Виста,2,2022-12-15 19:30,2022-12-16 18:40,,,,,,,,,,,,,,,2022-12-21 18:00,2023-09-12_0900_
GUBA,21,2022-12-20 09:10,2022-12-21 10:45,,,,,,,,,,,,,,,2022-12-21 21:10,2023-09-12_0900_
Бекет Ата,6,2022-12-17 19:50,2022-12-18 22:45,,,,,,,,2022-12-19 13:35,2022-12-21 18:05,пшеница,4493.054,4493.054,,4.4,2022-12-22 15:00,2023-09-12_0900_
JABRAYIL,21,2022-12-21 20:45,2022-12-21 21:45,,,палубный груз,50.0,50 т,,4.75,,,"палуб.груз 133,550 тн",,,,4.8,2022-12-22 22:20,2023-09-12_0900_
SHAHDAG,18,2022-12-18 01:00,2022-12-19 13:00,,,,,,,,,,7 пассажиров,,,,4.4,2022-12-22 23:55,2023-09-12_0900_
Виана,6,2022-12-15 08:30,2022-12-17 22:20,,,,,,,,,,,,,,,2022-12-23 23:00,2023-09-12_0900_
SHAHDAG,,2022-12-23 16:15,,,,7 пассажиров,,,,,,,,,,,,2022-12-24 07:30,2023-09-12_0900_
GUBA,21,2022-12-22 23:00,2022-12-23 00:45,,,палуб.груз,,,,,,,,,,,,2022-12-25 00:35,2023-09-12_0900_
Благоево,2,2022-12-21 20:45,2022-12-22 00:15,,,,,,,,,,,,,,,2022-12-25 14:10,2023-09-12_0900_
Адрина,2,2022-12-16 01:25,2022-12-21 22:55,,,,,,,,,,,,,,,2022-12-25 19:00,2023-09-12_0900_
SAVALAN,21,2022-12-23 00:30,2022-12-23 01:15,,,,,,,,,,бур. раствор / баррит,410.0,410 м3,,4.1,2022-12-25 23:25,2023-09-12_0900_
Святой Константин,10,2022-12-25 12:00,2022-12-25 13:50,,,,,,,,,,,,,,,2022-12-26 00:15,2023-09-12_0900_
LEVOLI ORANGE,18,2022-12-21 13:35,2022-12-23 10:10,,,,,,,,,,,,,,,2022-12-26 00:40,2023-09-12_0900_
Шаир Сабир,1,2022-12-19 13:45,2022-12-20 18:05,,,,,,,,,,,,,,,2022-12-26 13:50,2023-09-12_0900_
Орель-6,23,2022-12-14 06:20,2022-12-22 18:40,,,,,,,,,,,,,,,2022-12-26 16:40,2023-09-12_0900_
GUBA,21,2022-12-26 09:40,2022-12-26 10:25,,,,,,,,2022-12-26 18:50,2022-12-26 19:05,палубный груз/ цемент,112.115,"112,115 тн./208тн.",,4.2,2022-12-26 23:05,2023-09-12_0900_
Омский-206,23,2022-12-25 21:20,2022-12-26 01:15,,,,,,,,,,,,,,,2022-12-27 23:40,2023-09-12_0900_
Сормовский 49,3,2022-12-26 20:30,2022-12-26 21:50,,,,,,,,,,,,,,,2022-12-28 08:20,2023-09-12_0900_
SHAHDAG,21,2022-12-25 07:00,2022-12-25 11:15,,,,22.0,22 пассажира,,,,,,,,,,2022-12-29 03:00,2023-09-12_0900_
Гильда,22,2022-12-17 01:00,2022-12-21 07:55,,,,,,,,,,,,,,,2022-12-29 20:00,2023-09-12_0900_
JABRAYIL,21,2022-12-29 21:00,2022-12-29 21:40,,,бур.раствор,404.0,404 м3,,4.2,,,,,,,,2022-12-30 03:45,2023-09-12_0900_
GC Sunkar,10,2022-12-27 21:50,2022-12-27 23:15,2022-12-28 01:50,2022-12-28 10:45,контейнера + машины,51.0,51 шт + 39 м.,,3.2,,,,,,,,2022-12-30 12:20,2023-09-12_0900_
Сомия,22,2022-12-19 01:10,2022-12-27 19:20,,,,,,,,,,,,,,,2022-12-30 23:20,2023-09-12_0900_
Сабрина,10,2022-12-15 11:50,2022-12-25 22:35,,,,,,,,,,,,,,,2022-12-31 00:20,2023-09-12_0900_
MCV Barys,2,2022-12-26 07:50,2022-12-29 01:10,2022-12-29 04:25,2022-12-30 07:05,контейнера,154.0,154 шт,,3.9,2022-12-30 09:30,2022-12-31 01:00,контейнера,147.0,147 шт,,3.7,2022-12-31 03:35,2023-09-12_0900_
Махмуд Рагимов,1,2022-12-23 12:45,2022-12-26 17:50,,,,,,,,,,,,,,,2022-12-31 18:00,2023-09-12_0900_
SAVALAN,21,2022-12-31 03:30,2022-12-31 04:25,,,,,,,,,,палубные грузы 26 тн,,,,4.0,2022-12-31 20:55,2023-09-12_0900_
Пайя,22,2022-12-30 20:05,2022-12-31 16:45,,,,,,,,,,,,,,,2023-01-01 02:45,2024-02-19_0852_
Кангалассы,22,2022-12-31 06:00,2022-12-31 07:10,,,,,,,,,,,,,,,2023-01-01 20:10,2024-02-19_0852_
SAVALAN,21,2023-01-01 21:00,2023-01-01 21:45,,,11 пассажиров,,,,,,,палубные грузы,26.0,26 тн,,3.8,2023-01-02 04:20,2024-02-19_0852_
Вафа,3,2022-12-23 09:15,2022-12-28 15:00,,,,,,,,,,,,,,,2023-01-03 23:40,2024-02-19_0852_
SAVALAN,21,2023-01-03 20:00,2023-01-03 21:15,,,"палубный груз, цемент",150.0,150тн,,3.85,,,,,,,,2023-01-04 16:15,2024-02-19_0852_
Джафар Джаббарлы,23,2022-12-31 10:50,2023-01-01 13:50,,,,,,,,,,,,,,,2023-01-04 19:15,2024-02-19_0852_
Наргол,3,2022-12-26 20:30,2022-12-31 19:40,,,,,,,,,,,,,,,2023-01-04 19:50,2024-02-19_0852_
Сарир,23,2022-12-16 02:40,2022-12-31 05:20,,,,,,,,,,,,,,,2023-01-07 12:30,2024-02-19_0852_
Ванда,1,2022-12-30 16:00,2023-01-03 18:55,,,,,,,,,,,,,,,2023-01-07 12:45,2024-02-19_0852_
SHAHDAG,18,2022-12-30 21:30,2022-12-30 22:25,,,,,,,,,,12 пассажиров,,,,,2023-01-08 14:10,2024-02-19_0852_
JABRAYIL,21,2023-01-06 07:15,2023-01-06 09:50,,,"палубный груз 96,36 тн",,,,4.6,,,,,,,,2023-01-08 19:05,2024-02-19_0852_
Балкан,1,2022-12-30 21:00,2023-01-07 13:30,,,,,,,,,,,,,,,2023-01-08 23:00,2024-02-19_0852_
Парин,23,2023-01-03 15:45,2023-01-03 19:55,,,,,,,,,,,,,,,2023-01-08 23:35,2024-02-19_0852_
MCV Barys,2,2023-01-04 06:30,2023-01-06 07:10,2023-01-07 01:30,2023-01-07 10:15,контейнера,117.0,117 шт.,,3.4,2023-01-07 10:15,2023-01-08 22:30,контейнера,136.0,136 шт.,,3.55,2023-01-09 01:20,2023-09-12_0900_
GC Barys,2,2023-01-04 06:30,2023-01-06 07:10,2023-01-07 01:30,2023-01-07 10:15,контейнера,117.0,117 шт.,,3.4,2023-01-07 10:15,2023-01-08 22:30,контейнера,136.0,136 шт.,,3.55,2023-01-09 01:20,2024-02-19_0852_
SAVALAN,21,2023-01-08 19:20,2023-01-08 21:15,,,"палубный груз, цемент",150.0,150тн,,3.85,,,,,,,,2023-01-09 10:40,2024-02-19_0852_
Дорита,3,2022-12-27 11:00,2023-01-04 01:30,,,,,,,,,,,,,,,2023-01-09 23:20,2024-02-19_0852_
SHAHDAG,21,2023-01-09 10:00,2023-01-09 11:30,,,,,,,,,,палубный груз 119 тн,,,,4.0,2023-01-10 01:10,2024-02-19_0852_
GUBA,21,2023-01-08 16:00,2023-01-08 17:30,,,палубный груз / цемент,89.84,"89,84 тн / 52 тн",,3.5,,,,,,,,2023-01-10 01:25,2024-02-19_0852_
Алиреза-1,2,2023-01-01 10:00,2023-01-09 02:05,,,,,,,,,,,,,,,2023-01-10 11:15,2024-02-19_0852_
SAVALAN,21,2023-01-09 11:10,2023-01-10 03:10,,,"палубный груз, цемент",150.0,150тн,,3.85,,,,,,,,2023-01-16 12:20,2024-02-19_0852_
SHAHDAG,21,2023-01-11 00:30,2023-01-11 01:30,,,"палубный груз, контейнеры",110.0,110тн,,4.1,,,,,,,,2023-01-16 13:15,2024-02-19_0852_
Назмехр,3,2023-01-03 21:30,2023-01-10 00:55,,,,,,,,,,,,,,,2023-01-16 13:40,2024-02-19_0852_
JABRAYIL,21,2023-01-15 20:50,2023-01-16 12:50,,,палубный груз,173.0,173 тн.,,3.7,,,,,,,,2023-01-16 23:00,2024-02-19_0852_
Сания,23,2022-12-28 14:00,2023-01-09 04:10,,,,,,,,,,,,,,,2023-01-17 18:30,2024-02-19_0852_
SHAHDAG,21,2023-01-17 08:00,2023-01-17 09:15,,,пассажиры,,,,,,,12 пассажиров,,,,,2023-01-18 00:40,2024-02-19_0852_
Бекет Ата,1,2023-01-01 02:20,2023-01-09 00:40,,,,,,,,2023-01-09 11:10,2023-01-18 02:30,катодная медь,4465.678,4465.678,,4.4,2023-01-18 10:55,2023-09-12_0900_
Бекет-Ата,1,2023-01-01 02:20,2023-01-09 00:40,,,,,,,,2023-01-09 11:10,2023-01-18 02:30,катодная медь,4465.678,4465.678,,4.4,2023-01-18 10:55,2024-02-19_0852_
Благоево,3,2022-12-29 04:45,2022-12-31 15:00,,,,,,,,,,,,,,,2023-01-18 17:45,2024-02-19_0852_
п.Композитор Рахманинов,6,2023-01-16 05:00,2023-01-16 07:30,,,,,,,,,,,,,,,2023-01-19 00:35,2024-02-19_0852_
Виана,23,2023-01-03 16:15,2023-01-16 22:50,,,,,,,,,,,,,,,2023-01-19 02:20,2024-02-19_0852_
SHAHDAG,21,2023-01-18 20:10,2023-01-18 21:05,,,12 пассажиров,,,,4.1,,,12 пассажиров,,,,,2023-01-19 02:30,2024-02-19_0852_
GUBA,21,2023-01-17 02:30,2023-01-17 03:35,,,палубный груз / цемент,89.84,"89,84 тн / 52 тн",,,2023-01-17 04:35,2023-01-17 17:30,палубный груз sdcb,,,,4.4,2023-01-19 14:50,2024-02-19_0852_
Махмуд Рагимов,3,2023-01-11 11:00,2023-01-16 15:30,,,,,,,,,,,,,,,2023-01-19 19:30,2024-02-19_0852_
MCV Barys,2,2023-01-17 17:10,2023-01-17 20:05,2023-01-18 00:00,2023-01-18 14:20,контейнера,158.0,158 шт.,,3.8,2023-01-18 14:20,2023-01-19 07:05,контейнера,169.0,169 шт.,,3.65,2023-01-19 23:00,2023-09-12_0900_
GC Barys,2,2023-01-17 17:10,2023-01-17 20:05,2023-01-18 00:00,2023-01-18 14:20,контейнера,158.0,158 шт.,,3.8,2023-01-18 14:20,2023-01-19 07:05,контейнера,169.0,169 шт.,,3.65,2023-01-19 23:00,2024-02-19_0852_
SAVALAN,21,2023-01-18 21:55,2023-01-19 03:35,,,,,,,,,,конт. 20фут / трубы / цемент,2.0,"2шт. /169,1тн. / 70тн.",,4.2,2023-01-20 00:00,2024-02-19_0852_
SHAHDAG,21,2023-01-20 00:00,2023-01-20 01:00,,,,,,,,,,конт. 20 фут. + 8 пассажиров,2.0,2 шт. 6 тонн,,4.0,2023-01-20 06:15,2024-02-19_0852_
IEVOLI ORANGE,18,2023-01-18 08:10,2023-01-18 09:30,,,,,,,,,,,,,,,2023-01-20 16:30,2024-02-19_0852_
GC Sunkar,2,2022-12-27 21:50,2023-01-17 21:00,,,,,,,,2023-01-17 22:00,2023-01-20 10:50,контейнера,112.0,112 шт.,,3.6,2023-01-20 17:45,2024-02-19_0852_
Кангалассы,22,2023-01-19 10:35,2023-01-20 14:15,,,,,,,,,,,,,,,2023-01-21 04:50,2024-02-19_0852_
Флестина-2,3,2023-01-18 08:30,2023-01-19 11:45,,,,,,,,,,,,,,,2023-01-21 21:30,2024-02-19_0852_
Сабрина,23,2023-01-17 14:35,2023-01-19 14:25,,,,,,,,,,,,,,,2023-01-21 23:00,2024-02-19_0852_
JABRAYIL,21,2023-01-21 03:30,2023-01-21 04:00,,,,,,,,2023-01-21 06:15,2023-01-21 07:35,палубный груз / бур.раствор,138.6,"138,6 тн/ 1719 бар.",,4.0,2023-01-22 18:30,2024-02-19_0852_
SHAHDAG,21,2023-01-21 02:10,2023-01-21 03:00,,,,,,,,,,10 пассажиров,,,,4.0,2023-01-23 12:00,2024-02-19_0852_
Магтымгулы,2,2023-01-20 23:00,2023-01-20 23:00,,,,,,,,,,,,,,,2023-01-23 19:50,2024-02-19_0852_
Нардис,22,2023-01-18 00:30,2023-01-21 06:40,,,,,,,,,,,,,,,2023-01-24 16:50,2024-02-19_0852_
SHAHDAG,21,2023-01-24 07:30,2023-01-24 10:30,,,,,,,,,,4 пассажиров,,,,,2023-01-24 19:25,2024-02-19_0852_
GUBA,21,2023-01-24 08:20,2023-01-24 11:00,,,палубн.груз/цемент/баррит,72.0,72тн/58тн/100тн,,3.8,,,,,,,,2023-01-24 19:50,2024-02-19_0852_
Туркменистан,3,2023-01-18 10:10,2023-01-23 14:20,,,,,,,,,,,,,,,2023-01-25 12:00,2024-02-19_0852_
Виста,6,2023-01-09 18:00,2023-01-19 01:35,,,,,,,,,,,,,,,2023-01-25 23:25,2024-02-19_0852_
SHAHDAG,21,2023-01-25 18:45,2023-01-25 19:45,,,6 пассажира,,,,,,,12 пассажира,,,,3.5,2023-01-26 02:25,2024-02-19_0852_
SAVALAN,21,2023-01-25 04:40,2023-01-25 05:20,,,палубный груз,79.1,"79,10 тн",,4.0,2023-01-26 09:30,2023-01-26 21:05,контейнера,54.0,54 шт.,,4.2,2023-01-27 01:20,2024-02-19_0852_
Джафар Джаббарлы,23,2023-01-24 14:30,2023-01-25 11:35,,,,,,,,,,,,,,,2023-01-27 03:05,2024-02-19_0852_
Сормовский 49,3,2023-01-24 17:30,2023-01-25 13:20,,,,,,,,,,,,,,,2023-01-27 11:00,2023-09-12_0900_
Сормовский-49,3,2023-01-24 17:30,2023-01-25 13:20,,,,,,,,,,,,,,,2023-01-27 11:00,2024-02-19_0852_
GUBA,21,2023-01-26 21:45,2023-01-27 02:35,,,,,,,,,,бур.раствор,1300.0,1300 барралей,,4.0,2023-01-27 11:30,2024-02-19_0852_
SHAHDAG,21,2023-01-26 20:40,2023-01-26 21:15,,,,,,,,,,3 пассажира + 1 контейнер,,,,4.0,2023-01-27 11:30,2024-02-19_0852_
Бекет Ата,2,2023-01-24 04:30,2023-01-24 15:50,,,,,,,,2023-01-25 05:00,2023-01-27 12:30,катодная медь,4444.451,4444.451,,4.4,2023-01-27 16:40,2023-09-12_0900_
Бекет-Ата,2,2023-01-24 04:30,2023-01-24 15:50,,,,,,,,2023-01-25 05:00,2023-01-27 12:30,катодная медь,4444.451,4444.451,,4.4,2023-01-27 16:40,2024-02-19_0852_
MCV Barys,1,2023-01-24 00:50,2023-01-25 16:55,2023-01-25 18:35,2023-01-26 03:30,контейнера,117.0,117,,3.6,2023-01-26 05:20,2023-01-27 17:15,контейнера,176.0,176 шт,,3.55,2023-01-28 00:50,2023-09-12_0900_
GC Barys,1,2023-01-24 00:50,2023-01-25 16:55,2023-01-25 18:35,2023-01-26 03:30,контейнера,117.0,117,,3.6,2023-01-26 05:20,2023-01-27 17:15,контейнера,176.0,176 шт,,3.55,2023-01-28 00:50,2024-02-19_0852_
Сильвер-Стар,6,2023-01-25 12:00,2023-01-26 00:25,,,,,,,,,,,,,,,2023-01-28 05:40,2024-02-19_0852_
SHAHDAG,21,2023-01-28 06:00,2023-01-28 07:00,,,4 пассажира,,,,,,,12 пасажиров,,,,,2023-01-28 15:35,2024-02-19_0852_
JABRAYIL,21,2023-01-28 05:30,2023-01-28 06:25,,,палубный груз / бур.раствор,54.0,54 т./ 1719 баррели,,4.0,,,,,,,,2023-01-29 02:15,2024-02-19_0852_
Боско Гилан,3,2023-01-16 18:40,2023-01-27 13:00,,,,,,,,,,,,,,,2023-01-29 12:40,2024-02-19_0852_
Благоево,22,2023-01-25 21:15,2023-01-25 22:05,,,,,,,,,,,,,,,2023-01-29 16:35,2024-02-19_0852_
GC Sunkar,3,2023-01-28 17:40,2023-01-28 19:05,2023-01-28 22:10,2023-01-29 00:35,контейнера / авто,41.0,41 шт. / 39ед.,,3.0,,,,,,,,2023-01-29 20:55,2024-02-19_0852_
SHAHDAG,21,2023-01-29 10:50,2023-01-29 11:30,,,12 пассажиров,,,,,,,12 пассажиров,,,,,2023-01-30 05:35,2024-02-19_0852_
Виана,6,2023-01-26 09:50,2023-01-28 01:55,,,,,,,,,,,,,,,2023-01-30 21:55,2024-02-19_0852_
SAVALAN,21,2023-01-29 15:40,2023-01-29 16:30,,,палубный груз,2.0,2 контейнера,,,2023-01-30 17:00,2023-01-30 19:30,контейнера,43.0,43 шт,,4.4,2023-01-30 23:20,2024-02-19_0852_
GUBA,21,2023-01-31 01:15,2023-01-31 02:45,2023-01-31 04:10,2023-01-31 06:45,палубный груз / бур.раствор,,,,,,,контейнера для бур.раствора,274.5,"274,5 тн.",,,2023-01-31 14:00,2024-02-19_0852_
п.Композитор Рахманинов,2,2023-01-27 06:50,2023-01-29 14:20,,,,,,,,,,,,,,,2023-01-31 19:10,2024-02-19_0852_
Касра-1,1,2023-01-25 02:00,2023-01-27 18:15,,,,,,,,,,,,,,,2023-02-01 00:30,2024-02-19_0852_
SHAHDAG,21,2023-01-31 00:00,2023-01-31 00:45,,,,,,,,,,12 пассажиров,,,,,2023-02-01 06:30,2024-02-19_0852_
Махмуд Рагимов,3,2023-01-29 02:00,2023-01-29 23:20,,,,,,,,,,,,,,,2023-02-01 13:40,2024-02-19_0852_
Кангаласы,23,2023-01-30 20:10,2023-01-30 21:20,,,,,,,,,,,,,,,2023-02-01 16:40,2023-09-12_0900_
Кангалассы,23,2023-01-30 20:10,2023-01-30 21:20,,,,,,,,,,,,,,,2023-02-01 16:40,2024-02-19_0852_
Сабрина,22,2023-01-30 07:00,2023-01-31 22:00,,,,,,,,,,,,,,,2023-02-02 13:25,2024-02-19_0852_
JABRAYIL,21,2023-02-01 03:00,2023-02-01 04:00,,,,,,,,2023-02-02 09:50,2023-02-02 12:15,контейнера,,,,4.15,2023-02-02 16:00,2024-02-19_0852_
Бумеранг,1,2023-02-01 21:00,2023-02-01 22:50,,,,,,,,,,,,,,,2023-02-03 01:10,2024-02-19_0852_
SHAHDAG,21,2023-02-02 09:30,2023-02-02 10:15,,,12 пассажиров / контейнер,1.0,1 шт.,,4.0,,,2 пассажира,,,,,2023-02-03 04:10,2024-02-19_0852_
Гильда,23,2023-01-06 15:30,2023-01-27 18:55,,,,,,,,,,,,,,,2023-02-03 16:15,2024-02-19_0852_
SAVALAN,21,2023-02-03 01:45,2023-02-03 02:45,,,,,,,,2023-02-03 11:10,2023-02-03 12:50,контейнера,172.7,"172,700 тн.",,4.2,2023-02-04 19:20,2023-09-12_0900_
Гильда,21,2023-02-03 01:45,2023-02-03 02:45,,,,,,,,2023-02-03 11:10,2023-02-03 12:50,контейнера,172.7,"172,700 тн.",,4.2,2023-02-04 19:20,2024-02-19_0852_
Нардис,22,2023-02-03 01:00,2023-02-03 02:10,,,,,,,,,,,,,,,2023-02-04 21:00,2024-02-19_0852_
SHAHDAG,18,2023-02-03 23:45,2023-02-04 17:45,,,пассажир/ контейнера,1.0,1 пассаж. / 4 шт.,,,,,пассажиры 7 человек,,,,,2023-02-05 00:45,2024-02-19_0852_
Генерал Асланов,3,2023-01-29 22:00,2023-02-01 19:15,,,,,,,,,,,,,,,2023-02-06 01:20,2024-02-19_0852_
MCV Barys,1,2023-02-02 14:15,2023-02-03 05:50,2023-02-03 09:00,2023-02-03 17:35,контейнера,92.0,92 шт,,3.1,2023-01-04 22:00,2023-02-06 03:40,контейнера,153.0,153 шт,,4.0,2023-02-06 05:35,2023-09-12_0900_
GC Barys,1,2023-02-02 14:15,2023-02-03 05:50,2023-02-03 09:00,2023-02-03 17:35,контейнера,92.0,92 шт,,3.1,2023-01-04 22:00,2023-02-06 03:40,контейнера,153.0,153 шт,,4.0,2023-02-06 05:35,2024-02-19_0852_
SHAHDAG,18,2023-02-05 23:00,2023-02-06 00:30,,,7 пассажиров,,,,,,,,,,,,2023-02-06 05:40,2024-02-19_0852_
Эльга-1,23,2023-02-03 13:20,2023-02-04 20:00,,,,,,,,,,,,,,,2023-02-07 01:05,2024-02-19_0852_
Мир,1,2023-02-04 10:00,2023-02-06 07:05,,,,,,,,,,,,,,,2023-02-07 07:35,2024-02-19_0852_
GUBA,21,2023-02-06 03:30,2023-02-06 04:30,2023-02-06 06:20,2023-02-06 07:15,цемент/баррит,86.0,86тн/ 49тн.,,,2023-02-06 10:15,2023-02-06 13:00,трубы / вода для буровой,,,,4.05,2023-02-09 12:40,2024-02-19_0852_
SHAHDAG,18,2023-02-07 00:30,2023-02-07 01:45,,,8 пассажиров / 1 контейнер,,,,,,,11 пассажиров,,,,,2023-02-09 15:40,2024-02-19_0852_
JABRAYIL,21,2023-02-09 12:00,2023-02-09 13:15,,,палубный груз,1719.0,1719 баррели,,4.3,,,палубный груз,33.5,"33,5 тн.",,4.05,2023-02-09 22:15,2024-02-19_0852_
Бекет Ата,3,2023-02-01 08:25,2023-02-06 02:25,,,,,,,,2023-02-06 14:00,2023-02-09 19:10,катодная медь,4529.069,4529.069,,4.4,2023-02-09 23:10,2023-09-12_0900_
Бекет-Ата,3,2023-02-01 08:25,2023-02-06 02:25,,,,,,,,2023-02-06 14:00,2023-02-09 19:10,катодная медь,4529.069,4529.069,,4.4,2023-02-09 23:10,2024-02-19_0852_
Паранд,22,2023-02-02 13:20,2023-02-04 22:35,,,,,,,,,,,,,,,2023-02-10 03:00,2024-02-19_0852_
GUBA,21,2023-02-06 03:30,2023-02-09 19:00,2023-02-06 06:20,2023-02-06 07:15,цемент/баррит,86.0,86тн/ 49тн.,,,2023-02-06 10:15,2023-02-06 13:00,палубный груз,4444.4,4444.4,,4.0,2023-02-10 15:10,2024-02-19_0852_
Сания,2,2023-01-30 04:00,2023-02-07 23:45,,,,,,,,,,,,,,,2023-02-10 18:55,2024-02-19_0852_
SHAHDAG,21,2023-02-10 11:25,2023-02-10 12:30,,,,,,,,,,12 пассажиров,,,,4.0,2023-02-10 21:15,2024-02-19_0852_
Сомия,22,2023-01-18 12:30,2023-02-01 01:40,,,,,,,,,,,,,,,2023-02-11 16:50,2024-02-19_0852_
PUTA,18,2023-02-08 06:30,2023-02-08 11:10,,,,,,,,,,,,,,,2023-02-11 18:00,2024-02-19_0852_
SAVALAN,21,2023-02-11 08:15,2023-02-11 09:10,,,10 контейнеров,,,,,2023-02-11 10:55,2023-02-11 18:25,контейнера,,,,4.4,2023-02-11 23:55,2024-02-19_0852_
SHAHDAG,18,2023-02-11 18:00,2023-02-11 19:30,,,12 пассажиров,,,,,,,6 пассажиров,,,,4.3,2023-02-12 01:45,2024-02-19_0852_
Кангаласы,22,2023-02-09 17:50,2023-02-11 19:00,,,,,,,,,,,,,,,2023-02-12 22:30,2023-09-12_0900_
Кангалассы,22,2023-02-09 17:50,2023-02-11 19:00,,,,,,,,,,,,,,,2023-02-12 22:30,2024-02-19_0852_
SHAHDAG,21,2023-02-12 21:00,2023-02-12 21:55,,,5 пассажиров,,,,4.3,,,12 пассажиров,,,,,2023-02-13 04:45,2024-02-19_0852_
Туркменистан,2,2023-01-30 18:30,2023-02-11 23:30,,,,,,,,,,,,,,,2023-02-13 16:10,2024-02-19_0852_
Виста,2,2023-02-06 12:10,2023-02-10 20:10,,,,,,,,,,,,,,,2023-02-16 01:10,2024-02-19_0852_
Хусейн Джавид,22,2023-02-07 22:20,2023-02-10 10:30,,,,,,,,,,,,,,,2023-02-17 05:15,2024-02-19_0852_
JABRAYIL,21,2023-02-14 20:05,2023-02-16 00:25,2023-02-16 02:20,2023-02-16 05:00,палубный груз / 4 пассажира,133.0,133 тн.,,4.1,2023-02-16 03:50,2023-02-16 16:30,палубный груз,268.5,268.5,,4.44,2023-02-17 07:45,2024-02-19_0852_
SHAHDAG,18,2023-02-15 23:00,2023-02-16 00:00,,,,,,,,,,,,,,,2023-02-17 15:15,2024-02-19_0852_
IEVOLI ORANGE,21,2023-02-13 20:00,2023-02-13 21:00,,,,,,,,,,,,,,,2023-02-17 23:50,2024-02-19_0852_
MCV Barys,1,2023-02-12 20:50,2023-02-13 07:00,2023-02-13 09:40,2023-02-15 22:55,контейнера,172.0,172 шт,,3.5,2023-02-15 22:55,2023-02-17 23:30,контейнера,180.0,180 шт,,4.0,2023-02-18 01:40,2023-09-12_0900_
GC Barys,1,2023-02-12 20:50,2023-02-13 07:00,2023-02-13 09:40,2023-02-15 22:55,контейнера,172.0,172 шт,,3.5,2023-02-15 22:55,2023-02-17 23:30,контейнера,180.0,180 шт,,4.0,2023-02-18 01:40,2024-02-19_0852_
Благоево,2,2023-02-02 12:40,2023-02-03 03:20,,,,,,,,,,,,,,,2023-02-18 07:55,2024-02-19_0852_
п.Композитор Рахманинов,6,2023-02-13 11:30,2023-02-13 19:25,,,,,,,,,,,,,,,2023-02-18 11:15,2024-02-19_0852_
SHAHDAG,18,2023-02-18 12:30,2023-02-18 13:30,,,4 пассажира / 1 баскет,,,,4.0,,,4 пассажира,,,,4.0,2023-02-18 21:05,2024-02-19_0852_
GC Sunkar,1,2023-01-29 21:35,2023-02-18 09:00,,,,,,,,2023-02-18 09:50,2023-02-18 15:00,контейнера,45.0,45 шт.,,3.3,2023-02-18 21:30,2024-02-19_0852_
Сарир,23,2023-01-18 07:30,2023-02-11 20:05,,,,,,,,,,,,,,,2023-02-19 00:10,2024-02-19_0852_
SHAHDAG,18,2023-02-19 21:50,2023-02-19 22:45,,,3 пассажира,,,,,,,план 8 пассажиров,,,,4.6,2023-02-20 06:40,2024-02-19_0852_
Джафар Джаббарлы,6,2023-02-17 00:15,2023-02-18 12:30,,,,,,,,,,,,,,,2023-02-20 18:40,2024-02-19_0852_
SAVALAN,21,2023-02-18 23:30,2023-02-18 23:45,,,палубный груз,,,,,2023-02-20 17:20,2023-02-20 22:35,палубный груз / контейнера,33.0,33 iшт.,,4.3,2023-02-21 22:45,2024-02-19_0852_
SHAHDAG,18,2023-02-21 01:45,2023-02-21 20:30,,,5 пассажиров,,,,4.6,,,12 пассажиров,,,,4.4,2023-02-22 11:10,2024-02-19_0852_
Благоево,2,2023-02-18 16:40,2023-02-18 23:20,,,,,,,,,,,,,,,2023-02-22 22:00,2024-02-19_0852_
Паранд,22,2023-02-21 02:20,2023-02-22 02:00,,,,,,,,,,,,,,,2023-02-23 23:45,2024-02-19_0852_
SHAHDAG,18,2023-02-23 08:30,2023-02-23 23:30,,,12 пассажиров,,,,,,,12 пассажиров,,,,4.6,2023-02-24 05:40,2024-02-19_0852_
GUBA,21,2023-02-20 11:15,2023-02-20 12:45,2023-02-20 14:20,2023-02-20 16:30,палубный груз,374.8,"374,8 тн.",,3.8,2023-02-22 10:35,2023-02-22 13:00,палубный груз,,,,,2023-02-24 11:30,2024-02-19_0852_
GC Sunkar,1,2023-02-23 23:00,2023-02-24 02:50,2023-02-24 05:15,2023-02-24 11:05,контейнера+авто,42.0,42 шт. 18 авто,,3.3,,,,,,,,2023-02-24 14:10,2024-02-19_0852_
GUBA,21,2023-02-20 11:15,2023-02-24 16:00,2023-02-20 14:20,2023-02-20 16:30,палубный груз,374.8,"374,8 тн.",,3.8,2023-02-22 10:35,2023-02-22 13:00,палубный груз,86.0,86 тн.,,3.9,2023-02-25 01:20,2024-02-19_0852_
SHAHDAG,21,2023-02-25 02:00,2023-02-25 03:00,,,12 пассажиров,,,,4.6,,,12 пассажиров,,,,,2023-02-27 08:15,2024-02-19_0852_
Гилда,22,2023-02-17 01:00,2023-02-18 22:50,,,,,,,,,,,,,,,2023-02-27 17:45,2023-09-12_0900_
Гильда,22,2023-02-17 01:00,2023-02-18 22:50,,,,,,,,,,,,,,,2023-02-27 17:45,2024-02-19_0852_
Сильвер Стар,3,2023-02-18 08:00,2023-02-20 23:00,,,,,,,,,,кокс,,,,,2023-02-27 18:20,2023-09-12_0900_
Сильвер-Стар,3,2023-02-18 08:00,2023-02-20 23:00,,,,,,,,,,кокс,,,,,2023-02-27 18:20,2024-02-19_0852_
Махмуд Рагимов,2,2023-02-12 06:50,2023-02-17 20:10,,,,,,,,,,цветной металл,,,,,2023-02-27 20:25,2024-02-19_0852_
JABRAYIL,18,2023-02-24 06:20,2023-02-24 07:30,,,палубный груз / 2 пассажира,244.8,"244,8 тн.",,,2023-02-27 03:55,2023-02-27 04:55,палубный груз / 3 пассажира,111.5,"111,5 тн.",,4.2,2023-02-27 21:05,2024-02-19_0852_
MCV Barys,1,2023-02-24 08:30,2023-02-24 15:30,2023-02-24 18:00,2023-02-27 00:00,контейнера,186.0,186 шт.,,3.8,2023-02-27 00:00,2023-02-28 03:55,контейнера,204.0,204 шт.,,4.0,2023-02-28 11:10,2023-09-12_0900_
GC Barys,1,2023-02-24 08:30,2023-02-24 15:30,2023-02-24 18:00,2023-02-27 00:00,контейнера,186.0,186 шт.,,3.8,2023-02-27 00:00,2023-02-28 03:55,контейнера,204.0,204 шт.,,4.0,2023-02-28 11:10,2024-02-19_0852_
SHAHDAG,18,2023-02-28 04:45,2023-02-28 10:15,,,12 пассажиров,,,,,,,5 пассажиров,,,,,2023-02-28 19:30,2024-02-19_0852_
Благоево,23,2023-02-25 03:00,2023-02-25 05:10,,,,,,,,,,,,,,,2023-03-01 01:30,2024-02-19_0852_
SAVALAN,21,2023-02-28 20:00,2023-02-28 20:45,,,палубный груз,,,,4.4,,,палубный груз,196.0,196 тн.,,4.1,2023-03-01 22:00,2024-02-19_0852_
SHAHDAG,18,2023-03-01 15:45,2023-03-01 16:45,,,7 пассажиров,,,,,,,12 пассажиров,,,,4.25,2023-03-02 01:15,2024-02-19_0852_
Сарина,22,2023-02-27 16:45,2023-02-27 19:35,,,,,,,,,,,,,,,2023-03-02 09:20,2024-02-19_0852_
Сабрина,3,2023-02-17 13:50,2023-02-27 22:15,,,,,,,,,,,,,,,2023-03-02 19:20,2024-02-19_0852_
Шаир Сабир,21,2023-02-20 04:10,2023-02-20 13:55,,,,,,,,,,,,,,,2023-03-02 20:05,2024-02-19_0852_
SHAHDAG,18,2023-03-02 05:05,2023-03-02 05:45,,,,,,,,,,12 пассажиров,,,,4.25,2023-03-02 23:15,2024-02-19_0852_
Виана,6,2023-02-09 22:55,2023-02-28 12:20,,,,,,,,,,,,,,,2023-03-03 06:30,2024-02-19_0852_
SAVALAN,21,2023-03-03 04:45,2023-03-03 05:30,,,барит,100.0,100 тн,,3.8,,,9 пассажиров + 4 контейнера,,,,3.8,2023-03-03 13:40,2024-02-19_0852_
SHAHDAG,,2023-03-03 20:15,2023-03-03 21:15,,,12 пассажиров,,,,4.25,,,5 пассажиров,,,,,2023-03-04 01:40,2024-02-19_0852_
Бекет Ата,2,2023-02-17 23:10,2023-02-28 22:25,,,,,,,,2023-03-01 10:30,2023-03-04 05:25,катодная медь,4466.003,4466.003,,4.4,2023-03-04 07:45,2023-09-12_0900_
Бекет-Ата,2,2023-02-17 23:10,2023-02-28 22:25,,,,,,,,2023-03-01 10:30,2023-03-04 05:25,катодная медь,4466.003,4466.003,,4.4,2023-03-04 07:45,2024-02-19_0852_
Бумеранг,3,2023-02-20 10:40,2023-03-01 11:40,,,,,,,,,,,,,,,2023-03-04 12:45,2024-02-19_0852_
GC Sunkar,2,2023-02-24 20:00,2023-03-04 09:10,,,,,,,,2023-03-04 10:25,2023-03-04 23:15,контейнера,106.0,106 шт.,,3.6,2023-03-05 02:20,2024-02-19_0852_
Шилан,1,2023-02-18 12:00,2023-03-02 22:50,,,,,,,,,,,,,,,2023-03-05 20:00,2024-02-19_0852_
Сомия,22,2023-02-27 21:10,2023-03-02 11:00,,,,,,,,,,,,,,,2023-03-07 23:10,2024-02-19_0852_
GUBA,21,2023-03-04 11:10,2023-03-04 12:20,,,палубный груз / 8 пассажиров,,,,,2023-03-05 10:45,2023-03-05 12:15,палубный груз,260.35,260.35,,4.0,2023-03-08 02:50,2024-02-19_0852_
Благоево,22,2023-03-03 22:00,2023-03-03 23:15,,,,,,,,,,,,,,,2023-03-08 03:00,2024-02-19_0852_
SHAHDAG,18,2023-03-05 03:30,2023-03-05 04:30,,,9 пассажиров,,,,,,,12 пассажиров,,,,,2023-03-08 12:15,2024-02-19_0852_
MCV Barys,1,2023-03-05 19:45,2023-03-07 18:15,2023-03-07 21:15,2023-03-08 05:50,контейнера,174.0,174 шт.,,3.8,2023-03-08 05:50,2023-03-08 12:05,контейнера,80.0,80 шт.,,3.4,2023-03-08 16:05,2023-09-12_0900_
GC Barys,1,2023-03-05 19:45,2023-03-07 18:15,2023-03-07 21:15,2023-03-08 05:50,контейнера,174.0,174 шт.,,3.8,2023-03-08 05:50,2023-03-08 12:05,контейнера,80.0,80 шт.,,3.4,2023-03-08 16:05,2024-02-19_0852_
Диба,3,2023-02-27 20:50,2023-03-05 04:00,,,,,,,,,,,,,,,2023-03-08 19:05,2024-02-19_0852_
JABRAYIL,21,2023-03-08 08:25,2023-03-08 09:25,2023-03-08 11:20,2023-03-08 11:40,палубный груз,87.7,87.7,,4.01,,,палубный груз,,,,3.8,2023-03-08 19:10,2024-02-19_0852_
Магтымгулы,21,2023-03-06 09:00,2023-03-08 07:35,,,,,,,,,,,,,,,2023-03-09 06:20,2024-02-19_0852_
Генерал Асланов,2,2023-02-20 00:15,2023-03-04 13:35,,,,,,,,,,,,,,,2023-03-09 19:35,2024-02-19_0852_
Волго Балт-235,23,2023-03-08 04:40,2023-03-08 05:45,,,,,,,,,,,,,,,2023-03-09 22:50,2024-02-19_0852_
Каспиан Сепехр,21,2023-03-10 03:45,2023-03-10 11:10,,,,,,,,,,,,,,,2023-03-11 15:25,2024-02-19_0852_
JABRAYIL,21,2023-03-10 01:30,2023-03-10 02:10,,,палубный груз / цемент,,,,3.8,2023-03-10 09:20,2023-03-10 11:30,трубы/ 4 пассажира,,,,3.8,2023-03-11 16:15,2024-02-19_0852_
SAVALAN,21,2023-03-11 01:00,2023-03-11 18:15,,,"трубы, контейнеры,",,,,,,,контейнеры / 8 пассажиров,6.0,6 шт./ 28тн.,,4.3,2023-03-13 23:05,2024-02-19_0852_
Пута,21,2023-03-11 00:30,2023-03-11 17:40,,,,,,,,,,,,,,,2023-03-14 01:00,2024-02-19_0852_
Благоево,23,2023-03-11 19:20,2023-03-11 21:40,,,,,,,,,,,,,,,2023-03-14 02:25,2024-02-19_0852_
Адрина,3,2023-02-28 10:30,2023-03-09 21:25,,,,,,,,,,,,,,,2023-03-14 03:45,2024-02-19_0852_
SHAHDAG,18,2023-03-09 09:00,2023-03-09 10:15,,,12 пассажиров,,,,,,,12 пассажиров,,,,,2023-03-15 00:15,2024-02-19_0852_
SAVALAN,21,2023-03-15 07:30,2023-03-15 09:00,,,8 пассажиров,,,,,,,"контейнеры, трубы",,,,4.3,2023-03-17 16:25,2024-02-19_0852_
GUBA,21,2023-03-15 19:15,2023-03-17 17:50,,,,,,,,,,контейнера,,,,3.9,2023-03-18 00:10,2024-02-19_0852_
SHAHDAG,18,2023-03-15 21:00,2023-03-17 17:15,,,12 пассажиров / контейнеры,,,,,,,10 пассажиров / контейнеры,,,,4.25,2023-03-18 01:15,2024-02-19_0852_
Гильда,23,2023-03-10 00:40,2023-03-10 17:10,,,,,,,,,,,,,,,2023-03-18 02:20,2024-02-19_0852_
Наргол,3,2023-03-05 18:00,2023-03-11 23:45,,,,,,,,,,,,,,,2023-03-18 03:20,2024-02-19_0852_
MCV Barys,1,2023-03-13 09:30,2023-03-14 05:45,2023-03-14 22:20,2023-03-15 22:25,контейнера,110.0,110 шт,,3.0,2023-03-16 21:10,2023-03-18 01:00,контейнера,96.0,96 шт,,3.4,2023-03-18 04:15,2023-09-12_0900_
GC Barys,1,2023-03-13 09:30,2023-03-14 05:45,2023-03-14 22:20,2023-03-15 22:25,контейнера,110.0,110 шт,,3.0,2023-03-16 21:10,2023-03-18 01:00,контейнера,96.0,96 шт,,3.4,2023-03-18 04:15,2024-02-19_0852_
Гусейн Джавид,2,2023-02-27 11:25,2023-03-10 15:25,,,,,,,,,,,,,,,2023-03-18 15:15,2024-02-19_0852_
GC Sunkar,1,2023-03-14 22:30,2023-03-18 05:10,2023-03-18 07:00,2023-03-18 14:20,контейнеры / авто,52.0,52 шт./ 45 авто,,3.3,2023-03-18 15:00,2023-03-18 18:35,контейнера,40.0,40 шт.,,,2023-03-18 21:05,2024-02-19_0852_
Шаир Сабир,2,2023-03-14 13:10,2023-03-18 16:20,,,,,,,,,,,,,,,2023-03-19 03:50,2024-02-19_0852_
IEVOLI ORANGE,21,2023-03-17 13:30,2023-03-17 19:00,,,,,,,,,,,,,,,2023-03-19 14:00,2024-02-19_0852_
JABRAYIL,21,2023-03-17 22:20,2023-03-18 01:00,,,палубный груз / 3 пассажира,,,,3.8,,,,,,,,2023-03-20 00:05,2024-02-19_0852_
SHAHDAG,18,2023-03-18 23:45,2023-03-19 00:45,,,10 пассажиров / 3 контейнеры,,,,,,,7 пассажиров,,,,,2023-03-20 08:45,2024-02-19_0852_
Пайя,3,2023-03-10 17:00,2023-03-18 10:50,,,,,,,,,,,,,,,2023-03-20 09:30,2024-02-19_0852_
JABRAYIL,18,2023-03-20 00:50,2023-03-20 10:20,,,,,,,,,,палубный груз / 3 пассажира,,,,,2023-03-21 01:05,2024-02-19_0852_
Виана,22,2023-03-11 10:20,2023-03-14 05:05,,,,,,,,,,,,,,,2023-03-21 01:30,2024-02-19_0852_
Нардис,23,2023-02-24 11:25,2023-03-08 04:00,,,,,,,,,,,,,,,2023-03-21 02:45,2024-02-19_0852_
Виста,6,2023-03-09 18:00,2023-03-18 22:50,,,,,,,,,,,,,,,2023-03-21 14:00,2024-02-19_0852_
Сарина,22,2023-03-17 22:15,2023-03-20 14:15,,,,,,,,,,,,,,,2023-03-21 15:25,2024-02-19_0852_
GUBA,21,2023-03-20 04:30,2023-03-20 05:15,,,контейнера,,,,,,,"цемент, баррит",70.0,70т./ 100т.,,4.2,2023-03-21 17:45,2024-02-19_0852_
Бумеранг,22,2023-03-18 19:20,2023-03-21 03:55,,,,,,,,,,,,,,,2023-03-21 21:35,2024-02-19_0852_
JABRAYIL,21,2023-03-21 01:30,2023-03-21 18:30,,,,,,,,2023-03-19 17:50,2023-03-19 18:10,палубный груз / 3 пассажира,,,,3.8,2023-03-22 17:15,2024-02-19_0852_
Благоево,23,2023-03-19 21:00,2023-03-21 04:10,,,,,,,,,,,,,,,2023-03-22 20:00,2024-02-19_0852_
SHAHDAG,18,2023-03-21 07:00,2023-03-21 09:15,,,7 пассажиров,,,,,,,11 пассажиров,,,,,2023-03-22 21:05,2024-02-19_0852_
Волго Балт 190,22,2023-03-21 09:00,2023-03-21 23:40,,,,,,,,,,,,,,,2023-03-23 12:35,2023-09-12_0900_
Волго Балт-190,22,2023-03-21 09:00,2023-03-21 23:40,,,,,,,,,,,,,,,2023-03-23 12:35,2024-02-19_0852_
Бекет Ата,1,2023-03-11 16:00,2023-03-21 17:35,,,,,,,,2023-03-22 04:00,2023-03-23 19:40,катодная медь,4529.482,4529.482,,4.4,2023-03-23 22:35,2023-09-12_0900_
Бекет-Ата,1,2023-03-11 16:00,2023-03-21 17:35,,,,,,,,2023-03-22 04:00,2023-03-23 19:40,катодная медь,4529.482,4529.482,,4.4,2023-03-23 22:35,2024-02-19_0852_
SAVALAN,21,2023-03-23 03:00,2023-03-23 03:45,,,2 пассажира,,,,,,,палубный груз,,,,4.3,2023-03-24 13:20,2024-02-19_0852_
SHAHDAG,18,2023-03-23 18:30,2023-03-23 19:30,,,12 пассажиров,,,,,,,12 пассажиров,,,,,2023-03-24 21:30,2024-02-19_0852_
MCV Barys,1,2023-03-22 18:25,2023-03-23 23:45,2023-03-24 01:35,2023-03-24 07:30,контейнера,138.0,138 шт,,3.2,2023-03-24 09:00,2023-03-24 20:00,контейнера,85.0,85 шт.,,3.1,2023-03-24 23:40,2023-09-12_0900_
GC Barys,1,2023-03-22 18:25,2023-03-23 23:45,2023-03-24 01:35,2023-03-24 07:30,контейнера,138.0,138 шт,,3.2,2023-03-24 09:00,2023-03-24 20:00,контейнера,85.0,85 шт.,,3.1,2023-03-24 23:40,2024-02-19_0852_
GC Sunkar,1,2023-03-22 16:45,2023-03-25 09:45,2023-03-26 11:20,2023-03-25 18:20,контейнера+авто,12.0,12 шт.  54 авто,,,,,,,,,,2023-03-26 09:05,2024-02-19_0852_
GUBA,21,2023-03-24 20:30,2023-03-24 21:25,,,палубный груз,,,,4.0,,,,,,,,2023-03-26 09:20,2024-02-19_0852_
Силвер Стар,10,2023-03-11 15:45,2023-03-19 22:50,,,,,,,,,,,,,,,2023-03-26 12:30,2023-09-12_0900_
Сильвер-Стар,10,2023-03-11 15:45,2023-03-19 22:50,,,,,,,,,,,,,,,2023-03-26 12:30,2024-02-19_0852_
Тиям,23,2023-03-17 08:00,2023-03-21 15:00,,,,,,,,,,,,,,,2023-03-26 12:50,2024-02-19_0852_
Диба,3,2023-03-18 09:30,2023-03-23 15:50,,,,,,,,,,,,,,,2023-03-26 14:25,2024-02-19_0852_
SHAHDAG,21,2023-03-25 22:30,2023-03-26 12:00,,,12 пассажиров / контейнеры,,,,4.1,,,11 пассажиров,,,,,2023-03-26 20:50,2024-02-19_0852_
GUBA,21,2023-03-26 10:00,2023-03-26 22:00,,,,,,,,,,3 пассажира,,,,,2023-03-27 14:25,2024-02-19_0852_
Сарир,10,2023-02-27 15:15,2023-03-19 05:55,,,,,,,,,,,,,,,2023-03-27 23:00,2024-02-19_0852_
SHAHDAG,21,2023-03-27 18:30,2023-03-27 19:15,,,7 пассажиров,,,,,,,4 пассажира,,,,,2023-03-28 04:30,2024-02-19_0852_
Генерал Асланов,22,2023-03-20 01:45,2023-03-21 16:10,,,,,,,,,,,,,,,2023-03-28 05:15,2024-02-19_0852_
Флестина-2,3,2023-03-24 11:40,2023-03-26 15:30,,,,,,,,,,,,,,,2023-03-28 06:20,2024-02-19_0852_
Сорен,22,2023-03-24 09:20,2023-03-26 16:15,,,,,,,,,,,,,,,2023-03-28 06:30,2024-02-19_0852_
Ванда,1,2023-03-15 20:30,2023-03-26 14:00,,,,,,,,,,,,,,,2023-03-28 23:55,2024-02-19_0852_
GUBA,21,2023-03-28 21:45,2023-03-28 22:35,,,палубный груз,241.5,"241,500 тн",,4.1,,,4 пассажира,,,,,2023-03-29 06:00,2024-02-19_0852_
Махмуд Рагимов,1,2023-03-12 22:30,2023-03-26 10:15,,,,,,,,,,,,,,,2023-03-29 07:15,2024-02-19_0852_
SHAHDAG,21,2023-03-29 01:45,2023-03-29 08:15,,,5 пассажиров,,,,,,,12 пассажиров,,,,,2023-03-29 13:55,2024-02-19_0852_
MCV Berkut,10,2023-03-18 09:30,2023-03-28 07:50,,,в балласте,,,,,,,план контейнера,28.0,28 шт,,,2023-03-29 19:15,2023-09-12_0900_
GC Berkut,10,2023-03-18 09:30,2023-03-28 07:50,,,в балласте,,,,,,,план контейнера,28.0,28 шт,,,2023-03-29 19:15,2024-02-19_0852_
Туфан,3,2023-03-20 22:00,2023-03-26 19:35,,,,,,,,,,,,,,,2023-03-30 02:50,2024-02-19_0852_
SAVALAN,21,2023-03-29 11:30,2023-03-29 14:40,,,,,,,,,,контейнеры + dsb,,,,,2023-04-02 17:40,2024-02-19_0852_
JABRAYIL,18,2023-03-25 16:20,2023-03-26 10:45,,,,,,,,,,,,,,,2023-04-02 17:55,2024-02-19_0852_
SHAHDAG,23,2023-03-30 10:45,2023-04-02 13:05,,,12 пассажиров,,,,,,,11 пассажиров,,,,,2023-04-02 19:30,2024-02-19_0852_
п.Композитор Рахманинов,6,2023-03-23 09:00,2023-03-28 23:30,,,,,,,,,,,,,,,2023-04-03 06:10,2024-02-19_0852_
Шаир Сабир,2,2023-03-14 13:10,2023-03-29 00:40,,,,,,,,,,,,,,,2023-04-03 14:05,2024-02-19_0852_
Наргун,3,2023-03-26 22:30,2023-03-30 04:25,,,,,,,,,,,,,,,2023-04-03 20:10,2024-02-19_0852_
GUBA,21,2023-04-03 02:00,2023-04-03 02:50,,,2 пассажира,,,,,2023-04-03 09:45,2023-04-03 15:00,палубный груз,,,,4.0,2023-04-03 22:05,2024-02-19_0852_
SHAHDAG,18,2023-04-03 16:10,2023-04-03 17:00,,,9 пассажиров,,,,,,,9 пассажиров + ящик,,,,,2023-04-03 23:25,2024-02-19_0852_
Гусейн Джавид,1,2023-03-24 01:00,2023-03-29 10:00,,,,,,,,,,,,,,,2023-04-04 05:10,2024-02-19_0852_
Благоево,21,2023-03-28 10:30,2023-03-28 11:00,,,,,,,,,,,,,,,2023-04-05 00:25,2024-02-19_0852_
MCV Barys,1,2023-03-28 21:50,2023-04-04 06:10,2023-04-04 10:00,2023-04-04 18:45,контейнера,120.0,120 шт.,,3.0,2023-04-04 21:25,2023-04-05 00:40,контейнера,64.0,64 шт.,,2.9,2023-04-05 02:40,2023-09-12_0900_
GC Barys,1,2023-03-28 21:50,2023-04-04 06:10,2023-04-04 10:00,2023-04-04 18:45,контейнера,120.0,120 шт.,,3.0,2023-04-04 21:25,2023-04-05 00:40,контейнера,64.0,64 шт.,,2.9,2023-04-05 02:40,2024-02-19_0852_
SHAHDAG,18,2023-04-05 00:30,2023-04-05 01:30,,,10 пассажиров,,,,,,,9 пассажиров,,,,,2023-04-05 12:15,2024-02-19_0852_
SAVALAN,21,2023-04-04 13:00,2023-04-04 14:00,,,,,,,,,,палубный груз/пассажиры,,,,4.2,2023-04-05 18:30,2024-02-19_0852_
GC Sunkar,1,2023-03-26 09:40,2023-04-05 10:00,,,,,,,,2023-04-05 14:00,2023-04-05 17:40,контейнера,26.0,26 шт.,,3.1,2023-04-05 22:50,2024-02-19_0852_
Бекет Ата,2,2023-03-29 03:30,2023-04-03 15:05,,,,,,,,2023-04-04 02:40,2023-04-06 05:00,катодная медь,4529.274,"4529,274 т.",,4.4,2023-04-06 07:30,2023-09-12_0900_
Бекет-Ата,2,2023-03-29 03:30,2023-04-03 15:05,,,,,,,,2023-04-04 02:40,2023-04-06 05:00,катодная медь,4529.274,"4529,274 т.",,4.4,2023-04-06 07:30,2024-02-19_0852_
Тина,6,2023-04-02 18:00,2023-04-03 08:15,,,,,,,,,,,,,,,2023-04-06 18:25,2024-02-19_0852_
GUBA,21,2023-04-06 03:00,2023-04-06 03:45,,,3 пассажира,,,,,,,трубы / контейнеры,,,,,2023-04-06 20:50,2024-02-19_0852_
MCV Berkut,2,2023-03-18 09:30,2023-04-05 23:55,,,,,,,,2023-04-06 02:20,2023-04-06 23:05,рельсы / контейнера,2108.0,2108 тн / 28 шт.,,3.6,2023-04-07 04:10,2023-09-12_0900_
GC Berkut,2,2023-03-18 09:30,2023-04-05 23:55,,,,,,,,2023-04-06 02:20,2023-04-06 23:05,рельсы / контейнера,2108.0,2108 тн / 28 шт.,,3.6,2023-04-07 04:10,2024-02-19_0852_
SHAHDAG,18,2023-04-06 16:45,2023-04-06 17:45,,,12 пассажиров,,,,,,,12 пассажиров/контейнеры,,,,,2023-04-07 22:05,2024-02-19_0852_
Кангалассы,22,2023-04-06 10:00,2023-04-06 22:55,,,,,,,,,,,,,,,2023-04-07 23:15,2024-02-19_0852_
SAVALAN,18,2023-04-07 22:00,2023-04-07 22:50,,,12 пассажиров,,,,,,,контейнер / вода,1.0,1шт. / 52 тн.,,4.2,2023-04-08 18:50,2024-02-19_0852_
GUBA,21,2023-04-08 14:30,2023-04-08 15:15,,,,,,,,,,трубы,,,,3.85,2023-04-08 19:30,2024-02-19_0852_
Шилан,1,2023-04-04 20:50,2023-04-07 16:25,,,,,,,,,,,,,,,2023-04-08 21:00,2024-02-19_0852_
Генерал Асланов,3,2023-04-05 15:00,2023-04-05 15:55,,,,,,,,,,,,,,,2023-04-08 23:30,2024-02-19_0852_
SHAHDAG,21,2023-04-08 20:40,2023-04-08 21:45,,,12 пассажиров,,,,,,,8 пассажиров,,,,4.1,2023-04-09 02:40,2024-02-19_0852_
Пайя,3,2023-04-07 13:45,2023-04-08 22:15,,,,,,,,,,,,,,,2023-04-10 18:10,2024-02-19_0852_
Эрика,1,2023-04-07 15:30,2023-04-08 19:15,,,,,,,,,,,,,,,2023-04-10 19:40,2024-02-19_0852_
SHAHDAG,18,2023-04-09 23:30,2023-04-10 01:00,,,11 пассажиров и 1 контейнер,,,,,,,5 пассажиров,,,,4.0,2023-04-12 23:55,2024-02-19_0852_
Гильда,23,2023-04-03 18:20,2023-04-05 17:25,,,,,,,,,,,,,,,2023-04-13 00:50,2024-02-19_0852_
Виана,22,2023-04-03 20:50,2023-04-08 01:00,,,,,,,,,,,,,,,2023-04-13 03:50,2024-02-19_0852_
GC Sunkar,2,2023-04-10 15:50,2023-04-10 21:45,2023-04-11 02:00,2023-04-13 07:25,контейнера / авто,87.0,87 шт,,,,,,,,,,2023-04-13 09:25,2024-02-19_0852_
MCV Barys,1,2023-04-09 11:05,2023-04-10 21:30,2023-04-10 22:55,2023-04-11 06:40,контейнера,155.0,155 шт.,,3.2,2023-04-11 06:40,2023-04-13 10:30,контейнера,175.0,175 шт,,3.9,2023-04-13 12:35,2023-09-12_0900_
GC Barys,1,2023-04-09 11:05,2023-04-10 21:30,2023-04-10 22:55,2023-04-11 06:40,контейнера,155.0,155 шт.,,3.2,2023-04-11 06:40,2023-04-13 10:30,контейнера,175.0,175 шт,,3.9,2023-04-13 12:35,2024-02-19_0852_
Сомия,6,2023-03-27 15:00,2023-03-29 15:45,,,,,,,,,,,,,,,2023-04-13 14:05,2024-02-19_0852_
SHAHDAG,23,2023-04-13 22:30,2023-04-13 23:55,,,9 пассажиров,,,,,,,план 2 пассажира,,,,4.1,2023-04-14 17:45,2024-02-19_0852_
Махмуд Рагимов,3,2023-04-09 09:15,2023-04-10 22:15,,,,,,,,,,,,,,,2023-04-16 19:20,2024-02-19_0852_
Парин,6,2023-04-05 14:30,2023-04-07 06:25,,,,,,,,,,,,,,,2023-04-16 21:15,2024-02-19_0852_
GUBA,22,2023-04-14 08:10,2023-04-14 19:05,,,5 пассажиров,,,,,,,цемент и барит,60.0,"60т цемента, барит 78т",,3.75,2023-04-16 21:30,2024-02-19_0852_
Теймур Ахмедов,21,2023-04-09 14:00,2023-04-11 00:55,,,,,,,,,,,,,,,2023-04-17 00:10,2024-02-19_0852_
SHAHDAG,22,2023-04-16 17:15,2023-04-16 22:15,,,,,,,,,,,,,,,2023-04-17 16:00,2024-02-19_0852_
SAVALAN,18,2023-04-13 21:00,2023-04-13 22:00,,,палубный груз / пассажиры,,,,,,,,,,,,2023-04-17 22:40,2024-02-19_0852_
Мир,3,2023-04-07 11:00,2023-04-13 14:40,,,,,,,,,,,,,,,2023-04-18 03:00,2024-02-19_0852_
Тиям,6,2023-04-09 19:30,2023-04-16 23:40,,,,,,,,,,,,,,,2023-04-19 00:25,2024-02-19_0852_
GUBA,22,2023-04-18 04:00,2023-04-18 05:00,,,,,,,,,,,,,,,2023-04-19 00:50,2024-02-19_0852_
Диба,3,2023-04-10 22:30,2023-04-17 03:30,,,,,,,,,,,,,,,2023-04-20 22:30,2024-02-19_0852_
Сильвер Стар,2,2023-04-17 19:00,2023-04-18 04:25,,,,,,,,,,,,,,,2023-04-21 18:00,2023-09-12_0900_
Сильвер-Стар,2,2023-04-17 19:00,2023-04-18 04:25,,,,,,,,,,,,,,,2023-04-21 18:00,2024-02-19_0852_
Кангалассы,22,2023-04-18 06:35,2023-04-19 22:20,,,,,,,,,,,,,,,2023-04-21 22:10,2024-02-19_0852_
Патрис,6,2023-04-04 14:55,2023-04-13 11:10,,,,,,,,,,,,,,,2023-04-21 23:00,2024-02-19_0852_
Шайр Сабир,22,2023-04-10 04:50,2023-04-13 04:25,,,,,,,,,,,,,,,2023-04-22 06:00,2023-09-12_0900_
Шаир Сабир,22,2023-04-10 04:50,2023-04-13 04:25,,,,,,,,,,,,,,,2023-04-22 06:00,2024-02-19_0852_
Генерал Асланов,1,2023-04-16 23:00,2023-04-17 02:30,,,,,,,,,,,,,,,2023-04-22 07:15,2023-09-12_0900_
Шаир Сабир,1,2023-04-16 23:00,2023-04-17 02:30,,,,,,,,,,,,,,,2023-04-22 07:15,2024-02-19_0852_
Сарир,21,2023-04-13 21:30,2023-04-17 04:25,,,,,,,,,,,,,,,2023-04-22 18:15,2023-09-12_0900_
Шаир Сабир,21,2023-04-13 21:30,2023-04-17 04:25,,,,,,,,,,,,,,,2023-04-22 18:15,2024-02-19_0852_
Флестина-2,1,2023-04-12 22:15,2023-04-22 08:05,,,,,,,,,,,,,,,2023-04-23 04:30,2024-02-19_0852_
MCV Barys,2,2023-04-20 13:15,2023-04-21 19:20,2023-04-21 21:50,2023-04-21 07:30,контейнера,177.0,177 шт.,,3.5,2023-04-22 09:30,2023-04-23 04:50,контейнера,170.0,170 шт.,,4.0,2023-04-23 07:00,2023-09-12_0900_
GC Barys,2,2023-04-20 13:15,2023-04-21 19:20,2023-04-21 21:50,2023-04-21 07:30,контейнера,177.0,177 шт.,,3.5,2023-04-22 09:30,2023-04-23 04:50,контейнера,170.0,170 шт.,,4.0,2023-04-23 07:00,2024-02-19_0852_
п.Композитор Рахманинов,6,2023-04-16 21:00,2023-04-22 00:20,,,,,,,,,,,,,,,2023-04-25 15:45,2024-02-19_0852_
Корус-1,2,2023-04-20 07:00,2023-04-23 12:45,,,,,,,,,,,,,,,2023-04-26 17:05,2024-02-19_0852_
Бекет-Ата,1,2023-04-13 08:00,2023-04-22 21:15,,,,,,,,2023-04-23 10:00,2023-04-26 18:00,катодная медь,4465.177,"4465,177 тн",,4.4,2023-04-27 00:10,2024-02-19_0852_
GC Sunkar,2,2023-04-10 15:50,2023-04-25 17:25,,,,,,,,2023-04-25 21:50,2023-04-27 00:10,контейнера,88.0,88 шт,,3.2,2023-04-27 04:15,2024-02-19_0852_
Тарадис,6,2023-04-05 13:00,2023-04-20 00:10,,,,,,,,,,,,,,,2023-04-28 01:50,2024-02-19_0852_
Махмуд Рагимов,3,2023-04-25 02:30,2023-04-26 05:30,,,,,,,,,,,,,,,2023-04-29 12:40,2024-02-19_0852_
MCV Berkut,1,2023-04-22 07:40,2023-04-27 18:15,2023-04-27 21:35,2023-04-28 05:40,контейнера / авто,23.0,23 / 55 шт,,,2023-04-28 21:20,2023-04-29 10:35,контейнера,129.0,129 шт,,4.1,2023-04-29 14:51,2023-09-12_0900_
GC Berkut,1,2023-04-22 07:40,2023-04-27 18:15,2023-04-27 21:35,2023-04-28 05:40,контейнера / авто,23.0,23 / 55 шт,,,2023-04-28 21:20,2023-04-29 10:35,контейнера,129.0,129 шт,,4.1,2023-04-29 14:51,2024-02-19_0852_
Гусейн Джавид,22,2023-04-11 15:20,2023-04-22 06:45,,,,,,,,,,,,,,,2023-04-29 16:00,2024-02-19_0852_
Мир,6,2023-04-28 07:00,2023-04-28 10:15,,,,,,,,,,,,,,,2023-04-29 18:00,2024-02-19_0852_
MCV Barys,1,2023-04-27 21:00,2023-04-29 15:35,2023-04-29 18:05,2023-04-30 03:20,контейнера,147.0,147 шт,,3.7,2023-04-30 03:20,2023-04-30 18:25,контейнера,145.0,145 шт,,3.9,2023-04-30 21:15,2023-09-12_0900_
GC Barys,1,2023-04-27 21:00,2023-04-29 15:35,2023-04-29 18:05,2023-04-30 03:20,контейнера,147.0,147 шт,,3.7,2023-04-30 03:20,2023-04-30 18:25,контейнера,145.0,145 шт,,3.9,2023-04-30 21:15,2024-02-19_0852_
Кадос,23,2023-04-19 01:40,2023-04-28 07:15,,,,,,,,,,,,,,,2023-04-30 23:25,2024-02-19_0852_
Виана,3,2023-04-23 21:30,2023-04-27 13:20,,,,,,,,,,,,,,,2023-05-01 16:30,2024-08-31_1803_
Сепано,6,2023-04-29 09:00,2023-04-29 21:40,,,,,,,,,,,,,,,2023-05-02 19:30,2024-08-31_1803_
Теймур Ахмедов,22,2023-04-22 17:30,2023-04-29 16:50,,,,,,,,,,,,,,,2023-05-05 17:25,2024-08-31_1803_
Кангалассы,21,2023-05-01 16:35,2023-05-01 17:30,,,,,,,,,,,,,,,2023-05-05 18:10,2024-08-31_1803_
Виста,21,2023-04-06 14:30,2023-04-22 20:00,,,,,,,,,,,,,,,2023-05-05 19:15,2024-08-31_1803_
Сарина,3,2023-04-26 18:45,2023-04-29 14:15,,,,,,,,,,,,,,,2023-05-07 02:20,2024-08-31_1803_
Шилан,1,2023-04-29 05:15,2023-05-05 22:05,,,,,,,,,,,,,,,2023-05-07 13:40,2024-08-31_1803_
п.Композитор Рахманинов,6,2023-05-05 21:30,2023-05-05 23:40,,,,,,,,,,,,,,,2023-05-07 19:50,2024-08-31_1803_
Генерал Асланов,22,2023-04-29 22:00,2023-04-30 22:30,,,,,,,,,,,,,,,2023-05-07 21:00,2024-08-31_1803_
Пайя,3,2023-04-27 10:00,2023-05-06 22:05,,,,,,,,,,,,,,,2023-05-08 13:15,2024-02-19_0852_
Пая,3,2023-04-27 10:00,2023-05-06 22:05,,,,,,,,,,,,,,,2023-05-08 13:15,2024-08-31_1803_
Тиям,2,2023-05-07 16:30,2023-05-08 11:25,,,,,,,,,,,,,,,2023-05-10 03:20,2024-08-31_1803_
GC Sunkar,1,2023-05-08 18:45,2023-05-08 20:00,2023-05-08 22:40,2023-05-09 07:30,контейнера / авто,23.0,23 шт / 55 авто,,3.2,2023-05-09 09:15,2023-05-10 12:00,контейнера,176.0,176 шт,,3.9,2023-05-10 15:25,2024-08-31_1803_
Гильда,23,2023-04-24 09:15,2023-05-05 21:25,,,,,,,,,,,,,,,2023-05-10 19:10,2024-08-31_1803_
Сильвер Стар,3,2023-05-06 15:00,2023-05-08 14:25,,,,,,,,,,,,,,,2023-05-11 16:40,2023-09-12_0900_
Сильвер-Стар,3,2023-05-06 15:00,2023-05-08 14:25,,,,,,,,,,,,,,,2023-05-11 16:40,2024-08-31_1803_
Сорен,6,2023-05-06 07:30,2023-05-07 15:10,,,,,,,,,,,,,,,2023-05-11 19:15,2024-08-31_1803_
MCV Barys,1,2023-05-11 08:00,2023-05-11 09:25,2023-05-11 12:00,2023-05-12 00:30,контейнера,233.0,233 шт,,3.5,2023-05-12 01:40,2023-05-12 15:20,контейнера,146.0,146 шт,,3.9,2023-05-12 17:45,2023-09-12_0900_
GC Barys,1,2023-05-11 08:00,2023-05-11 09:25,2023-05-11 12:00,2023-05-12 00:30,контейнера,233.0,233 шт,,3.5,2023-05-12 01:40,2023-05-12 15:20,контейнера,146.0,146 шт,,3.9,2023-05-12 17:45,2024-08-31_1803_
Кангалассы,21,2023-05-12 02:50,2023-05-12 03:45,,,,,,,,,,,,,,,2023-05-13 01:45,2024-08-31_1803_
Шаир Сабир,22,2023-05-01 04:30,2023-05-07 21:45,,,,,,,,,,,,,,,2023-05-14 19:50,2024-08-31_1803_
Махмуд Рагимов,21,2023-05-08 13:30,2023-05-09 22:45,,,,,,,,,,,,,,,2023-05-16 12:40,2024-08-31_1803_
Магтымгулы,2,2023-05-15 00:40,2023-05-16 14:50,,,,,,,,,,,,,,,2023-05-18 07:55,2024-08-31_1803_
Генерал Асланов,21,2023-05-13 19:30,2023-05-13 22:35,,,,,,,,,,,,,,,2023-05-18 18:50,2024-08-31_1803_
Диба,2,2023-05-12 19:45,2023-05-16 23:10,,,,,,,,,,,,,,,2023-05-19 21:00,2024-08-31_1803_
MCV Barys,1,2023-05-18 08:00,2023-05-18 22:10,2023-05-18 23:45,2023-05-19 04:05,контейнера,60.0,60 шт.,,3.0,2023-05-19 04:15,2023-05-19 23:10,контейнера,119.0,119 шт.,,3.5,2023-05-20 02:30,2023-09-12_0900_
GC Barys,1,2023-05-18 08:00,2023-05-18 22:10,2023-05-18 23:45,2023-05-19 04:05,контейнера,60.0,60 шт.,,3.0,2023-05-19 04:15,2023-05-19 23:10,контейнера,119.0,119 шт.,,3.5,2023-05-20 02:30,2024-08-31_1803_
Сарина,22,2023-05-19 17:00,2023-05-19 18:20,,,,,,,,,,,,,,,2023-05-20 22:15,2024-08-31_1803_
GC Sunkar,1,2023-05-17 16:35,2023-05-20 03:15,2023-05-20 05:30,2023-05-20 18:05,контейнера,175.0,175 шт.,,3.7,2023-05-20 18:05,2023-05-21 09:50,контейнера,140.0,140 шт.,,4.0,2023-05-21 12:55,2024-08-31_1803_
MCV Berkut,3,2023-05-20 08:45,2023-05-20 15:50,2023-05-20 18:15,2023-05-20 23:00,автомашины,70.0,70 шт,,3.5,2023-05-21 00:25,2023-05-21 10:15,контейнера,44.0,44 шт,,3.5,2023-05-21 14:50,2023-09-12_0900_
GC Berkut,3,2023-05-20 08:45,2023-05-20 15:50,2023-05-20 18:15,2023-05-20 23:00,автомашины,70.0,70 шт,,3.5,2023-05-21 00:25,2023-05-21 10:15,контейнера,44.0,44 шт,,3.5,2023-05-21 14:50,2024-08-31_1803_
Виана,2,2023-05-18 12:30,2023-05-18 13:35,,,,,,,,,,,,,,,2023-05-23 18:00,2024-08-31_1803_
Туркестан,21,2023-05-13 07:30,2023-05-13 13:35,2023-05-13 18:20,2023-05-14 18:00,легковые автомобили,136.0,136 шт.,,3.1,2023-05-19 19:00,2023-05-24 12:30,алюминий,4269.303,4269.303,,4.3,2023-05-24 22:30,2024-08-31_1803_
Корус-1,6,2023-05-19 05:40,2023-05-21 14:15,,,,,,,,,,,,,,,2023-05-25 00:15,2024-08-31_1803_
MCV Barys,1,2023-05-24 08:00,2023-05-24 09:25,2023-05-24 11:00,2023-05-24 17:50,контейнера,77.0,77 шт,,3.1,2023-05-24 18:30,2023-05-26 00:25,контейнера,128.0,128 шт.,,3.8,2023-05-26 03:00,2023-09-12_0900_
GC Barys,1,2023-05-24 08:00,2023-05-24 09:25,2023-05-24 11:00,2023-05-24 17:50,контейнера,77.0,77 шт,,3.1,2023-05-24 18:30,2023-05-26 00:25,контейнера,128.0,128 шт.,,3.8,2023-05-26 03:00,2024-08-31_1803_
Кангаласы,21,2023-05-24 03:40,2023-05-24 23:40,,,,,,,,,,,,,,,2023-05-26 05:45,2023-09-12_0900_
Кангалассы,21,2023-05-24 03:40,2023-05-24 23:40,,,,,,,,,,,,,,,2023-05-26 05:45,2024-08-31_1803_
Наргун,2,2023-05-19 07:50,2023-05-25 11:40,,,,,,,,,,,,,,,2023-05-26 15:40,2024-08-31_1803_
Парин,21,2023-05-22 22:15,2023-05-23 13:40,,,,,,,,,,,,,,,2023-05-26 23:50,2024-08-31_1803_
Магтымгулы,2,2023-05-26 08:30,2023-05-26 16:00,2023-05-26 21:00,2023-05-26 23:50,,,,,,,,,,,,,2023-05-27 03:25,2024-08-31_1803_
п.Комп. Эльза Ибрагимова,6,2023-05-25 13:00,2023-05-25 13:55,,,,,,,,,,,,,,,2023-05-27 22:00,2023-09-12_0900_
п.Комп.Эльза Ибрагимова,6,2023-05-25 13:00,2023-05-25 13:55,,,,,,,,,,,,,,,2023-05-27 22:00,2024-08-31_1803_
Дельфин 1,2,2023-05-28 10:00,2023-05-28 17:15,,,,,,,,,,,,,,,2023-05-29 20:10,2023-09-12_0900_
Дельфин-1,2,2023-05-28 10:00,2023-05-28 17:15,,,,,,,,,,,,,,,2023-05-29 20:10,2024-08-31_1803_
Виста,22,2023-05-25 21:35,2023-05-27 00:35,,,,,,,,,,,,,,,2023-05-30 00:10,2024-08-31_1803_
Бекет-Ата,10,2023-05-26 19:30,2023-05-27 04:35,2023-05-27 14:30,2023-05-28 06:05,автомашины,145.0,145 шт,,3.1,,,,,,,,2023-05-30 04:20,2024-08-31_1803_
Сильвер Стар,3,2023-05-23 02:00,2023-05-23 22:00,,,,,,,,,,,,,,,2023-05-30 23:10,2023-09-12_0900_
Сильвер-Стар,3,2023-05-23 02:00,2023-05-23 22:00,,,,,,,,,,,,,,,2023-05-30 23:10,2024-08-31_1803_
MCV Berkut,2,2023-05-26 20:30,2023-05-30 01:40,2023-05-30 03:45,2023-05-31 03:40,контейнера + авто,40.0,40конт + 44авто,,3.5,,,,,,,,2023-05-31 04:50,2023-09-12_0900_
GC Berkut,2,2023-05-26 20:30,2023-05-30 01:40,2023-05-30 03:45,2023-05-31 03:40,контейнера + авто,40.0,40конт + 44авто,,3.5,,,,,,,,2023-05-31 04:50,2024-08-31_1803_
GC Sunkar,1,2023-05-26 03:40,2023-05-26 05:10,2023-05-26 06:30,2023-05-27 06:15,контейнера,142.0,142 шт.,,3.7,2023-05-30 22:00,2023-05-31 07:45,контейнера,143.0,143 шт.,,4.0,2023-05-31 16:10,2024-08-31_1803_
Гильда,23,2023-05-26 04:30,2023-05-26 07:05,,,,,,,,,,,,,,,2023-05-31 21:10,2024-08-31_1803_
Сорен,6,2023-05-29 18:30,2023-05-29 19:40,,,,,,,,,,,,,,,2023-06-01 02:45,2024-08-31_1803_
Шаир Сабир,3,2023-05-29 06:10,2023-05-31 22:15,,,,,,,,,,,,,,,2023-06-01 16:05,2024-08-31_1803_
MCV Barys,2,2023-05-30 12:50,2023-05-31 05:50,2023-05-31 09:15,2023-05-31 15:00,контейнера,127.0,127 шт.,,3.6,2023-05-31 15:00,2023-06-01 14:05,контейнера,118.0,118 шт.,,3.6,2023-06-01 17:50,2023-09-12_0900_
GC Barys,2,2023-05-30 12:50,2023-05-31 05:50,2023-05-31 09:15,2023-05-31 15:00,контейнера,127.0,127 шт.,,3.6,2023-05-31 15:00,2023-06-01 14:05,контейнера,118.0,118 шт.,,3.6,2023-06-01 17:50,2024-08-31_1803_
Сепано,,2023-05-26 10:35,2023-05-29 11:00,,,,,,,,,,,,,,,2023-06-02 21:25,2024-08-31_1803_
Сарина,6,2023-05-30 08:00,2023-05-31 18:30,,,,,,,,,,,,,,,2023-06-02 22:15,2024-08-31_1803_
Гусейн Джавид,21,2023-05-27 07:45,2023-05-30 02:30,,,,,,,,,,,,,,,2023-06-03 15:00,2024-08-31_1803_
Кангаласы,22,2023-06-01 03:50,2023-06-01 17:00,,,,,,,,,,,,,,,2023-06-03 15:50,2023-09-12_0900_
Кангалассы,22,2023-06-01 03:50,2023-06-01 17:00,,,,,,,,,,,,,,,2023-06-03 15:50,2024-08-31_1803_
Сабрина,23,2023-05-29 06:35,2023-06-01 00:20,,,,,,,,,,,,,,,2023-06-05 15:15,2024-08-31_1803_
Гасрет Алиев,1,2023-06-02 01:35,2023-06-02 06:55,,,,,,,,,,,,,,,2023-06-05 19:20,2024-08-31_1803_
Пано-03,23,2023-06-02 16:00,2023-06-04 17:40,,,,,,,,,,,,,,,2023-06-07 11:00,2024-08-31_1803_
Нардис,10,2023-06-02 10:00,2023-06-02 18:45,,,,,,,,,,,,,,,2023-06-07 22:30,2024-08-31_1803_
Тиям,23,2023-06-03 03:00,2023-06-05 18:10,,,,,,,,,,,,,,,2023-06-08 20:30,2024-08-31_1803_
Шайр Сабир,21,2023-06-01 16:30,2023-06-03 15:30,,,,,,,,,,,,,,,2023-06-08 21:10,2023-09-12_0900_
Шаир Сабир,21,2023-06-01 16:30,2023-06-03 15:30,,,,,,,,,,,,,,,2023-06-08 21:10,2024-08-31_1803_
MCV Barys,1,2023-06-07 18:20,2023-06-07 22:15,2023-06-07 23:10,2023-06-08 07:30,контейнера,197.0,197 шт,,3.85,2023-06-08 09:10,2023-06-08 19:00,контейнера,115.0,115 шт,,4.0,2023-06-08 22:35,2023-09-12_0900_
Шаир Сабир,1,2023-06-07 18:20,2023-06-07 22:15,2023-06-07 23:10,2023-06-08 07:30,контейнера,197.0,197 шт,,3.85,2023-06-08 09:10,2023-06-08 19:00,контейнера,115.0,115 шт,,4.0,2023-06-08 22:35,2024-08-31_1803_
Сарир,6,2023-06-03 04:00,2023-06-04 23:10,,,,,,,,,,,,,,,2023-06-08 23:50,2024-08-31_1803_
MCV Berkut,21,2023-05-31 05:40,2023-06-09 11:55,,,,,,,,2023-06-09 16:55,2023-06-09 22:45,контейнера,48.0,48 шт,,,2023-06-10 03:20,2023-09-12_0900_
GC Berkut,21,2023-05-31 05:40,2023-06-09 11:55,,,,,,,,2023-06-09 16:55,2023-06-09 22:45,контейнера,48.0,48 шт,,,2023-06-10 03:20,2024-08-31_1803_
Кангалассы,22,2023-06-09 23:00,2023-06-10 01:05,,,,,,,,,,,,,,,2023-06-10 18:40,2024-08-31_1803_
п.Комп. Эльза Ибрагимова,6,2023-06-09 01:25,2023-06-09 14:15,,,,,,,,,,,,,,,2023-06-11 04:00,2023-09-12_0900_
п.Комп.Эльза Ибрагимова,6,2023-06-09 01:25,2023-06-09 14:15,,,,,,,,,,,,,,,2023-06-11 04:00,2024-08-31_1803_
Наргун,2,2023-06-12 05:00,2023-06-13 02:00,,,,,,,,,,,,,,,2023-06-13 23:50,2024-08-31_1803_
GC Sunkar,1,2023-06-10 15:40,2023-06-13 17:35,2023-06-13 21:30,2023-06-14 04:05,авто,70.0,70 шт.,,3.0,,,,,,,,2023-06-14 05:20,2024-08-31_1803_
Виста,23,2023-06-11 13:30,2023-06-12 21:40,,,,,,,,,,,,,,,2023-06-15 04:10,2024-08-31_1803_
Виана,6,2023-06-13 13:30,2023-06-13 14:45,,,,,,,,,,,,,,,2023-06-15 19:00,2024-08-31_1803_
Парин,22,2023-06-11 08:30,2023-06-11 09:40,,,,,,,,,,,,,,,2023-06-17 15:05,2024-08-31_1803_
MCV Barys,1,2023-06-13 21:00,2023-06-14 22:35,2023-06-15 01:40,2023-06-15 15:30,контейнера,160.0,160 шт.,,3.85,2023-06-15 17:30,2023-06-18 03:20,контейнера,108.0,108 шт.,,3.6,2023-06-18 14:10,2023-09-12_0900_
GC Barys,1,2023-06-13 21:00,2023-06-14 22:35,2023-06-15 01:40,2023-06-15 15:30,контейнера,160.0,160 шт.,,3.85,2023-06-15 17:30,2023-06-18 03:20,контейнера,108.0,108 шт.,,3.6,2023-06-18 14:10,2024-08-31_1803_
Гусейн Джавид,22,2023-06-13 02:45,2023-06-13 19:55,,,,,,,,,,,,,,,2023-06-18 22:55,2024-08-31_1803_
Корус-1,2,2023-06-17 04:00,2023-06-18 13:45,,,,,,,,,,,,,,,2023-06-19 01:20,2024-08-31_1803_
GC Sunkar,,2023-06-10 15:40,,,,,,,,,,,,,,,,2023-06-19 13:45,2024-08-31_1803_
Сепано,6,2023-06-15 10:10,2023-06-15 14:25,,,,,,,,,,,,,,,2023-06-20 01:15,2024-08-31_1803_
MCV Berkut,1,2023-06-19 12:25,2023-06-19 15:00,2023-06-19 21:25,2023-06-20 02:40,контейнеры/авто,102.0,102 шт,,3.8,,,,,,,,2023-06-20 04:00,2023-09-12_0900_
GC Berkut,1,2023-06-19 12:25,2023-06-19 15:00,2023-06-19 21:25,2023-06-20 02:40,контейнеры/авто,102.0,102 шт,,3.8,,,,,,,,2023-06-20 04:00,2024-08-31_1803_
Кангаласы,22,2023-06-20 01:20,2023-06-20 07:20,,,,,,,,,,,,,,,2023-06-21 01:50,2023-09-12_0900_
Кангалассы,22,2023-06-20 01:20,2023-06-20 07:20,,,,,,,,,,,,,,,2023-06-21 01:50,2024-08-31_1803_
Адрина,1,2023-06-20 16:20,2023-06-20 19:10,,,,,,,,,,,,,,,2023-06-21 06:30,2024-08-31_1803_
Гильда,22,2023-06-16 09:00,2023-06-17 18:30,,,,,,,,,,,,,,,2023-06-22 00:10,2024-08-31_1803_
Силвер стар,6,2023-06-11 09:30,2023-06-12 17:30,,,,,,,,,,,,,,,2023-06-23 02:05,2023-09-12_0900_
Сильвер-Стар,6,2023-06-11 09:30,2023-06-12 17:30,,,,,,,,,,,,,,,2023-06-23 02:05,2024-08-31_1803_
Балдер,6,2023-06-22 00:05,2023-06-22 14:40,,,,,,,,,,,,,,,2023-06-24 22:00,2024-08-31_1803_
Волго Балт-190,1,2023-06-25 05:40,2023-06-25 18:10,,,,,,,,,,,,,,,2023-06-26 05:55,2024-08-31_1803_
Сабрина,23,2023-06-22 02:00,2023-06-23 14:00,,,,,,,,,,,,,,,2023-06-27 22:50,2024-08-31_1803_
Генерал Асланов,21,2023-06-22 20:00,2023-06-22 21:10,,,,,,,,,,,,,,,2023-06-27 23:30,2024-08-31_1803_
MCV Barys,1,2023-06-26 16:00,2023-06-26 17:05,2023-06-26 21:15,2023-06-27 15:00,контейнера,217.0,217 шт.,,3.8,2023-06-27 15:40,2023-06-28 03:30,контейнера,113.0,113 шт,,3.8,2023-06-28 07:05,2023-09-12_0900_
GC Barys,1,2023-06-26 16:00,2023-06-26 17:05,2023-06-26 21:15,2023-06-27 15:00,контейнера,217.0,217 шт.,,3.8,2023-06-27 15:40,2023-06-28 03:30,контейнера,113.0,113 шт,,3.8,2023-06-28 07:05,2024-08-31_1803_
Сарина,2,2023-06-19 01:45,2023-06-22 07:00,,,,,,,,,,,,,,,2023-06-28 11:20,2024-08-31_1803_
Бора,3,2023-06-28 01:00,2023-06-28 03:35,,,,,,,,,,,,,,,2023-06-29 04:40,2024-08-31_1803_
Кангалассы,21,2023-06-28 09:30,2023-06-29 03:35,,,,,,,,,,,,,,,2023-06-29 16:45,2024-08-31_1803_
Михайл Мушфиг,6,2023-06-25 22:00,2023-06-26 00:35,,,,,,,,,,,,,,,2023-06-29 19:50,2024-08-31_1803_
Сапфир,22,2023-06-28 17:00,2023-06-29 03:50,,,,,,,,,,,,,,,2023-06-29 22:50,2024-08-31_1803_
Туркменистан,2,2023-06-27 04:00,2023-06-27 10:00,,,,,,,,,,,,,,,2023-06-30 18:40,2024-08-31_1803_
GC Sunkar,1,2023-06-21 23:40,2023-06-29 12:45,,,,,,,,2023-06-29 13:50,2023-06-30 03:10,контейнера,137.0,137 шт,,4.0,2023-07-01 22:20,2024-08-31_1803_
Тиям,23,2023-06-27 20:00,2023-06-28 02:30,,,,,,,,,,,,,,,2023-07-02 04:15,2024-08-31_1803_
MCV Barys,1,2023-07-03 15:30,2023-07-03 16:50,2023-07-03 18:45,2023-07-03 00:25,контейнера,111.0,111 шт.,,3.7,2023-07-04 01:55,2023-07-04 22:40,контейнера,88.0,88 шт,,3.8,2023-07-05 02:55,2023-09-12_0900_
GC Barys,1,2023-07-03 15:30,2023-07-03 16:50,2023-07-03 18:45,2023-07-03 00:25,контейнера,111.0,111 шт.,,3.7,2023-07-04 01:55,2023-07-04 22:40,контейнера,88.0,88 шт,,3.8,2023-07-05 02:55,2024-08-31_1803_
MCV Berkut,2,2023-06-19 12:25,2023-07-04 02:30,,,,,,,,2023-07-04 03:45,2023-07-05 05:45,контейнера,110.0,110 шт,,3.9,2023-07-05 11:00,2023-09-12_0900_
GC Berkut,2,2023-06-19 12:25,2023-07-04 02:30,,,,,,,,2023-07-04 03:45,2023-07-05 05:45,контейнера,110.0,110 шт,,3.9,2023-07-05 11:00,2024-08-31_1803_
п.Комп. Эльза Ибрагимова,10,2023-07-01 09:25,2023-07-02 00:20,,,,,,,,,,,,,,,2023-07-05 15:50,2023-09-12_0900_
п.Комп.Эльза Ибрагимова,10,2023-07-01 09:25,2023-07-02 00:20,,,,,,,,,,,,,,,2023-07-05 15:50,2024-08-31_1803_
Кангалассы,21,2023-07-05 04:00,2023-07-05 05:20,,,,,,,,,,,,,,,2023-07-05 23:40,2024-08-31_1803_
Шайр-Сабир,22,2023-06-29 14:00,2023-06-29 23:45,,,,,,,,,,,,,,,2023-07-06 00:40,2023-09-12_0900_
Шаир Сабир,22,2023-06-29 14:00,2023-06-29 23:45,,,,,,,,,,,,,,,2023-07-06 00:40,2024-08-31_1803_
Бора,2,2023-07-04 13:30,2023-07-05 15:30,,,,,,,,,,,,,,,2023-07-06 07:45,2024-08-31_1803_
GC Sunkar,1,2023-07-05 17:45,2023-07-05 19:35,2023-07-05 22:20,2023-07-06 03:40,контейнера пустые,152.0,152 шт,,3.0,2023-07-06 03:50,2023-07-06 14:10,контейнера,128.0,128 шт,,3.85,2023-07-06 16:20,2024-08-31_1803_
Парин,6,2023-07-03 11:00,2023-07-03 19:55,,,,,,,,,,,,,,,2023-07-06 23:30,2024-08-31_1803_
Касма,22,2023-07-06 03:00,2023-07-06 03:40,,,,,,,,,,,,,,,2023-07-07 16:50,2024-08-31_1803_
Наргун,21,2023-07-07 06:15,2023-07-07 19:05,,,,,,,,,,,,,,,2023-07-08 07:15,2024-08-31_1803_
Сепано,3,2023-07-03 11:15,2023-07-04 16:10,,,,,,,,,,,,,,,2023-07-10 18:30,2024-08-31_1803_
MCV Barys,1,2023-07-09 19:30,2023-07-09 21:30,2023-07-09 23:15,2023-07-10 18:30,контейнера,218.0,218 шт.,,3.7,2023-07-10 18:55,2023-07-12 10:45,контейнера,103.0,103 шт.,,3.8,2023-07-12 19:55,2023-09-12_0900_
GC Barys,1,2023-07-09 19:30,2023-07-09 21:30,2023-07-09 23:15,2023-07-10 18:30,контейнера,218.0,218 шт.,,3.7,2023-07-10 18:55,2023-07-12 10:45,контейнера,103.0,103 шт.,,3.8,2023-07-12 19:55,2024-08-31_1803_
Генерал Асланов,22,2023-07-07 02:00,2023-07-07 03:25,,,,,,,,,,,,,,,2023-07-13 00:00,2024-08-31_1803_
Сарир,23,2023-06-29 23:00,2023-06-30 00:35,,,,,,,,,,,,,,,2023-07-13 01:55,2024-08-31_1803_
Адрина,21,2023-07-09 10:00,2023-07-09 18:25,,,,,,,,,,,,,,,2023-07-13 02:00,2024-08-31_1803_
Салми Спринтер,6,2023-07-09 00:00,2023-07-09 01:10,,,,,,,,,,,,,,,2023-07-14 00:15,2024-08-31_1803_
Гильда,1,2023-07-07 11:00,2023-07-12 23:35,,,,,,,,,,,,,,,2023-07-14 05:00,2024-08-31_1803_
Бора,1,2023-07-14 09:00,2023-07-14 10:35,,,,,,,,,,,,,,,2023-07-14 23:30,2024-08-31_1803_
Мир,3,2023-07-13 14:30,2023-07-13 15:45,,,,,,,,,,,,,,,2023-07-15 01:00,2024-08-31_1803_
Кангалассы,21,2023-07-15 04:20,2023-07-15 05:30,,,,,,,,,,,,,,,2023-07-15 22:25,2024-08-31_1803_
Флестина-2,3,2023-07-13 15:45,2023-07-14 19:50,,,,,,,,,,,,,,,2023-07-15 23:55,2024-08-31_1803_
Марко Поло,2,2023-07-15 14:00,2023-07-15 18:10,,,,,,,,,,,,,,,2023-07-16 16:00,2024-08-31_1803_
Нардис,21,2023-07-14 17:25,2023-07-15 15:50,,,,,,,,,,,,,,,2023-07-17 02:25,2024-08-31_1803_
Сепано,23,2023-07-10 19:30,2023-07-14 21:40,,,,,,,,,,,,,,,2023-07-18 02:00,2024-08-31_1803_
MCV Berkut,1,2023-07-14 17:15,2023-07-18 00:20,2023-07-18 02:05,2023-07-18 10:45,контейнера и авто,19.0,19 шт+ 8 авто,,2.8,,,,,,,,2023-07-18 16:30,2023-09-12_0900_
GC Berkut,1,2023-07-14 17:15,2023-07-18 00:20,2023-07-18 02:05,2023-07-18 10:45,контейнера и авто,19.0,19 шт+ 8 авто,,2.8,,,,,,,,2023-07-18 16:30,2024-08-31_1803_
Сабрина,6,2023-07-14 12:10,2023-07-15 09:50,,,,,,,,,,,,,,,2023-07-18 22:30,2024-08-31_1803_
GC Sunkar,1,2023-07-15 05:00,2023-07-18 17:20,2023-07-18 19:00,2023-07-18 22:40,авто,31.0,31 шт.,,3.5,,,,,,,,2023-07-19 16:35,2024-08-31_1803_
Порт Оля-1,6,2023-07-18 04:45,2023-07-18 23:40,,,,,,,,,,,,,,,2023-07-20 22:40,2024-08-31_1803_
Сарина,2,2023-07-15 13:30,2023-07-15 22:05,,,,,,,,,,,,,,,2023-07-20 23:55,2024-08-31_1803_
Пайя,21,2023-07-20 09:30,2023-07-20 10:50,,,,,,,,,,,,,,,2023-07-21 00:30,2024-02-19_0852_
Пая,21,2023-07-20 09:30,2023-07-20 10:50,,,,,,,,,,,,,,,2023-07-21 00:30,2024-08-31_1803_
MCV Barys,1,2023-07-19 20:00,2023-07-19 21:30,2023-07-19 23:00,2023-07-20 06:00,контейнера,202.0,202 шт.,,3.8,2023-07-20 06:00,2023-07-21 23:00,контейнера,139.0,139  шт,,3.97,2023-07-22 01:30,2023-09-12_0900_
GC Barys,1,2023-07-19 20:00,2023-07-19 21:30,2023-07-19 23:00,2023-07-20 06:00,контейнера,202.0,202 шт.,,3.8,2023-07-20 06:00,2023-07-21 23:00,контейнера,139.0,139  шт,,3.97,2023-07-22 01:30,2024-08-31_1803_
Диба,22,2023-07-21 23:40,2023-07-22 00:45,,,,,,,,,,,,,,,2023-07-22 18:35,2024-08-31_1803_
Кангалассы,22,2023-07-22 20:25,2023-07-22 23:40,,,,,,,,,,,,,,,2023-07-23 14:05,2024-08-31_1803_
п.Комп. Эльза Ибрагимова,2,2023-07-22 01:30,2023-07-22 02:40,,,,,,,,,,,,,,,2023-07-23 23:40,2023-09-12_0900_
п.Комп.Эльза Ибрагимова,2,2023-07-22 01:30,2023-07-22 02:40,,,,,,,,,,,,,,,2023-07-23 23:40,2024-08-31_1803_
Сания,21,2023-07-22 04:00,2023-07-22 05:30,,,,,,,,,,,,,,,2023-07-26 04:30,2024-08-31_1803_
Бора,1,2023-07-24 09:00,2023-07-25 11:00,,,,,,,,,,,,,,,2023-07-27 11:20,2024-08-31_1803_
Сомия,23,2023-07-22 17:50,2023-07-23 15:20,,,,,,,,,,,,,,,2023-07-28 05:05,2024-08-31_1803_
GC Sunkar,3,2023-07-15 05:00,2023-07-25 10:35,,,,,,,,,,,,,,,2023-07-28 21:15,2024-08-31_1803_
GC Sunkar,21,2023-07-15 05:00,2023-07-29 06:55,,,,,,,,2023-07-29 12:10,2023-07-30 04:55,контейнера,105.0,105 шт.,,3.55,2023-07-30 10:50,2024-08-31_1803_
MCV Barys,1,2023-07-28 17:15,2023-07-28 18:25,2023-07-28 21:00,2023-07-29 02:00,контейнера,78.0,78 шт.+ 1 паллет,,3.5,2023-07-29 02:00,2023-07-30 06:30,контейнера,134.0,134 шт.,,3.85,2023-07-30 18:45,2023-09-12_0900_
GC Barys,1,2023-07-28 17:15,2023-07-28 18:25,2023-07-28 21:00,2023-07-29 02:00,контейнера,78.0,78 шт.+ 1 паллет,,3.5,2023-07-29 02:00,2023-07-30 06:30,контейнера,134.0,134 шт.,,3.85,2023-07-30 18:45,2024-08-31_1803_
Кадос,2,2023-07-24 01:05,2023-07-24 14:05,,,,,,,,,,,,,,,2023-07-31 07:50,2024-08-31_1803_
MCV Berkut,1,2023-07-14 17:15,2023-07-31 09:30,,,,,,,,2023-07-31 10:10,2023-07-31 23:10,контейнера,134.0,134 шт.,,4.0,2023-08-01 02:20,2023-09-12_0900_
GC Berkut,1,2023-07-14 17:15,2023-07-31 09:30,,,,,,,,2023-07-31 10:10,2023-07-31 23:10,контейнера,134.0,134 шт.,,4.0,2023-08-01 02:20,2024-08-31_1803_
Наргол,21,2023-07-31 21:00,2023-07-31 22:15,,,,,,,,,,,,,,,2023-08-02 11:30,2024-08-31_1803_
Туркменистан,,2023-07-31 06:30,,,,,,,,,,,,,,,,2023-08-02 16:00,2024-08-31_1803_
Магтымгулы,1,2023-08-01 04:50,2023-08-01 13:15,,,,,,,,,,,,,,,2023-08-03 10:55,2024-08-31_1803_
Бора,2,2023-08-02 21:35,2023-08-02 22:40,,,,,,,,,,,,,,,2023-08-03 13:20,2024-08-31_1803_
Наргун,6,2023-07-31 19:30,2023-07-31 19:55,,,,,,,,,,,,,,,2023-08-03 15:40,2024-08-31_1803_
Мир,3,2023-08-02 08:00,2023-08-02 09:35,,,,,,,,,,,,,,,2023-08-03 16:20,2024-08-31_1803_
Кангалассы,21,2023-08-03 08:00,2023-08-03 11:45,,,,,,,,,,,,,,,2023-08-04 03:40,2024-08-31_1803_
Сабрина,21,2023-08-05 15:20,2023-08-05 16:55,,,,,,,,,,,,,,,2023-08-07 17:00,2024-08-31_1803_
Амур 2522,3,2023-08-02 12:00,2023-08-03 12:30,,,,,,,,,,,,,,,2023-08-07 22:00,2023-09-12_0900_
Амур-2522,3,2023-08-02 12:00,2023-08-03 12:30,,,,,,,,,,,,,,,2023-08-07 22:00,2024-08-31_1803_
Гусейн Джавид,22,2023-08-01 22:30,2023-08-01 23:20,,,,,,,,,,,,,,,2023-08-08 05:00,2024-08-31_1803_
MCV Barys,1,2023-08-07 20:30,2023-08-07 21:20,2023-08-07 22:25,2023-08-08 05:50,контейнера,167.0,167 шт,,3.7,2023-08-08 05:50,2023-08-08 21:30,контейнера,142.0,142 шт.,,3.95,2023-08-08 23:15,2023-09-12_0900_
GC Barys,1,2023-08-07 20:30,2023-08-07 21:20,2023-08-07 22:25,2023-08-08 05:50,контейнера,167.0,167 шт,,3.7,2023-08-08 05:50,2023-08-08 21:30,контейнера,142.0,142 шт.,,3.95,2023-08-08 23:15,2024-08-31_1803_
Сарина,21,2023-08-08 00:30,2023-08-08 22:55,,,,,,,,,,,,,,,2023-08-10 12:00,2024-08-31_1803_
Пано-04,23,2023-08-09 19:00,2023-08-09 21:25,,,,,,,,,,,,,,,2023-08-11 15:55,2024-08-31_1803_
MCV Berkut,1,2023-08-07 22:50,2023-08-11 01:45,2023-08-11 11:45,2023-08-11 23:15,контейнера + авто,40.0,40 шт. + 46 авто,,3.5,,,,,,,2.8,2023-08-12 06:05,2023-09-12_0900_
GC Berkut,1,2023-08-07 22:50,2023-08-11 01:45,2023-08-11 11:45,2023-08-11 23:15,контейнера + авто,40.0,40 шт. + 46 авто,,3.5,,,,,,,2.8,2023-08-12 06:05,2024-08-31_1803_
Дельфин-1,2,2023-08-09 17:30,2023-08-09 23:45,,,,,,,,,,,,,,,2023-08-12 14:00,2024-08-31_1803_
Бора,1,2023-08-12 05:40,2023-08-12 06:45,,,,,,,,,,,,,,,2023-08-13 06:10,2024-08-31_1803_
Бекет Ата,3,2023-08-08 17:00,2023-08-08 18:20,2023-08-08 21:40,2023-08-12 12:30,генеральный груз,4856.46,4856.46,,4.55,,,,,,,3.15,2023-08-14 02:15,2023-09-12_0900_
Бекет-Ата,3,2023-08-08 17:00,2023-08-08 18:20,2023-08-08 21:40,2023-08-12 12:30,генеральный груз,4856.46,4856.46,,4.55,,,,,,,3.15,2023-08-14 02:15,2024-08-31_1803_
Пайя,21,2023-08-12 14:00,2023-08-12 16:00,,,,,,,,,,,,,,,2023-08-14 18:40,2024-02-19_0852_
Пая,21,2023-08-12 14:00,2023-08-12 16:00,,,,,,,,,,,,,,,2023-08-14 18:40,2024-08-31_1803_
Виана,2,2023-08-08 18:00,2023-08-09 00:20,,,,,,,,,,,,,,,2023-08-15 06:05,2024-08-31_1803_
Бекет Ата,,2023-08-14 03:00,,,,в балласте,,,,3.15,,,,,,,,2023-08-15 13:15,2023-09-12_0900_
Бекет-Ата,,2023-08-14 03:00,,,,в балласте,,,,3.15,,,,,,,,2023-08-15 13:15,2024-08-31_1803_
GC Sunkar,2,2023-08-07 15:00,2023-08-14 21:05,2023-08-15 01:55,2023-08-15 11:05,контейнера + авто,26.0,26 шт,,3.6,,,,,,,,2023-08-15 17:30,2024-08-31_1803_
Пано-03,23,2023-08-14 19:50,2023-08-14 22:10,,,,,,,,,,,,,,,2023-08-16 18:35,2024-08-31_1803_
MCV Barys,2,2023-08-14 19:50,2023-08-15 19:30,2023-08-15 22:00,2023-08-16 06:30,контейнера,205.0,205 шт.,,3.8,2023-08-16 09:25,2023-08-16 23:30,контейнера,122.0,122 шт,,3.7,2023-08-17 01:30,2023-09-12_0900_
GC Barys,2,2023-08-14 19:50,2023-08-15 19:30,2023-08-15 22:00,2023-08-16 06:30,контейнера,205.0,205 шт.,,3.8,2023-08-16 09:25,2023-08-16 23:30,контейнера,122.0,122 шт,,3.7,2023-08-17 01:30,2024-08-31_1803_
Кангалассы,21,2023-08-18 06:00,2023-08-18 07:10,,,,,,,,,,,,,,,2023-08-19 03:50,2024-08-31_1803_
Паранд,21,2023-08-13 09:00,2023-08-13 20:00,,,,,,,,,,,,,,,2023-08-19 23:15,2024-08-31_1803_
Гусейн Джавид,22,2023-08-15 08:00,2023-08-15 09:10,,,,,,,,,,,,,,,2023-08-19 23:40,2024-08-31_1803_
Порт Оля-2,6,2023-08-19 10:00,2023-08-19 10:40,,,,,,,,,,,,,,,2023-08-21 18:20,2024-08-31_1803_
MCV Berkut,1,2023-08-12 06:50,2023-08-22 14:00,,,,,,,2.8,,,,,,,,2023-08-22 18:15,2023-09-12_0900_
GC Berkut,1,2023-08-12 06:50,2023-08-22 14:00,,,,,,,2.8,,,,,,,,2023-08-22 18:15,2024-08-31_1803_
Бора,2,2023-08-22 09:50,2023-08-22 14:55,,,,,,,,,,,,,,,2023-08-23 14:55,2024-08-31_1803_
Сильвер Стар,3,2023-08-17 18:15,2023-08-18 01:30,,,,,,,,,,,,,,,2023-08-23 23:45,2023-09-12_0900_
Сильвер-Стар,3,2023-08-17 18:15,2023-08-18 01:30,,,,,,,,,,,,,,,2023-08-23 23:45,2024-08-31_1803_
Туркестан,21,2023-08-22 07:00,2023-08-22 16:05,,,в балласте,,,,3.2,,,,,,,,2023-08-24 02:00,2024-08-31_1803_
MCV Barys,1,2023-08-22 14:30,2023-08-22 19:30,2023-08-22 22:05,2023-08-23 22:05,контейнера,256.0,256 шт,,3.55,2023-08-23 22:05,2023-08-24 10:30,контейнера,103.0,103 шт,,3.3,2023-08-24 12:40,2023-09-12_0900_
GC Barys,1,2023-08-22 14:30,2023-08-22 19:30,2023-08-22 22:05,2023-08-23 22:05,контейнера,256.0,256 шт,,3.55,2023-08-23 22:05,2023-08-24 10:30,контейнера,103.0,103 шт,,3.3,2023-08-24 12:40,2024-08-31_1803_
п.Комп. Эльза Ибрагимова,6,2023-08-11 16:00,2023-08-14 15:15,,,,,,,,,,,,,,,2023-08-25 16:05,2023-09-12_0900_
п.Комп.Эльза Ибрагимова,6,2023-08-11 16:00,2023-08-14 15:15,,,,,,,,,,,,,,,2023-08-25 16:05,2024-08-31_1803_
Адрина,22,2023-08-20 12:00,2023-08-24 11:35,,,,,,,,,,,,,,,2023-08-25 23:10,2024-08-31_1803_
Мир,3,2023-08-22 12:30,2023-08-24 00:45,,,,,,,,,,,,,,,2023-08-26 00:15,2024-08-31_1803_
Кадос,2,2023-08-23 02:40,2023-08-23 16:10,,,,,,,,,,,,,,,2023-08-27 19:10,2024-08-31_1803_
Тина,23,2023-08-24 17:00,2023-08-24 18:10,,,,,,,,,,,,,,,2023-08-29 02:20,2024-08-31_1803_
Гусейн Джавид,22,2023-08-26 14:30,2023-08-26 15:40,,,,,,,,,,,,,,,2023-08-29 23:40,2024-08-31_1803_
Кангалассы,21,2023-08-29 00:30,2023-08-29 01:30,,,,,,,,,,,,,,,2023-08-30 10:30,2024-08-31_1803_
Сарина,6,2023-08-22 15:35,2023-08-28 22:20,,,,,,,,,,,,,,,2023-09-01 19:50,2024-08-31_1803_
Бора,22,2023-08-31 23:00,2023-09-01 00:05,,,,,,,,,,,,,,,2023-09-01 23:35,2024-08-31_1803_
Эрика,2,2023-09-01 14:30,2023-09-01 15:55,,,,,,,,,,,,,,,2023-09-02 18:00,2024-08-31_1803_
GC Sunkar,6,2023-08-15 18:15,2023-09-02 13:15,,,,,,,3.05,,,,,,,,2023-09-02 19:45,2024-08-31_1803_
MCV Barys,1,2023-08-29 23:40,2023-09-03 13:00,2023-09-03 14:15,2023-09-04 02:05,контейнера,231.0,231 шт,,3.45,2023-09-04 02:15,2023-09-04 19:15,контейнера,157.0,157 шт.,,3.75,2023-09-04 23:20,2023-09-12_0900_
GC Barys,1,2023-08-29 23:40,2023-09-03 13:00,2023-09-03 14:15,2023-09-04 02:05,контейнера,231.0,231 шт,,3.45,2023-09-04 02:15,2023-09-04 19:15,контейнера,157.0,157 шт.,,3.75,2023-09-04 23:20,2024-08-31_1803_
Пано-04,23,2023-09-03 12:00,2023-09-03 13:15,,,,,,,,,,,,,,,2023-09-05 16:50,2024-08-31_1803_
Касма,23,2023-08-30 15:40,2023-09-04 18:45,,,,,,,,,,,,,,,2023-09-07 23:35,2024-08-31_1803_
Кангаласы,21,2023-09-07 01:40,2023-09-07 22:35,,,,,,,,,,,,,,,2023-09-08 11:35,2023-09-12_0900_
Кангалассы,21,2023-09-07 01:40,2023-09-07 22:35,,,,,,,,,,,,,,,2023-09-08 11:35,2024-08-31_1803_
Салми Ровер,2,2023-09-05 04:15,2023-09-05 19:10,,,,,,,,,,,,,,,2023-09-08 15:15,2024-08-31_1803_
GC Sunkar,1,2023-09-02 20:15,2023-09-08 01:50,,,,,,,3.2,2023-09-08 21:25,2023-09-08 23:35,контейнера,25.0,25 шт.,,3.0,2023-09-09 01:15,2024-08-31_1803_
MCV Berkut,2,2023-08-22 19:10,2023-09-08 02:35,,,,,,,2.8,,,,,,,,2023-09-09 18:40,2023-09-12_0900_
GC Berkut,2,2023-08-22 19:10,2023-09-08 02:35,,,,,,,2.8,,,,,,,,2023-09-09 18:40,2024-08-31_1803_
п.Комп.Эльза Ибрагимова,6,2023-09-03 09:10,2023-09-08 19:45,,,,,,,,,,,,,,,2023-09-12 23:00,2024-08-31_1803_
Бора,2,2023-09-13 11:00,2023-09-13 12:00,,,,,,,,,,,,,,,2023-09-14 07:35,2024-08-31_1803_
Тиям,23,2023-09-05 22:30,2023-09-06 12:15,,,,,,,,,,,,,,,2023-09-14 12:00,2024-08-31_1803_
Сабрина,22,2023-09-07 23:50,2023-09-13 15:25,,,,,,,,,,,,,,,2023-09-14 14:40,2024-08-31_1803_
GC Barys,1,2023-09-13 11:00,2023-09-13 16:25,2023-09-13 18:10,2023-09-14 06:30,контейнера,219.0,219 шт.,,3.55,2023-09-14 11:00,2023-09-15 03:35,контейнера,165.0,165 шт.,,3.8,2023-09-15 06:40,2024-08-31_1803_
Адрина,21,2023-09-13 17:30,2023-09-13 21:35,,,,,,,,,,,,,,,2023-09-16 00:15,2024-08-31_1803_
Сомия,2,2023-09-15 03:00,2023-09-15 17:55,,,,,,,,,,,,,,,2023-09-17 00:55,2024-08-31_1803_
Наргол,1,2023-09-16 00:30,2023-09-16 12:30,,,,,,,,,,,,,,,2023-09-17 15:40,2024-08-31_1803_
Шаир Сабир,22,2023-09-15 02:00,2023-09-15 03:05,,,,,,,,,,,,,,,2023-09-19 02:10,2024-08-31_1803_
Виста,1,2023-09-16 14:00,2023-09-17 10:10,,,,,,,,,,,,,,,2023-09-19 07:45,2024-08-31_1803_
Кангалассы,22,2023-09-20 22:30,2023-09-21 00:00,,,,,,,,,,,,,,,2023-09-21 16:00,2024-08-31_1803_
Гусейн Джавид,22,2023-09-17 13:30,2023-09-19 03:00,,,,,,,,,,,,,,,2023-09-22 12:05,2024-08-31_1803_
Пайя,1,2023-09-16 10:05,2023-09-18 10:40,,,,,,,,,,,,,,,2023-09-22 18:00,2024-02-19_0852_
Пая,1,2023-09-16 10:05,2023-09-18 10:40,,,,,,,,,,,,,,,2023-09-22 18:00,2024-08-31_1803_
Бора,2,2023-09-23 03:00,2023-09-23 04:25,,,,,,,,,,,,,,,2023-09-23 22:30,2024-08-31_1803_
GC Barys,1,2023-09-21 22:00,2023-09-22 21:55,2023-09-22 23:00,2023-09-23 15:40,контейнера,223.0,223 шт.,,3.8,2023-09-23 15:40,2023-09-24 02:20,контейнера,123.0,123 шт,,3.5,2023-09-24 03:45,2024-08-31_1803_
Нардис,3,2023-09-23 01:30,2023-09-23 22:10,,,,,,,,,,,,,,,2023-09-24 13:00,2024-08-31_1803_
Сарир,22,2023-09-21 18:00,2023-09-22 17:35,,,,,,,,,,,,,,,2023-09-24 17:10,2024-08-31_1803_
Патрис,21,2023-09-26 22:00,2023-09-26 23:15,,,,,,,,,,,,,,,2023-09-27 19:00,2024-08-31_1803_
Кангалассы,21,2023-09-28 05:00,2023-09-28 06:15,,,,,,,,,,,,,,,2023-09-28 22:30,2024-08-31_1803_
Адрина,2,2023-09-28 09:40,2023-09-28 16:20,,,,,,,,,,,,,,,2023-09-29 18:50,2024-08-31_1803_
п.Комп.Эльза Ибрагимова,6,2023-09-26 02:00,2023-09-26 02:55,,,,,,,,,,,,,,,2023-09-30 06:50,2024-08-31_1803_
GC Sunkar,21,2023-09-23 07:00,2023-09-24 12:25,2023-09-24 16:30,2023-09-24 21:55,контейнера,96.0,96 шт.,,3.4,2023-09-29 21:20,2023-09-30 09:35,контейнера,88.0,88 шт,,3.2,2023-09-30 13:10,2024-08-31_1803_
Бора,1,2023-09-30 09:00,2023-09-30 10:50,,,,,,,,,,,,,,,2023-10-01 06:55,2024-08-31_1803_
Дельфин-1,2,2023-09-30 02:10,2023-09-30 03:25,,,,,,,,,,,,,,,2023-10-01 07:45,2024-08-31_1803_
Гусейн Джавид,22,2023-09-27 15:55,2023-09-27 16:45,,,,,,,,,,,,,,,2023-10-02 02:20,2024-08-31_1803_
GC Berkut,2,2023-09-11 19:00,2023-10-01 11:40,,,,,,,2.8,,,,,,,,2023-10-02 12:25,2024-08-31_1803_
GC Barys,1,2023-09-30 14:15,2023-10-02 11:20,2023-10-02 13:40,2023-10-02 23:00,контейнера,219.0,219 шт,,3.5,2023-10-02 23:00,2023-10-03 22:40,контейнера + штанги+паллет,55.0,55 шт.,,3.0,2023-10-04 00:45,2024-08-31_1803_
Атамекен,2,2023-10-03 05:15,2023-10-03 10:10,,,,,,,,,,,,,,,2023-10-05 15:00,2024-08-31_1803_
Флестина-2,3,2023-10-04 15:30,2023-10-04 17:55,,,,,,,,,,,,,,,2023-10-06 02:00,2024-08-31_1803_
GC Berkut,1,2023-10-02 13:30,2023-10-06 19:45,,,,,,,2.8,2023-10-06 21:30,2023-10-07 04:30,контейнера,95.0,95 шт.,,3.75,2023-10-07 08:05,2024-08-31_1803_
Кангалассы,21,2023-10-07 04:50,2023-10-07 06:00,,,,,,,,,,,,,,,2023-10-10 13:15,2024-08-31_1803_
Дельфин-1,3,2023-10-08 13:15,2023-10-10 18:15,,,,,,,,,,,,,,,2023-10-11 19:50,2024-08-31_1803_
Виста,1,2023-10-11 01:30,2023-10-11 04:10,,,,,,,,,,,,,,,2023-10-14 00:55,2024-08-31_1803_
Сабрина,2,2023-10-11 00:40,2023-10-11 01:55,,,,,,,,,,,,,,,2023-10-14 14:15,2024-08-31_1803_
Маэстро Ниязи,22,2023-10-07 07:30,2023-10-07 09:25,,,,,,,,,,,,,,,2023-10-14 23:00,2024-08-31_1803_
Амур-2522,3,2023-10-08 10:50,2023-10-10 19:25,,,,,,,,,,,,,,,2023-10-15 12:20,2024-08-31_1803_
Бора,2,2023-10-15 07:00,2023-10-15 09:25,,,,,,,,,,,,,,,2023-10-15 23:00,2024-08-31_1803_
п.Комп.Эльза Ибрагимова,2,2023-10-13 01:00,2023-10-14 00:10,,,,,,,,,,,,,,,2023-10-17 09:15,2024-08-31_1803_
GC Berkut,1,2023-10-15 22:00,2023-10-15 22:50,2023-10-16 01:50,2023-10-16 23:00,контейнера,204.0,204 шт.,,3.97,2023-10-16 23:20,2023-10-17 06:50,контейнера,75.0,75 шт.,,3.65,2023-10-17 12:25,2024-08-31_1803_
Кангалассы,22,2023-10-15 09:30,2023-10-15 11:15,,,,,,,,,,,,,,,2023-10-18 05:40,2024-08-31_1803_
Гусейн Джавид,21,2023-10-08 08:00,2023-10-10 17:20,,,,,,,,,,,,,,,2023-10-18 23:30,2024-08-31_1803_
Адрина,1,2023-10-18 17:30,2023-10-18 19:00,,,,,,,,,,,,,,,2023-10-20 15:25,2024-08-31_1803_
Наргун,22,2023-10-19 02:00,2023-10-19 03:15,,,,,,,,,,,,,,,2023-10-20 18:55,2024-08-31_1803_
Диба,2,2023-10-19 00:40,2023-10-19 14:05,,,,,,,,,,,,,,,2023-10-21 22:30,2024-08-31_1803_
GC Sunkar,1,2023-10-22 06:45,2023-10-22 11:20,2023-10-22 21:10,2023-10-23 02:25,контейнера,71.0,71 шт,,3.6,,,,,,,,2023-10-23 14:20,2024-08-31_1803_
Виана,22,2023-10-22 05:00,2023-10-22 21:25,,,,,,,,,,,,,,,2023-10-24 07:50,2024-08-31_1803_
Флестина-2,3,2023-10-22 19:40,2023-10-22 22:30,,,,,,,,,,,,,,,2023-10-24 13:25,2024-08-31_1803_
Пармис,21,2023-10-22 19:50,2023-10-23 00:10,,,,,,,,,,,,,,,2023-10-24 21:05,2024-08-31_1803_
Кангалассы,22,2023-10-24 01:15,2023-10-24 10:05,,,,,,,,,,,,,,,2023-10-25 01:05,2024-08-31_1803_
GC Sunkar,,2023-10-23 15:10,,,,,,,,,,,,,,,,2023-10-25 10:40,2024-08-31_1803_
Бора,3,2023-10-24 14:00,2023-10-24 14:25,,,,,,,,,,,,,,,2023-10-25 16:45,2024-08-31_1803_
GC Berkut,1,2023-10-23 05:30,2023-10-23 15:50,2023-10-23 18:00,2023-10-24 05:35,контейнера,183.0,183 шт.,,4.0,2023-10-24 06:00,2023-10-24 19:00,контейнера,142.0,142 шт,,4.15,2023-10-25 18:15,2024-08-31_1803_
Сания,22,2023-10-23 11:00,2023-10-23 12:40,,,,,,,,,,,,,,,2023-10-27 00:10,2024-08-31_1803_
GC Sunkar,1,2023-10-27 00:00,2023-10-27 09:10,,,конвертор,,,,,,,,,,,3.1,2023-10-27 18:50,2024-08-31_1803_
Патрис,1,2023-10-28 10:40,2023-10-28 11:50,,,,,,,,,,,,,,,2023-10-29 17:15,2024-08-31_1803_
Маэстро Ниязи,21,2023-10-24 10:00,2023-10-24 22:20,,,,,,,,,,,,,,,2023-10-29 17:45,2024-08-31_1803_
Кангалассы,21,2023-10-29 21:05,2023-10-29 22:45,,,,,,,,,,,,,,,2023-10-30 17:50,2024-08-31_1803_
Тарадис,21,2023-10-29 21:30,2023-10-30 19:30,,,,,,,,,,,,,,,2023-11-03 14:10,2024-08-31_1803_
GC Berkut,1,2023-11-01 08:30,2023-11-01 09:50,2023-11-02 22:00,2023-11-03 06:50,контейнера,234.0,234 шт,,3.97,2023-11-03 07:10,2023-11-03 17:30,контейнера,132.0,132 шт,,4.0,2023-11-03 22:45,2024-08-31_1803_
Шаир Вагиф,22,2023-10-28 22:30,2023-10-29 00:25,,,,,,,,,,,,,,,2023-11-04 16:00,2024-08-31_1803_
Пайя,2,2023-11-03 12:00,2023-11-03 13:20,,,,,,,,,,,,,,,2023-11-04 17:20,2024-02-19_0852_
Пая,2,2023-11-03 12:00,2023-11-03 13:20,,,,,,,,,,,,,,,2023-11-04 17:20,2024-08-31_1803_
Бора,1,2023-11-04 13:00,2023-11-04 14:15,,,,,,,,,,,,,,,2023-11-05 18:05,2024-08-31_1803_
п.Комп.Эльза Ибрагимова,6,2023-10-30 09:30,2023-10-30 11:20,,,,,,,,,,,,,,,2023-11-06 18:45,2024-08-31_1803_
Адрина,21,2023-11-04 08:45,2023-11-06 11:15,,,,,,,,,,,,,,,2023-11-08 23:30,2024-08-31_1803_
Кангалассы,1,2023-11-09 02:30,2023-11-09 04:00,,,,,,,,,,,,,,,2023-11-11 12:00,2024-08-31_1803_
GC Berkut,1,2023-11-11 20:00,2023-11-11 21:50,2023-11-11 23:55,2023-11-13 12:35,контейнера,260.0,260 шт,,3.8,2023-11-13 13:45,2023-11-14 00:20,контейнера,140.0,140 шт.,,4.1,2023-11-15 16:40,2024-08-31_1803_
Дельфин-1,2,2023-11-13 04:30,2023-11-13 13:55,,,,,,,,,,,,,,,2023-11-15 16:50,2024-08-31_1803_
Маэстро Ниязи,22,2023-11-05 12:00,2023-11-05 17:15,,,,,,,,,,,,,,,2023-11-15 17:30,2024-08-31_1803_
Сарина,21,2023-11-14 03:30,2023-11-14 04:35,,,,,,,,,,,,,,,2023-11-15 19:10,2024-08-31_1803_
Флестина-2,23,2023-11-11 15:00,2023-11-11 17:40,,,,,,,,,,,,,,,2023-11-15 19:50,2024-08-31_1803_
Сабрина,3,2023-11-14 01:00,2023-11-14 02:20,,,,,,,,,,,,,,,2023-11-15 23:30,2024-08-31_1803_
Бора,22,2023-11-16 22:00,2023-11-16 23:50,,,,,,,,,,,,,,,2023-11-18 02:45,2024-08-31_1803_
Тривенна,22,2023-11-18 16:00,2023-11-18 18:35,,,,,,,,,,,,,,,2023-11-20 16:45,2024-08-31_1803_
Виста,23,2023-11-14 10:55,2023-11-15 18:50,,,,,,,,,,,,,,,2023-11-24 21:55,2024-08-31_1803_
Тривенна,23,2023-11-23 00:30,2023-11-24 11:15,,,,,,,,,,,,,,,2023-11-24 22:00,2024-08-31_1803_
Кангалассы,1,2023-11-23 06:30,2023-11-24 04:05,,,,,,,,,,,,,,,2023-11-26 16:30,2024-08-31_1803_
Пайя,1,2023-11-26 13:25,2023-11-26 17:30,,,,,,,,,,,,,,,2023-11-28 11:45,2024-02-19_0852_
Пая,1,2023-11-26 13:25,2023-11-26 17:30,,,,,,,,,,,,,,,2023-11-28 11:45,2024-08-31_1803_
GC Sunkar,1,2023-11-24 19:00,2023-11-24 20:20,2023-11-24 23:45,2023-11-25 07:20,контейнера,240.0,240 шт.,,3.9,2023-11-25 09:55,2023-11-29 12:35,контейнера,179.0,179 шт,,3.9,2023-11-30 23:45,2024-08-31_1803_
Кадос,2,2023-11-25 22:30,2023-11-26 19:00,,,,,,,,,,,,,,,2023-12-01 19:10,2024-08-31_1803_
Виана,23,2023-11-28 18:30,2023-11-28 21:55,,,,,,,,,,,,,,,2023-12-03 00:10,2024-08-31_1803_
Алиреза-1,1,2023-12-03 02:00,2023-12-03 03:00,,,,,,,,,,,,,,,2023-12-04 02:15,2024-08-31_1803_
Кангалассы,2,2023-12-03 01:00,2023-12-03 02:25,,,,,,,,,,,,,,,2023-12-05 03:25,2024-08-31_1803_
Сильвер-Стар,3,2023-12-03 07:45,2023-12-03 14:45,,,,,,,,,,,,,,,2023-12-05 04:10,2024-08-31_1803_
Тарадис,21,2023-12-03 11:00,2023-12-03 13:55,,,,,,,,,,,,,,,2023-12-08 16:40,2024-08-31_1803_
Касма,23,2023-12-04 11:00,2023-12-04 11:35,,,,,,,,,,,,,,,2023-12-08 17:30,2024-08-31_1803_
п.Комп.Эльза Ибрагимова,1,2023-11-14 03:00,2023-11-14 03:55,,,,,,,,,,,,,,,2023-12-09 01:25,2024-08-31_1803_
Патрис,6,2023-12-03 10:00,2023-12-08 14:35,,,,,,,,,,,,,,,2023-12-14 17:30,2024-08-31_1803_
Адрина,3,2023-12-08 06:00,2023-12-08 16:10,,,,,,,,,,,,,,,2023-12-14 18:40,2024-08-31_1803_
Эльга-1,23,2023-12-07 18:45,2023-12-08 19:25,,,,,,,,,,,,,,,2023-12-14 23:20,2024-08-31_1803_
GC Sunkar,1,2023-12-11 06:30,2023-12-11 07:10,2023-12-11 10:50,2023-12-14 02:15,контейнера,155.0,155 шт.,,3.8,2023-12-14 02:45,2023-12-15 00:00,контейнера,167.0,167 шт.,,3.9,2023-12-15 03:00,2024-08-31_1803_
Кангалассы,1,2023-12-11 13:15,2023-12-15 01:00,,,,,,,,,,,,,,,2023-12-16 01:40,2024-08-31_1803_
Диба,1,2023-12-16 19:30,2023-12-16 23:55,,,,,,,,,,,,,,,2023-12-17 13:50,2024-08-31_1803_
Наргол,23,2023-12-15 12:00,2023-12-15 13:30,,,,,,,,,,,,,,,2023-12-18 13:30,2024-08-31_1803_
Виста,6,2023-12-08 00:30,2023-12-08 18:15,,,,,,,,,,,,,,,2023-12-18 18:45,2024-08-31_1803_
Шаир Вагиф,21,2023-12-11 02:00,2023-12-11 02:55,,,,,,,,,,,,,,,2023-12-22 23:55,2024-08-31_1803_
Бора,22,2023-12-20 03:00,2023-12-20 18:30,,,,,,,,,,,,,,,2023-12-23 15:15,2024-08-31_1803_
Сарир,22,2023-12-09 04:20,2023-12-11 14:30,,,,,,,,,,,,,,,2023-12-23 21:15,2024-08-31_1803_
GC Sunkar,1,2023-12-20 11:30,2023-12-20 13:10,2023-12-20 16:20,2023-12-23 04:00,контейнера,186.0,186 шт.,,3.7,2023-12-23 04:15,2023-12-23 19:25,контейнера,148.0,148 шт.,,3.9,2023-12-24 11:50,2024-08-31_1803_
Пайя,22,2023-12-19 21:25,2023-12-20 00:35,,,,,,,,,,,,,,,2023-12-24 15:20,2024-02-19_0852_
Пая,22,2023-12-19 21:25,2023-12-20 00:35,,,,,,,,,,,,,,,2023-12-24 15:20,2024-08-31_1803_
Гахраман-1,3,2023-12-16 20:40,2023-12-20 01:35,,,,,,,,,,,,,,,2023-12-24 23:00,2024-08-31_1803_
Сормовский-49,6,2023-12-23 12:15,2023-12-23 22:35,,,,,,,,,,,,,,,2023-12-26 06:00,2024-08-31_1803_
Виана,23,2023-12-16 22:10,2023-12-18 11:45,,,,,,,,,,,,,,,2023-12-26 13:40,2024-08-31_1803_
GC Berkut,2,2023-12-21 01:30,2023-12-23 14:25,2023-12-27 10:25,2023-12-27 11:10,в балласте,,,,3.0,2023-12-23 18:25,2023-12-25 00:15,контейнера,174.0,174 шт.,,4.0,2023-12-28 01:50,2024-08-31_1803_
Туркменистан,21,2023-12-26 15:45,2023-12-27 10:20,,,,,,,,,,,,,,,2023-12-29 23:45,2024-08-31_1803_
Кангалассы,1,2023-12-20 05:00,2023-12-20 09:20,,,,,,,,,,,,,,,2023-12-30 11:40,2024-08-31_1803_
Паранд,23,2023-12-23 02:10,2023-12-24 14:35,,,,,,,,,,,,,,,2023-12-31 22:15,2024-08-31_1803_
п.Композитор Рахманинов,6,2023-12-26 10:30,2023-12-27 14:50,,,,,,,,,,,,,,,2024-01-01 18:00,2024-08-31_1803_
GC Sunkar,1,2023-12-31 05:40,2023-12-31 11:45,2023-12-31 13:50,2024-01-01 04:00,контейнера,173.0,173 шт.,,3.6,2024-01-01 04:00,2024-01-01 18:20,контейнера,140.0,140 шт.,,3.9,2024-01-01 20:15,2024-08-31_1803_
Виста,2,2023-12-31 14:30,2023-12-31 23:40,,,,,,,,,,,,,,,2024-01-02 23:00,2024-08-31_1803_
Эльга-1,23,2023-12-29 21:00,2024-01-01 00:45,,,,,,,,,,,,,,,2024-01-04 05:25,2024-08-31_1803_
Бора,3,2023-12-31 19:30,2023-12-31 21:40,,,,,,,,,,,,,,,2024-01-04 06:00,2024-08-31_1803_
Тарадис,6,2023-12-30 16:45,2023-12-30 21:25,,,,,,,,,,,,,,,2024-01-04 11:30,2024-08-31_1803_
Адрина,22,2024-01-02 04:00,2024-01-02 05:30,,,,,,,,,,,,,,,2024-01-04 12:45,2024-08-31_1803_
Шаир Вагиф,21,2023-12-30 15:30,2023-12-30 19:20,,,,,,,,,,,,,,,2024-01-04 13:25,2024-08-31_1803_
Касма,1,2024-01-01 20:40,2024-01-01 22:20,,,,,,,,,,,,,,,2024-01-05 00:15,2024-08-31_1803_
GC Berkut,2,2024-01-04 16:30,2024-01-04 17:45,2024-01-04 21:20,2024-01-05 12:05,контейнера,244.0,244 шт.,,3.5,2024-01-05 15:20,2024-01-07 05:00,контейнера,147.0,147 шт.,,4.0,2024-01-07 08:25,2024-08-31_1803_
Дельфин-1,2,2024-01-08 12:00,2024-01-08 12:40,,,,,,,,,,,,,,,2024-01-10 13:10,2024-08-31_1803_
GC Sunkar,1,2024-01-08 21:30,2024-01-08 22:40,2024-01-09 01:30,2024-01-09 07:10,контейнера,120.0,120 шт.,,3.6,2024-01-09 10:00,2024-01-10 14:30,контейнера,116.0,116 шт.,,3.7,2024-01-10 17:45,2024-08-31_1803_
GC Berkut,1,2024-01-14 15:40,2024-01-14 16:40,2024-01-14 18:40,2024-01-15 00:10,контейнера,79.0,79 шт.,,3.6,,,,,,,,2024-01-15 02:00,2024-08-31_1803_
Бекет-Ата,2,2024-01-11 22:40,2024-01-11 23:55,2024-01-12 02:00,2024-01-13 00:00,генеральный груз,1118.585,1118.585,,3.6,,,в балласте,,,,2.9,2024-01-15 21:30,2024-08-31_1803_
Кангалассы,21,2024-01-18 00:00,2024-01-18 01:10,,,,,,,,,,,,,,,2024-01-18 15:55,2024-08-31_1803_
Виана,22,2024-01-12 02:30,2024-01-12 03:40,,,,,,,,,,,,,,,2024-01-18 19:45,2024-08-31_1803_
Пайя,21,2024-01-18 03:30,2024-01-18 17:20,,,,,,,,,,,,,,,2024-01-21 01:00,2024-02-19_0852_
Пая,21,2024-01-18 03:30,2024-01-18 17:20,,,,,,,,,,,,,,,2024-01-21 01:00,2024-08-31_1803_
Благоево,6,2024-01-05 14:00,2024-01-05 15:00,,,,,,,,,,,,,,,2024-01-21 01:55,2024-08-31_1803_
GC Sunkar,1,2024-01-16 12:30,2024-01-16 13:30,2024-01-17 09:20,2024-01-17 14:00,контейнера,85.0,85 шт,,3.6,2024-01-17 15:30,2024-01-21 03:30,контейнера,118.0,118 шт.,,3.8,2024-01-21 08:25,2024-08-31_1803_
Паранд,2,2024-01-17 22:50,2024-01-18 14:35,,,,,,,,,,,,,,,2024-01-21 12:00,2024-08-31_1803_
Бора,3,2024-01-16 15:20,2024-01-17 12:50,,,,,,,,,,,,,,,2024-01-21 12:30,2024-08-31_1803_
Назмехр,2,2024-01-21 12:30,2024-01-21 14:00,,,,,,,,,,,,,,,2024-01-23 14:55,2024-08-31_1803_
Сильвер-Стар,3,2024-01-18 19:15,2024-01-21 14:55,,,,,,,,,,,,,,,2024-01-24 16:05,2024-08-31_1803_
GC Berkut,1,2024-01-24 03:50,2024-01-24 04:35,,,,,,,,2024-01-24 05:20,2024-01-25 05:35,контейнера,165.0,165 шт.,,3.9,2024-01-25 07:25,2024-08-31_1803_
Диба,22,2024-01-25 09:00,2024-01-25 09:40,,,,,,,,,,,,,,,2024-01-27 13:30,2024-08-31_1803_
Гусейн Джавид,21,2024-01-21 05:30,2024-01-21 15:25,,,,,,,,,,,,,,,2024-01-27 15:35,2024-08-31_1803_
Наргун,22,2024-01-25 09:00,2024-01-25 10:20,,,,,,,,,,,,,,,2024-01-27 17:50,2024-08-31_1803_
Кангалассы,22,2024-01-25 18:20,2024-01-27 14:50,,,,,,,,,,,,,,,2024-01-28 05:00,2024-08-31_1803_
GC Sunkar,1,2024-01-28 14:40,2024-01-28 15:45,2024-01-28 18:35,2024-01-29 22:15,контейнера,237.0,237 шт,,3.7,2024-01-28 22:15,2024-01-30 11:35,контейнера,129.0,129 шт.,,3.8,2024-01-30 14:25,2024-08-31_1803_
Благоево,6,2024-01-28 22:00,2024-01-28 22:45,,,,,,,,,,,,,,,2024-01-31 16:50,2024-08-31_1803_
Амур-2522,3,2024-01-26 05:20,2024-01-27 18:50,,,,,,,,,,,,,,,2024-02-01 07:05,2024-08-31_1803_
GC Berkut,1,2024-01-30 23:50,2024-02-02 09:15,2024-02-02 11:45,2024-02-02 14:30,контейнера,44.0,44 шт,,3.2,2024-02-02 15:20,2024-02-03 06:40,контейнера,139.0,139 шт,,3.9,2024-02-03 14:10,2024-08-31_1803_
Кангалассы,22,2024-02-03 21:30,2024-02-03 22:40,,,,,,,,,,,,,,,2024-02-04 11:40,2024-08-31_1803_
Нардис,2,2024-02-01 06:00,2024-02-01 20:00,,,,,,,,,,,,,,,2024-02-05 15:45,2024-08-31_1803_
Амур-2528,3,2024-02-03 07:00,2024-02-03 13:00,,,,,,,,,,,,,,,2024-02-05 16:20,2024-08-31_1803_
GC Sunkar,1,2024-02-03 19:00,2024-02-04 13:25,2024-02-04 15:25,2024-02-04 19:30,контейнера,86.0,86 шт,,3.5,2024-02-05 04:05,2024-02-05 16:30,контейнера,162.0,162 шт,,3.8,2024-02-05 21:25,2024-08-31_1803_
Пайя,22,2024-02-03 12:10,2024-02-05 19:25,,,,,,,,,,,,,,,2024-02-07 23:15,2024-02-19_0852_
Пая,22,2024-02-03 12:10,2024-02-05 19:25,,,,,,,,,,,,,,,2024-02-07 23:15,2024-08-31_1803_
Дельфин-1,3,2024-01-27 17:00,2024-01-29 15:10,,,,,,,,,,,,,,,2024-02-08 19:00,2024-08-31_1803_
Патрис,22,2024-02-04 17:45,2024-02-05 17:50,,,,,,,,,,,,,,,2024-02-09 18:00,2024-08-31_1803_
Бора,3,2024-02-03 08:10,2024-02-05 22:40,,,,,,,,,,,,,,,2024-02-10 04:25,2024-08-31_1803_
п.Композитор Рахманинов,6,2024-02-09 12:00,2024-02-09 13:25,,,,,,,,,,,,,,,2024-02-10 20:10,2024-08-31_1803_
GC Berkut,1,2024-02-10 00:00,2024-02-10 01:10,2024-02-10 02:40,2024-02-10 06:15,контейнера,70.0,70 шт.,,3.8,2024-02-10 06:40,2024-02-10 19:40,контейнера,115.0,115 шт,,3.8,2024-02-11 00:30,2024-08-31_1803_
Кангалассы,22,2024-02-10 12:00,2024-02-10 13:40,,,,,,,,,,,,,,,2024-02-11 00:55,2024-08-31_1803_
Касма,21,2024-02-10 21:50,2024-02-10 23:45,,,,,,,,,,,,,,,2024-02-11 21:30,2024-08-31_1803_
Виана,22,2024-02-09 19:20,2024-02-11 02:40,,,,,,,,,,,,,,,2024-02-14 01:40,2024-08-31_1803_
Гильда,2,2024-02-11 09:00,2024-02-11 14:20,,,,,,,,,,,,,,,2024-02-14 03:35,2024-08-31_1803_
Туркестан,1,2024-02-10 22:30,2024-02-11 15:30,,,,,,,,2024-02-11 23:50,2024-02-14 04:30,аммиачная селитра,3006.0,3006,,3.55,2024-02-14 07:20,2024-08-31_1803_
GC Sunkar,2,2024-02-12 10:30,2024-02-12 12:30,2024-02-14 04:05,2024-02-14 09:30,контейнера,37.0,37 шт,,3.1,2024-02-14 09:30,2024-02-14 22:00,контейнера,111.0,111 шт.,,3.6,2024-02-15 00:35,2024-08-31_1803_
Наргун,22,2024-02-11 10:30,2024-02-14 17:55,,,,,,,,,,,,,,,2024-02-17 23:50,2024-08-31_1803_
Магтымгулы,2,2024-02-11 15:45,2024-02-17 23:00,,,,,,,,,,,,,,,2024-02-19 19:45,2024-08-31_1803_
GC Berkut,1,2024-02-18 15:25,2024-02-19 12:30,2024-02-19 15:05,2024-02-19 19:05,контейнера,84.0,84 шт.,,3.8,2024-02-19 19:05,2024-02-20 05:00,контейнера,97.0,97 шт,,3.85,2024-02-20 07:55,2024-08-31_1803_
Кангалассы,22,2024-02-22 19:05,2024-02-22 22:05,,,,,,,,,,,,,,,2024-02-23 09:00,2024-08-31_1803_
Благоево,3,2024-02-05 20:40,2024-02-06 01:05,,,,,,,,,,,,,,,2024-02-24 09:55,2024-08-31_1803_
Амур-2522,3,2024-02-20 08:15,2024-02-20 09:25,,,,,,,,,,,,,,,2024-02-24 15:25,2024-08-31_1803_
GC Sunkar,1,2024-02-21 13:15,2024-02-22 09:30,2024-02-22 10:50,2024-02-22 16:00,контейнера,107.0,107 шт,,3.2,2024-02-22 17:20,2024-02-25 10:40,контейнера,107.0,107 шт.,,3.2,2024-02-25 13:25,2024-08-31_1803_
Бора,3,2024-02-21 21:20,2024-02-23 08:15,,,,,,,,,,,,,,,2024-02-25 13:55,2024-08-31_1803_
GC Berkut,1,2024-02-24 22:20,2024-02-26 10:30,2024-02-26 13:30,2024-02-26 16:20,контейнера,51.0,51 шт,,3.8,2024-02-26 17:20,2024-02-27 12:15,контейнера,151.0,151 шт.,,3.9,2024-02-27 15:55,2024-08-31_1803_
Сильвер-Стар,3,2024-02-26 13:40,2024-02-27 01:45,,,,,,,,,,,,,,,2024-02-28 21:15,2024-08-31_1803_
Нардис,23,2024-02-28 01:00,2024-02-28 02:40,,,,,,,,,,,,,,,2024-02-29 18:05,2024-08-31_1803_
Гильда,2,2024-02-27 08:20,2024-02-27 17:45,,,,,,,,,,,,,,,2024-02-29 23:30,2024-08-31_1803_
GC Sunkar,2,2024-02-29 13:20,2024-02-29 14:20,2024-02-29 16:20,2024-02-29 21:30,контейнера,59.0,59 шт,,3.2,2024-02-29 21:30,2024-03-01 23:10,контейнера,178.0,178 шт,,4.0,2024-03-02 02:35,2024-08-31_1803_
Туркестан,1,2024-02-29 02:00,2024-03-01 00:20,,,,,,,,2024-03-01 04:20,2024-03-03 00:30,аммиачная селитра,3006.0,3006,,3.56,2024-03-03 03:10,2024-08-31_1803_
Кангалассы,21,2024-03-03 00:20,2024-03-03 00:50,,,,,,,,,,,,,,,2024-03-04 07:55,2024-08-31_1803_
GC Berkut,1,2024-03-03 20:00,2024-03-03 21:10,2024-03-03 23:10,2024-03-04 02:45,контейнера,50.0,50 шт,,3.6,2024-03-04 02:45,2024-03-04 14:10,контейнера,95.0,95 шт,,3.8,2024-03-04 17:40,2024-08-31_1803_
Парин,6,2024-02-26 03:00,2024-03-02 04:25,,,,,,,,,,,,,,,2024-03-04 21:45,2024-08-31_1803_
Дельфин-1,22,2024-02-26 10:30,2024-03-02 01:50,,,,,,,,,,,,,,,2024-03-04 23:30,2024-08-31_1803_
Бест-1,3,2024-02-20 05:40,2024-02-27 22:45,,,,,,,,,,,,,,,2024-03-06 02:35,2024-08-31_1803_
Сарина,6,2024-03-01 23:45,2024-03-03 22:15,,,,,,,,,,,,,,,2024-03-06 19:50,2024-08-31_1803_
Касра-1,1,2024-03-05 13:00,2024-03-05 15:05,,,,,,,,,,,,,,,2024-03-07 18:45,2024-08-31_1803_
Бора,3,2024-03-06 10:30,2024-03-06 13:45,,,,,,,,,,,,,,,2024-03-08 04:35,2024-08-31_1803_
Волго Балт-190,6,,,,,,,,,,,,,,,,,2024-03-08 16:40,2024-08-31_1803_
Кангалассы,21,2024-03-07 21:00,2024-03-07 22:10,,,,,,,,,,,,,,,2024-03-08 18:20,2024-08-31_1803_
Магтымгулы,3,2024-02-27 06:00,2024-03-05 22:45,,,,,,,,,,,,,,,2024-03-09 14:50,2024-08-31_1803_
GC Sunkar,2,2024-03-05 13:20,2024-03-07 19:10,2024-03-07 21:20,2024-03-07 22:20,контейнера,22.0,22 шт,,3.2,2024-03-08 02:45,2024-03-09 12:15,контейнера,122.0,122 шт.,,3.7,2024-03-09 15:15,2024-08-31_1803_
Тарадис,2,2024-03-07 22:35,2024-03-09 17:20,,,,,,,,,,,,,,,2024-03-11 04:00,2024-08-31_1803_
Туркестан,1,2024-03-07 19:20,2024-03-08 19:20,,,,,,,,2024-03-09 01:40,2024-03-11 15:00,аммиачная селитра,4509.0,4509,,4.4,2024-03-11 18:40,2024-08-31_1803_
Амур-2528,3,2024-03-06 08:30,2024-03-09 16:55,,,,,,,,,,,,,,,2024-03-12 01:25,2024-08-31_1803_
Наджва 2,1,2024-03-06 10:00,2024-03-11 21:25,,,,,,,,,,,,,,,2024-03-12 21:10,2024-08-31_1803_
Паранд,1,2024-03-12 02:00,2024-03-12 23:05,,,,,,,,,,,,,,,2024-03-16 20:25,2024-08-31_1803_
Сания,22,2024-03-07 10:00,2024-03-07 12:20,,,,,,,,,,,,,,,2024-03-16 23:10,2024-08-31_1803_
Кангалассы,22,2024-03-17 06:30,2024-03-17 07:35,,,,,,,,,,,,,,,2024-03-17 21:15,2024-08-31_1803_
GC Berkut,1,2024-03-08 18:10,2024-03-13 22:05,2024-03-14 02:00,2024-03-17 00:00,контейнера,118.0,118 шт.,,3.6,2024-03-17 01:50,2024-03-17 23:30,контейнера,132.0,132 шт,,3.9,2024-03-18 02:50,2024-08-31_1803_
Магтымгулы,3,2024-03-09 15:25,2024-03-16 19:00,,,,,,,,,,,,,,,2024-03-20 17:10,2024-08-31_1803_
GC Sunkar,2,2024-03-17 00:00,2024-03-17 00:45,2024-03-18 03:10,2024-03-18 07:30,контейнера,81.0,81 шт,,3.2,2024-03-19 23:35,2024-03-21 23:30,контейнера,131.0,131 шт.,,3.4,2024-03-22 02:35,2024-08-31_1803_
Туркестан,2,2024-03-19 01:30,2024-03-19 02:20,,,,,,,,2024-03-19 09:20,2024-03-23 00:00,аммиачная селитра,4500.0,4500,,4.4,2024-03-23 03:30,2024-08-31_1803_
Амур-2522,6,2024-03-17 23:00,2024-03-18 00:35,,,,,,,,,,,,,,,2024-03-24 03:30,2024-08-31_1803_
GC Berkut,1,2024-03-22 23:30,2024-03-23 01:00,2024-03-23 02:40,2024-03-23 11:00,контейнера,146.0,146 шт,,3.55,2024-03-23 11:45,2024-03-24 05:00,контейнера,175.0,175 шт.,,3.98,2024-03-24 11:10,2024-08-31_1803_
Кангалассы,21,2024-03-22 22:45,2024-03-22 23:45,,,,,,,,,,,,,,,2024-03-24 11:20,2024-08-31_1803_
Бора,2,2024-03-23 12:30,2024-03-23 14:05,,,,,,,,,,,,,,,2024-03-25 02:20,2024-08-31_1803_
Сорен,1,2024-03-24 03:20,2024-03-24 13:00,,,,,,,,,,,,,,,2024-03-25 04:40,2024-08-31_1803_
Омский-143,1,2024-03-23 00:50,2024-03-24 04:20,,,,,,,,,,,,,,,2024-03-27 05:05,2024-08-31_1803_
GC Sunkar,2,2024-03-28 10:50,2024-03-28 14:40,2024-03-28 17:10,2024-03-28 18:55,контейнера,57.0,57 шт,,3.2,2024-03-28 18:55,2024-03-29 15:50,контейнера,151.0,151 шт,,3.8,2024-03-29 19:10,2024-08-31_1803_
Омский-128,22,2024-03-30 22:30,2024-03-30 23:30,,,,,,,,,,,,,,,2024-03-31 18:00,2024-08-31_1803_
Балкан,3,2024-03-30 12:25,2024-03-30 21:20,,,,,,,,,,,,,,,2024-03-31 23:55,2024-08-31_1803_
Туркестан,2,2024-03-29 16:30,2024-03-29 17:20,,,,,,,,2024-03-30 01:50,2024-03-31 19:10,аммиачная селитра,4500.0,4500,,4.4,2024-04-01 00:50,2024-08-31_1803_
Бест-1,21,2024-03-20 22:00,2024-03-24 09:20,,,,,,,,,,,,,,,2024-04-01 22:40,2024-08-31_1803_
Касра-1,1,2024-03-31 18:30,2024-03-31 21:20,,,,,,,,,,,,,,,2024-04-02 20:20,2024-08-31_1803_
Кангалассы,21,2024-04-03 00:40,2024-04-03 02:35,,,,,,,,,,,,,,,2024-04-03 16:45,2024-08-31_1803_
GC Berkut,1,2024-03-28 13:15,2024-04-02 21:45,2024-04-02 23:20,2024-04-03 00:15,контейнера,17.0,17 шт.,,3.5,2024-04-03 00:20,2024-04-03 16:20,контейнера,82.0,82 шт.,,3.8,2024-04-03 19:40,2024-08-31_1803_
Сания,3,2024-04-01 08:20,2024-04-01 17:40,,,,,,,,,,,,,,,2024-04-05 11:45,2024-08-31_1803_
Омский-204,2,2024-03-30 19:25,2024-04-01 01:55,,,,,,,,,,,,,,,2024-04-05 19:25,2024-08-31_1803_
Виста,23,2024-03-27 23:30,2024-03-28 21:15,,,,,,,,,,,,,,,2024-04-06 12:00,2024-08-31_1803_
Пая,2,2024-03-29 13:15,2024-04-05 21:45,,,,,,,,,,,,,,,2024-04-06 22:40,2024-08-31_1803_
Волго Балт-190,21,2024-04-03 22:30,2024-04-03 23:30,,,,,,,,,,,,,,,2024-04-07 06:40,2024-08-31_1803_
Сабрина,22,2024-03-19 01:15,2024-03-21 14:40,,,,,,,,,,,,,,,2024-04-08 02:00,2024-08-31_1803_
Назмехр,2,2024-03-31 21:00,2024-04-06 23:50,,,,,,,,,,,,,,,2024-04-08 03:00,2024-08-31_1803_
GC Sunkar,2,2024-04-03 15:25,2024-04-04 21:05,2024-04-04 23:00,2024-04-05 16:45,контейнера,225.0,225 шт,,3.25,2024-04-06 22:20,2024-04-09 00:40,контейнера,152.0,152 шт,,3.5,2024-04-09 05:10,2024-08-31_1803_
Туркестан,1,2024-04-08 04:30,2024-04-08 05:20,,,в балласте,,,,3.2,2024-04-08 11:20,2024-04-10 07:40,аммиачная селитра,4500.0,4500,,4.4,2024-04-10 13:45,2024-08-31_1803_
Благоево,18,2024-02-26 22:45,2024-02-27 11:00,,,,,,,,,,,,,,,2024-04-10 21:45,2024-08-31_1803_
Сарир,21,2024-03-31 09:30,2024-04-02 00:45,,,,,,,,,,,,,,,2024-04-11 03:25,2024-08-31_1803_
Бора,2,2024-04-10 12:00,2024-04-10 13:10,2024-04-10 17:00,2024-04-11 06:20,контейнера + авто,42.0,42 конт.56 авто,,,,,,,,,,2024-04-12 02:20,2024-08-31_1803_
GC Berkut,1,2024-04-08 20:00,2024-04-10 09:30,2024-04-10 11:10,2024-04-10 16:35,контейнера,112.0,112 шт.,,3.6,2024-04-10 18:40,2024-04-12 14:20,контейнера,152.0,152 шт,,3.9,2024-04-12 18:25,2024-08-31_1803_
Маэстро Ниязи,22,2024-04-09 12:50,2024-04-09 13:50,,,,,,,,2024-04-09 15:55,2024-04-12 18:20,алюминий,,,,,2024-04-12 23:55,2024-08-31_1803_
GC Sunkar,2,2024-04-12 16:00,2024-04-12 16:50,2024-04-12 21:40,2024-04-13 00:10,контейнера,95.0,95 шт.,,3.2,2024-04-13 00:10,2024-04-13 09:45,контейнера,123.0,123 шт,,3.6,2024-04-13 13:10,2024-08-31_1803_
Кангалассы,22,2024-04-14 01:30,2024-04-14 02:35,,,,,,,,,,,,,,,2024-04-14 16:30,2024-08-31_1803_
Касма,2,2024-04-12 09:00,2024-04-15 22:15,2024-04-16 01:30,2024-04-16 13:00,генеральный груз,,,,3.4,,,,,,,,2024-04-17 11:20,2024-08-31_1803_
GC Berkut,1,2024-04-16 08:30,2024-04-16 09:20,2024-04-16 11:00,2024-04-16 14:00,контейнера,43.0,43 шт.,,3.12,2024-04-16 21:20,2024-04-18 07:00,контейнера,134.0,134 шт.,,3.85,2024-04-19 00:10,2024-08-31_1803_
Нардис,21,2024-04-12 13:00,2024-04-12 14:00,,,,,,,,2024-04-17 10:00,2024-04-19 04:00,ячминь+контейнера,,,,,2024-04-19 17:55,2024-08-31_1803_
GC Sunkar,2,2024-04-19 14:00,2024-04-19 14:40,2024-04-19 16:10,2024-04-19 17:45,контейнера,26.0,26 шт,,3.2,2024-04-20 02:40,2024-04-20 17:45,контейнера,142.0,142 шт.,,3.25,2024-04-20 21:20,2024-08-31_1803_
Кангалассы,21,2024-04-20 05:00,2024-04-20 06:25,,,,,,,,,,,,,,,2024-04-20 22:50,2024-08-31_1803_
Касра-1,6,2024-04-16 15:00,2024-04-17 12:30,,,,,,,,2024-04-19 17:20,2024-04-20 13:00,ячмень + контейнера,,,,,2024-04-21 01:45,2024-08-31_1803_
Туркестан,1,2024-04-18 19:20,2024-04-19 00:50,,,,,,,,2024-04-19 14:00,2024-04-21 16:10,аммиачная селитра,4500.0,4500,,4.4,2024-04-21 19:05,2024-08-31_1803_
Пая,3,2024-04-20 10:00,2024-04-20 13:30,,,авто+сбор.груз,,,,,,,контейнера,21.0,21 шт,,,2024-04-21 20:15,2024-08-31_1803_
Диба,2,2024-04-21 11:00,2024-04-21 16:00,,,,,,,,2024-04-22 07:25,2024-04-22 07:25,контейнера,25.0,25 шт.,,,2024-04-22 12:45,2024-08-31_1803_
GC Sunkar,1,2024-04-24 08:15,2024-04-24 09:30,2024-04-24 11:20,2024-04-24 12:15,контейнера,16.0,16 шт.,,3.2,2024-04-24 13:30,2024-04-24 23:20,контейнера,189.0,189 шт,,3.55,2024-04-25 03:40,2024-08-31_1803_
Кангалассы,22,2024-04-25 04:00,2024-04-25 05:40,2024-04-25 11:45,2024-04-25 18:00,,,,,,,,,,,,,2024-04-25 19:30,2024-08-31_1803_
GC Berkut,2,2024-04-24 16:00,2024-04-24 17:00,2024-04-24 22:15,2024-04-25 04:00,контейнера,169.0,169 шт,,3.75,2024-04-25 09:55,2024-04-25 17:45,контейнера,83.0,83 шт.,,3.65,2024-04-25 22:30,2024-08-31_1803_
Балкан,1,2024-04-25 20:00,2024-04-25 21:25,,,,,,,,2024-04-26 04:30,2024-04-26 11:05,барит,,,,,2024-04-26 22:20,2024-08-31_1803_
Виста,23,2024-04-24 01:50,2024-04-24 12:55,2024-04-24 17:20,2024-04-26 04:20,цемент,,,,,2024-04-26 14:15,2024-04-27 09:00,зерно,,,,,2024-04-30 00:15,2024-08-31_1803_
Туркестан,1,2024-04-27 23:30,2024-04-28 00:15,,,,,,,,2024-04-28 09:15,2024-04-30 02:00,аммиачная селитра,4500.0,4500,,4.4,2024-04-30 04:15,2024-08-31_1803_
Гильда,2,2024-04-21 00:20,2024-04-21 18:05,2024-04-21 21:00,2024-04-24 17:00,генеральный груз,,,,,2024-04-25 15:05,2024-04-29 08:00,ячмень+контейнера,,,,,2024-04-30 12:00,2024-08-31_1803_
GC Sunkar,1,2024-04-28 16:05,2024-04-28 20:50,2024-04-28 22:50,2024-04-29 04:25,контейнера,86.0,86 шт,139.0,3.2,2024-05-01 01:45,2024-05-02 00:45,контейнера,177.0,177 шт.,352.0,3.8,2024-05-02 04:55,2025-05-03_0839_
GC Berkut,2,2024-04-29 10:35,2024-04-30 12:35,2024-04-30 14:25,2024-04-30 15:40,контейнера,28.0,28 шт.,48.0,2.9,2024-05-02 06:30,2024-05-03 04:40,контейнера,196.0,196 шт.,302.0,4.0,2024-05-03 11:00,2025-05-03_0839_
Диба,1,2024-05-01 08:30,2024-05-02 12:15,,,,,,,,2024-05-02 23:30,2024-05-03 10:00,сталь руллон.,1900.0,1900 тн,,,2024-05-03 14:05,2025-05-03_0839_
Амур-2528,3,2024-04-30 09:50,2024-05-01 00:10,2024-05-01 03:00,2024-05-04 07:45,сборный груз,2180.0,2180 тн,,,2024-05-04 10:30,2024-05-05 02:20,кокс,,,,,2024-05-05 17:00,2025-05-03_0839_
Бекет-Ата,1,2024-05-05 13:00,2024-05-05 14:00,,,,,,,,2024-05-05 16:30,2024-05-06 07:30,контейнера,137.0,137 шт.,173.0,4.2,2024-05-06 15:30,2025-05-03_0839_
Сомия,23,2024-05-02 03:40,2024-05-02 19:10,2024-05-02 22:50,2024-05-03 04:20,"контейнеры, авто",,,,,2024-05-03 16:00,2024-05-05 16:40,ячмень,,,,,2024-05-06 21:20,2025-05-03_0839_
Кангалассы,21,2024-05-06 01:00,2024-05-06 02:05,,,,,,,,2024-05-06 06:40,2024-05-06 17:40,контейнера,26.0,26 шт.,,,2024-05-06 22:15,2025-05-03_0839_
Шали,6,2024-05-03 04:30,2024-05-03 05:45,,,,,,,,2024-05-04 01:35,2024-05-07 06:30,кукуруза,,,,,2024-05-08 21:15,2025-05-03_0839_
Наджва,2,2024-05-06 07:00,2024-05-06 09:55,2024-05-06 12:30,2024-05-07 05:00,"цемент, авто",,,,,2024-05-07 01:40,2024-05-08 18:00,"контейнера, ген. груз",10.0,конт 10 шт.,,,2024-05-09 06:45,2025-05-03_0839_
GC Sunkar,2,2024-05-09 08:50,2024-05-09 10:05,2024-05-09 13:30,2024-05-09 19:20,контейнера,213.0,213 шт.,270.0,3.2,2024-05-09 21:20,2024-05-10 15:35,контейнера,176.0,176 шт,350.0,3.2,2024-05-10 19:35,2025-05-03_0839_
Туркестан,1,2024-05-06 19:30,2024-05-07 15:40,,,,,,,,2024-05-08 22:30,2024-05-10 18:10,аммиачная селитра,4500.0,4500,,4.4,2024-05-10 21:05,2025-05-03_0839_
Сарир,22,2024-05-06 14:30,2024-05-07 15:10,2024-05-07 21:00,2024-05-01 04:00,цемент,,,,,,,,,,,,2024-05-11 07:10,2025-05-03_0839_
GC Berkut,2,2024-05-09 18:10,2024-05-10 20:25,2024-05-10 22:10,2024-05-11 00:15,контейнера,66.0,66 шт.,88.0,3.1,2024-05-11 01:50,2024-05-11 15:15,контейнера,144.0,144 шт.,286.0,4.1,2024-05-11 20:20,2025-05-03_0839_
Флестина-2,3,2024-05-10 15:00,2024-05-10 19:10,2024-05-11 08:30,2024-05-11 22:00,,,,,,,,,,,,,2024-05-12 02:05,2025-05-03_0839_
Нардис,21,2024-05-10 23:30,2024-05-11 13:15,,,,,,,,,,,,,,,2024-05-12 23:55,2025-05-03_0839_
Бекет-Ата,1,2024-05-10 18:30,2024-05-11 21:15,2024-05-11 23:40,2024-05-12 05:30,контейнера,59.0,59 шт.,74.0,2.85,2024-05-13 02:00,2024-05-14 00:30,контейнера,85.0,85 шт.,166.0,3.6,2024-05-14 03:50,2025-05-03_0839_
Кангалассы,21,2024-05-15 15:30,2024-05-15 16:20,,,,,,,,,,,,,,,2024-05-16 05:20,2025-05-03_0839_
GC Sunkar,2,2024-05-16 04:30,2024-05-16 05:55,2024-05-16 09:05,2024-05-16 10:40,контейнера,51.0,51 шт.,83.0,3.2,2024-05-16 11:20,2024-05-17 00:35,контейнера,175.0,175 шт.,350.0,3.8,2024-05-17 03:10,2025-05-03_0839_
Туркестан,1,2024-05-16 14:30,2024-05-16 15:10,,,,,,,,2024-05-16 22:20,2024-05-17 07:05,контейнера,136.0,136 шт.,192.0,4.2,2024-05-17 11:35,2025-05-03_0839_
GC Berkut,1,2024-05-17 14:45,2024-05-18 19:25,2024-05-18 22:30,2024-05-18 23:35,контейнера,34.0,34 шт.,42.0,3.05,2024-05-19 00:00,2024-05-19 12:10,контейнера,163.0,163 шт.,316.0,3.6,2024-05-19 17:55,2025-05-03_0839_
Патрис,6,2024-05-09 17:15,2024-05-10 22:05,2024-05-11 00:05,2024-05-11 18:00,"цемент, контейнеры",,,,,2024-05-12 08:45,2024-05-14 10:30,кукуруза,1850.0,1850 тн,,,2024-05-20 16:45,2025-05-03_0839_
Бекет-Ата,1,2024-05-19 15:15,2024-05-19 16:00,2024-05-19 18:45,2024-05-19 23:30,контейнера,53.0,53 шт.,97.0,3.0,2024-05-19 23:40,2024-05-20 19:55,контейнера,172.0,172 шт.,198.0,4.1,2024-05-20 23:30,2025-05-03_0839_
Кангалассы,21,2024-05-20 04:30,2024-05-20 13:20,2024-05-20 18:00,2024-05-20 22:10,,,,,,,,,,,,,2024-05-21 00:10,2025-05-03_0839_
Валморе,23,2024-05-19 21:00,2024-05-20 15:15,,,,,,,,2024-05-21 14:15,2024-05-21 22:30,ячмень,,,,,2024-05-22 05:30,2025-05-03_0839_
Касра-1,23,2024-05-19 20:00,2024-05-19 21:40,2024-05-20 02:00,2024-02-21 12:25,ген.груз,,,,,2024-05-21 21:00,2024-05-22 16:00,зерно,,,,,2024-05-23 02:10,2025-05-03_0839_
GC Sunkar,2,2024-05-22 05:00,2024-05-22 06:05,2024-05-22 09:10,2024-05-22 12:20,контейнера,84.0,84 шт.,94.0,3.0,2024-05-22 13:45,2024-05-23 02:50,контейнера,173.0,173 шт.,332.0,3.6,2024-05-23 06:10,2025-05-03_0839_
Пая,1,2024-05-21 17:50,2024-05-22 05:05,2024-05-22 09:00,2024-05-23 06:40,ген.груз,,,,,2024-05-23 06:40,2024-05-23 10:30,,,,,,2024-05-23 13:25,2025-05-03_0839_
Сормовский-71,23,2024-05-20 15:40,2024-05-22 10:45,,,,,,,,2024-05-23 04:00,2024-05-24 01:15,ячмень,,,,,2024-05-24 06:05,2025-05-03_0839_
GC Berkut,2,2024-05-23 09:00,2024-05-23 10:15,2024-05-23 11:40,2024-05-23 11:55,контейнера,6.0,6 шт.,10.0,2.85,2024-05-23 12:05,2024-05-23 23:20,контейнера,149.0,149 шт.,212.0,3.6,2024-05-24 09:05,2025-05-03_0839_
Кангалассы,21,2024-05-25 17:00,2024-05-25 19:35,,,,,,,,,,,,,,,2024-05-26 19:10,2025-05-03_0839_
Бекет-Ата,1,2024-05-24 11:00,2024-05-24 12:00,2024-05-24 14:15,2024-05-24 16:30,контейнера,33.0,33 шт,57.0,3.0,2024-05-24 17:15,2024-05-27 06:30,контейнера,171.0,171 шт.,222.0,4.2,2024-05-27 10:50,2025-05-03_0839_
Флестина-2,3,2024-05-27 09:10,2024-05-27 10:25,,,,,,,,,,,,,,,2024-05-28 11:00,2025-05-03_0839_
GC Sunkar,1,2024-05-27 18:50,2024-05-27 21:20,2024-05-27 22:20,2024-05-27 23:30,контейнера,40.0,40 шт.,50.0,3.2,2024-05-27 23:30,2024-05-29 01:00,контейнера,179.0,179 шт.,353.0,3.7,2024-05-29 05:15,2025-05-03_0839_
GC Berkut,1,2024-05-28 15:00,2024-05-29 17:10,,,,,,,,2024-05-30 03:10,2024-05-31 06:00,контейнера,166.0,166 шт.,324.0,3.75,2024-05-31 19:20,2025-05-03_0839_
Кангалассы,21,2024-05-30 22:00,2024-05-30 23:50,,,,,,,,,,,,,,,2024-05-31 21:15,2025-05-03_0839_
Балкан,3,2024-05-29 04:50,2024-05-29 17:55,,,,,,,,2024-05-29 22:00,2024-05-30 17:30,баррит,,,,,2024-05-31 23:50,2025-05-03_0839_
Бекет-Ата,1,2024-05-30 22:00,2024-05-31 20:00,2024-05-31 22:30,2024-05-31 23:00,контейнера,11.0,11 шт.,22.0,3.1,2024-05-31 23:00,2024-06-01 18:25,контейнера,141.0,141 шт,194.0,4.1,2024-06-02 00:30,2025-05-03_0839_
Пармис,2,2024-05-28 05:00,2024-05-30 00:45,2024-05-30 05:30,2024-06-01 01:10,ген.груз,,,,,2024-06-01 01:30,2024-06-02 19:00,ячмень,,,,,2024-06-02 23:45,2025-05-03_0839_
Сабрина,6,2024-05-29 15:50,2024-06-01 02:25,,,,,,,,2024-06-03 21:30,2024-06-04 10:50,ячмень,,,,,2024-06-04 15:45,2025-05-03_0839_
GC Sunkar,1,2024-06-04 08:00,2024-06-04 09:15,2024-06-04 11:30,2024-06-04 15:20,контейнера,73.0,73 шт,142.0,3.2,2024-06-04 15:20,2024-06-05 05:40,контейнера,152.0,152 шт.,286.0,3.6,2024-06-05 08:15,2025-05-03_0839_
GC Barys,1,2024-06-04 09:00,2024-06-05 09:45,,,в балласте,,,,,2024-06-05 11:35,2024-06-06 03:40,контейнера,125.0,125 шт.,248.0,3.6,2024-06-06 07:45,2025-05-03_0839_
Бекет-Ата,1,2024-06-06 12:30,2024-06-06 13:40,2024-06-06 16:15,2024-06-06 23:00,контейнера,50.0,50 шт.,91.0,3.1,2024-06-06 23:20,2024-06-07 11:55,контейнера,144.0,144 шт.,194.0,4.2,2024-06-07 16:10,2025-05-03_0839_
Виста,3,2024-06-01 23:40,2024-06-03 19:55,2024-06-03 23:00,2024-06-04 22:00,"цемент, контейнера",,,,,2024-06-05 03:00,2024-06-07 23:00,ген груз+контейнера,,,,,2024-06-08 12:00,2025-05-03_0839_
GC Berkut,1,2024-06-07 09:05,2024-06-07 17:15,2024-06-07 21:20,2024-06-08 04:35,контейнера,92.0,92 шт,176.0,3.3,2024-06-08 09:30,2024-06-08 19:00,контейнера,141.0,141 шт.,280.0,3.6,2024-06-08 22:55,2025-05-03_0839_
Пая,3,2024-06-04 21:20,2024-06-08 13:00,2024-06-08 17:30,2024-06-09 07:20,ген. груз,,,,,2024-06-09 09:30,2024-06-09 16:00,ген.груз,,,,,2024-06-09 21:30,2025-05-03_0839_
б.Игит,22,2024-06-09 12:00,2024-06-09 16:55,,,,,,,,,,,,,,,2024-06-10 01:00,2025-05-03_0839_
б.Пахлаван,22,2024-06-09 12:00,2024-06-09 16:55,,,,,,,,,,,,,,,2024-06-10 01:00,2025-05-03_0839_
б. Мардакан,22,2024-06-09 12:00,2024-06-09 16:55,,,,,,,,,,,,,,,2024-06-10 02:00,2025-05-03_0839_
Кангалассы,22,2024-06-10 03:50,2024-06-10 04:50,2024-06-10 09:35,2024-06-10 11:30,ген. груз,,,,,2024-06-10 12:00,2024-06-10 16:00,контейнера,64.0,64 шт.,,,2024-06-10 19:25,2025-05-03_0839_
GC Sunkar,1,2024-06-09 08:00,2024-06-09 09:05,2024-06-09 10:25,2024-06-09 15:15,контейнера,60.0,60 шт.,78.0,3.2,2024-06-09 15:15,2024-06-11 12:50,контейнера,156.0,156 шт.,292.0,3.6,2024-06-11 17:55,2025-05-03_0839_
Мир,3,2024-06-05 09:50,2024-06-06 11:45,2024-06-06 15:10,2024-06-10 20:00,ген. груз,,,,,2024-06-11 02:15,2024-06-13 05:00,ген.груз,,,,,2024-06-13 11:00,2025-05-03_0839_
GC Barys,1,2024-06-10 01:00,2024-06-11 12:10,2024-06-11 14:25,2024-06-11 15:50,контейнера,25.0,25 шт.,30.0,3.5,2024-06-12 17:40,2024-06-14 02:40,контейнера,149.0,149 шт,248.0,3.7,2024-06-14 04:35,2025-05-03_0839_
GC Berkut,1,2024-06-13 00:10,2024-06-14 05:50,2024-06-14 09:20,2024-06-14 14:10,контейнера+2 ящика,55.0,55 шт.,85.0,3.5,2024-06-14 18:20,2024-06-15 12:40,контейнера,157.0,157 шт.,294.0,3.6,2024-06-15 17:40,2025-05-03_0839_
Балдер,3,2024-06-13 15:30,2024-06-13 16:55,,,,,,,,2024-06-14 10:50,2024-06-15 16:00,кокс,2000.0,2000,,,2024-06-16 23:20,2025-05-03_0839_
GC Sunkar,1,2024-06-15 09:00,2024-06-15 18:20,2024-06-15 21:30,2024-06-15 22:20,контейнера,16.0,16 шт.,27.0,3.2,2024-06-15 22:50,2024-06-17 07:25,контейнера,171.0,171 шт,280.0,3.6,2024-06-17 11:20,2025-05-03_0839_
Гильда,23,2024-05-20 09:45,2024-05-29 23:40,2024-05-30 02:20,2024-06-01 14:00,ген.груз,,,,,2024-06-10 12:30,2024-06-15 15:30,ячмень,,,,,2024-06-17 16:00,2025-05-03_0839_
Виана,2,2024-06-11 09:50,2024-06-11 19:35,2024-06-12 17:15,2024-06-13 23:00,ген.груз,,,,,2024-06-14 12:30,2024-06-17 14:50,кормовой шрот,3600.0,3600,,,2024-06-17 19:40,2025-05-03_0839_
Балкан,3,2024-06-13 13:55,2024-06-17 01:05,,,,,,,,2024-06-17 04:20,2024-06-17 22:20,баррит,,,,,2024-06-18 04:00,2025-05-03_0839_
Наргол,2,2024-06-15 09:30,2024-06-17 23:00,,,,,,,,2024-06-18 04:10,2024-06-18 10:30,контейнера,24.0,24 шт.,,,2024-06-18 14:30,2025-05-03_0839_
GC Barys,1,2024-06-17 21:00,2024-06-17 22:35,2024-06-18 00:10,2024-06-18 03:00,контейнера,48.0,48 шт,64.0,3.8,2024-06-18 03:00,2024-06-18 19:05,контейнера,159.0,159 шт,250.0,3.9,2024-06-19 00:25,2025-05-03_0839_
GC Berkut,1,2024-06-18 20:30,2024-06-18 21:45,2024-06-19 23:25,2024-06-19 23:30,контейнера,3.0,3 шт.,6.0,3.2,2024-06-20 01:40,2024-06-21 07:00,контейнера,171.0,171 шт,336.0,4.0,2024-06-21 12:30,2025-05-03_0839_
Флестина-2,3,2024-06-17 10:00,2024-06-18 10:30,2024-06-18 14:00,2024-06-18 23:00,автомашины / паллеты,,,,,,,,,,,,2024-06-21 16:15,2025-05-03_0839_
Кангалассы,22,2024-06-21 11:00,2024-06-21 11:55,2024-06-21 14:30,2024-06-21 18:00,генгруз,,,,,2024-06-21 21:40,2024-06-22 02:15,,,,,,2024-06-22 05:50,2025-05-03_0839_
Бора,3,2024-06-18 16:50,2024-06-19 11:45,,,,,,,,2024-06-21 18:30,2024-06-23 02:00,,,,,,2024-06-23 14:10,2025-05-03_0839_
GC Sunkar,2,2024-06-21 09:20,2024-06-21 17:45,2024-06-22 04:00,2024-06-22 04:20,контейнера,8.0,8 шт,14.0,3.1,2024-06-22 06:55,2024-06-23 17:40,контейнера,152.0,152 шт,300.0,3.3,2024-06-23 20:15,2025-05-03_0839_
Туркестан,1,2024-06-20 11:30,2024-06-21 13:30,2024-06-21 15:20,2024-06-22 06:00,контейнера,84.0,84 шт,160.0,3.95,2024-06-22 06:00,2024-06-23 20:15,контейнера,166.0,166 шт,217.0,3.95,2024-06-23 22:25,2025-05-03_0839_
Балкан,3,2024-06-22 15:00,2024-06-23 15:20,,,,,,,,,,,,,,,2024-06-24 13:45,2025-05-03_0839_
GC Barys,2,2024-06-22 14:30,2024-06-23 21:00,2024-06-23 23:10,2024-06-24 00:10,контейнера,14.0,14 шт,26.0,3.6,2024-06-24 11:30,2024-06-25 02:50,контейнера,153.0,153 шт,268.0,3.8,2024-06-25 05:10,2025-05-03_0839_
Касра 1,1,2024-06-23 19:00,2024-06-23 23:55,,,,,,,,,,,,,,,2024-06-25 22:25,2024-08-31_1803_
Касра-1,1,2024-06-23 19:00,2024-06-23 23:55,,,,,,,,,,,,,,,2024-06-25 22:25,2025-05-03_0839_
Волго-балт 190,22,2024-06-25 00:00,2024-06-25 02:05,,,,,,,,,,,,,,,2024-06-27 03:00,2025-05-03_0839_
GC Berkut,2,2024-06-25 16:00,2024-06-25 16:40,2024-06-25 18:30,2024-06-25 21:45,контейнера,23.0,23 шт,41.0,3.0,2024-06-25 23:20,2024-06-27 07:30,контейнера,154.0,154 шт,266.0,3.7,2024-06-27 14:20,2025-05-03_0839_
Кадос,1,2024-06-18 00:20,2024-06-25 23:55,2024-06-26 02:30,2024-06-27 23:00,ген.груз,,,,,,,,,,,,2024-06-28 03:30,2025-05-03_0839_
GC Sunkar,1,2024-06-28 17:10,2024-06-28 18:30,2024-06-28 21:15,2024-06-28 22:00,контейнера,16.0,16 шт,22.0,3.2,2024-06-29 05:30,2024-06-30 00:25,контейнера,176.0,176 шт,324.0,3.3,2024-06-30 11:45,2025-05-03_0839_
Диба,21,2024-06-25 15:50,2024-06-28 00:15,,,,,,,,,,,,,,,2024-06-30 12:55,2025-05-03_0839_
Кангалассы,22,2024-06-29 08:30,2024-06-30 09:25,,,,,,,,,,,,,,,2024-06-30 22:40,2025-05-03_0839_
Туркестан,2,2024-06-28 22:10,2024-06-28 23:15,,,,,,,,2024-06-29 04:00,2024-06-30 22:30,контейнера,200.0,200 шт,224.0,4.4,2024-07-01 02:10,2025-05-03_0839_
GC Barys,1,2024-06-29 16:45,2024-06-30 12:40,2024-06-30 14:40,2024-06-30 19:00,контейнера,49.0,49-шт,72.0,3.9,2024-06-30 23:15,2024-06-02 10:20,контейнера,167.0,167 шт,292.0,3.5,2024-07-02 18:40,2025-05-03_0839_
GC Berkut,2,2024-07-01 13:40,2024-07-01 14:50,2024-07-01 18:15,2024-07-01 18:50,контейнера,8.0,8 шт,10.0,3.0,2024-07-02 05:35,2024-07-03 04:55,контейнера,156.0,156 шт,276.0,3.7,2024-07-03 11:45,2025-05-03_0839_
Сарина,22,2024-07-03 16:00,2024-07-03 17:35,,,,,,,,,,,,,,,2024-07-04 21:00,2025-05-03_0839_
Каспиан Эксплорер,9,2018-09-30 09:00,2018-09-30 11:20,,,,,,,,,,,,,,,2024-07-05 15:20,2025-05-03_0839_
GC Sunkar,1,2024-07-04 13:00,2024-07-04 13:40,2024-07-04 15:30,2024-07-04 19:25,контейнера,79.0,79 шт,142.0,3.0,2024-07-04 21:25,2024-07-05 15:30,контейнера,170.0,170 шт,294.0,3.4,2024-07-05 20:10,2025-05-03_0839_
Навис-1,3,2024-07-04 08:10,2024-07-04 12:00,,,,,,,,,,кокс,6072.3,"6072,3 т",,,2024-07-07 11:30,2025-05-03_0839_
GC Barys,1,2024-07-06 12:30,2024-07-06 13:30,2024-07-06 15:30,2024-07-06 16:45,контейнера,33.0,33 шт,39.0,3.2,2024-07-06 17:35,2024-07-07 11:30,контейнера,164.0,164 шт,314.0,3.6,2024-07-07 16:30,2025-05-03_0839_
GC Berkut,1,2024-07-07 11:45,2024-07-07 17:15,2024-07-07 18:50,2024-07-07 22:10,контейнера,33.0,33 шт,61.0,3.0,2024-07-07 22:20,2024-07-08 19:30,контейнера,175.0,175 шт,318.0,3.85,2024-07-08 23:40,2025-05-03_0839_
Кангалласы,22,2024-07-07 16:05,2024-07-08 17:15,,,ген.груз,,,,,,,,,,,,2024-07-09 07:15,2025-05-03_0839_
Нардис,2,2024-07-05 23:00,2024-07-06 05:45,,,,,,,,,,жмых,,,,,2024-07-10 11:00,2025-05-03_0839_
Бекет Ата,1,2024-07-08 00:50,2024-07-09 10:15,,,,,,,,2024-07-10 01:45,2024-07-10 15:20,контейнера,153.0,153 шт / 205 ДФЭ,,4.4,2024-07-10 23:15,2024-08-31_1803_
Бекет-Ата,1,2024-07-08 00:50,2024-07-09 10:15,,,,,,,,2024-07-10 01:45,2024-07-10 15:20,контейнера,153.0,153 шт,205.0,4.4,2024-07-10 23:15,2025-05-03_0839_
Навис-6,22,2024-07-06 14:30,2024-07-07 02:30,,,ген.груз,,,,,,,,,,,,2024-07-11 22:45,2025-05-03_0839_
Благоево,3,2024-05-21 12:10,2024-05-21 19:55,,,,,,,,,,,,,,,2024-07-12 02:15,2025-05-03_0839_
GC Sunkar,2,2024-07-09 14:10,2024-07-10 12:05,2024-07-10 14:45,2024-07-11 04:25,контейнера,52.0,52 шт,73.0,3.0,2024-07-11 05:20,2024-07-12 05:30,контейнера,148.0,148 шт,292.0,3.7,2024-07-12 11:35,2025-05-03_0839_
Назмехр,22,2024-07-07 13:20,2024-07-09 16:15,,,ген.груз,,,,,,,,,,,,2024-07-12 17:30,2025-05-03_0839_
Адрина,3,2024-07-08 07:30,2024-07-10 11:00,,,,,,,,,,,,,,,2024-07-13 05:00,2025-05-03_0839_
Тиям,6,2024-06-30 13:05,2024-07-02 10:00,,,,,,,,,,зерно,,,,,2024-07-14 10:30,2025-05-03_0839_
GC Barys,1,2024-07-11 17:30,2024-07-11 23:35,2024-07-12 02:05,2024-07-12 09:30,контейнера,95.0,95 шт,126.0,3.4,2024-07-12 10:00,2024-07-14 12:35,контейнера,162.0,162 шт,322.0,3.5,2024-07-15 01:10,2025-05-03_0839_
GC Berkut,2,2024-07-13 03:40,2024-07-13 05:00,2024-07-13 07:00,2024-07-14 03:45,контейнера,62.0,62 шт,114.0,3.2,2024-07-14 05:00,2024-07-15 14:00,контейнера,162.0,162 шт,278.0,3.8,2024-07-15 16:50,2025-05-03_0839_
Кангалассы,22,2024-07-15 10:55,2024-07-15 15:20,,,,,,,,,,,,,,,2024-07-16 01:00,2025-05-03_0839_
Наргол,22,2024-07-14 11:50,2024-07-15 17:40,,,,,,,,,,,,,,,2024-07-17 04:40,2025-05-03_0839_
Бекет Ата,2,2024-07-14 13:00,2024-07-15 01:50,,,,,,,,2024-07-15 03:00,2024-07-17 16:30,селитра,4509.0,4509,,4.4,2024-07-17 19:40,2024-08-31_1803_
Бекет-Ата,2,2024-07-14 13:00,2024-07-15 01:50,,,,,,,,2024-07-15 03:00,2024-07-17 16:30,селитра,4509.0,4509,,4.4,2024-07-17 19:40,2025-05-03_0839_
GC Sunkar,1,2024-07-16 20:00,2024-07-16 21:10,2024-07-16 22:50,2024-07-17 07:20,контейнера,144.0,144 шт,248.0,3.2,2024-07-17 09:20,2024-07-18 00:25,контейнера,160.0,160 шт,287.0,3.5,2024-07-18 02:55,2025-05-03_0839_
GC Barys,1,2024-07-19 10:00,2024-07-19 12:10,2024-07-19 13:50,2024-07-19 15:50,контейнера,72.0,72 шт,92.0,3.3,2024-07-19 17:00,2024-07-20 09:25,контейнера,172.0,172 шт,292.0,3.85,2024-07-20 16:50,2025-05-03_0839_
Касра - 1,3,2024-07-16 12:15,2024-07-18 01:10,,,,,,,,,,,,,,,2024-07-20 19:00,2024-08-31_1803_
Касра-1,3,2024-07-16 12:15,2024-07-18 01:10,,,,,,,,,,,,,,,2024-07-20 19:00,2025-05-03_0839_
Гильда,22,2024-07-16 13:20,2024-07-18 04:30,,,,,,,,,,,,,,,2024-07-21 03:00,2025-05-03_0839_
GC Berkut,2,2024-07-19 22:00,2024-07-19 23:10,2024-07-20 02:00,2024-07-20 03:45,контейнера,32.0,32 шт,33.0,3.2,2024-07-20 03:45,2024-07-21 20:00,контейнера,171.0,171 шт,334.0,3.7,2024-07-22 00:15,2025-05-03_0839_
GC Sunkar,1,2024-07-22 08:00,2024-07-22 09:00,2024-07-22 10:55,2024-07-22 14:20,контейнера,60.0,60  шт,88.0,3.2,2024-07-22 17:10,2024-07-23 12:00,контейнера,162.0,162 шт,324.0,3.5,2024-07-23 16:30,2025-05-03_0839_
Мир,3,2024-07-16 19:30,2024-07-22 13:20,,,,,,,,,,,,,,,2024-07-24 01:00,2025-05-03_0839_
Диба,3,2024-07-22 16:30,2024-07-22 17:55,,,,,,,,,,,,,,,2024-07-25 00:05,2025-05-03_0839_
Кангалассы,22,2024-07-24 12:00,2024-07-24 13:55,2024-07-24 16:30,2024-07-24 23:30,контейнеры,44.0,44 шт.,,,,,,,,,,2024-07-25 00:30,2025-05-03_0839_
Патрис,1,2024-07-21 01:00,2024-07-23 17:55,,,,,,,,2024-07-24 02:15,2024-07-24 23:00,сталь рулоны,3000.0,3000,,3.9,2024-07-25 03:40,2025-05-03_0839_
GC Barys,2,2024-07-24 12:00,2024-07-24 13:20,2024-07-24 15:00,2024-07-24 15:35,контейнера,8.0,8 шт,13.0,3.3,2024-07-24 15:50,2024-07-25 16:10,контейнера,166.0,166 шт,278.0,3.85,2024-07-25 23:20,2025-05-03_0839_
GC Berkut,1,2024-07-26 11:00,2024-07-26 12:35,2024-07-26 15:15,2024-07-26 16:25,контейнера,32.0,32 шт,44.0,3.2,2024-07-26 17:20,2024-07-27 14:50,контейнера,168.0,168 шт,246.0,3.9,2024-07-27 17:55,2025-05-03_0839_
GC Sunkar,1,2024-07-27 18:30,2024-07-27 19:35,2024-07-28 02:00,2024-07-28 03:40,котейнера,47.0,47 шт,59.0,3.0,2024-07-28 03:50,2024-07-28 17:15,контейнера,141.0,141 шт,212.0,3.8,2024-07-28 21:45,2025-05-03_0839_
Нардис,22,2024-07-27 16:00,2024-07-27 17:20,2024-07-27 20:30,2024-07-28 22:00,цемент,,,,,,,,,,,,2024-07-29 02:00,2025-05-03_0839_
Бекет Ата,2,2024-07-25 17:00,2024-07-26 00:05,,,,,,,,2024-07-26 01:30,2024-07-29 07:30,аммиачная селитра,4509.0,4509,,4.4,2024-07-29 11:50,2024-08-31_1803_
Бекет-Ата,2,2024-07-25 17:00,2024-07-26 00:05,,,,,,,,2024-07-26 01:30,2024-07-29 07:30,аммиачная селитра,4509.0,4509,,4.4,2024-07-29 11:50,2025-05-03_0839_
Балкан,1,2024-07-27 11:20,2024-07-28 23:15,,,,,,,,,,,,,,,2024-07-29 23:25,2025-05-03_0839_
Пармис,2,2024-07-24 20:10,2024-07-26 15:00,2024-07-26 18:25,2024-07-29 01:00,цемент / паллеты,,,,,,,жмых,,,,,2024-08-01 03:05,2025-05-03_0839_
GC Barys,1,2024-08-01 00:30,2024-08-01 01:30,2024-08-01 03:00,2024-08-01 05:20,контейнера,94.0,94 шт,102.0,3.3,2024-08-01 05:20,2024-08-01 23:10,контейнера,167.0,167 шт,282.0,3.9,2024-08-02 03:50,2025-05-03_0839_
GC Sunkar,2,2024-08-01 19:00,2024-08-01 19:40,2024-08-01 21:55,2024-08-01 23:40,контейнера,33.0,33 шт,46.0,3.1,2024-08-02 00:00,2024-08-02 19:40,контейнера,176.0,176 шт,280.0,3.7,2024-08-02 22:15,2025-05-03_0839_
GC Berkut,1,2024-08-01 21:00,2024-08-02 04:30,2024-08-02 06:10,2024-08-02 06:50,контейнера,11.0,11 шт,20.0,3.0,2024-08-02 06:50,2024-08-03 02:10,контейнера,167.0,167 шт,244.0,3.9,2024-08-03 05:00,2025-05-03_0839_
Кангалассы,22,2024-08-02 15:00,2024-08-02 16:05,2024-08-01 18:00,2024-08-02 22:30,контейнера,44.0,44 шт.,,,2024-08-02 23:50,2024-08-03 05:00,контейнера,39.0,39 шт.,,,2024-08-03 08:20,2025-05-03_0839_
Бекет-Ата,7,2024-08-03 09:00,2024-08-03 10:25,,,,,,,3.0,2024-08-03 14:00,2024-08-05 21:30,удобрение / медь,3140.0,3140 / 754,,4.5,2024-08-06 00:15,2025-05-03_0839_
Гусейн Джавид,1,2024-08-02 04:30,2024-08-02 18:35,2024-08-02 21:30,2024-08-05 16:00,ген.груз,4977.0,4 977 т.,,,2024-08-05 21:20,2024-08-06 07:55,контейнера,105.0,105 шт / 184 ДФЭ,184.0,4.0,2024-08-06 11:25,2025-05-03_0839_
Сания,2,2024-07-31 07:00,2024-08-02 23:45,2024-08-03 02:00,2024-08-04 06:00,цемент/авто,5668.0,5 668 т.,,,,,контейнера / авто,,,,,2024-08-07 01:20,2025-05-03_0839_
Кангалассы,22,2024-08-06 22:50,2024-08-06 23:35,,,контейнера,47.0,47 шт.,,,,,,,,,,2024-08-07 12:20,2025-05-03_0839_
GC Barys,1,2024-08-06 11:30,2024-08-06 12:45,2024-08-06 14:20,2024-08-06 22:20,контейнера,95.0,95 шт,168.0,3.26,2024-08-06 22:20,2024-08-08 04:15,контейнера,174.0,174 шт,344.0,3.8,2024-08-08 12:30,2025-05-03_0839_
GC Sunkar,2,2024-08-06 13:10,2024-08-07 02:00,2024-08-07 03:30,2024-08-07 03:55,контейнера,3.0,3 шт,5.0,3.0,2024-08-07 03:55,2024-08-08 12:50,контейнера,175.0,175 шт,238.0,3.9,2024-08-09 00:10,2025-05-03_0839_
Кадос,22,2024-08-03 20:00,2024-08-04 18:20,,,,,,,,2024-08-05 16:05,2024-08-06 22:00,сталь / контейнера,,,,,2024-08-09 00:30,2025-05-03_0839_
Касра 1,22,2024-08-07 01:10,2024-08-07 14:30,,,в балласте,,,,,,,,,,,,2024-08-09 13:20,2024-08-31_1803_
Касра-1,22,2024-08-07 01:10,2024-08-07 14:30,,,в балласте,,,,,,,,,,,,2024-08-09 13:20,2025-05-03_0839_
Диба,3,2024-08-04 11:55,2024-08-07 03:05,,,,,,,,2024-08-09 01:30,2024-08-09 07:30,контейнера,35.0,35 шт.,,,2024-08-09 16:00,2025-05-03_0839_
GC Berkut,1,2024-08-07 04:40,2024-08-08 13:30,2024-08-08 14:50,2024-08-08 17:00,контейнера,45.0,45 шт,90.0,3.6,2024-08-08 17:00,2024-08-09 15:15,контейнера,175.0,175 шт,350.0,3.7,2024-08-09 19:05,2025-05-03_0839_
Туркестан,1,2024-08-10 01:10,2024-08-10 02:35,,,,,,,,2024-08-10 09:00,2024-08-10 19:55,контейнера,160.0,160 шт,160.0,4.5,2024-08-10 22:35,2025-05-03_0839_
GC Sunkar,1,2024-08-12 13:40,2024-08-12 15:20,2024-08-12 17:15,2024-08-12 17:20,контейнера,3.0,3 шт,6.0,3.1,2024-08-12 17:20,2024-08-13 15:30,контейнера,169.0,169 шт,328.0,3.7,2024-08-13 19:50,2025-05-03_0839_
Альфа Гермес,22,2024-08-10 20:00,2024-08-10 21:40,,,ген.груз,6500.0,6500,,,,,,,,,,2024-08-14 01:10,2025-05-03_0839_
GC Barys,2,2024-08-12 23:40,2024-08-13 00:55,2024-08-13 02:55,2024-08-13 14:35,контейнера,139.0,139 шт,232.0,3.8,2024-08-13 14:45,2024-08-14 14:35,контейнера,176.0,176 шт,334.0,3.7,2024-08-14 16:25,2025-05-03_0839_
Бекет-Ата,1,2024-08-13 14:00,2024-08-13 21:15,,,,,,,,2024-08-14 01:40,2024-08-15 02:10,контейнера,156.0,156 шт,188.0,4.4,2024-08-15 04:55,2025-05-03_0839_
GC Berkut,2,2024-08-13 14:25,2024-08-14 17:00,2024-08-14 18:20,2024-08-14 18:25,дерев.ящик,1.0,1 шт,,3.2,2024-08-14 23:30,2024-08-15 16:30,контейнера,171.0,171 шт,314.0,3.9,2024-08-15 19:20,2025-05-03_0839_
Адрина,3,2024-08-13 20:30,2024-08-15 12:40,,,,,,,,,,,,,,,2024-08-16 14:00,2025-05-03_0839_
Гусейн Джавид,1,2024-08-15 19:00,2024-08-15 21:10,,,,,,,,2024-08-15 23:50,2024-08-16 16:20,контейнера,149.0,149 шт / 208 ДФЭ,208.0,4.0,2024-08-16 22:10,2025-05-03_0839_
Кангалассы,22,2024-08-16 05:00,2024-08-16 06:25,,,,,,,,,,,,,,,2024-08-17 00:10,2025-05-03_0839_
Парин,22,2024-08-12 21:45,2024-08-14 02:40,,,,,,,,,,,,,,,2024-08-17 01:15,2025-05-03_0839_
GC Sunkar,1,2024-08-18 06:00,2024-08-18 07:10,2024-08-18 10:35,2024-08-18 15:00,контейнера,104.0,104 шт,123.0,2.9,2024-08-18 15:00,2024-08-19 07:20,контейнера,170.0,170 шт,328.0,3.7,2024-08-19 13:00,2025-05-03_0839_
GC Barys,2,2024-08-18 12:00,2024-08-18 13:15,2024-08-18 15:10,2024-08-18 15:50,контейнера,12.0,12 шт.,14.0,3.3,2024-08-18 15:50,2024-08-19 12:00,контейнера,156.0,156 шт,216.0,3.86,2024-08-19 18:00,2025-05-03_0839_
GC Berkut,1,2024-08-19 16:00,2024-08-19 17:20,,,в балласте,,,,3.2,2024-08-19 21:30,2024-08-20 15:30,контейнера,170.0,170 шт,284.0,3.9,2024-08-20 18:25,2025-05-03_0839_
Гусейн Джавид,2,2024-08-20 11:00,2024-08-20 13:00,2024-08-20 17:20,2024-08-20 17:30,контейнера,3.0,3 шт,,3.6,2024-08-20 17:30,2024-08-21 00:30,контейнера,84.0,84 шт,,4.2,2024-08-21 07:45,2025-05-03_0839_
Балкан,1,2024-08-20 12:10,2024-08-20 23:45,,,,,,,,2024-08-21 04:30,2024-08-21 18:30,арматура,1970.0,1970 т.,,3.8,2024-08-21 22:00,2025-05-03_0839_
Дорита,23,2024-08-19 11:00,2024-08-22 10:00,2024-08-22 14:30,2024-08-23 21:00,ген. груз,1375.0,1375 т.,,,,,в балласте,,,,,2024-08-24 11:30,2025-05-03_0839_
Патрис,2,2024-08-19 07:30,2024-08-19 12:30,,,,,,,,2024-08-21 22:30,2024-08-24 10:00,жмых,3000.0,3000 т.,,4.0,2024-08-24 16:50,2025-05-03_0839_
Кадос,6,2024-08-22 00:00,2024-08-22 01:25,2024-08-22 02:50,2024-08-22 22:00,ген. груз,3161.0,3161 т.,,,2024-08-23 01:30,2024-08-24 16:30,металл,2900.0,2900 т.,,,2024-08-24 23:50,2025-05-03_0839_
Кангалассы,22,2024-08-23 23:10,2024-08-24 10:55,2024-08-24 12:00,2024-08-24 15:55,контейнера,,,,,2024-08-24 17:20,2024-08-24 22:30,контейнера,62.0,62 шт,,3.7,2024-08-25 01:25,2025-05-03_0839_
GC Barys,1,2024-08-23 13:10,2024-08-23 14:05,2024-08-23 15:30,2024-08-23 16:05,контейнера,4.0,4 шт.,8.0,3.3,2024-08-23 16:20,2024-08-25 03:20,контейнера,151.0,151 шт,300.0,3.6,2024-08-25 05:55,2025-05-03_0839_
GC Sunkar,2,2024-08-23 11:30,2024-08-23 12:25,2024-08-23 14:25,2024-08-23 16:25,контейнера,50.0,50 шт,62.0,2.9,2024-08-23 17:30,2024-08-25 04:50,контейнера,168.0,168 шт,332.0,3.3,2024-08-25 11:00,2025-05-03_0839_
GC Berkut,1,2024-08-25 02:35,2024-08-25 06:40,2024-08-25 09:15,2024-08-25 09:50,контейнера,10.0,10 шт,11.0,3.2,2024-08-25 09:50,2024-08-26 10:20,контейнера,160.0,160 шт,182.0,3.7,2024-08-26 13:30,2025-05-03_0839_
Гусейн Джавид,2,2024-08-25 05:00,2024-08-25 11:50,2024-08-25 14:30,2024-08-26 01:55,контейнера,25.0,25 шт.,,,2024-08-26 01:55,2024-08-26 17:30,контейнера,148.0,148 шт / 210 ДФЭ,210.0,3.6,2024-08-26 19:50,2025-05-03_0839_
Флестина-2,3,2024-08-23 07:00,2024-08-25 00:50,,,в балласте,,,,,2024-08-25 09:30,2024-08-26 17:00,кокс,1500.0,1500 т.,,,2024-08-26 21:00,2025-05-03_0839_
Тиям,2,2024-08-21 03:30,2024-08-26 22:35,2024-08-27 02:00,2024-08-29 00:30,ген. груз,3500.0,3500 т.,,,,,,,,,,2024-08-29 03:05,2025-05-03_0839_
Туркестан,1,2024-08-28 10:30,2024-08-28 11:40,,,,,,,,2024-08-28 17:00,2024-08-29 07:00,контейнера,155.0,155 шт,175.0,4.5,2024-08-29 10:45,2025-05-03_0839_
GC Barys,2,2024-08-29 09:00,2024-08-29 10:10,2024-08-29 11:20,2024-08-29 15:00,контейнера,58.0,58 шт,62.0,3.0,2024-08-29 15:00,2024-08-30 07:15,контейнера,175.0,175 шт,339.0,3.6,2024-08-30 11:00,2025-05-03_0839_
Касра-1,22,2024-08-28 09:40,2024-08-28 21:20,2024-08-29 00:35,2024-08-30 05:00,цемент,2500.0,2500т,,,,,,,,,,2024-08-30 13:30,2025-05-03_0839_
Виста,6,2024-08-25 05:10,2024-08-25 09:45,2024-08-25 17:00,2024-08-26 22:55,ген. груз,1000.0,1000 т.,,,2024-08-27 19:00,2024-08-30 23:50,ячмень,3400.0,3400 т.,,,2024-08-31 02:35,2025-05-03_0839_
GC Sunkar,1,2024-08-30 06:00,2024-08-30 07:05,2024-08-30 09:20,2024-08-30 13:50,контейнера,117.0,117 шт,146.0,2.9,2024-08-30 13:50,2024-08-31 04:05,контейнера,158.0,158 шт,293.0,3.6,2024-08-31 07:30,2025-05-03_0839_
Гусейн Джавид,2,2024-08-30 19:30,2024-08-30 20:20,,,,,,,,2024-08-30 22:00,2024-08-31 12:30,контейнера,155.0,155 шт / 217 ДФЭ,217.0,3.0,2024-08-31 15:10,2025-05-03_0839_
GC Berkut,1,2024-08-30 16:25,2024-08-31 08:10,2024-08-31 11:00,2024-08-31 11:15,ящик с оборудованием,3.0,3 шт,,3.2,2024-08-31 11:40,2024-09-01 04:00,контейнера,169.0,169 шт,310.0,3.9,2024-09-01 07:15,2025-09-30_1038_
Сарина,6,2024-08-21 09:50,2024-08-31 14:40,2024-08-31 17:30,,цемент,2500.0,2500 т.,,,2024-09-01 14:45,2024-09-02 04:20,зерно,2300.0,2300 т.,,,2024-09-03 22:55,2025-09-30_1038_
Амур-2528,3,2024-08-30 15:00,2024-08-30 17:20,,,,,,,,2024-08-31 06:00,2024-09-01 23:30,кокс,2846.0,2 846 т.,,,2024-09-03 23:05,2025-09-30_1038_
Кангалассы,22,2024-09-01 10:40,2024-09-01 11:50,2024-09-01 14:00,2024-09-01 18:00,контейнера,,,,,2024-09-03 21:15,2024-09-04 00:30,контейнеры / металл,,,,,2024-09-04 02:30,2025-09-30_1038_
Сепано,2,2024-08-21 08:00,2024-09-01 08:30,2024-09-01 11:15,2024-09-04 19:00,"цемент, авто",4425.0,4425 т.,,,,,,,,,,2024-09-04 22:25,2025-09-30_1038_
Балкан,6,2024-08-31 06:50,2024-09-04 00:25,,,в балласте,,,,,2024-09-04 10:40,2024-09-04 22:10,план барит,1800.0,1 800 т.,,,2024-09-05 02:30,2025-09-30_1038_
GC Sunkar,1,2024-09-04 21:00,2024-09-04 23:10,2024-09-05 01:30,2024-09-05 03:30,контейнера,38.0,38 шт,39.0,2.9,2024-09-05 03:30,2024-09-06 18:40,контейнера,160.0,160 шт,318.0,3.6,2024-09-06 20:25,2025-09-30_1038_
GC Barys,2,2024-09-05 05:45,2024-09-05 06:55,2024-09-05 09:10,2024-09-05 09:45,контейнера,10.0,10 шт,19.0,3.25,2024-09-05 09:45,2024-09-06 18:50,контейнера,171.0,171 шт,336.0,3.8,2024-09-06 22:05,2025-09-30_1038_
Гусейн Джавид,1,2024-09-05 08:15,2024-09-06 21:10,,,в балласте,,,,,2024-09-06 23:25,2024-09-07 17:50,контейнера,183.0,183 шт / 192 ДФЭ,192.0,4.3,2024-09-07 19:30,2025-09-30_1038_
Мир,3,2024-09-05 00:30,2024-09-05 01:55,,,,,,,,2024-09-05 23:00,2024-09-07 14:45,ген.груз,3000.0,3000 т,,4.2,2024-09-07 20:00,2025-09-30_1038_
Генерал Асланов,1,2024-09-08 16:30,2024-09-08 17:25,,,в балласте,,,,,2024-09-08 21:40,2024-09-09 06:45,медь-ферросплав,157.0,157шт. Контейнеров,,,2024-09-09 11:50,2025-09-30_1038_
Сания,6,2024-08-30 20:00,2024-09-04 10:40,2024-09-04 14:00,2024-09-05 23:00,ген.груз,,,,,2024-09-07 13:40,2024-09-09 16:00,зерно+ контейнера,5650.0,5650т + 8 конт,,,2024-09-09 23:10,2025-09-30_1038_
GC Berkut,1,2024-09-09 11:30,2024-09-09 12:30,2024-09-09 17:40,2024-09-09 19:30,контейнера,41.0,41 шт,50.0,3.2,2024-09-09 21:35,2024-09-10 20:00,контейнера,157.0,157 шт,263.0,3.7,2024-09-11 00:00,2025-09-30_1038_
Кадос,23,2024-09-09 01:30,2024-09-09 02:50,2024-09-09 05:35,2024-09-10 04:00,ген.груз,,,,,2024-09-10 10:45,,ячмень+контейнера,4000.0,4000т.,,,2024-09-12 02:00,2025-09-30_1038_
GC Barys,1,2024-09-11 00:00,2024-09-11 01:00,2024-09-11 03:30,2024-09-11 06:55,контейнера,46.0,46 шт,68.0,3.2,2024-09-11 06:55,2024-09-12 06:50,контейнера,144.0,144  шт,246.0,3.8,2024-09-12 11:00,2025-09-30_1038_
GC Sunkar,1,2024-09-11 15:00,2024-09-11 16:15,2024-09-11 17:50,2024-09-11 19:30,контейнера,31.0,31 шт,58.0,2.9,2024-09-11 21:45,2024-09-12 19:00,контейнера,128.0,128 шт,215.0,3.6,2024-09-12 22:10,2025-09-30_1038_
Кангалассы,22,2024-09-12 00:45,2024-09-12 04:35,2024-09-12 06:35,2024-09-12 15:00,контейнера,,,,,2024-09-12 15:00,2024-09-12 19:30,контейнера,50.0,50 шт,,4.0,2024-09-12 23:30,2025-09-30_1038_
Гусейн Джавид,1,2024-09-11 19:30,2024-09-12 22:55,2024-09-13 00:10,2024-09-13 01:30,контейнера,12.0,12 шт/12 ДФЭ,,,2024-09-13 02:00,2024-09-13 19:20,контейнера,152.0,152 шт,,4.25,2024-09-13 20:45,2025-09-30_1038_
Тина,3,2024-09-11 17:00,2024-09-12 15:15,2024-09-12 19:00,2024-09-14 20:00,ген.груз,3470.0,3470 тн,,,,,,,,,,2024-09-15 09:00,2025-09-30_1038_
Генерал Асланов,1,2024-09-15 01:00,2024-09-15 02:25,,,,,,,,2024-09-15 09:10,2024-09-16 07:15,контейнера,177.0,177 шт/ 224 ДФЭ,224.0,4.62,2024-09-16 13:45,2025-09-30_1038_
Лара,23,2024-09-13 12:00,2024-09-13 13:10,,,в балласте,,,,,2024-09-15 09:15,2024-09-15 22:50,ячмень,3000.0,3000 т,,,2024-09-16 20:00,2025-09-30_1038_
GC Berkut,2,2024-09-15 20:30,2024-09-15 22:10,2024-09-15 23:45,2024-09-16 04:35,контейнера,93.0,93 шт,179.0,3.1,2024-09-16 05:20,2024-09-17 11:15,контейнера,176.0,176 шт,350.0,3.8,2024-09-17 15:20,2025-09-30_1038_
GC Barys,1,2024-09-16 07:30,2024-09-16 14:40,2024-09-16 17:20,2024-09-16 18:35,контейнера,23.0,23 шт,34.0,3.0,2024-09-16 22:30,2024-09-17 20:05,контейнера,155.0,155 шт,221.0,3.85,2024-09-18 00:40,2025-09-30_1038_
Сарина,23,2024-09-14 08:20,2024-09-16 22:10,,,,,,,,2024-09-17 10:30,2024-09-17 19:10,зерно,2500.0,2500 т.,,,2024-09-18 01:45,2025-09-30_1038_
Наргол,3,2024-09-17 14:40,2024-09-17 17:35,2024-09-17 21:00,,ген.груз,,,,,,,,,,,,2024-09-18 15:45,2025-09-30_1038_
Сабрина,23,2024-09-11 09:00,2024-09-17 00:55,2024-09-17 03:30,2024-09-17 23:40,ген.груз,992.0,992 т,,,,,зерно,2500.0,2500 т.,,,2024-09-19 06:00,2025-09-30_1038_
Кангалассы,22,2024-09-16 08:00,2024-09-19 09:10,,,ген.груз,,,,,,,контейнера,26.0,26  шт,,,2024-09-19 21:55,2025-09-30_1038_
Паранд,6,2024-08-30 08:30,2024-09-12 04:00,2024-09-12 06:40,2024-09-15 01:00,"цемент, авто",5400.0,5400 т.,,,2024-09-17 21:30,2024-09-19 11:45,зерно,3000.0,3000 т.,,,2024-09-20 01:25,2025-09-30_1038_
Балкан,3,2024-09-18 21:10,2024-09-19 10:40,,,,,,,,2024-09-19 15:15,,барит,1866.0,1866 тн,,,2024-09-20 08:10,2025-09-30_1038_
GC Sunkar,2,2024-09-16 15:50,2024-09-17 18:20,2024-09-17 21:35,2024-09-17 21:55,контейнера,12.0,12 шт,12.0,2.9,2024-09-18 23:50,2024-09-20 11:00,контейнера,159.0,159 шт,272.0,3.6,2024-09-20 15:05,2025-09-30_1038_
Омский-103,22,2024-09-16 06:30,2024-09-19 01:40,,,,,,,,2024-09-19 18:00,2024-09-20 06:20,зерно,2900.0,2900,,4.2,2024-09-20 22:20,2025-09-30_1038_
Генерал Асланов,1,2024-09-20 12:00,2024-09-20 14:30,2024-09-20 15:30,2024-09-20 23:50,90 контейнеров,,,,,2024-09-20 23:50,2024-09-21 22:10,контейнера,174.0,174 шт,,3.4,2024-09-22 00:35,2025-09-30_1038_
Виста,22,2024-09-16 15:45,2024-09-18 07:35,2024-09-18 11:10,2024-09-19 06:00,ген.груз,,,,,,,зерно,3300.0,3300 т,,,2024-09-23 18:20,2025-09-30_1038_
Мелорин,3,2024-09-18 21:50,2024-09-20 18:25,,,,,,,,2024-09-21 09:00,2024-09-22 05:40,зерно,2700.0,2700,,3.2,2024-09-23 21:40,2025-09-30_1038_
Айлин,23,2024-09-21 16:00,2024-09-22 21:30,,,,,,,,,,зерно,2700.0,2700 т,,3.4,2024-09-24 17:00,2025-09-30_1038_
Калевала,6,2024-09-21 03:30,2024-09-22 17:25,,,,,,,,2024-09-23 06:00,,зерно,3000.0,3000 т,,3.0,2024-09-24 18:25,2025-09-30_1038_
GC Barys,2,2024-09-21 15:30,2024-09-21 16:15,,,,,,,,2024-09-21 18:40,2024-09-24 16:20,контейнера,165.0,165 шт,326.0,3.5,2024-09-24 19:20,2025-09-30_1038_
GC Berkut,1,2024-09-22 03:40,2024-09-22 05:00,2024-09-22 07:00,2024-09-22 11:30,контейнера,63.0,63 шт,85.0,3.1,2024-09-23 12:10,2024-09-25 23:30,контейнера,182.0,182 шт,334.0,4.0,2024-09-26 02:55,2025-09-30_1038_
Сормовский-3051,6,2024-09-25 05:00,2024-09-25 06:10,,,,,,,,2024-09-25 19:00,2024-09-26 15:00,зерно,3000.0,3000 т.,,,2024-09-26 19:55,2025-09-30_1038_
Гусейн Джавид,1,2024-09-25 01:20,2024-09-26 03:40,,,,,,,,2024-09-26 14:10,2024-09-27 00:30,контейнера,121.0,121 шт / 184 ДФЭ,184.0,4.2,2024-09-27 04:40,2025-09-30_1038_
Бекет-Ата,2,2024-08-18 16:00,2024-08-19 09:25,,,в балласте,,,,3.0,,,,,п.Ерсай,,,2024-09-27 19:20,2025-09-30_1038_
GC Sunkar,2,2024-09-24 15:00,2024-09-24 20:00,2024-09-25 13:45,2024-09-25 18:40,контейнера,44.0,44 шт,47.0,3.0,2024-09-25 18:55,2024-09-28 05:40,контейнера,171.0,171 шт,330.0,3.8,2024-09-28 11:30,2025-09-30_1038_
Карса-1,1,2024-09-22 18:40,2024-09-23 23:10,,,,,,,,2024-09-27 01:50,2024-09-27 16:30,зерно,2000.0,2000 т.,,3.5,2024-09-28 17:20,2025-09-30_1038_
Адрина,1,2024-09-17 20:45,2024-09-29 21:15,,,,,,,,2024-09-30 22:30,2024-10-01 00:30,контейнера,24.0,24 шт.,,,2024-10-01 07:30,2025-09-30_1038_
Нардис,6,2024-09-28 02:00,2024-09-28 18:00,,,,,,,,2024-09-29 06:35,2024-09-30 07:05,зерно,3400.0,3400 т,,,2024-10-01 18:55,2025-09-30_1038_
Пармис,22,2024-09-26 16:00,2024-09-26 22:30,,,в балласте,,,,,,,зерно,3000.0,3000 т.,,,2024-10-01 21:15,2025-09-30_1038_
Деляар,23,2024-09-22 19:50,2024-09-26 16:30,,,в балласте,,,,,,,зерно,2800.0,2800 т.,,,2024-10-01 21:35,2025-09-30_1038_
GC Barys,2,2024-09-30 01:30,2024-09-30 21:50,2024-09-30 23:25,2024-10-01 05:50,контейнера,142.0,142 шт,205.0,3.5,2024-10-01 05:50,2024-10-02 04:55,контейнера,171.0,171 шт,340.0,3.5,2024-10-02 11:55,2025-09-30_1038_
GC Berkut,1,2024-09-30 21:30,2024-10-01 08:10,2024-10-01 10:30,2024-10-01 15:10,контейнера,59.0,59 шт,114.0,3.1,2024-10-01 15:10,2024-10-02 04:50,контейнера,135.0,135 шт,236.0,3.8,2024-10-02 13:40,2025-09-30_1038_
Кангалассы,22,2024-09-30 22:30,2024-10-01 17:15,2024-10-01 20:30,2024-10-01 23:30,контейнера,45.0,45 шт.,,,2024-10-01 23:50,2024-10-02 02:10,контейнера,32.0,32 шт.,,4.5,2024-10-02 21:05,2025-09-30_1038_
Гусейн Джавид,2,2024-10-01 23:10,2024-10-02 13:00,2024-10-02 15:20,2024-10-02 17:10,контейнера,34.0,34 шт,,4.2,2024-10-02 17:10,2024-10-03 10:00,контейнера,124.0,124 шт,,4.2,2024-10-03 13:40,2025-09-30_1038_
Омский-103,6,2024-09-30 13:00,2024-10-01 19:40,,,в балласте,,,,,2024-10-02 10:00,2024-10-03 14:50,зерно,2970.0,2970 т.,,3.4,2024-10-04 00:00,2025-09-30_1038_
Генерал Асланов,1,2024-10-03 02:00,2024-10-03 03:05,,,,,,,,2024-10-03 12:00,2024-10-03 19:25,контейнера,60.0,60 шт,,3.4,2024-10-04 00:30,2025-09-30_1038_
Паранд,23,2024-09-29 05:00,2024-10-01 23:50,,,,,,,,2024-10-02 11:00,2024-10-03 23:35,зерно,4200.0,4200 т,,2.9,2024-10-04 02:35,2025-09-30_1038_
GC Sunkar,2,2024-10-03 16:00,2024-10-03 17:55,2024-10-03 21:20,2024-10-03 22:35,контейнера,41.0,41 шт.,62.0,3.1,2024-10-03 22:45,2024-10-04 21:50,контейнера,166.0,166 шт.,298.0,3.9,2024-10-05 01:15,2025-09-30_1038_
Волго-балт-228,3,2024-10-02 13:45,2024-10-03 19:30,,,,,,,,2024-10-04 09:20,2024-10-05 04:00,ячмень,3000.0,3000 т.,,,2024-10-05 19:00,2025-09-30_1038_
Мелорин,6,2024-10-03 00:20,2024-10-04 23:25,,,,,,,,2024-10-05 14:45,2024-10-06 06:20,ячмень,2750.0,2750 т.,,2.3,2024-10-06 19:20,2025-09-30_1038_
Бекет-Ата,1,2024-09-28 01:20,2024-10-05 13:25,,,в балласте,,,,3.0,2024-10-06 14:30,2024-10-07 06:00,контейнера,89.0,89 шт.,171.0,3.4,2024-10-07 10:35,2025-09-30_1038_
Сания,22,2024-10-01 06:40,2024-10-03 00:45,2024-10-03 04:15,2024-10-04 22:00,ген.груз,,,,,2024-10-05 04:00,2024-10-06 06:50,ячмень,6500.0,6500 т.,,4.6,2024-10-08 23:20,2025-09-30_1038_
Виана,6,2024-10-05 16:30,2024-10-06 15:45,,,ген.груз,577.0,577 тн,,3.9,2024-10-07 17:00,2024-10-08 18:45,зерно,3000.0,3000 т,,,2024-10-09 17:30,2025-09-30_1038_
Касма,22,2024-10-05 15:15,2024-10-06 17:10,,,в балласте,,,,,,,зерно,3090.0,3090 т,,,2024-10-09 19:25,2025-09-30_1038_
GC Barys,1,2024-10-06 19:00,2024-10-07 11:20,2024-10-07 22:00,2024-10-08 07:25,контейнера,85.0,85 шт,148.0,3.5,2024-10-08 10:05,2024-09-10 00:45,контейнера,140.0,140 шт,244.0,3.8,2024-10-10 23:20,2025-09-30_1038_
Сарина,23,2024-10-05 14:00,2024-10-06 18:20,2024-10-06 21:30,2024-10-08 16:00,цемент,2500.0,2500 тн,,,2024-10-09 14:20,2024-10-09 22:00,зерно,2500.0,2500 т,,4.4,2024-10-10 23:45,2025-09-30_1038_
Магтымгулы,2,2024-10-07 05:00,2024-10-08 22:10,,,в балласте,,,,,2024-10-09 02:00,2024-10-10 10:30,арматура,2724.0,2724 т,,,2024-10-11 02:10,2025-09-30_1038_
Туркестан,23,2024-10-06 08:10,2024-10-09 11:35,,,в балласте,,,,3.1,2024-10-11 02:00,2024-10-11 22:25,ячмень,4600.0,4600т.,,4.48,2024-10-12 03:10,2025-09-30_1038_
GC Sunkar,1,2024-10-08 21:20,2024-10-11 01:40,2024-10-11 03:00,2024-10-11 03:20,контейнера,5.0,5 шт.,6.0,3.1,2024-09-11 14:20,2024-10-12 07:25,контейнера + ящик,166.0,166 шт,232.0,3.9,2024-10-12 11:30,2025-09-30_1038_
Виста,6,2024-10-09 16:00,2024-10-11 10:35,,,,,,,,2024-10-11 22:50,2024-10-12 20:00,ячмень,2800.0,2800 т,,4.0,2024-10-13 00:20,2025-09-30_1038_
Амур-2528,3,2024-10-05 14:45,2024-10-07 12:40,,,ген.груз,1072.0,1072 тн,,,2024-10-11 14:00,2024-10-12 10:30,кокс,2500.0,2500 т.,,4.1,2024-10-14 10:45,2025-09-30_1038_
Сепано,23,2024-10-06 22:30,2024-10-12 05:10,,,в балласте,,,,,2024-10-12 14:30,2024-10-13 14:20,зерно,4700.0,4700 т.,,,2024-10-15 00:00,2025-09-30_1038_
GC Berkut,1,2024-10-13 12:35,2024-10-13 14:10,2024-10-13 15:50,2024-10-13 21:15,контейнера,98.0,98 шт,164.0,3.2,2024-10-13 21:15,2024-10-16 03:30,контейнера,163.0,163 шт,274.0,3.8,2024-10-16 07:55,2025-09-30_1038_
Сормовский-3051,22,2024-10-06 16:40,2024-10-15 00:55,,,в балласте,,,,,2024-10-15 14:00,2024-10-16 04:30,зерно,3000.0,3000 т.,,,2024-10-17 00:00,2025-09-30_1038_
Сомия,6,2024-10-09 20:00,2024-10-11 09:05,2024-10-11 11:00,2024-10-13 10:30,ген груз,6200.0,6200 т,,,2024-10-15 10:30,2024-10-16 18:00,зерно,5900.0,5900 т.,,4.4,2024-10-19 00:10,2025-09-30_1038_
GC Barys,1,2024-10-15 12:30,2024-10-16 08:45,2024-10-16 11:30,2024-10-16 17:50,контейнера,139.0,139 шт,199.0,3.6,2024-10-16 17:50,2024-10-17 12:40,контейнера,157.0,157 шт,312.0,3.8,2024-10-19 00:20,2025-09-30_1038_
М.Т.Ефремов,3,2024-10-12 09:20,2024-10-12 15:20,,,,,,,,2024-10-13 05:15,2024-10-14 17:30,ячмень,6000.0,6000 т,,4.4,2024-10-19 00:40,2025-09-30_1038_
Сабрина,22,2024-10-09 14:00,2024-10-14 13:00,,,ген. груз,,,,,2024-10-16 20:00,2024-10-17 09:00,ячмень,2500.0,2500 т.,,4.0,2024-10-19 01:15,2025-09-30_1038_
Эльга-1,22,2024-10-09 14:30,2024-10-17 01:15,,,в балласте,,,,,2024-10-17 15:00,2024-10-18 17:50,зерно,4650.0,4650 тг.,,4.05,2024-10-19 14:30,2025-09-30_1038_
GC Sunkar,2,2024-10-15 16:00,2024-10-15 17:25,,,в балласте,,,,3.2,2024-10-18 21:30,2024-10-19 15:55,контейнера + 1 ящик,165.0,165 шт,274.0,3.7,2024-10-19 20:00,2025-09-30_1038_
Виана,2,2024-10-20 00:00,2024-10-20 02:25,,,,,,,,2024-10-20 13:45,2024-10-21 11:00,ячмень,3400.0,3400 т.,,,2024-10-21 21:05,2025-09-30_1038_
Омский-108,22,2024-10-10 11:30,2024-10-19 02:45,,,в балласте,,,,,2024-10-19 21:30,2024-10-20 09:40,ячмень,2850.0,2850 т.,,,2024-10-22 00:20,2025-09-30_1038_
Айлин,3,2024-10-12 19:50,2024-10-19 02:25,,,,,,,,2024-10-19 14:00,2024-10-20 07:40,ячмень,2700.0,2700 т.,,,2024-10-23 00:00,2025-09-30_1038_
GC Berkut,1,2024-10-21 22:00,2024-10-21 23:55,2024-10-22 02:30,2024-10-22 07:00,контейнера,150.0,150 шт,286.0,3.4,2024-10-22 07:00,2024-10-23 03:00,контейнера,178.0,178 шт.,336.0,3.9,2024-10-23 05:20,2025-09-30_1038_
GC Barys,2,2024-10-22 18:45,2024-10-22 21:50,,,в балласте,,,,3.3,2024-10-23 00:00,2024-10-23 15:45,контейнера,149.0,149 шт.,209.0,3.8,2024-10-23 21:20,2025-09-30_1038_
Гильда,22,2024-10-10 09:40,2024-10-19 15:30,2024-10-19 21:00,2024-10-20 22:30,генг.руз,,,,,2024-10-21 16:00,2024-10-23 14:00,зерно,6500.0,6500 т,,4.6,2024-10-23 23:50,2025-09-30_1038_
Св.Константин,23,2024-10-11 06:00,2024-10-22 01:15,,,,,,,,2024-10-23 17:00,2024-10-24 11:10,ячмень,3000.0,3000 т,,,2024-10-24 18:25,2025-09-30_1038_
Кангалассы,22,2024-10-22 08:30,2024-10-24 00:45,,,,,,,,2024-10-24 03:00,2024-10-24 11:55,контейнера,61.0,61 шт.,,,2024-10-24 18:40,2025-09-30_1038_
GC Sunkar,2,2024-10-24 00:00,2024-10-24 01:25,2024-10-24 04:25,2024-10-24 06:20,контейнера,84.0,84 шт,167.0,3.2,2024-10-24 06:20,2024-10-25 00:05,контейнера,167.0,167 шт,330.0,3.4,2024-10-25 03:05,2025-09-30_1038_
Ситка,1,2024-10-20 21:00,2024-10-20 22:00,,,в балласте,,,,,2024-10-21 19:15,2024-10-23 00:10,ячмень,5300.0,5300 т,,,2024-10-25 15:00,2025-09-30_1038_
Сарина,2,2024-10-25 03:00,2024-10-25 06:30,,,,,,,,,,контейнера,35.0,35 шт,70.0,,2024-10-25 18:35,2025-09-30_1038_
Сарир,23,2024-10-13 13:00,2024-10-24 19:35,,,,,,,,2024-10-25 13:40,2024-10-27 15:30,ячмень,6500.0,6500 т,,4.6,2024-10-28 02:35,2025-09-30_1038_
Тарадис,1,2024-10-24 20:55,2024-10-26 19:40,2024-10-26 21:30,2024-10-27 01:15,ген.груз,1400.0,1400,,,2024-10-27 17:00,2024-10-28 11:35,ячмень,3100.0,3100 т.,,,2024-10-28 20:00,2025-09-30_1038_
Тина,23,2024-10-13 21:10,2024-10-24 22:05,,,,,,,,2024-10-28 03:40,2024-10-29 06:00,ячмень,4700.0,4700 т,,,2024-10-29 22:40,2025-09-30_1038_
GC Berkut,1,2024-10-29 01:00,2024-10-29 01:50,2024-10-29 03:25,2024-10-29 05:45,контейнера,90.0,90 шт.,109.0,3.2,2024-10-29 05:45,2024-10-29 23:05,контейнера,162.0,162 шт.,266.0,4.0,2024-10-30 02:00,2025-09-30_1038_
GC Barys,2,2024-10-29 06:30,2024-10-29 07:50,2024-10-29 10:55,2024-10-29 11:00,контейнера,3.0,3 шт,4.0,3.4,2024-10-29 11:00,2024-10-30 04:15,контейнера,152.0,152 шт.,202.0,3.8,2024-10-30 06:50,2025-09-30_1038_
Флестина-2,3,2024-10-29 19:30,2024-10-29 21:30,2024-10-29 23:10,2024-10-30 07:20,контейнера / авто,430.0,430 т.,,,,,,,,,,2024-10-30 14:55,2025-09-30_1038_
GC Sunkar,1,2024-10-29 13:00,2024-10-30 02:30,2024-10-30 04:15,2024-10-30 04:25,контейнера,2.0,2 шт,4.0,3.0,2024-10-30 09:30,2024-10-31 06:50,контейнера,177.0,177 шт,348.0,3.7,2024-10-31 10:55,2025-09-30_1038_
Нардис,23,2024-10-14 04:20,2024-10-28 03:40,2024-10-28 09:15,2024-10-28 18:00,ген.груз,,,,,2024-10-29 23:00,2024-10-30 18:30,ячмень,3500.0,3500 т.,,4.1,2024-10-31 16:00,2025-09-30_1038_
Деляар,23,2024-10-15 19:00,2024-10-30 00:20,2024-10-30 05:45,2024-10-31 06:15,ген.груз,,,,,2024-11-01 01:40,2024-11-01 17:45,ячмень,2800.0,2800 т,,,2024-11-02 01:15,2025-09-30_1038_
Омский -103,6,2024-10-31 00:00,2024-10-31 23:55,,,,,,,,2024-11-01 15:00,2024-11-02 10:30,ячмень,3000.0,3000 т.,,,2024-11-02 14:30,2025-09-30_1038_
Сабрина,2,2024-10-30 18:00,2024-10-30 19:35,,,в балласте,,,,,2024-10-31 17:00,2024-11-01 07:35,ячмень,2500.0,2500 т,,,2024-11-02 19:10,2025-09-30_1038_
Касра-1,22,2024-10-18 11:00,2024-10-30 01:20,2024-10-30 04:30,2024-10-31 23:30,ген.груз,,,,,2024-11-02 02:20,2024-10-02 16:15,ячмень,1600.0,1600 т,,,2024-11-03 11:50,2025-09-30_1038_
GC Berkut,1,2024-11-03 02:40,2024-11-03 11:15,2024-11-03 13:45,2024-11-03 15:15,контейнера,34.0,34 шт.,41.0,3.2,2024-11-03 21:45,2024-11-04 15:45,контейнера,162.0,162 шт,310.0,4.0,2024-11-04 18:15,2025-09-30_1038_
Мелорин,22,2024-10-21 05:50,2024-10-30 09:40,2024-10-30 15:45,2024-11-01 03:30,ген.груз,,,,,2024-11-03 13:30,2024-10-04 04:10,ячмень,2700.0,2700 т,,,2024-11-04 21:00,2025-09-30_1038_
GC Barys,2,2024-11-03 10:00,2024-11-03 13:00,2024-11-03 14:30,2024-11-04 00:20,контейнера,51.0,51 шт.,74.0,3.4,2024-11-04 00:20,2024-11-04 19:50,контейнера,160.0,160 шт.,250.0,3.9,2024-11-08 13:35,2025-09-30_1038_
Туркестан,23,2024-10-22 12:20,2024-11-03 12:25,,,в балласте,,,,3.2,2024-11-04 13:35,2024-11-08 17:30,ячмень,4600.0,4600 т,,4.48,2024-11-09 01:00,2025-09-30_1038_
Сания,2,2024-11-01 23:00,2024-11-02 18:05,,,,,,,,2024-11-03 23:30,2024-11-09 03:00,ячмень,4300.0,4300,,3.8,2024-11-09 09:45,2025-09-30_1038_
Кангалассы,22,2024-11-09 02:00,2024-11-09 05:45,2024-11-09 09:10,2024-11-09 11:15,контейнера,43.0,43 шт.,,,2024-11-09 11:45,2024-11-09 15:00,контейнера,36.0,36 шт.,,,2024-11-09 18:30,2025-09-30_1038_
Виана,2,2024-11-09 08:30,2024-11-09 11:55,2024-11-09 17:30,2024-11-10 03:30,ген.груз,522.0,522 т.,,3.7,,,,,,,,2024-11-10 12:30,2025-09-30_1038_
GC Sunkar,1,2024-11-08 20:00,2024-11-08 21:10,2024-11-08 23:20,2024-11-09 03:40,контейнера,72.0,72 шт,77.0,2.9,2024-11-09 03:40,2024-11-10 02:15,контейнера,180.0,180 шт,350.0,3.6,2024-11-10 13:20,2025-09-30_1038_
Гита,22,2024-10-24 12:30,2024-11-08 14:50,,,,,,,,2024-11-09 03:30,2024-11-10 18:25,ячмень,3000.0,3000 т.,,2.9,2024-11-11 19:00,2025-09-30_1038_
Пано-04,23,2024-10-28 19:25,2024-11-09 02:05,,,,,,,,2024-11-11 04:45,2024-11-11 13:00,ячмень,3300.0,3300 т.,,3.7,2024-11-11 21:15,2025-09-30_1038_
Бекет-Ата,,2024-11-11 07:45,,,,в балласте,,,,3.15,,,,,,,,2024-11-12 15:20,2025-09-30_1038_
Сарина,3,2024-11-09 11:15,2024-11-10 16:55,,,,,,,,2024-11-11 07:15,2024-11-12 07:05,ячмень,2100.0,2100 т.,,4.0,2024-11-13 01:05,2025-09-30_1038_
Астрол-8,22,2024-11-02 21:30,2024-11-08 16:00,,,,,,,,2024-11-09 12:00,2024-11-10 17:55,ячмень,4450.0,4450 т.,,4.2,2024-11-13 04:00,2025-09-30_1038_
Омский-106,22,2024-10-29 18:00,2024-11-11 19:40,,,,,,,,2024-11-12 15:00,2024-11-13 06:00,ячмень,2800.0,2800 т.,,,2024-11-13 16:45,2025-09-30_1038_
GC Berkut,1,2024-11-12 09:30,2024-11-12 10:05,2024-11-12 13:30,2024-11-12 18:50,контейнера,165.0,165 шт,296.0,3.6,2024-11-12 18:50,2024-11-13 16:00,контейнера,171.0,171 шт.,300.0,4.0,2024-11-13 19:40,2025-09-30_1038_
Махмуд Рагимов,3,2024-11-10 02:00,2024-11-11 14:50,,,,,,,,2024-11-11 23:15,2024-11-13 08:45,ячмень,3200.0,3200 т.,,4.1,2024-11-13 23:20,2025-09-30_1038_
Омский-114,6,2024-11-10 09:15,2024-11-12 17:25,,,,,,,,2024-11-13 12:00,2024-11-14 09:25,ячмень,2900.0,2900 т.,,,2024-11-14 17:50,2025-09-30_1038_
GC Barys,2,2024-11-13 09:10,2024-11-13 10:40,2024-11-13 12:20,2024-11-13 19:20,контейнера,151.0,151 шт,255.0,3.6,2024-11-13 21:20,2024-11-14 22:45,контейнера,180.0,180 шт.,350.0,3.9,2024-11-15 01:55,2025-09-30_1038_
GC Sunkar,1,2024-11-14 07:00,2024-11-14 08:00,2024-11-14 11:20,2024-11-14 11:20,контейнера,1.0,1 шт,2.0,3.0,2024-11-14 11:25,2024-11-15 06:45,контейнера,155.0,155 шт.,226.0,3.9,2024-11-15 11:35,2025-09-30_1038_
Сепано,22,2024-10-31 17:55,2024-11-13 05:25,,,,,,,,2024-11-13 15:50,2024-11-14 11:10,ячмень,4750.0,4750 т.,,4.1,2024-11-15 16:55,2025-09-30_1038_
Бора,22,2024-11-08 18:00,2024-11-13 17:25,,,,,,,,2024-11-14 17:00,,ячмень,2000.0,2000 т,,3.6,2024-11-16 00:15,2025-09-30_1038_
Волго-балт-239,6,2024-11-15 08:30,2024-11-15 10:00,,,,,,,,2024-11-16 00:30,2024-11-16 19:00,ячмень,3000.0,3000 т,,3.8,2024-11-17 00:25,2025-09-30_1038_
Тарадис,23,2024-11-09 10:10,2024-11-14 19:30,,,,,,,,2024-11-15 18:50,2024-11-16 19:45,ячмень,3026.0,3026 т,,3.9,2024-11-18 03:00,2025-09-30_1038_
Волго-балт-228,6,2024-11-15 15:30,2024-11-15 22:25,,,,,,,,2024-11-17 16:00,2024-11-18 13:30,ячмень,2900.0,2900 т,,,2024-11-18 21:00,2025-09-30_1038_
Магтымгулы,1,2024-11-17 08:00,2024-11-18 01:55,,,,,,,,2024-11-18 08:00,2024-11-18 19:20,арматура,2700.0,2700 т.,,,2024-11-18 23:30,2025-09-30_1038_
Айлин,2,2024-11-12 16:25,2024-11-16 19:00,,,,,,,,2024-11-17 20:15,2024-11-19 19:00,ячмень,2800.0,2800 т.,,,2024-11-20 00:35,2025-09-30_1038_
Сомия,23,2024-11-09 09:30,2024-11-15 19:15,2024-11-16 02:00,2024-11-17 18:30,ген.груз,,,,,2024-11-18 11:10,2024-11-20 03:50,ячмень,6280.0,6280 т.,,4.5,2024-11-20 14:20,2025-09-30_1038_
Тоока,3,2024-11-16 19:00,2024-11-18 21:35,,,,,,,,2024-11-19 10:20,2024-11-20 18:00,ячмень,2900.0,2900 т.,,3.2,2024-11-21 01:00,2025-09-30_1038_
GC Barys,1,2024-11-20 14:30,2024-11-20 15:50,2024-11-20 17:25,2024-11-20 19:20,контейнера,48.0,48 шт,63.0,3.8,2024-11-20 21:30,2024-11-22 19:55,контейнера,147.0,147 шт.,252.0,3.8,2024-11-22 23:55,2025-09-30_1038_
Гусейн Джавид,2,2024-11-17 00:10,2024-11-20 18:50,,,,,,,,2024-11-21 09:10,2024-11-23 05:50,ячмень,4200.0,4200 т,,,2024-11-24 22:20,2025-09-30_1038_
Сарир,23,2024-11-09 21:45,2024-11-17 02:45,2024-11-17 23:30,2024-11-18 22:00,авто,124.0,124 ед.,,,2024-11-21 06:20,2024-11-23 03:00,ячмень,6500.0,6500 т.,,,2024-11-24 23:50,2025-09-30_1038_
Деляар,6,2024-11-22 04:15,2024-11-22 18:50,,,,,,,,,,ячмень,2800.0,2800 т.,,,2024-11-25 03:15,2025-09-30_1038_
Дельфин 1,3,2024-11-20 19:30,2024-11-20 21:45,2024-11-21 02:00,2024-11-23 00:30,ген.груз,578.0,578 т.,,,,,баррит,1800.0,1800 т.,,,2024-11-25 03:30,2025-09-30_1038_
GC Berkut,1,2024-11-21 07:25,2024-11-23 00:40,2024-11-23 03:30,2024-11-23 07:35,контейнера,126.0,126 шт.,246.0,3.35,2024-11-23 09:40,2024-11-25 06:30,контейнера,189.0,189 шт.,316.0,4.0,2024-11-25 12:00,2025-09-30_1038_
Кангалассы,22,2024-11-20 04:45,2024-11-25 01:30,,,контейнера,45.0,45 шт,,,,,,,,,,2024-11-25 19:30,2025-09-30_1038_
Туркестан,2,2024-11-23 01:50,2024-11-24 23:05,,,,,,,3.1,2024-11-25 09:20,2024-11-25 23:30,контейнера,149.0,149 шт.,167.0,4.2,2024-11-26 00:50,2025-09-30_1038_
Гильда,23,2024-11-13 07:50,2024-11-18 05:55,2024-11-18 09:15,2024-11-20 15:00,цемент / контейнера,5800.0,5800 т.,,,2024-11-25 01:40,2024-11-26 05:30,ячмень,6200.0,6200,,,2024-11-26 14:10,2025-09-30_1038_
GC Sunkar,1,2024-11-25 08:25,2024-11-25 12:40,2024-11-25 14:05,2024-11-25 20:00,контейнера,91.0,91 шт.,178.0,3.2,2024-11-25 21:25,2024-11-26 15:25,контейнера,170.0,170 шт.,330.0,3.8,2024-11-26 18:35,2025-09-30_1038_
Сабрина,3,2024-11-19 15:15,2024-11-25 16:05,,,,,,,,2024-11-26 10:50,2024-11-26 19:40,контейнера,48.0,48 шт,96.0,,2024-11-27 02:50,2025-09-30_1038_
Пано-05,23,2024-11-18 08:10,2024-11-25 06:20,,,,,,,,2024-11-26 15:00,2024-11-27 01:20,ячмень,3200.0,3200,,,2024-11-27 06:30,2025-09-30_1038_
Бекет-Ата,2,2024-11-25 23:00,2024-11-26 01:45,,,в балласте,,,,3.2,2024-11-26 03:40,2024-11-27 19:30,амиачная селитра,4304.3,4304.3,,4.2,2024-11-27 22:05,2025-09-30_1038_
Шаир Вагиф,1,2024-11-25 23:10,2024-11-26 19:20,2024-11-26 23:20,2024-11-27 18:45,контейнера/ген.груз,,,,,,,,,,,,2024-11-27 23:20,2025-09-30_1038_
Касра 1,2,2024-11-26 05:05,2024-11-27 04:10,,,,,,,,2024-11-27 11:10,2024-11-28 07:00,металл,2506.0,2506,,,2024-11-28 12:05,2025-09-30_1038_
Астрол-8,22,2024-11-23 20:50,2024-11-26 09:55,,,,,,,,2024-11-27 02:10,2024-11-30 03:45,ячмень,6200.0,6200,,,2024-11-30 16:50,2025-09-30_1038_
Волго-балт-239,6,2024-11-27 11:20,2024-11-27 13:50,,,,,,,,,,зерно,,,,,2024-11-30 17:45,2025-09-30_1038_
Пано-03,22,2024-11-23 23:40,2024-11-26 21:35,,,,,,,,2024-11-30 13:30,2024-12-01 05:00,ячмень,2800.0,2800,,,2024-12-01 17:45,2025-09-30_1038_
GC Barys,1,2024-11-30 19:00,2024-11-30 19:50,2024-11-30 22:30,2024-12-01 02:35,контейнера,78.0,78 шт.,124.0,3.4,2024-12-01 02:35,2024-12-01 19:10,контейнера,154.0,154 шт,300.0,3.9,2024-12-01 22:30,2025-09-30_1038_
GC Berkut,2,2024-11-30 19:30,2024-11-30 20:15,2024-11-30 23:05,2024-12-01 00:30,контейнера,38.0,38 шт.,54.0,2.95,2024-12-01 01:45,2024-12-02 00:40,контейнера,167.0,167 шт,258.0,3.95,2024-12-02 02:50,2025-09-30_1038_
Кангалассы,22,2024-12-01 18:40,2024-12-01 21:10,,,,,,,,,,,,,,,2024-12-02 14:30,2025-09-30_1038_
Каспиан Ариана,2,2024-12-02 14:00,2024-12-02 14:45,,,,,,,,,,,,,,,2024-12-04 02:00,2025-09-30_1038_
Эрика,22,2024-11-25 11:35,2024-11-30 19:15,,,,,,,,2024-12-01 14:20,2024-12-03 03:45,ячмень,2800.0,2800,,,2024-12-04 14:50,2025-09-30_1038_
Мелорин,3,2024-11-25 23:10,2024-11-30 22:30,2024-12-01 02:30,2024-12-02 23:00,генгруз,,,,,2024-12-03 11:30,2024-12-04 01:00,ячмень,2700.0,2700,,,2024-12-04 19:30,2025-09-30_1038_
Туркестан,23,2024-12-01 20:25,2024-12-03 11:40,,,,,,,,2024-12-04 05:20,2024-12-05 02:15,ячмень,4200.0,4200,,4.2,2024-12-05 08:20,2025-09-30_1038_
Сания,2,2024-11-26 11:00,2024-12-02 00:35,,,авто / контейнера,2220.0,2220 т,,,,,ячмень,6500.0,6500,,,2024-12-06 04:00,2025-09-30_1038_
Лара,23,2024-11-26 01:45,2024-12-04 13:00,,,,,,,,2024-12-05 11:20,2024-12-06 07:00,ячмень,2800.0,2800,,,2024-12-06 19:00,2025-09-30_1038_
GC Sunkar,1,2024-12-05 04:30,2024-12-05 05:15,2024-12-05 09:30,2024-12-05 16:30,контейнера,190.0,190 шт.,352.0,3.6,2024-12-05 17:35,2024-12-06 18:50,контейнера,172.0,172 шт.,312.0,3.8,2024-12-06 23:15,2025-09-30_1038_
Айлин,23,2024-11-27 01:00,2024-12-04 16:55,,,,,,,,2024-12-06 21:20,2024-12-07 07:50,ячмень,2850.0,2850,,,2024-12-07 16:50,2025-09-30_1038_
Сильвер Стар,6,2024-12-05 09:00,2024-12-05 10:25,,,,,,,,,,,,,,,2024-12-07 17:50,2025-09-30_1038_
Кангалассы,22,2024-12-06 02:00,2024-12-07 17:30,,,,,,,,,,контейнера,60.0,60 шт,,,2024-12-12 13:35,2025-09-30_1038_
GC Barys,2,2024-12-06 15:30,2024-12-06 16:50,2024-12-06 21:25,2024-12-07 07:20,контейнера,163.0,163 шт,297.0,3.8,2024-12-07 09:40,2024-12-10 12:00,контейнера,185.0,185 шт.,350.0,3.9,2024-12-12 13:55,2025-09-30_1038_
GC Berkut,1,2024-12-06 16:45,2024-12-07 00:05,2024-12-07 02:10,2024-12-07 09:10,контейнера,86.0,86 шт.,160.0,3.35,2024-12-07 10:00,2024-12-12 10:20,контейнера,174.0,174 шт.,312.0,3.9,2024-12-12 15:30,2025-09-30_1038_
Лауга,6,2024-12-05 18:00,2024-12-07 18:25,,,,,,,,2024-12-08 08:25,,ячмень,2700.0,2700,,,2024-12-12 15:40,2025-09-30_1038_
Тиям,22,2024-12-03 09:10,2024-12-05 12:20,,,,,,,,2024-12-06 05:40,,ячмень,3734.95,3734.95,,,2024-12-12 21:35,2025-09-30_1038_
Сарина,22,2024-11-27 03:40,2024-12-06 21:20,,,,,,,,,,зерно+ контейнера,2500.0,2500+ 20 шт,,,2024-12-12 21:55,2025-09-30_1038_
Бекет-Ата,2,2024-12-05 15:30,2024-12-05 19:10,,,,,,,,2024-12-05 22:25,2024-12-12 23:00,аммиачная селитра,4306.3,4306.3,,4.2,2024-12-13 02:00,2025-09-30_1038_
Бора,3,2024-12-06 23:00,2024-12-12 16:55,,,,,,,,2024-12-12 21:40,2024-12-14 02:00,кокс,2000.0,2000,,,2024-12-15 13:00,2025-09-30_1038_
Касра-1,1,2024-12-13 05:30,2024-12-13 07:20,,,,,,,,2024-12-13 22:20,2024-12-15 16:40,металл,2000.0,2000,,4.2,2024-12-17 12:50,2025-09-30_1038_
Туркестан,2,2024-12-15 12:40,2024-12-15 13:45,,,в балласте,,,,3.1,2024-12-16 21:40,2024-12-17 12:05,контейнера,158.0,158 шт.,167.0,4.2,2024-12-18 12:10,2025-09-30_1038_
Паранд,6,2024-12-06 18:50,2024-12-12 19:55,,,,,,,,2024-12-13 11:35,2024-12-16 01:05,ячмень,4650.0,4650,,,2024-12-20 04:15,2025-09-30_1038_
Шилан,22,2024-12-02 14:00,2024-12-12 23:20,,,,,,,,,,ячмень,2900.0,2900т,,,2024-12-20 19:40,2025-09-30_1038_
Сепано,22,2024-11-28 02:15,2024-12-12 18:10,,,,,,,,2024-12-13 14:25,2024-12-17 14:05,ячмень,4700.0,4700т,,,2024-12-20 21:30,2025-09-30_1038_
GC Berkut,2,2024-12-20 12:00,2024-12-20 13:00,2024-12-20 14:50,2024-12-20 20:05,контейнера,76.0,76 шт.,150.0,3.5,2024-12-20 21:15,2024-12-23 19:00,контейнера,178.0,178 шт.,352.0,3.95,2024-12-24 03:05,2025-09-30_1038_
GC Barys,1,2024-12-20 11:30,2024-12-20 12:35,2024-12-20 14:00,2024-12-20 16:00,контейнера,19.0,19 шт.,33.0,3.8,2024-12-20 16:25,2024-12-24 02:45,контейнера,176.0,176 шт.,350.0,3.9,2024-12-24 06:00,2025-09-30_1038_
Мир,2,2024-12-12 02:40,2024-12-15 16:10,,,,,,,,2024-12-16 21:50,2024-12-21 05:10,кокс / контейнера,3000.0,3000т и 18 шт,,4.3,2024-12-24 08:55,2025-09-30_1038_
Сомия,23,2024-12-02 14:30,2024-12-20 22:45,2024-12-21 02:10,2024-12-21 11:10,цемент,1100.0,1100 т.,,,2024-12-22 10:45,2024-12-24 15:20,зерно,6200.0,6200т,,,2024-12-24 23:15,2025-09-30_1038_
Гусейн Джавид,1,2024-12-20 19:00,2024-12-21 15:35,,,,,,,,2024-12-24 06:35,2024-12-25 05:15,контейнера,173.0,173 шт,,,2024-12-25 08:30,2025-09-30_1038_
Кангалассы,22,2024-12-24 09:00,2024-12-25 00:05,2024-12-25 02:20,2024-12-25 04:55,контейнера,44.0,44 шт.,,,2024-12-25 05:50,2024-12-25 11:00,контейнера,44.0,44 шт.,,,2024-12-25 16:10,2025-09-30_1038_
Омский-111,6,2024-12-12 08:00,2024-12-24 07:10,,,,,,,,2024-12-24 23:00,2024-12-25 15:25,зерно,2800.0,2800т,,,2024-12-25 21:45,2025-09-30_1038_
Парин,22,2024-12-07 06:30,2024-12-20 14:35,,,,,,,,2024-12-21 14:40,2024-12-25 20:30,зерно,5000.0,5000т,,,2024-12-26 02:00,2025-09-30_1038_
GC Sunkar,2,2024-12-24 01:20,2024-12-24 09:45,2024-12-24 11:45,2024-12-24 23:45,контейнера,150.0,150 шт.,234.0,3.6,2024-12-24 23:55,2024-12-26 03:35,контейнера,176.0,176 шт.,352.0,3.6,2024-12-26 05:40,2025-09-30_1038_
Тоока,22,2024-12-03 23:45,2024-12-25 02:45,,,,,,,,2024-12-25 14:00,2024-12-26 03:20,зерно,3000.0,3000т,,,2024-12-26 15:30,2025-09-30_1038_
Генерал Асланов,1,2024-12-24 12:00,2024-12-25 09:50,2024-12-25 13:40,2024-12-25 20:30,контейнера,,,,,2024-12-25 22:00,2024-12-25 19:40,контейнера,138.0,138 шт,,3.4,2024-12-27 01:15,2025-09-30_1038_
Пано-01,6,2024-12-24 10:00,2024-12-25 23:00,,,,,,,,2024-12-26 18:30,2024-12-27 11:50,зерно,2800.0,2800т,,,2024-12-27 16:30,2025-09-30_1038_
Туркестан,2,2024-12-26 02:30,2024-12-26 06:30,2024-12-26 09:30,2024-12-26 18:45,контейнера,98.0,98 шт,173.0,3.2,2024-12-26 22:45,2024-12-27 15:30,контейнера,158.0,158 шт,168.0,4.2,2024-12-27 18:25,2025-09-30_1038_
Сабрина,23,2024-12-07 02:10,2024-12-25 18:15,,,,,,,,2024-11-27 10:55,2024-12-27 19:00,зерно,2500.0,2500т,,,2024-12-27 23:45,2025-09-30_1038_
Омский-118,23,2024-12-07 22:30,2024-12-26 20:05,,,,,,,,2024-12-28 01:00,2024-12-28 15:20,зерно,3000.0,3000т,,,2024-12-28 21:10,2025-09-30_1038_
Бекет-Ата,1,2024-12-21 00:00,2024-12-27 01:45,,,в балласте,,,,3.1,2024-12-27 03:20,2024-12-28 18:40,аммиачная селитра,4304.3,"4304,3 т",,4.2,2024-12-28 22:30,2025-09-30_1038_
GC Barys,1,2024-12-28 18:30,2024-12-28 23:05,2024-12-29 09:30,2024-12-29 19:00,контейнера,100.0,100 шт,179.0,3.9,,,контейнера,155.0,155 шт.,308.0,,2024-12-29 22:30,2025-09-30_1038_
Кангалассы,22,2024-12-29 03:45,2024-12-29 12:45,2024-12-29 15:30,2024-12-29 19:00,контейнера,46.0,46 шт,,,,,контейнера,40.0,40 шт,,,2024-12-30 06:50,2025-09-30_1038_
GC Berkut,2,2024-12-28 16:45,2024-12-28 17:50,2024-12-29 09:00,2024-12-29 16:30,контейнера,117.0,117 шт,220.0,3.3,2024-12-29 17:20,2024-12-30 22:10,контейнера,177.0,177 шт.,350.0,3.8,2024-12-31 01:20,2025-09-30_1038_
Леди Л,22,2024-12-24 22:00,2024-12-26 03:25,,,,,,,,2024-12-26 17:25,2024-12-31 07:40,ячмень,3780.0,3780т,,,2024-12-31 12:30,2025-09-30_1038_
Астрол-8,23,2024-12-11 01:15,2024-12-29 01:50,,,,,,,,2024-12-29 21:00,2024-12-31 11:05,ячмень,6300.0,6300т,,,2024-12-31 16:45,2025-09-30_1038_
Персиан София,1,2024-12-26 04:20,2024-12-31 07:40,,,в балласте,,,,,2024-12-31 11:50,2024-12-31 22:00,металл,2300.0,2300 т.,,4.0,2025-01-02 11:00,2025-09-30_1038_
Гильда,3,2024-12-11 10:00,2024-12-24 05:20,2024-12-24 10:15,2024-12-30 22:20,контейнера/ авто,3050.0,3050 т.,,,2025-01-01 04:00,2025-01-02 05:00,ячмень,6500.0,6500,,4.5,2025-01-02 13:30,2025-09-30_1038_
GC Sunkar,2,2024-12-31 08:50,2024-12-31 10:00,2024-12-31 11:15,2024-12-31 12:00,контейнера,14.0,14 шт.,16.0,3.2,2024-12-31 12:00,2025-01-02 07:40,контейнера,175.0,175 шт.,350.0,3.7,2025-01-02 14:45,2025-09-30_1038_
Пано-04,6,2024-12-20 10:30,2025-01-01 00:50,,,,,,,,,,зерно,3000.0,3000 т,,,2025-01-02 20:15,2025-09-30_1038_
GC Barys,3,2024-12-28 18:30,2024-12-31 13:30,2024-12-29 09:30,2024-12-29 19:00,контейнера,100.0,100 шт,179.0,3.9,2024-12-31 14:20,2025-01-02 12:40,контейнера,155.0,155 шт.,308.0,3.9,2025-01-02 22:15,2025-09-30_1038_
Генерал Асланов,2,2024-12-31 18:30,2024-12-31 19:50,2025-01-02 15:00,2025-01-02 21:50,контейнера,,,,,2025-01-02 21:50,2025-01-03 18:50,контейнера,151.0,151 шт,,3.3,2025-01-03 21:40,2025-09-30_1038_
Омский-138,23,2024-12-12 05:40,2025-01-02 16:25,,,,,,,,2025-01-03 13:15,2025-01-03 22:45,ячмень,3000.0,3000 т,,3.4,2025-01-04 02:50,2025-09-30_1038_
Туркестан,1,2025-01-02 13:00,2025-01-02 14:15,2025-01-02 17:20,2025-01-02 18:30,контейнера,10.0,10 шт,13.0,3.2,2025-01-03 02:20,2025-01-04 05:50,контейнера,156.0,156 шт.,176.0,4.2,2025-01-04 11:25,2025-09-30_1038_
Бадада,6,2024-12-24 06:00,2025-01-02 21:15,,,,,,,,2025-01-03 13:15,2025-01-04 08:00,зерно,3000.0,3000 т,,,2025-01-04 15:40,2025-09-30_1038_
Джахан-1,1,2025-01-02 13:50,2025-01-04 12:55,,,,,,,,2025-01-05 05:30,2025-01-05 07:30,металл,703.0,703 тн.,,,2025-01-05 16:45,2025-09-30_1038_
Патрис,23,2024-12-12 12:15,2025-01-02 18:30,2025-01-03 09:00,2025-01-03 19:00,ген груз / авто,1950.0,1950 тн,,,2025-01-04 03:30,2025-01-04 20:00,ячмень,3500.0,3500 т,,,2025-01-05 22:30,2025-09-30_1038_
Бора,3,2025-01-02 18:50,2025-01-02 22:35,,,,,,,,2025-01-03 13:00,2025-01-05 13:30,кокс,2000.0,2000 т,,,2025-01-05 23:55,2025-09-30_1038_
Гусейн Джавид,2,2025-01-02 17:45,2025-01-03 22:35,,,,,,,,2025-01-04 05:00,2025-01-05 03:50,контейнера,135.0,135 шт.,,,2025-01-06 07:20,2025-09-30_1038_
GC Berkut,22,2025-01-03 20:30,2025-01-04 03:50,,,в балласте,,,,3.1,2025-01-04 06:10,2025-01-06 03:40,контейнера,175.0,175 шт,350.0,3.9,2025-01-06 11:35,2025-09-30_1038_
Кангалассы,23,2025-01-05 15:40,2025-01-05 23:40,2025-01-06 02:30,2025-01-06 04:25,контейнера,40.0,40 шт.,,,2025-01-06 05:30,2025-01-06 11:30,контейнера,61.0,61 шт.,,3.9,2025-01-06 14:30,2025-09-30_1038_
Эрика,6,2024-12-24 14:45,2025-01-05 09:20,,,,,,,,2025-01-05 22:20,2025-01-06 17:20,ячмень,2700.0,2700 т,,,2025-01-06 23:30,2025-09-30_1038_
Касра-1,1,2025-01-02 19:55,2025-01-05 18:20,,,,,,,,2025-01-06 04:20,,металл,2300.0,2300 т,,,2025-01-07 04:00,2025-09-30_1038_
GC Sunkar,2,2025-01-06 08:30,2025-01-06 09:50,2025-01-06 13:50,2025-01-06 15:20,контейнера,37.0,37 шт.,49.0,2.8,2025-01-06 15:35,2025-01-07 11:35,контейнера,153.0,153 шт,296.0,3.85,2025-01-07 13:20,2025-09-30_1038_
Дельфин-1,3,2025-01-02 18:30,2025-01-06 01:40,2025-01-06 05:50,2025-01-07 10:00,контейнера / паллеты,1025.0,1025 т.,,,,,в балласте,,,,,2025-01-07 15:00,2025-09-30_1038_
Волго-Балт-239,23,2024-12-20 11:00,2025-01-06 15:20,,,,,,,,2025-01-07 09:00,2025-01-07 18:30,ячмень,3000.0,3000 т,,,2025-01-08 14:20,2025-09-30_1038_
Волго-Балт-228,6,2024-12-28 20:45,2025-01-07 00:00,,,в балласте,,,,,2025-01-07 17:00,2025-01-08 12:00,зерно,3000.0,3000 т,,,2025-01-08 14:55,2025-09-30_1038_
Волго-Балт -216,2,2025-01-06 09:00,2025-01-07 16:20,,,,,,,,2025-01-08 11:45,2025-01-10 18:30,зерно,3010.0,3010 т,,,2025-01-10 23:55,2025-09-30_1038_
Навис-6,23,2024-12-29 22:10,2025-01-08 15:30,,,,,,,,2025-01-08 23:00,2025-01-09 19:45,ячмень,4300.0,4300,,,2025-01-11 00:15,2025-09-30_1038_
Бекет-Ата,1,2025-01-04 07:30,2025-01-07 15:50,,,в балласте,,,,2.9,2025-01-07 22:00,2025-01-12 12:35,аммиачная селитра,4304.3,4304.3,,4.2,2025-01-12 18:20,2025-09-30_1038_
Генерал Асланов,2,2025-01-10 20:20,2025-01-11 01:00,,,в балласте,,,,3.5,2025-01-11 10:20,2025-01-12 16:10,контейнера,170.0,170 шт,,,2025-01-12 19:35,2025-09-30_1038_
Мелорин,23,2024-12-21 20:30,2025-01-06 12:35,2025-01-06 16:00,2025-01-11 06:30,ген груз,1950.0,1950 тн,,,2025-01-12 02:30,2025-01-12 14:35,ячмень,2700.0,2700 т,,,2025-01-12 23:50,2025-09-30_1038_
GC Barys,22,2025-01-10 10:15,2025-01-10 14:55,2025-01-10 17:20,2025-01-11 23:40,контейнера,85.0,85 шт.,163.0,3.5,2025-01-12 02:45,2025-01-13 06:50,контейнера,177.0,177 шт,350.0,3.85,2025-01-13 12:00,2025-09-30_1038_
GC Berkut,2,2025-01-10 23:50,2025-01-12 05:10,2025-01-12 11:00,2025-01-12 11:50,контейнера,10.0,10 шт,20.0,3.5,2025-01-12 11:50,2025-01-13 17:50,контейнера,176.0,176 шт.,350.0,3.9,2025-01-13 20:00,2025-09-30_1038_
Гусейн Джавид,1,2025-01-11 00:20,2025-01-12 19:10,2025-01-12 22:00,2025-01-13 02:30,контейнера,,,,,2025-01-13 14:40,2025-01-14 07:00,контейнера,140.0,140 шт,,4.3,2025-01-14 11:15,2025-09-30_1038_
Туркестан,2,2025-01-12 17:00,2025-01-13 21:50,2025-01-13 23:30,2025-01-14 04:35,контейнера,52.0,52 шт,80.0,3.4,2025-01-14 09:45,2025-01-14 22:10,контейнера,151.0,151 шт,185.0,4.2,2025-01-15 11:15,2025-09-30_1038_
Мала,1,2024-12-26 23:45,2025-01-12 21:45,2025-01-13 00:00,2025-01-13 14:00,ген.груз.,700.0,700 т.,,,2025-01-14 07:25,2025-01-14 22:10,ячмень,2800.0,2800 т,,,2025-01-15 18:45,2025-09-30_1038_
Сания,23,2024-12-24 18:50,2025-01-07 05:20,2025-01-07 10:00,2025-01-10 05:30,ген груз / авто,2173.0,2173 тн,,,2025-01-14 13:15,2025-01-15 04:35,ячмень,6450.0,6450 т,,4.6,2025-01-15 23:25,2025-09-30_1038_
Си Авангард,3,2025-01-10 22:30,2025-01-13 21:05,,,,,,,,2025-01-14 14:00,2025-01-15 17:00,кокс,3100.0,3100 тн.,,3.0,2025-01-16 01:05,2025-09-30_1038_
Омский-114,1,2024-12-23 21:00,2025-01-12 23:55,,,,,,,,2025-01-13 18:40,2025-01-16 11:00,ячмень,3000.0,3000 т,,,2025-01-16 13:50,2025-09-30_1038_
Бегей,3,2025-01-13 01:00,2025-01-16 02:05,,,,,,,,2025-01-16 13:45,2025-01-17 04:10,кокс,1900.0,1900 т.,,,2025-01-17 15:10,2025-09-30_1038_
GC Sunkar,22,2025-01-12 23:45,2025-01-15 12:20,2025-01-15 14:15,2025-01-15 16:00,контейнера,28.0,28 шт,42.0,2.8,2025-01-16 02:10,2025-01-19 17:50,контейнера,170.0,170 шт.,330.0,3.6,2025-01-19 19:30,2025-09-30_1038_
Генерал Асланов,1,2025-01-16 19:00,2025-01-19 16:55,2025-01-19 19:15,2025-01-20 06:00,контейнера,78.0,78 шт.,,,2025-01-20 06:10,2025-01-22 12:00,контейнера,119.0,119 шт.,,3.3,2025-01-22 14:45,2025-09-30_1038_
Сильвер Стар,6,2025-01-04 09:30,2025-01-15 22:25,,,,,,,,2025-01-17 13:15,2025-01-22 00:45,ячмень,2800.0,2800 т.,,4.0,2025-01-22 15:15,2025-09-30_1038_
Тиям,23,2024-12-27 01:40,2025-01-19 15:00,,,в балласте,,,,,2025-01-20 11:20,2025-01-22 03:30,ячмень,3300.0,3300 т,,,2025-01-22 21:30,2025-09-30_1038_
Бекет-Ата,1,2025-01-19 10:30,2025-01-19 11:35,,,в балласте,,,,3.1,2025-01-19 14:50,2025-01-22 22:10,аммиачная селитра,4304.3,"4304,3 т",,4.2,2025-01-24 22:25,2025-09-30_1038_
Казак,6,2025-01-07 13:45,2025-01-22 17:10,,,в балласте,,,,,2025-01-23 14:00,2025-01-24 14:10,ячмень,4198.0,4198 т.,,4.0,2025-01-24 22:50,2025-09-30_1038_
Сарир,23,2024-12-27 16:00,2025-01-20 01:05,,,в балласте,,,,,2025-01-22 23:30,2025-01-23 23:40,ячмень,6250.0,6250 т,,,2025-01-25 03:20,2025-09-30_1038_
Баку Стар,1,2025-01-17 05:30,2025-01-19 17:20,,,,,,,,2025-01-21 20:10,2025-01-23 23:00,ячмень,2960.0,2960 т,,,2025-01-25 13:10,2025-09-30_1038_
GC Berkut,1,2025-01-22 14:45,2025-01-22 16:25,2025-01-22 18:50,2025-01-25 07:35,контейнера,175.0,175 шт.,348.0,3.9,2025-01-25 10:40,2025-01-26 11:10,контейнера,175.0,175 шт,350.0,4.0,2025-01-26 13:45,2025-09-30_1038_
Каспиан Ариана,6,2025-01-10 15:00,2025-01-25 02:00,,,,,,,,2025-01-25 16:00,2025-01-26 11:15,ячмень,2900.0,2900 т.,,3.4,2025-01-26 16:50,2025-09-30_1038_
GC Barys,22,2025-01-25 04:00,2025-01-25 05:25,2025-01-25 07:00,2025-01-25 16:25,контейнера,120.0,120 шт.,230.0,3.45,2025-01-25 21:20,2025-01-26 17:40,контейнера,155.0,155 шт.,310.0,3.85,2025-01-26 21:20,2025-09-30_1038_
Сомия,23,2025-01-06 03:20,2025-01-22 22:50,,,в балласте,,,,,2025-01-25 05:00,2025-01-26 11:35,ячмень,6500.0,6500 т.,,,2025-01-27 00:30,2025-09-30_1038_
Туркестан,2,2025-01-25 01:00,2025-01-25 21:00,2025-01-25 22:50,2025-01-26 00:00,контейнера,31.0,31 шт,35.0,4.2,2025-01-26 15:50,2025-01-27 05:45,контейнера,133.0,133 шт.,198.0,4.1,2025-01-27 11:10,2025-09-30_1038_
Гусейн Джавид,1,2025-01-25 17:00,2025-01-26 14:45,2025-01-26 17:20,2025-01-26 17:50,,,,,,2025-01-26 17:50,2025-01-27 13:30,контейнера,133.0,133 шт,,4.4,2025-01-27 16:50,2025-09-30_1038_
Кангалассы,22,2025-01-25 12:35,2025-01-26 22:50,,,контейнера,46.0,46 шт,,,2025-01-27 06:15,2025-01-27 15:10,контейнера,50.0,50 шт,,3.8,2025-01-27 17:20,2025-09-30_1038_
Лара,6,2025-01-13 06:15,2025-01-26 17:20,,,,,,,,2025-01-27 10:00,2025-01-28 02:30,зерно,2700.0,2700 т,,3.2,2025-01-28 06:15,2025-09-30_1038_
Патрис,1,2025-01-16 05:00,2025-01-27 18:25,2025-01-27 21:00,2025-01-27 22:30,контейнера,,,,,2025-01-28 02:00,2025-01-28 07:45,контейнера,52.0,52 шт.,,,2025-01-28 12:00,2025-09-30_1038_
Джахан-1,1,2025-01-25 19:35,2025-01-28 13:20,,,в балласте,,,,,2025-01-28 17:00,2025-01-28 20:00,металл,500.0,500 т.,,3.7,2025-01-28 22:20,2025-09-30_1038_
GC Sunkar,22,2025-01-26 08:00,2025-01-27 11:45,2025-01-27 13:50,2025-01-27 22:25,контейнера,136.0,136 шт.,211.0,3.0,2025-01-28 02:30,2025-01-29 10:50,контейнера,181.0,181 шт.,350.0,3.8,2025-01-29 13:40,2025-09-30_1038_
Нардис,23,2025-01-06 09:25,2025-01-27 01:25,2025-01-27 04:55,2025-01-28 18:00,ген.груз.,3303.0,3303 т,,,2025-01-28 22:00,2025-01-29 10:45,ячмень,3300.0,3300 т,,,2025-01-29 18:00,2025-09-30_1038_
Виста,6,2025-01-10 23:00,2025-01-26 01:05,2025-01-26 03:00,2025-01-27 06:15,цемент,3150.0,3150т.,,,2025-01-28 10:45,2025-01-29 18:00,ячмень,3100.0,3100 т,,,2025-01-29 21:10,2025-09-30_1038_
Бора,3,2025-01-25 14:30,2025-01-28 10:30,2025-01-28 12:00,2025-01-29 10:35,ген.груз,1200.0,1200 т.,,,2025-01-29 13:30,2025-01-30 05:40,кокс,1988.0,1988 т,,4.2,2025-01-30 15:35,2025-09-30_1038_
Сормовский-3056,2,2025-01-27 17:30,2025-01-28 00:05,,,в балласте,,,,,2025-01-28 13:00,2025-01-30 16:00,ячмень,3000.0,3000 т.,,,2025-01-30 22:15,2025-09-30_1038_
Тарадис,22,2025-01-07 15:50,2025-01-28 21:25,2025-01-29 02:00,2025-01-29 14:45,ген.груз,,,,,2025-01-30 03:50,2025-01-30 16:10,"ячмень, контейнер",3350.0,3350 т,,,2025-01-31 05:00,2025-09-30_1038_
Касра-1,23,2025-01-15 09:55,2025-01-29 22:25,,,,,,,,,,ячмень,1600.0,1600 т,,,2025-01-31 13:00,2025-09-30_1038_
Кангалассы,22,2025-01-31 01:00,2025-01-31 05:45,2025-01-31 09:00,2025-01-31 11:30,контейнера,,,,,2025-01-31 11:30,2025-02-01 05:30,контейнера,,,,4.5,2025-02-01 09:00,2025-09-30_1038_
GC Barys,1,2025-01-30 20:00,2025-01-30 21:30,2025-01-30 22:25,2025-01-31 02:15,контейнера,57.0,57шт.,82.0,3.2,2025-01-31 02:15,2025-02-01 10:25,контейнера,176.0,176 шт,350.0,3.85,2025-02-01 14:00,2025-09-30_1038_
Сорен,23,2025-01-11 23:30,2025-01-31 15:10,,,,,,,,2025-02-01 04:15,2025-02-01 17:00,ячмень,3000.0,3000 т,,,2025-02-01 23:10,2025-09-30_1038_
Парин,1,2025-01-12 10:00,2025-01-29 00:00,2025-01-29 01:30,2025-01-29 22:40,ген.груз,,,,,2025-01-30 05:30,2025-02-01 22:00,ячмень / контейнера,4500.0,4500 т / 33 шт.,,,2025-02-02 01:15,2025-09-30_1038_
Бекет-Ата,1,2025-01-30 01:40,2025-01-30 23:15,,,в балласте,,,,3.0,2025-01-31 01:40,2025-02-02 06:30,аммиачная селитра,4304.3,"4304,3 т",,4.2,2025-02-02 09:10,2025-09-30_1038_
GC Berkut,2,2025-01-31 08:30,2025-01-31 10:00,2025-01-31 11:45,2025-02-01 00:15,контейнера,142.0,142 шт,253.0,3.9,2025-02-01 02:30,2025-02-02 11:00,контейнера,176.0,176 шт,352.0,39.0,2025-02-02 13:00,2025-09-30_1038_
Гусейн Джавид,2,2025-02-02 13:00,2025-02-02 14:15,2025-02-02 17:15,2025-02-02 22:05,контейнера,65.0,65 шт,,,2025-02-02 22:05,2025-02-03 12:10,контейнера,136.0,136 шт,,3.3,2025-02-03 17:00,2025-09-30_1038_
Гильда,23,2025-01-13 07:15,2025-02-01 11:35,2025-02-01 14:30,2025-02-01 20:00,ген.груз,,,,,2025-02-02 11:30,2025-02-03 14:40,ячмень,6500.0,6500 т,,,2025-02-03 21:45,2025-09-30_1038_
Волго-Дон 235,6,2025-01-13 15:15,2025-02-01 16:15,,,,,,,,2025-02-02 04:00,2025-02-03 15:30,ячмень,4900.0,4900 т,,,2025-02-03 23:05,2025-09-30_1038_
Мир,3,2025-02-01 07:45,2025-02-02 02:55,,,,,,,,2025-02-02 13:30,2025-02-04 05:00,кокс,2519.0,2519 т,,,2025-02-04 10:00,2025-09-30_1038_
GC Sunkar,22,2025-02-02 08:30,2025-02-02 09:40,,,в балласте,,,,2.8,2025-02-02 11:30,2025-02-04 19:05,контейнера,177.0,177 шт,350.0,3.9,2025-02-04 23:50,2025-09-30_1038_
Туркестан,23,2025-02-01 14:00,2025-02-03 22:20,,,в балласте,,,,3.2,2025-02-04 11:40,2025-02-05 03:15,ячмень,4200.0,4200 т,,4.2,2025-02-05 09:20,2025-09-30_1038_
Пано-03,1,2025-01-26 07:35,2025-02-03 19:20,,,,,,,,2025-02-04 00:50,2025-02-05 15:15,ячмень,2730.0,2730 т,,,2025-02-05 22:10,2025-09-30_1038_
Астрол-8,1,2025-01-14 01:45,2025-02-04 00:45,,,,,,,,2025-02-04 16:50,2025-02-06 04:00,ячмень,6030.0,6030 т,,,2025-02-06 17:15,2025-09-30_1038_
Мелорин,23,2025-01-25 19:10,2025-02-05 10:50,,,в балласте,,,,,2025-02-06 01:00,2025-02-06 11:35,ячмень,3000.0,3000 т.,,,2025-02-06 18:20,2025-09-30_1038_
Генерал Асланов,2,2025-02-05 09:00,2025-02-05 10:05,2025-02-05 11:35,2025-02-05 17:30,контейнера,86.0,86 шт.,,,2025-02-05 18:25,2025-02-06 19:15,контейнера,140.0,140 шт.,,,2025-02-06 23:30,2025-09-30_1038_
GC Barys,22,2025-02-06 05:30,2025-02-06 06:45,2025-02-06 09:45,2025-02-06 18:55,контейнера,117.0,117 шт,184.0,3.4,2025-02-06 23:30,2025-02-07 19:10,контейнера,180.0,180 шт,350.0,3.9,2025-02-07 23:45,2025-09-30_1038_
Сания,23,2025-01-27 17:00,2025-02-05 00:55,2025-02-05 04:00,2025-02-06 05:30,ген.груз,3939.0,3939 т.,,,2025-02-06 22:10,2025-02-08 17:00,ячмень,6250.0,6250 т.,,4.6,2025-02-08 21:50,2025-09-30_1038_
Каспиан Шива,1,2025-02-04 10:15,2025-02-06 21:00,,,в балласте,,,,,2025-02-07 11:00,2025-02-09 02:00,ячмень,2652.0,2652 т.,,2.9,2025-02-09 05:50,2025-09-30_1038_
GC Berkut,3,2025-02-06 20:50,2025-02-07 00:50,2025-02-07 03:05,2025-02-07 06:15,контейнера,55.0,55 шт.,80.0,3.6,2025-02-07 17:50,2025-02-09 03:40,контейнера,176.0,176 шт,352.0,3.95,2025-02-09 06:20,2025-09-30_1038_
Навис-6,23,2025-01-18 20:00,2025-02-06 07:00,,,,,,,,,,ячмень,,,,,2025-02-09 07:45,2025-09-30_1038_
Бекет-Ата,2,2025-02-07 11:00,2025-02-07 12:10,,,в балласте,,,,3.0,2025-02-07 14:30,2025-02-09 03:40,аммиачная селитра,4314.31,4314.31,,4.2,2025-02-09 08:00,2025-09-30_1038_
Омский-118,6,2025-01-25 19:00,2025-02-08 01:20,,,в балласте,,,,,2025-02-08 14:45,2025-02-09 12:20,ячмень,3000.0,3000 т.,,,2025-02-09 18:30,2025-09-30_1038_
Гарадаг,2,2025-02-09 18:00,2025-02-09 19:40,,,в балласте,,,,,2025-02-10 00:15,2025-02-10 10:20,контейнера,52.0,52 шт.,100.0,,2025-02-10 16:00,2025-09-30_1038_
Сепано,23,2025-01-11 01:00,2025-02-09 00:05,,,в балласте,,,,,2025-02-09 16:15,2025-02-10 10:45,ячмень,4700.0,4700 т.,,,2025-02-10 23:40,2025-09-30_1038_
Омский-7,3,2025-02-09 06:30,2025-02-09 09:25,,,в балласте,,,,,2025-02-09 18:00,2025-02-10 17:00,кокс,3000.0,3000 т.,,,2025-02-11 04:30,2025-09-30_1038_
Волго-Балт-228,6,2025-01-25 19:20,2025-02-09 21:10,,,в балласте,,,,,2025-02-10 14:30,2025-02-11 05:30,ячмень,3100.0,3100 т,,3.8,2025-02-11 16:40,2025-09-30_1038_
Шаир Вагиф,2,2025-02-11 20:00,2025-02-11 20:55,,,,,,,,2025-02-11 22:45,2025-02-12 12:00,контейнера,101.0,101 шт,,,2025-02-12 16:30,2025-09-30_1038_
Кангалассы,22,2025-02-12 01:00,2025-02-12 02:05,,,контейнера,,,,,,,контейнера,,,,,2025-02-12 19:30,2025-09-30_1038_
Туркменистан,3,2025-02-11 10:00,2025-02-11 13:00,,,,,,,,2025-02-11 23:50,2025-02-12 15:30,баррит,2530.0,2530 т,,3.8,2025-02-12 21:05,2025-09-30_1038_
Омский-103,6,2025-02-02 18:30,2025-02-11 18:15,,,в балласте,,,,,2025-02-12 09:30,2025-02-13 10:00,ячмень,2800.0,2800 т,,,2025-02-13 15:55,2025-09-30_1038_
Сомия,23,2025-02-03 21:50,2025-02-10 05:55,,,в балласте,,,,,2025-02-11 01:10,2025-02-13 15:15,ячмень,6500.0,6500 т.,,,2025-02-13 19:10,2025-09-30_1038_
Элеганс,1,2025-02-08 13:30,2025-02-09 07:10,,,в балласте,,,,,2025-02-09 21:00,2025-02-13 11:45,ячмень,2940.0,2940 т.,,,2025-02-13 19:25,2025-09-30_1038_
Гусейн Джавид,2,2025-02-13 13:00,2025-02-13 15:15,2025-02-13 18:00,2025-02-13 18:30,контейнера,10.0,10 шт.,,,2025-02-13 21:15,2025-02-14 07:10,контейнера,81.0,81 шт.,,,2025-02-14 11:10,2025-09-30_1038_
GC Sunkar,22,2025-02-13 05:30,2025-02-13 06:45,2025-02-13 09:25,2025-02-13 14:50,контейнера,154.0,154 шт.,275.0,3.7,2025-02-13 19:05,2025-02-14 18:10,контейнера,179.0,179 шт.,350.0,3.8,2025-02-14 21:35,2025-09-30_1038_
GC Barys,1,2025-02-13 20:00,2025-02-13 21:10,2025-02-13 23:00,2025-02-13 23:40,контейнера,22.0,22 шт,24.0,3.3,2025-02-13 23:40,2025-02-14 19:25,контейнера,160.0,160 шт,306.0,3.9,2025-02-14 23:05,2025-09-30_1038_
Каспиан Ариана,23,2025-02-03 23:00,2025-02-13 22:30,,,в балласте,,,,,2025-02-14 10:40,2025-02-14 21:40,ячмень,2760.0,2760 т.,,,2025-02-15 03:30,2025-09-30_1038_
Генерал Асланов,2,2025-02-14 03:50,2025-02-14 12:00,2025-02-14 14:00,2025-02-14 19:00,контейнера,68.0,68 шт.,,,2025-02-14 21:40,2025-02-15 06:50,контейнера,115.0,115 шт.,,3.3,2025-02-15 11:15,2025-09-30_1038_
Магтымгулы,3,2025-02-12 10:00,2025-02-14 00:00,,,в балласте,,,,,2025-02-14 11:40,2025-02-15 07:40,металл,1964.0,1964 т.,,3.3,2025-02-15 16:30,2025-09-30_1038_
Омский-119,6,2025-01-26 00:50,2025-02-13 17:25,,,в балласте,,,,,2025-02-14 09:00,2025-02-15 05:30,ячмень,2800.0,2800 т.,,3.4,2025-02-15 16:45,2025-09-30_1038_
GC Berkut,22,2025-02-14 07:25,2025-02-14 22:25,,,в балласте,,,,3.1,2025-02-15 02:00,2025-02-16 02:40,контейнера,176.0,176 шт.,350.0,3.8,2025-02-16 04:40,2025-09-30_1038_
Бекет-Ата,22,2025-02-14 04:20,2025-02-15 12:00,,,в балласте,,,,3.0,2025-02-15 13:50,2025-02-16 12:15,контейнера,139.0,139 шт.,189.0,4.1,2025-02-17 08:55,2025-09-30_1038_
Пано-02,23,2025-02-06 12:30,2025-02-15 04:25,,,,,,,,2025-02-15 17:30,2025-02-16 15:30,ячмень,2850.0,2850 т,,,2025-02-17 09:15,2025-09-30_1038_
Сормовский-3067,1,2025-02-07 04:10,2025-02-15 00:10,,,в балласте,,,,,2025-02-15 13:00,2025-02-17 01:30,ячмень,3000.0,3000 т.,,,2025-02-17 17:30,2025-09-30_1038_
Глосс,2,2025-01-26 01:00,2025-02-15 17:45,,,,,,,,2025-02-16 07:00,2025-02-17 07:00,зерно,3000.0,3000 т,,,2025-02-18 15:10,2025-09-30_1038_
Шаир Вагиф,22,2025-02-16 10:00,2025-02-16 11:00,2025-02-16 21:30,2025-02-17 02:00,контейнера,,,,,2025-02-17 10:15,2025-02-18 03:30,контейнера,154.0,154 шт.,,,2025-02-18 16:00,2025-09-30_1038_
Пано-04,23,2025-02-09 07:35,2025-02-17 10:50,,,в балласте,,,,,2025-02-18 04:20,2025-02-18 16:00,ячмень,2800.0,2800 т,,,2025-02-19 01:00,2025-09-30_1038_
Омский-108,6,2025-01-26 06:30,2025-02-17 14:20,,,в балласте,,,,,2025-02-18 06:00,2025-02-18 20:50,ячмень,2800.0,2800 т,,,2025-02-19 02:30,2025-09-30_1038_
Узейр Гаджибейли,1,2025-02-18 02:45,2025-02-18 14:40,2025-02-18 17:30,2025-02-19 04:45,контейнера,42.0,42 шт,,,2025-02-19 06:20,2025-02-19 23:20,контейнера,107.0,107 шт,,,2025-02-20 01:45,2025-09-30_1038_
GC Sunkar,22,2025-02-18 17:35,2025-02-18 19:05,,,в балласте,,,,3.0,2025-02-18 22:45,2025-02-19 23:10,контейнера,176.0,176 шт.,352.0,3.8,2025-02-20 02:10,2025-09-30_1038_
Виста,3,2025-02-13 22:35,2025-02-17 12:05,2025-02-18 14:30,2025-02-20 05:00,"контейнера, авто",1000.0,1000 т.,,,,,балласт,,,,,2025-02-20 10:00,2025-09-30_1038_
Гусейн Джавид,1,2025-02-19 04:30,2025-02-20 03:30,2025-02-20 06:00,2025-02-20 13:00,контейнера,68.0,68 шт,,,2025-02-20 14:30,2025-02-20 18:30,контейнера,87.0,87 шт,,,2025-02-20 22:20,2025-09-30_1038_
Тина,6,2024-12-27 05:30,2025-02-19 03:35,,,в балласте,,,,,2025-02-19 20:10,2025-02-20 16:00,ячмень,4000.0,4000 т,,,2025-02-21 00:20,2025-09-30_1038_
Навис-3,3,2025-02-15 15:35,2025-02-18 18:00,,,в балласте,,,,,2025-02-19 02:00,2025-02-20 00:00,контейнера,90.0,90 шт,,,2025-02-23 03:40,2025-09-30_1038_
Шаир Сабир,22,2025-02-18 23:30,2025-02-20 02:45,,,,,,,,2025-02-20 05:10,2025-02-20 19:30,контейнера,86.0,86 шт,,,2025-02-23 05:00,2025-09-30_1038_
GC Barys,2,2025-02-19 21:20,2025-02-20 11:05,2025-02-20 13:45,2025-02-20 17:45,контейнера,56.0,56 шт,88.0,3.5,2025-02-20 17:55,2025-02-23 17:30,контейнера,170.0,170 шт,340.0,3.8,2025-02-23 21:20,2025-09-30_1038_
Бора,2,2025-02-19 03:35,2025-02-23 22:40,2025-02-24 01:30,2025-02-24 12:00,ген.груз,,,,1410.0,,,,,,,,2025-02-24 15:00,2025-09-30_1038_
GC Berkut,22,2025-02-23 09:45,2025-02-23 11:50,2025-02-23 15:15,2025-02-23 15:20,контейнер,1.0,1 шт.,2.0,3.2,2025-02-23 15:20,2025-02-24 15:30,контейнер,176.0,176 шт,352.0,3.9,2025-02-24 18:35,2025-09-30_1038_
Мала,6,2025-01-25 16:40,2025-02-20 23:25,2025-02-23 06:15,2025-02-23 18:30,ген.груз,,,,,2025-02-24 02:40,2025-02-24 16:20,ячмень,2800.0,2800 т.,,3.2,2025-02-24 23:15,2025-09-30_1038_
Пармис,3,2025-02-25 14:00,2025-02-25 15:00,,,в балласте,,,,,2025-02-26 23:10,2025-02-28 14:00,контейнера,50.0,50 шт.,,,2025-02-28 18:40,2025-09-30_1038_
Советская Родина,1,2025-02-08 22:30,2025-02-23 11:00,,,,,,,,2025-02-23 23:45,2025-02-28 20:15,ячмень,2800.0,2800 т.,,4.0,2025-03-01 00:35,2026-04-03_1207_
Бекет-Ата,22,2025-02-26 13:00,2025-02-26 14:25,2025-02-26 21:40,2025-02-28 12:15,контейнера,103.0,103 шт.,161.0,3.7,2025-02-28 14:45,2025-03-02 00:45,контейнера,139.0,139 шт.,218.0,4.2,2025-03-02 04:00,2026-04-03_1207_
Шаир Вагиф,1,2025-02-26 22:00,2025-02-28 19:05,2025-02-28 23:15,2025-03-01 10:45,контейнера,24.0,24 шт.,,,2025-03-01 11:15,,контейнера,89.0,89 шт.,,,2025-03-02 08:20,2026-04-03_1207_
Казак,6,2025-02-09 21:00,2025-02-24 20:10,,,,,,,,2025-02-25 20:00,2025-03-02 19:30,ячмень,4200.0,4200 т.,,,2025-03-03 05:00,2026-04-03_1207_
Сарир,22,2025-02-13 01:00,2025-02-19 12:30,2025-02-19 18:15,2025-02-25 01:00,ген.груз,,,,,2025-02-26 00:50,2025-03-02 23:55,ячмень / контейнера,6200.0,6200 т / 30 шт.,,4.6,2025-03-03 18:15,2026-04-03_1207_
GC Sunkar,22,2025-03-01 23:50,2025-03-02 04:45,,,в балласте,,,,3.0,2025-03-02 06:50,2025-03-03 22:35,контейнера,176.0,176 шт,352.0,3.8,2025-03-04 02:15,2026-04-03_1207_
GC Barys,2,2025-03-03 05:00,2025-03-03 06:35,2025-03-03 09:30,2025-03-03 10:20,контейнера,24.0,24 шт.,29.0,3.5,2025-03-03 11:20,2025-03-04 19:05,контейнера,175.0,175 шт,350.0,3.8,2025-03-05 01:35,2026-04-03_1207_
Навис 3,22,2025-03-03 10:15,2025-03-04 03:05,,,,,,,,2025-03-04 09:00,2025-03-04 23:50,контейнера,107.0,107 шт,188.0,,2025-03-05 04:30,2025-09-30_1038_
Навис-3,22,2025-03-03 10:15,2025-03-04 03:05,,,,,,,,2025-03-04 09:00,2025-03-04 23:50,контейнера,107.0,107 шт,188.0,,2025-03-05 04:30,2026-04-03_1207_
Кангалассы,22,2025-03-03 19:30,2025-03-04 10:30,2025-03-04 12:30,2025-03-04 18:10,ген/груз,,,,,2025-03-04 18:55,,контейнера,,,,,2025-03-05 04:50,2026-04-03_1207_
Каспиан Кимия,23,2025-02-15 10:20,2025-03-03 19:30,,,,,,,,2025-03-04 15:00,2025-03-05 04:50,ячмень,2800.0,2800 т,,,2025-03-05 12:00,2026-04-03_1207_
Туркменистан,3,2025-02-28 18:25,2025-03-03 09:15,,,,,,,,2025-03-03 22:30,2025-03-05 02:45,баррит,2700.0,2700 т,,,2025-03-05 13:50,2026-04-03_1207_
Омский-106,6,2025-02-03 10:00,2025-03-03 10:40,,,,,,,,2025-03-04 04:30,2025-03-05 04:55,зерно,2800.0,2800 т,,,2025-03-05 14:50,2026-04-03_1207_
Генерал Асланов,2,2025-03-03 21:15,2025-03-05 02:20,,,,,,,,2025-03-05 05:10,2025-03-05 17:20,контейнера,104.0,104 шт.,,,2025-03-05 20:00,2026-04-03_1207_
Валверг 1,1,2025-02-23 21:00,2025-03-01 22:20,,,,,,,,2025-03-02 20:15,2025-03-05 06:40,ячмень,4000.0,4000 т,,,2025-03-07 11:35,2026-04-03_1207_
Омский-138,23,2025-02-13 13:35,2025-03-05 06:35,,,,,,,,2025-03-05 20:00,2025-03-05 08:00,ячмень,2800.0,2800 т.,,,2025-03-07 13:50,2026-04-03_1207_
Омский-111,6,2025-02-03 12:00,2025-03-05 15:30,,,,,,,,2025-03-06 07:30,2025-03-07 03:10,ячмень,2800.0,2800 т.,,,2025-03-07 16:50,2026-04-03_1207_
Шаир Сабир,2,2025-03-03 21:30,2025-03-05 14:25,,,,,,,,2025-03-05 18:05,2025-03-07 23:30,контейнера,151.0,151 шт.,,,2025-03-08 04:30,2026-04-03_1207_
Узер Гаджебейли,2,2025-03-07 13:40,2025-03-08 00:45,,,,,,,,2025-03-08 04:50,2025-03-08 17:30,контейнера,93.0,93 шт,,3.8,2025-03-08 21:10,2026-04-03_1207_
GC Berkut,22,2025-03-04 07:00,2025-03-05 21:20,2025-03-07 09:45,2025-03-07 23:35,контейнера,137.0,137 шт,225.0,3.8,2025-03-08 02:15,2025-03-08 22:15,контейнера,176.0,176 шт,352.0,3.9,2025-03-09 02:30,2026-04-03_1207_
Бекет-Ата,1,2025-03-06 16:40,2025-03-07 12:50,2025-03-07 17:20,2025-03-07 23:40,контейнера,53.0,53 шт.,61.0,3.2,2025-03-08 02:50,2025-03-09 00:50,контейнера,155.0,155 шт.,210.0,4.2,2025-03-09 03:10,2026-04-03_1207_
Туркестан,23,2025-02-17 04:00,2025-03-07 15:20,,,в балласте,,,,3.2,2025-03-08 05:40,2025-03-08 22:45,ячмень,4100.0,4100 т,,4.15,2025-03-09 04:55,2026-04-03_1207_
Шаир Вагиф,2,2025-03-07 23:30,2025-03-08 05:15,2025-03-08 06:40,2025-03-08 10:00,контейнера,10.0,10 шт,,,2025-03-08 21:45,2025-03-09 07:00,контейнера,61.0,61 шт,,,2025-03-09 12:15,2026-04-03_1207_
Тиям,6,2025-02-06 13:30,2025-03-07 17:50,,,в балласте,,,,,2025-03-08 16:00,2025-03-09 06:35,ячмень,3750.0,3750 тн,,,2025-03-09 15:55,2026-04-03_1207_
GC Sunkar,2,2025-03-08 06:35,2025-03-08 22:10,2025-03-09 02:20,2025-03-09 04:00,контейнера,33.0,33 шт.,41.0,3.0,2025-03-09 05:30,2025-03-09 04:00,контейнера,163.0,163 шт.,324.0,3.8,2025-03-10 07:25,2026-04-03_1207_
Персиан София,6,2025-02-14 23:20,2025-03-09 16:45,,,в балласте,,,,,2025-03-09 22:30,2025-03-10 08:35,ячмень,2000.0,2000 тн,,,2025-03-10 16:00,2026-04-03_1207_
Генерал Асланов,2,2025-03-09 22:30,2025-03-09 23:50,2025-03-10 01:00,2025-03-10 05:30,,,,,,2025-03-10 05:30,2025-03-10 17:20,контейнера,94.0,94 шт,,,2025-03-10 19:50,2026-04-03_1207_
Ситка,23,2025-02-17 04:40,2025-03-09 07:05,,,в балласте,,,,,2025-03-09 20:30,2025-03-10 16:45,ячмень,5200.0,5200 т.,,,2025-03-10 22:30,2026-04-03_1207_
Кангалассы,22,2025-03-08 22:50,2025-03-11 00:45,,,,,,,,2025-03-11 06:10,2025-03-11 12:45,контейнера,64.0,64 шт.,,3.9,2025-03-11 16:10,2026-04-03_1207_
Виана,23,2025-02-15 10:10,2025-03-09 04:30,,,ген.груз,,,,,2025-03-10 23:40,2025-03-11 12:45,ячмень,3500.0,3500 т.,,3.9,2025-03-11 19:50,2026-04-03_1207_
Дельфин-1,2,2025-03-09 10:40,2025-03-10 21:50,,,в балласте,,,,,2025-03-11 05:00,2025-03-11 15:45,баррит,1860.0,1860 тн,,,2025-03-11 21:15,2026-04-03_1207_
GC Barys,22,2025-03-09 07:20,2025-03-10 13:35,2025-03-10 15:40,2025-03-10 21:40,контейнера,62.0,62 шт.,124.0,3.2,2025-03-11 00:15,2025-03-11 18:00,контейнера,175.0,175 шт.,350.0,3.6,2025-03-11 23:55,2026-04-03_1207_
Касма,1,2025-02-28 18:50,2025-03-09 06:25,,,в балласте,,,,,2025-03-09 22:00,2025-03-12 06:00,ячмень,1900.0,1900 т.,,,2025-03-12 11:40,2026-04-03_1207_
Персиан Шива,6,2025-02-18 12:00,2025-03-10 17:05,,,в балласте,,,,,2025-03-11 14:00,2025-03-12 05:40,ячмень,3150.0,3150 тн,,,2025-03-12 15:15,2026-04-03_1207_
Сорен,23,2025-02-13 03:00,2025-03-11 22:20,,,в балласте,,,,,2025-03-12 10:30,2025-03-12 23:50,ячмень,4500.0,4500 тн,,,2025-03-13 05:40,2026-04-03_1207_
Омский-118,6,2025-02-20 02:20,2025-03-12 16:40,,,в балласте,,,,,2025-03-13 06:50,2025-03-13 19:30,ячмень,2800.0,2800 тн,,,2025-03-14 02:30,2026-04-03_1207_
Баку Скай,1,2025-02-23 23:00,2025-03-11 23:25,,,в балласте,,,,,2025-03-12 16:00,2025-03-14 05:40,ячмень,3000.0,3000 тн,,,2025-03-14 11:25,2026-04-03_1207_
Пола Анфиса,23,2025-02-25 19:35,2025-03-12 00:40,,,в балласте,,,,,2025-03-13 06:40,2025-03-14 04:00,ячмень,6600.0,6600 тн,,,2025-03-14 23:30,2026-04-03_1207_
Галан,6,2025-02-19 04:20,2025-03-13 21:25,,,в балласте,,,,,2025-03-14 10:50,2025-03-15 03:50,ячмень,3000.0,3000 тн,,2.5,2025-03-15 15:30,2026-04-03_1207_
Волго-Балт-239,23,2025-02-23 17:00,2025-03-13 06:45,,,в балласте,,,,,2025-03-15 01:10,2025-03-15 11:10,ячмень,6600.0,6600 тн,,2.8,2025-03-15 17:45,2026-04-03_1207_
Кангалассы,22,2025-03-14 23:40,2025-03-15 07:10,2025-03-15 11:00,2025-03-15 17:30,контейнера,46.0,46 шт.,,,2025-03-15 17:35,2025-03-15 19:30,контейнера,35.0,35 шт,,,2025-03-15 22:20,2026-04-03_1207_
Бекет-Ата,2,2025-03-14 23:00,2025-03-15 00:40,2025-03-15 03:15,2025-03-15 06:15,контейнера,96.0,96 шт,112.0,3.1,2025-03-15 06:15,2025-03-15 21:30,контейнера,148.0,148 шт.,216.0,4.0,2025-03-15 23:10,2026-04-03_1207_
Гусейн Джавид,22,2025-03-14 03:40,2025-03-15 00:25,,,в балласте,,,,,2025-03-15 02:40,2025-03-15 15:20,контейнера,97.0,97 шт.,,,2025-03-16 03:30,2026-04-03_1207_
Сормовский-3056,1,2025-03-02 15:45,2025-03-13 22:20,,,в балласте,,,,,2025-03-14 12:25,2025-03-15 23:55,ячмень,2990.0,2990 тн,,,2025-03-16 07:45,2026-04-03_1207_
Узер Гаджебейли,2,2025-03-15 05:00,2025-03-15 09:10,2025-03-15 11:00,2025-03-15 17:30,контейнера,,,,,2025-03-15 18:00,2025-03-16 09:10,контейнера,109.0,109 шт,,4.5,2025-03-16 14:15,2026-04-03_1207_
Пано-02,23,2025-02-08 04:00,2025-03-15 18:10,,,,,,,,2025-03-16 10:00,2025-03-16 17:30,ячмень,2650.0,2650 тн,,3.4,2025-03-16 22:25,2026-04-03_1207_
Шайр Вагиф,3,2025-03-16 00:00,2025-03-16 01:00,2025-03-16 03:10,2025-03-16 09:30,контейнера,55.0,55 шт,,,2025-03-16 10:00,2025-03-16 18:00,контейнера,96.0,96 шт,176.0,3.4,2025-03-17 00:55,2025-09-30_1038_
Шаир Вагиф,3,2025-03-16 00:00,2025-03-16 01:00,2025-03-16 03:10,2025-03-16 09:30,контейнера,55.0,55 шт,,,2025-03-16 10:00,2025-03-16 18:00,контейнера,96.0,96 шт,176.0,3.4,2025-03-17 00:55,2026-04-03_1207_
Валверг 4,6,2025-02-14 23:50,2025-03-15 16:35,,,в балласте,,,,,2025-03-16 06:10,2025-03-16 17:30,ячмень,3200.0,3200 тн,,3.4,2025-03-17 04:35,2026-04-03_1207_
GC Berkut,22,2025-03-16 08:00,2025-03-16 09:15,2025-03-16 11:15,2025-03-16 11:20,контейнера,1.0,1 шт,2.0,3.0,2025-03-16 11:20,2025-03-17 05:10,контейнера,176.0,176 шт,352.0,3.85,2025-03-18 01:50,2026-04-03_1207_
Сепано,23,2025-03-03 14:40,2025-03-16 23:25,,,,,,,,2025-03-17 10:50,2025-03-18 05:00,ячмень,3700.0,3700 т.,,,2025-03-18 11:40,2026-04-03_1207_
Омский-204,6,2025-02-23 10:20,2025-03-17 05:15,,,в балласте,,,,,2025-03-17 22:00,2025-03-18 10:10,ячмень,2800.0,2800 т.,,,2025-03-18 15:45,2026-04-03_1207_
Генерал Асланов,2,2025-03-17 02:15,2025-03-17 03:40,,,,,,,,2025-03-17 06:20,2025-03-18 13:30,контейнера,126.0,126 шт.,,,2025-03-18 18:00,2026-04-03_1207_
GC Sunkar,3,2025-03-16 14:00,2025-03-16 15:15,2025-03-16 17:20,2025-03-16 19:20,контейнера,27.0,27 шт,43.0,3.0,2025-03-16 21:45,2025-03-18 18:10,контейнера,176.0,176 шт,352.0,3.6,2025-03-18 23:25,2026-04-03_1207_
Лимазак,1,2025-03-07 23:00,2025-03-16 10:35,,,,,,,,2025-03-16 22:00,2025-03-18 18:30,ячмень,2940.0,2940 т.,,,2025-03-19 03:20,2026-04-03_1207_
GC Barys,22,2025-03-17 11:50,2025-03-18 02:45,,,в балласте,,,,3.2,2025-03-18 04:00,2025-03-18 23:30,контейнера,181.0,181 шт,350.0,3.6,2025-03-19 04:30,2026-04-03_1207_
Кангалассы,22,2025-03-19 01:00,2025-03-19 02:20,,,контейнера,43.0,43 шт.,,,,,контейнера,22.0,22 шт,,,2025-03-20 02:15,2026-04-03_1207_
Пано-05,23,2025-03-04 10:30,2025-03-18 13:10,,,в балласте,,,,,2025-03-19 02:40,2025-03-19 12:50,ячмень,3200.0,3200 тн,,,2025-03-20 02:35,2026-04-03_1207_
Туркестан,2,2025-03-17 06:20,2025-03-18 18:40,,,в балласте,,,,3.1,2025-03-19 01:40,2025-03-20 00:50,контейнера,140.0,140 шт.,186.0,4.0,2025-03-20 03:05,2026-04-03_1207_
Шилан,6,2025-02-07 06:55,2025-03-18 17:00,,,в балласте,,,,,2025-03-19 03:45,2025-03-19 16:50,ячмень,2900.0,2900 тн,,,2025-03-20 12:45,2026-04-03_1207_
Флестина-2,3,2025-03-09 11:00,2025-03-19 01:00,,,,,,,,2025-03-19 05:30,2025-03-20 12:00,контейнера,15.0,15 шт.,,2.4,2025-03-20 18:00,2026-04-03_1207_
Гусейн Джавид,2,2025-03-20 01:40,2025-03-20 11:10,2025-03-20 13:30,2025-03-20 16:00,ген груз,,,,,2025-03-20 15:00,2025-03-21 01:00,контейнера,93.0,93 шт.,170.0,4.0,2025-03-21 04:30,2026-04-03_1207_
Бекет-Ата,2,2025-03-20 04:35,2025-03-20 20:00,2025-03-20 22:30,2025-03-20 23:40,контейнера,22.0,22 шт.,27.0,2.8,2025-03-21 02:50,2025-03-21 16:00,контейнера,141.0,141 шт.,202.0,4.0,2025-03-21 18:30,2026-04-03_1207_
Наргол,3,2025-03-08 20:30,2025-03-21 06:20,2025-03-21 09:25,2025-03-21 15:30,контейнера / авто,600.0,600 т.,,,2025-03-21 17:10,2025-03-22 15:00,кокс / контейнера,1000.0,1000 т./ 3 шт.,,,2025-03-22 19:50,2026-04-03_1207_
Узер Гаджебейли,22,2025-03-22 16:30,2025-03-22 17:45,,,,,,,,2025-03-22 22:00,2025-03-23 11:15,контейнера,109.0,109 шт,,3.5,2025-03-23 16:10,2026-04-03_1207_
Шайр Вагиф,1,2025-03-22 18:30,2025-03-22 19:25,2025-03-22 22:45,2025-03-22 23:40,контейнера,,,,13.0,2025-03-22 23:40,2025-03-23 17:00,контейнера,93.0,93 шт,,,2025-03-23 19:55,2025-09-30_1038_
Шаир Вагиф,1,2025-03-22 18:30,2025-03-22 19:25,2025-03-22 22:45,2025-03-22 23:40,контейнера,,,,13.0,2025-03-22 23:40,2025-03-23 17:00,контейнера,93.0,93 шт,,,2025-03-23 19:55,2026-04-03_1207_
Волго-Балт-229,23,2025-03-05 00:40,2025-03-20 12:05,,,в балласте,,,,,2025-03-21 14:15,2025-03-23 17:45,ячмень,3000.0,3000 тн,,3.9,2025-03-25 11:40,2026-04-03_1207_
Леди Л,6,2025-02-19 23:30,2025-03-20 14:40,,,в балласте,,,,,2025-03-21 16:10,2025-03-25 17:40,ячмень,3400.0,3400 тн,,3.7,2025-03-25 22:45,2026-04-03_1207_
Мелорин,23,2025-02-17 13:45,2025-03-23 17:00,,,в балласте,,,,,2025-03-25 13:00,2025-03-25 23:00,ячмень,2800.0,2800 т.,,3.2,2025-03-26 03:00,2026-04-03_1207_
Пайя,3,2025-03-18 13:30,2025-03-22 21:35,2025-03-23 01:20,2025-03-25 19:00,контейнера / авто,,,,968.0,2025-03-25 22:00,2025-03-26 02:00,кокс,1000.0,1000 тн,,3.1,2025-03-26 05:15,2026-04-03_1207_
Рира,2,2025-03-13 02:00,2025-03-19 05:55,,,в балласте,,,,,2025-03-20 15:00,2025-03-26 13:00,ячмень,2800.0,2800 тн,,,2025-03-26 19:10,2026-04-03_1207_
Баку Стар,6,2025-03-08 22:50,2025-03-25 23:00,,,,,,,,2025-03-26 12:35,2025-03-27 02:50,ячмень,3000.0,3000 тн.,,3.5,2025-03-27 13:20,2026-04-03_1207_
Гусейн Джавид,2,2025-03-26 22:50,2025-03-27 00:35,,,в балласта,,,,,2025-03-27 01:55,2025-03-27 14:30,контейнера,95.0,95 шт,,3.4,2025-03-27 17:05,2026-04-03_1207_
GC Berkut,22,2025-03-26 23:40,2025-03-27 01:10,,,в балласте,,,,2.9,2025-03-27 02:45,2025-03-27 23:00,контейнера,176.0,176 шт,352.0,3.9,2025-03-28 01:55,2026-04-03_1207_
Генерал Асланов,1,2025-03-26 20:30,2025-03-26 22:00,2025-03-26 23:30,2025-03-27 06:25,контейнера,,,,83.0,2025-03-27 06:25,2025-03-28 03:00,контейнера,132.0,132 шт,,,2025-03-28 04:20,2026-04-03_1207_
Туркестан,2,2025-03-27 04:30,2025-03-27 06:10,2025-03-27 09:40,2025-03-27 17:30,контейнера,76.0,76 шт,88.0,3.4,2025-03-27 18:10,2025-03-28 18:05,контейнера,148.0,148 шт.,190.0,4.2,2025-03-28 19:50,2026-04-03_1207_
Омский-103,6,2025-02-23 15:30,2025-03-27 14:20,,,в балласте,,,,,2025-03-28 02:00,2025-03-28 13:30,ячмень,1300.0,1300 тн,,3.4,2025-03-28 22:30,2026-04-03_1207_
Парин,23,2025-02-25 21:15,2025-03-26 04:30,2025-03-26 06:30,2025-03-27 17:00,ген груз,5400.0,5400 тн,,,2025-03-27 21:25,2025-03-28 19:00,ячмень,4500.0,4500 тн,,4.1,2025-03-29 00:15,2026-04-03_1207_
Бекет-Ата,2,2025-03-27 06:00,2025-03-28 02:50,2025-03-28 05:20,2025-03-28 09:45,контейнера,18.0,18 шт,21.0,2.9,2025-03-28 09:45,2025-03-28 22:40,контейнера,106.0,106 шт,168.0,3.8,2025-03-29 00:30,2026-04-03_1207_
Кангалассы,22,2025-03-27 22:10,2025-03-28 12:20,2025-03-28 16:30,2025-03-29 00:50,ген груз,,,,,,,,,,,,2025-03-29 03:00,2026-04-03_1207_
GC Barys,22,2025-03-27 04:25,2025-03-27 18:20,2025-03-27 21:30,2025-03-28 00:50,контейнера,44.0,44 шт,77.0,3.5,2025-03-28 03:10,2025-03-29 03:25,контейнера,175.0,175 шт,350.0,3.6,2025-03-29 06:00,2026-04-03_1207_
Шайр Сабир,1,2025-03-27 07:40,2025-03-28 05:10,2025-03-28 11:00,2025-03-28 18:00,контейнера,41.0,41 шт,,,2025-03-28 19:00,2025-03-29 07:25,контейнера,70.0,70 шт,138.0,,2025-03-29 11:05,2026-04-03_1207_
Узер Гаджебейли,1,2025-03-28 14:00,2025-03-28 21:40,,,,,,,,2025-03-29 01:40,2025-03-29 16:30,контейнера,98.0,98 шт.,,,2025-03-29 18:45,2026-04-03_1207_
GC Sunkar,22,2025-03-27 05:30,2025-03-29 06:30,,,в балласте,,,,3.0,2025-03-29 09:20,2025-03-30 04:30,контейнера,181.0,181 шт.,350.0,3.6,2025-03-30 06:15,2026-04-03_1207_
Омский-119,6,2025-03-04 12:20,2025-03-28 23:35,,,в балласте,,,,,2025-03-29 14:45,2025-03-30 06:00,ячмень,2869.0,2869 т.,,,2025-03-30 14:15,2026-04-03_1207_
Пола Фива,23,2025-03-06 13:00,2025-03-29 02:40,,,в балласте,,,,,2025-03-29 08:30,2025-03-30 15:15,ячмень,3000.0,3000 т.,,4.2,2025-04-01 13:40,2026-04-03_1207_
Каспиан Сепехр,2,2025-03-09 17:35,2025-03-29 01:55,,,в балласте,,,,,2025-03-29 10:00,2025-03-31 04:00,ячмень,2960.0,2960 т.,,2.8,2025-04-01 14:10,2026-04-03_1207_
Шайр Вагиф,1,2025-03-29 23:00,2025-03-30 00:35,2025-03-30 02:00,2025-03-30 06:15,контейнера,28.0,28 шт.,43.0,,2025-04-01 09:30,2025-04-01 19:30,контейнера,94.0,94 шт.,173.0,,2025-04-01 22:55,2025-09-30_1038_
Шаир Вагиф,1,2025-03-29 23:00,2025-03-30 00:35,2025-03-30 02:00,2025-03-30 06:15,контейнера,28.0,28 шт.,43.0,,2025-04-01 09:30,2025-04-01 19:30,контейнера,94.0,94 шт.,173.0,,2025-04-01 22:55,2026-04-03_1207_
GC Berkut,22,2025-04-01 04:15,2025-04-01 13:10,,,в балласте,,,,2.9,2025-04-01 15:25,2025-04-02 06:40,контейнера,176.0,176 шт,352.0,3.85,2025-04-02 12:00,2026-04-03_1207_
Гусейн Джавид,1,2025-04-01 04:00,2025-04-01 11:05,,,в балласте,,,,,2025-04-01 16:25,2025-04-02 11:45,контейнера,66.0,66 шт,132.0,,2025-04-02 13:25,2026-04-03_1207_
Тоока,6,2025-03-09 15:10,2025-04-01 12:45,,,,,,,,2025-04-02 02:00,2025-04-02 21:00,ячмень,2900.0,2900 т.,,,2025-04-03 00:00,2026-04-03_1207_
Омский-108,22,2025-03-07 23:30,2025-04-01 16:45,,,,,,,,2025-04-02 08:55,2025-04-02 22:00,ячмень,3000.0,3000 т.,,3.3,2025-04-04 11:00,2026-04-03_1207_
Пано - 03,23,2025-03-01 06:45,2025-04-03 00:00,,,,,,,,2025-04-03 14:30,2025-04-03 23:50,ячмень,3200.0,3200 т.,,3.4,2025-04-04 14:20,2025-09-30_1038_
Пано-03,23,2025-03-01 06:45,2025-04-03 00:00,,,,,,,,2025-04-03 14:30,2025-04-03 23:50,ячмень,3200.0,3200 т.,,3.4,2025-04-04 14:20,2026-04-03_1207_
Бекет-Ата,3,2025-04-02 12:30,2025-04-02 14:30,,,в балласте,,,,2.9,2025-04-02 22:20,2025-04-04 12:30,контейнера,103.0,103 шт.,174.0,3.8,2025-04-04 16:15,2026-04-03_1207_
Генерал Асланов,3,2025-04-01 22:00,2025-04-02 00:00,2025-04-02 02:00,2025-04-02 09:45,контейнера,54.0,54 шт,,,2025-04-02 10:10,2025-04-04 12:10,контейнера,144.0,144 шт.,,4.5,2025-04-04 16:30,2026-04-03_1207_
Валверг 2,6,2025-03-08 00:10,2025-04-03 01:30,,,,,,,,2025-04-03 15:15,2025-04-04 05:20,ячмень,3150.0,3150 т.,,,2025-04-04 20:00,2026-04-03_1207_
Силвер Стар,3,2025-04-01 05:30,2025-04-04 18:15,,,,,,,,2025-04-05 04:10,2025-04-05 17:00,контейнера,113.0,113 шт,,4.0,2025-04-05 23:00,2026-04-03_1207_
Казак,2,2025-03-18 00:15,2025-04-01 15:25,2025-04-01 17:00,2025-04-01 18:00,"генгруз, балласт",,,,,2025-04-02 12:00,2025-04-05 19:20,ячмень,2800.0,2800 т.,,2.5,2025-04-05 23:15,2026-04-03_1207_
Шали,6,2025-03-09 15:40,2025-04-04 21:40,,,,,,,,2025-04-05 12:00,2025-04-06 02:30,зерно,2600.0,2600 т.,,3.4,2025-04-06 22:50,2026-04-03_1207_
GC Barys,22,2025-04-04 17:10,2025-04-04 18:35,2025-04-04 21:20,2025-04-04 23:45,контейнера,35.0,35 шт.,58.0,3.3,2025-04-04 23:45,2025-04-06 03:50,контейнера,169.0,169 шт.,338.0,3.9,2025-04-07 00:10,2026-04-03_1207_
Пано - 01,23,2025-03-09 12:30,2025-04-04 15:15,,,,,,,,2025-04-05 15:00,2025-04-05 23:00,ячмень,2750.0,2750 т.,,3.4,2025-04-07 00:40,2025-09-30_1038_
Пано-01,23,2025-03-09 12:30,2025-04-04 15:15,,,,,,,,2025-04-05 15:00,2025-04-05 23:00,ячмень,2750.0,2750 т.,,3.4,2025-04-07 00:40,2026-04-03_1207_
Туркестан,1,2025-04-04 04:10,2025-04-05 11:50,2025-04-05 14:00,2025-04-05 18:50,контейнера,44.0,44 шт.,54.0,3.25,2025-04-05 18:50,2025-04-06 11:40,контейнера,81.0,81 шт,162.0,3.9,2025-04-07 03:35,2026-04-03_1207_
Шайр Сабир,3,2025-04-05 20:00,2025-04-06 00:15,2025-04-06 02:15,2025-04-06 11:00,контейнера,,,,,2025-04-06 20:30,2025-04-07 11:40,контейнера,70.0,70 шт.,,,2025-04-07 16:10,2025-09-30_1038_
Шаир Сабир,3,2025-04-05 20:00,2025-04-06 00:15,2025-04-06 02:15,2025-04-06 11:00,контейнера,,,,,2025-04-06 20:30,2025-04-07 11:40,контейнера,70.0,70 шт.,,,2025-04-07 16:10,2026-04-03_1207_
GC Sunkar,1,2025-04-06 13:45,2025-04-07 04:10,2025-04-07 05:35,2025-04-07 06:30,контейнера,20.0,20 шт,23.0,3.05,2025-04-07 06:30,2025-04-08 02:45,контейнера,142.0,142 шт,276.0,3.1,2025-04-08 05:10,2026-04-03_1207_
Лимазак,2,2025-04-03 01:30,2025-04-06 01:50,,,,,,,,2025-04-06 10:50,2025-04-08 05:30,ячмень,2900.0,2900 т,,3.5,2025-04-08 11:40,2026-04-03_1207_
Омский-106,6,2025-03-14 20:30,2025-04-07 01:45,,,,,,,,2025-04-07 18:00,2025-04-08 10:00,зерно,2800.0,2800 т,,3.3,2025-04-08 14:45,2026-04-03_1207_
Гита,23,2025-03-09 03:00,2025-04-07 14:40,,,,,,,,2025-04-08 03:20,2025-04-08 17:00,ячмень,3000.0,3000 т,,,2025-04-09 16:00,2026-04-03_1207_
Омский-138,6,2025-03-15 06:00,2025-04-08 16:00,,,,,,,,2025-04-09 12:00,2025-04-09 23:30,зерно,2860.0,2860 т,,,2025-04-10 12:00,2026-04-03_1207_
Адрина,1,2025-04-04 23:30,2025-04-08 06:10,,,ген груз,,,,,2025-04-08 10:20,2025-04-10 11:40,чечевица,1500.0,1500 т,,,2025-04-11 17:05,2026-04-03_1207_
Кангалассы,22,2025-04-09 07:00,2025-04-09 22:40,2025-04-10 00:15,2025-04-10 04:45,контейнера,46.0,46 шт.,,,2025-04-10 04:45,2025-04-10 12:45,контейнера,64.0,64 шт.,,,2025-04-11 18:50,2026-04-03_1207_
Мир,3,2025-04-06 11:00,2025-04-08 12:55,,,,,,,,2025-04-09 14:00,2025-04-10 12:45,кокс,2980.0,2980 т,,,2025-04-11 19:50,2026-04-03_1207_
Омский-114,23,2025-03-08 09:10,2025-04-09 17:50,,,,,,,,2025-04-10 22:30,2025-04-11 14:30,ячмень,2800.0,2800 т.,,,2025-04-11 21:30,2026-04-03_1207_
Волго-Балт-190,6,2025-03-30 19:20,2025-04-10 13:20,,,в балласте,,,,,2025-04-11 05:00,2025-04-11 23:20,ячмень,3000.0,3000 т.,,,2025-04-12 18:25,2026-04-03_1207_
Каспиан Ариана,23,2025-03-16 07:45,2025-04-07 07:35,2025-04-07 12:05,2025-04-10 08:00,ген груз,,,,,2025-04-11 22:10,2025-04-12 19:00,ячмень,2800.0,2800 т,,,2025-04-12 23:35,2026-04-03_1207_
GC Berkut,3,2025-04-07 13:20,2025-04-11 21:00,,,в балласте,,,,3.3,2025-04-11 22:45,2025-04-13 04:30,контейнера,153.0,153 шт.,232.0,3.9,2025-04-13 08:25,2026-04-03_1207_
Узер Гаджебейли,1,2025-04-05 20:00,2025-04-11 17:35,,,,,,,,2025-04-11 21:30,2025-04-13 07:00,контейнера / баррит,68.0,68 шт / 600тн,,,2025-04-13 10:25,2025-09-30_1038_
Узейр Гаджебейли,1,2025-04-05 20:00,2025-04-11 17:35,,,,,,,,2025-04-11 21:30,2025-04-13 07:00,контейнера / баррит,68.0,68 шт / 600тн,,,2025-04-13 10:25,2026-04-03_1207_
Патрис,2,2025-03-14 23:30,2025-04-07 18:35,2025-04-07 21:20,2025-04-10 09:45,ген груз,2390.0,2390 т,,,2025-04-11 10:15,2025-04-13 11:00,ячмень,2800.0,2800 т,,4.2,2025-04-13 16:00,2026-04-03_1207_
Бадада,23,2025-03-12 01:45,2025-04-13 00:30,,,,,,,,2025-04-14 13:20,2025-04-14 23:35,ячмень,2950.0,2950 т,,,2025-04-14 11:45,2026-04-03_1207_
Элеганс,6,2025-03-13 17:45,2025-04-12 19:05,,,,,,,,2025-04-13 09:00,2025-04-14 15:15,ячмень,3000.0,3000 т,,3.5,2025-04-14 22:50,2026-04-03_1207_
Роджа,23,2025-03-09 17:15,2025-04-11 22:45,,,ген груз,1600.0,1600 т.,,,2025-04-14 13:00,2025-04-15 00:00,ячмень,2800.0,2800 т.,,,2025-04-16 20:00,2026-04-03_1207_
Омский-111,23,2025-03-17 23:00,2025-04-14 13:50,,,,,,,,2025-04-17 19:30,2025-04-18 13:00,ячмень,2800.0,2800,,,2025-04-18 16:55,2026-04-03_1207_
Бекет-Ата,2,2025-04-08 18:10,2025-04-14 21:15,2025-04-18 15:30,2025-04-18 16:50,в балласте,,,,2.9,2025-04-15 01:55,2025-04-18 17:20,контейнера,146.0,146 шт.,165.0,4.15,2025-04-18 22:20,2026-04-03_1207_
Туркестан,23,2025-04-14 20:00,2025-04-14 23:30,,,в балласте,,,,3.1,2025-04-17 11:20,2025-04-19 04:20,ячмень,4140.0,4140,,4.2,2025-04-19 19:30,2026-04-03_1207_
Кангалассы,22,2025-04-15 04:10,2025-04-18 19:50,,,ген.груз,,,,,2025-04-19 14:00,2025-04-19 18:30,контейнера,64.0,64 шт.,,,2025-04-19 21:50,2026-04-03_1207_
Гусейн Джавид,1,2025-04-08 11:55,2025-04-18 21:55,2025-04-19 01:30,2025-04-19 06:10,ген.груз,,,,,2025-04-19 06:10,2025-04-20 03:10,контейнера,68.0,68 шт.,120.0,4.4,2025-04-20 09:10,2026-04-03_1207_
Валверг 1,6,2025-03-20 22:15,2025-04-18 21:20,,,,,,,,2025-04-19 10:20,2025-04-20 10:00,зерно,3800.0,3800 т,,,2025-04-21 00:00,2026-04-03_1207_
Баку Стар,2,2025-04-06 02:00,2025-04-18 23:20,,,,,,,,2025-04-19 13:00,2025-04-21 09:00,зерно,3000.0,3000 т,,2.5,2025-04-21 22:45,2026-04-03_1207_
Растак,23,2025-03-23 01:25,2025-04-19 21:00,,,,,,,,2025-04-20 22:35,2025-04-21 10:15,ячмень,3000.0,3000 т,,,2025-04-22 01:05,2026-04-03_1207_
GC Barys,3,2025-04-13 01:20,2025-04-14 19:45,2025-04-14 22:15,2025-04-15 02:55,контейнера,80.0,80 шт,96.0,3.5,2025-04-18 22:00,2025-04-22 15:10,контейнера,171.0,171 шт.,292.0,3.7,2025-04-22 17:45,2026-04-03_1207_
Персиан Шива,6,2025-04-07 21:15,2025-04-21 00:30,,,,,,,,2025-04-21 14:00,2025-04-22 06:40,ячмень,3000.0,3000 т,,2.7,2025-04-22 21:30,2026-04-03_1207_
Ситка,23,2025-04-02 15:40,2025-04-22 02:50,,,,,,,,2025-04-22 18:00,2025-04-23 17:30,ячмень,5200.0,5200 т.,,,2025-04-23 23:15,2026-04-03_1207_
Кадос,6,2025-04-07 21:20,2025-04-22 00:45,2025-04-22 02:40,2025-04-22 19:00,ген.груз,,,,,2025-04-23 09:40,2025-04-24 07:15,зерно,3000.0,3000 т.,,3.9,2025-04-24 16:50,2026-04-03_1207_
Шаир Сабир,3,2025-04-18 20:30,2025-04-23 21:35,,,в балласте,,,,,2025-04-24 02:00,2025-04-24 14:20,контейнера,77.0,77 шт.,,,2025-04-24 18:20,2026-04-03_1207_
Сарина,1,2025-04-13 11:30,2025-04-20 11:30,,,ген.груз,,,,,2025-04-22 02:40,2025-04-24 18:00,чечевица,1835.0,1835 т,,,2025-04-24 23:00,2026-04-03_1207_
Омский-118,23,2025-03-23 19:40,2025-04-24 00:45,,,,,,,,2025-04-24 14:30,2025-04-25 01:35,ячмень,2800.0,2800 т,,,2025-04-25 07:10,2026-04-03_1207_
Каспиан Сепехр,2,2025-04-20 07:10,2025-04-22 23:15,2025-04-23 01:15,2025-04-23 17:30,ген.груз,,,,,2025-04-23 22:20,2025-04-25 11:00,ячмень,3000.0,3000 т.,,,2025-04-25 18:10,2026-04-03_1207_
Кангалассы,22,2025-04-24 04:30,2025-04-25 00:20,,,контейнера,,,,,,,контейнера,,,,,2025-04-25 23:20,2026-04-03_1207_
GC Sunkar,1,2025-04-19 12:30,2025-04-24 19:05,2025-04-24 21:30,2025-04-25 10:15,контейнера,195.0,195 шт,336.0,3.0,2025-04-25 10:15,2025-04-26 06:40,контейнера,154.0,154 шт.,286.0,3.6,2025-04-26 12:05,2026-04-03_1207_
Рира,23,2025-04-05 02:00,2025-04-25 09:55,,,,,,,,,,ячмень,3000.0,3000 т,,,2025-04-26 18:00,2026-04-03_1207_
Респина,23,2025-04-05 09:15,2025-04-24 19:50,,,ген.груз,,,,,2025-04-26 21:00,2025-04-27 15:00,ячмень,3000.0,3000 т,,,2025-04-27 19:00,2026-04-03_1207_
Радина,6,2025-04-05 01:00,2025-04-26 16:30,,,,,,,,2025-04-27 09:50,2025-04-27 23:00,зерно,3000.0,3000 т,,,2025-04-29 00:45,2026-04-03_1207_
Пано-01,23,2025-04-14 21:00,2025-04-27 19:50,,,,,,,,,,ячмень,2750.0,2750 т,,,2025-04-29 12:30,2026-04-03_1207_
GC Berkut,1,2025-04-19 13:55,2025-04-27 04:15,2025-04-27 06:10,2025-04-27 07:10,контейнера,28.0,28 шт.,40.0,2.9,2025-04-27 09:30,2025-04-29 10:40,контейнера,164.0,164 шт.,299.0,3.9,2025-04-29 19:30,2026-04-03_1207_
Виана,22,2025-04-01 18:35,2025-04-26 19:30,,,ген.груз,,,,,2025-04-29 18:30,2025-04-30 06:45,ячмень,3000.0,3000 т,,,2025-04-30 14:50,2026-04-03_1207_
Шайр Вагиф,1,2025-04-23 23:00,2025-04-29 10:35,2025-04-29 12:00,2025-04-29 22:15,ген.груз,,,,,2025-04-29 22:15,2025-04-30 19:00,контейнера,76.0,76 шт.,131.0,,2025-04-30 20:30,2026-04-03_1207_
Валверг 4,6,2025-04-12 18:20,2025-04-29 01:25,,,,,,,,2025-04-29 15:00,2025-04-30 12:30,зерно,4000.0,4000 т,,,2025-05-01 00:40,2026-04-03_1207_
Пано-03,23,2025-04-14 05:20,2025-04-29 19:00,,,,,,,,2025-04-30 16:30,2025-05-01 04:00,ячмень,3000.0,3000 т,,2.4,2025-05-01 08:00,2026-04-03_1207_
Флестина-2,3,2025-04-14 10:40,2025-04-30 11:50,,,ген.груз,327.0,327 т.,,,2025-04-30 22:00,2025-05-01 06:00,баррит,1400.0,1400 т.,,,2025-05-01 14:00,2026-04-03_1207_
Кангалассы,22,2025-04-30 23:00,2025-05-01 00:00,2025-05-01 03:00,2025-05-01 08:30,ген.груз/контейнера,,,,,2025-05-01 09:00,2025-05-01 12:15,контейнера,25.0,25 шт,,,2025-05-01 16:40,2026-04-03_1207_
GC Barys,1,2025-04-30 17:00,2025-04-30 23:15,2025-05-01 01:35,2025-05-01 11:50,контейнера,125.0,125 шт.,178.0,3.3,2025-05-01 13:50,2025-05-02 02:55,контейнера,114.0,114 шт.,157.0,3.75,2025-05-02 06:50,2026-04-03_1207_
Элеганс,2,2025-04-24 13:30,2025-04-29 00:15,,,,,,,,2025-04-29 21:45,2025-05-02 22:10,зерно,3000.0,3000 т,,,2025-05-03 14:45,2026-04-03_1207_
Дельфин-1,1,2025-04-24 19:00,2025-05-02 08:00,,,,,,,,2025-05-02 22:00,2025-05-03 14:30,баррит,1860.0,1860 т,,,2025-05-03 17:20,2026-04-03_1207_
Сания,23,2025-04-19 00:00,2025-05-01 17:55,,,,,,,,2025-05-02 06:30,2025-05-03 18:40,ячмень,6000.0,6000 т,,4.6,2025-05-04 01:20,2026-04-03_1207_
Казак,23,2025-04-13 10:00,2025-05-04 02:10,,,в балласте,,,,,2025-05-04 17:00,2025-05-05 14:00,ячмень,4200.0,4200 т,,,2025-05-05 19:30,2026-04-03_1207_
Сепано,22,2025-04-23 07:45,2025-04-30 17:05,,,,,,,,2025-05-01 06:30,2025-05-05 01:30,ячмень,3700.0,3700 т.,,,2025-05-06 01:40,2026-04-03_1207_
Мелорин,3,2025-04-14 02:00,2025-05-01 15:10,2025-05-01 18:00,2025-05-02 22:15,ген.груз,2880.0,2880 т,,,,,ячмень,3000.0,3000 т,,,2025-05-06 02:50,2026-04-03_1207_
Патрис,6,2025-05-03 14:00,2025-05-04 22:20,,,,,,,,,,ячмень,3000.0,3000 т,,,2025-05-06 17:00,2026-04-03_1207_
GC Sunkar,1,2025-05-01 23:30,2025-05-05 01:15,2025-05-05 03:10,2025-05-05 10:35,контейнера,88.0,88 шт.,113.0,2.9,2025-05-05 10:35,2025-05-07 06:40,контейнера,136.0,136 шт.,258.0,3.7,2025-05-07 12:40,2026-04-03_1207_
Пано-05,23,2025-04-19 13:30,2025-05-05 21:05,,,,,,,,2025-09-06 09:00,2025-05-07 18:00,ячмень,2800.0,2800 т,,,2025-05-07 23:45,2026-04-03_1207_
Волго-Балт-239,2,2025-03-28 19:00,2025-05-01 01:50,,,,,,,,2025-05-01 23:10,2025-05-07 19:25,ячмень,6600.0,6600 т.,,,2025-05-08 01:15,2026-04-03_1207_
Дорита,6,2025-04-23 18:00,2025-05-06 05:45,2025-05-06 09:00,2025-05-06 18:15,ген.руз,,,,,2025-05-07 11:00,2025-05-07 23:10,зерно,1800.0,1800 т,258.0,,2025-05-08 04:40,2026-04-03_1207_
Сабрина,1,2025-05-03 07:30,2025-05-06 03:25,,,ген.груз/контейнера,,,,,2025-05-07 13:30,2025-05-08 00:30,контейнера,43.0,43 шт,258.0,,2025-05-08 04:50,2026-04-03_1207_
Кангалассы,22,2025-05-07 15:00,2025-05-07 16:15,,,контейнера,,,,,,,контейнера,,,,,2025-05-08 05:10,2026-04-03_1207_
Шаир Сабир,2,2025-05-02 00:45,2025-05-08 02:05,,,контейнера,60.0,60 шт,,,,,контейнера,91.0,91 шт,,,2025-05-08 22:25,2026-04-03_1207_
Валверг 2,23,2025-04-23 06:35,2025-05-08 00:45,,,,,,,,2025-05-08 21:00,2025-05-09 09:15,ячмень,3000.0,3000 т,,,2025-05-09 17:20,2026-04-03_1207_
Сорен,6,2025-04-13 11:05,2025-05-08 06:00,,,,,,,,2025-05-08 20:00,2025-05-09 10:45,зерно,3000.0,3000 т,,,2025-05-09 18:35,2026-04-03_1207_
GC Berkut,2,2025-05-04 01:00,2025-05-06 23:10,2025-05-07 02:15,2025-05-07 16:00,контейнера,92.0,92 шт,160.0,3.15,2025-05-08 04:15,2025-05-10 04:00,контейнера,176.0,176 шт,350.0,3.8,2025-05-10 07:00,2026-04-03_1207_
Бекет-Ата,1,2025-05-08 23:30,2025-05-09 19:35,,,в балласте,,,,,2025-05-09 23:45,2025-05-10 11:40,контейнера,146.0,146 шт,158.0,4.2,2025-05-10 14:35,2026-04-03_1207_
Тиям,22,2025-03-25 22:30,2025-05-08 21:15,,,в балласте,,,,,2025-05-09 18:35,2025-05-11 06:00,ячмень/контейнера,4000.0,4000 т,,4.4,2025-05-11 10:00,2026-04-03_1207_
Гусейн Джавид,1,2025-05-10 19:45,2025-05-10 22:00,,,,62.0,62 шт,,,,,контейнера,136.0,136 шт,196.0,4.1,2025-05-11 16:50,2026-04-03_1207_
Баку Стар,23,2025-05-01 10:40,2025-05-11 00:10,,,,,,,,2025-05-11 15:00,2025-05-12 17:25,ячмень,2900.0,2900 т,,,2025-05-12 21:45,2026-04-03_1207_
GC Barys,1,2025-05-06 05:00,2025-05-11 17:50,2025-05-11 18:55,2025-05-11 21:20,контейнера,17.0,17 шт,24.0,3.2,2025-05-11 23:20,2025-05-12 19:10,контейнера,146.0,146,280.0,3.75,2025-05-13 00:10,2026-04-03_1207_
Тарадис,3,2025-04-22 21:10,2025-05-08 07:00,,,ген груз,,,,,2025-05-10 08:00,2025-05-13 01:30,зерно,3000.0,3000 т,,,2025-05-14 00:35,2026-04-03_1207_
Туркестан,1,2025-04-30 19:00,2025-05-13 17:25,,,в балласте,,,,,,,,,,,,2025-05-14 05:45,2026-04-03_1207_
Виста,6,2025-05-09 00:25,2025-05-12 23:45,,,,,,,,2025-05-13 09:00,2025-05-14 11:30,зерно,3000.0,3000 т,,,2025-05-15 00:05,2026-04-03_1207_
Растак,23,2025-05-04 20:10,2025-05-13 01:10,,,,,,,,,,ячмень,2900.0,2900 т,,,2025-05-15 15:40,2026-04-03_1207_
Пано-01,23,2025-05-06 16:30,2025-05-15 16:30,,,,,,,,,,ячмень,,,,,2025-05-17 07:15,2026-04-03_1207_
Наргол,3,2025-05-14 12:30,2025-05-15 03:15,,,цемент,2001.0,2001 т,,,2025-05-17 02:00,2025-05-17 06:15,уголь,993.0,993 т,,2.8,2025-05-17 14:30,2026-04-03_1207_
Эрика,6,2025-05-10 13:20,2025-05-15 00:30,,,,,,,,2025-05-15 16:00,2025-05-17 10:05,зерно,3000.0,3000 т,,4.0,2025-05-17 19:30,2026-04-03_1207_
GC Sunkar,2,2025-05-11 21:00,2025-05-14 00:10,2025-05-14 03:20,2025-05-14 06:35,контейнера,119.0,119,202.0,3.0,2025-05-14 06:35,2025-05-17 18:30,контейнера,152.0,152 шт,284.0,3.6,2025-05-17 20:00,2026-04-03_1207_
Кангаласы,22,2025-05-17 23:00,2025-05-18 03:15,,,контейнера,,,,,2025-05-18 09:00,,контейнера,,,,,2025-05-18 21:00,2026-04-03_1207_
Касра-1,23,2025-05-08 23:55,2025-05-13 16:50,2025-05-15 13:00,2025-05-17 06:00,генгруз,,,,,2025-05-17 14:50,,ячмень,,,,,2025-05-18 22:45,2026-04-03_1207_
Шайр Вагиф,1,2025-05-16 20:30,2025-05-17 16:30,2025-05-17 19:00,2025-05-18 02:00,контейнера,,,,,2025-05-18 02:35,2025-05-18 22:00,контейнера,105.0,105 шт.,182.0,,2025-05-19 02:05,2026-04-03_1207_
Раман,1,2025-05-08 08:50,2025-05-17 21:45,,,,,,,,2025-05-18 12:30,2025-05-19 06:20,зерно,2800.0,2800 т,,,2025-05-20 12:20,2026-04-03_1207_
GC Berkut,3,2025-05-14 07:00,2025-05-18 00:15,2025-05-18 02:10,2025-05-18 02:35,контейнера,7.0,7,14.0,2.9,2025-05-18 03:00,2025-05-20 10:45,контейнера,159.0,159 шт.,246.0,3.8,2025-05-20 13:15,2026-04-03_1207_
Каспиан Сепехр,23,2025-05-09 16:15,2025-05-17 10:05,2025-05-17 14:10,2025-05-19 03:30,"контейнера, машины",,,,,,,ячмень,2900.0,2900 т,,,2025-05-20 18:30,2026-04-03_1207_
Бадада,2,2025-05-17 20:30,2025-05-17 22:45,,,,,,,,2025-05-18 20:20,2025-05-20 21:00,зерно,3000.0,3000 т,,,2025-05-21 01:35,2026-04-03_1207_
Валверг-1,6,2025-05-07 00:00,2025-05-19 12:20,,,,,,,,2025-05-20 09:00,2025-05-21 09:30,ячмень,3000.0,3000 т,,,2025-05-22 00:45,2026-04-03_1207_
Нардис,22,2025-05-11 02:00,2025-05-19 01:25,2025-05-19 05:00,2025-05-20 14:30,ген груз,,,,,2025-05-20 22:50,2025-05-21 11:05,ячмень/контейнера,3000.0,3000 т,,,2025-05-22 02:10,2026-04-03_1207_
GC Barys,2,2025-05-17 15:15,2025-05-21 09:00,2025-05-21 11:20,2025-05-21 14:30,контейнера,36.0,36 шт,57.0,3.55,2025-05-21 21:30,2025-05-22 06:00,контейнера,139.0,139,156.0,3.85,2025-05-22 11:50,2026-04-03_1207_
Пано-05,23,2025-05-14 01:00,2025-05-21 14:10,,,,,,,,,,ячмень,2800.0,2800 т,,,2025-05-22 22:55,2026-04-03_1207_
Узеир Гаджебейли,1,2025-05-21 11:00,2025-05-21 12:00,,,,,,,,2025-05-21 23:45,2025-05-22 22:15,контейнера/селитра,124.0,124 шт / 946 т,,,2025-05-23 02:40,2025-09-30_1038_
Узейр Гаджебейли,1,2025-05-21 11:00,2025-05-21 12:00,,,,,,,,2025-05-21 23:45,2025-05-22 22:15,контейнера/селитра,124.0,124 шт / 946 т,,,2025-05-23 02:40,2026-04-03_1207_
Рона,6,2025-05-17 21:30,2025-05-22 01:25,,,,,,,,2025-05-22 17:40,2025-05-23 10:15,зерно,3150.0,3150 т,,3.0,2025-05-23 16:30,2026-04-03_1207_
Кангалласы,22,2025-05-24 03:00,2025-05-24 05:00,,,контейнера,,,,,2025-05-24 12:20,2025-05-24 16:00,контейнера,40.0,40 шт.,,,2025-05-24 18:15,2026-04-03_1207_
GC Sunkar,1,2025-05-23 14:00,2025-05-23 16:10,2025-05-23 18:15,2025-05-24 03:00,контейнера,89.0,89 шт.,127.0,2.8,2025-05-24 03:00,2025-05-25 04:55,контейнера,167.0,167 шт.,272.0,3.6,2025-05-25 07:55,2026-04-03_1207_
Рира,6,2025-05-19 19:00,2025-05-23 19:30,,,,,,,,2025-05-24 10:10,2025-05-25 11:50,ячмень,3000.0,3000 т,,,2025-05-25 20:55,2026-04-03_1207_
Сания,22,2025-05-14 10:00,2025-05-22 03:20,,,ген грузы,,,,,2025-05-23 17:20,2025-05-25 07:30,ячмень/контейнера,6000.0,6000 т / 17 шт,,,2025-05-25 22:40,2026-04-03_1207_
Тарадис,2,2025-05-24 13:10,2025-05-24 23:40,,,ген груз,,,,,2025-05-25 22:50,2025-05-26 04:00,контейнера,59.0,59 шт,,4.4,2025-05-26 12:00,2026-04-03_1207_
Туркменистан,1,2025-05-24 16:10,2025-05-25 09:30,,,,,,,,2025-05-25 21:00,2025-05-26 06:50,баррит,2765.0,2765 т,,3.9,2025-05-26 12:55,2026-04-03_1207_
Пано-03,23,2025-05-11 10:00,2025-05-25 09:00,,,,,,,,2025-05-26 02:10,2025-05-27 06:35,ячмень,2780.0,2780 т,,3.4,2025-05-27 17:00,2026-04-03_1207_
Виана,2,2025-05-13 00:10,2025-05-23 15:40,2025-05-23 17:30,2025-05-24 15:30,ген. груз,,,,,2025-05-25 22:20,2025-05-27 22:20,ячмень,3000.0,3000 т.,,3.9,2025-05-28 00:50,2026-04-03_1207_
GC Berkut,1,2025-05-25 21:30,2025-05-26 17:30,2025-05-26 19:20,2025-05-27 18:40,контейнера,40.0,40 шт.,76.0,2.8,2025-05-27 19:15,2025-05-28 12:15,контейнера,128.0,128 шт.,141.0,3.9,2025-05-28 14:25,2026-04-03_1207_
Волго Балт 239,23,2025-05-19 06:30,2025-05-27 21:15,,,,,,,,2025-05-28 14:55,2025-05-29 14:15,ячмень,3000.0,3000 т.,,,2025-05-29 19:55,2025-09-30_1038_
Волго Балт-239,23,2025-05-19 06:30,2025-05-27 21:15,,,,,,,,2025-05-28 14:55,2025-05-29 14:15,ячмень,3000.0,3000 т.,,,2025-05-29 19:55,2026-04-03_1207_
Гита,6,2025-05-19 20:30,2025-05-27 16:30,,,,,,,,2025-05-28 22:00,2025-05-29 06:00,ячмень,3000.0,3000 т.,,,2025-05-29 22:25,2026-04-03_1207_
GC Barys,1,2025-05-26 08:00,2025-05-28 15:05,,,в балласте,,,,2.9,2025-05-28 17:25,2025-05-30 06:40,контейнера,156.0,156 шт.,272.0,3.4,2025-05-30 11:10,2026-04-03_1207_
Кангалассы,22,2025-05-29 23:00,2025-05-30 01:25,,,ген грузы,,,,,,,,,,,,2025-05-30 12:30,2026-04-03_1207_
Роджа,6,2025-05-19 10:55,2025-05-28 02:10,2025-05-28 05:20,2025-05-29 05:00,ген.груз,,,,,,,ячмень,3000.0,3000 т.,,,2025-05-30 23:50,2026-04-03_1207_
Казак,23,2025-05-18 15:00,2025-05-28 19:40,,,ген грузы,,,,,2025-05-30 21:35,2025-05-31 18:35,ячмень,4300.0,4300 т,,,2025-06-01 02:10,2026-04-03_1207_
Туркменистан,2,2025-05-31 04:00,2025-05-31 05:00,,,в балласте,,,,,2025-05-31 15:00,2025-06-01 07:00,баррит,2860.0,2860 т,,,2025-06-01 11:40,2026-04-03_1207_
Шайр Сабир,1,2025-05-30 17:40,2025-05-30 18:45,,,в балласте,,,,,2025-05-30 21:50,2025-06-01 14:00,контейнера/селитра,41.0,41 шт/3100 т,62.0,,2025-06-01 17:05,2026-04-03_1207_
Сорен,6,2025-05-22 03:10,2025-05-31 01:00,,,,,,,,2025-05-31 12:00,2025-06-01 06:30,зерно,3000.0,3000 т,,,2025-06-01 21:00,2026-04-03_1207_
GC Sunkar,2,2025-05-29 14:30,2025-06-01 09:15,2025-06-01 12:05,2025-06-01 15:25,контейнера,52.0,52 шт,103.0,2.8,2025-06-01 15:25,2025-06-02 12:25,контейнера,164.0,164 шт.,308.0,3.7,2025-06-02 15:05,2026-04-03_1207_
Тарадис,1,2025-05-31 23:00,2025-06-02 01:40,,,,,,,,2025-06-02 07:00,2025-06-02 18:45,контейнера,60.0,60 шт,,,2025-06-02 22:50,2026-04-03_1207_
Ситка,23,2025-05-31 18:10,2025-06-01 02:55,,,,,,,,2025-06-01 16:15,2025-06-03 00:45,ячмень,5450.0,5450 т,,,2025-06-04 13:00,2026-04-03_1207_
Персиан Шива,6,2025-05-21 02:50,2025-06-02 13:20,,,,,,,,2025-06-02 23:30,2025-06-03 22:45,зерно,2950.0,2950 т,,,2025-06-05 01:30,2026-04-03_1207_
Узейр Гаджибейли,2,2025-06-02 01:50,2025-06-02 16:05,2025-06-02 18:35,2025-06-02 23:50,контейнера,,,,38.0,2025-06-04 22:35,2025-06-05 12:30,контейнера,103.0,103 шт,181.0,,2025-06-05 15:45,2026-04-03_1207_
Амур-2522,23,2025-05-30 04:10,2025-05-30 13:20,2025-05-30 15:00,2025-05-31 08:00,ген грузы,,,,,2025-06-04 19:00,2025-06-05 17:45,ячмень,3000.0,3000т,,,2025-06-06 02:45,2026-04-03_1207_
GC Berkut,2,2025-06-01 10:30,2025-06-05 16:35,2025-06-05 18:45,2025-06-05 19:30,контейнера,10.0,10 шт,20.0,2.7,2025-06-05 21:40,2025-06-07 06:25,контейнера,153.0,153 шт.,285.0,3.8,2025-06-07 11:10,2026-04-03_1207_
Тиям,6,2025-05-26 13:15,2025-06-04 12:15,,,цемент,,,,,2025-06-06 11:00,2025-06-07 01:00,зерно,3000.0,3000т,,,2025-06-07 19:40,2026-04-03_1207_
Мелорин,3,2025-06-01 07:30,2025-06-01 19:25,,,в балласте,,,,,2025-06-02 10:30,2025-06-07 17:45,уголь,1992.0,1992 т.,,,2025-06-08 05:10,2026-04-03_1207_
Касра-1,23,2025-06-01 14:15,2025-06-05 13:20,,,ген грузы,,,,,2025-06-07 03:55,2025-06-08 03:25,ячмень,1730.0,1730 т,,,2025-06-08 11:55,2026-04-03_1207_
Кангаласы,22,2025-06-09 12:00,2025-06-09 12:50,2025-06-09 16:00,2025-06-09 18:00,ген.груз,,,,,2025-06-09 19:10,2025-06-09 23:00,контейнера,34.0,34 шт.,,,2025-06-10 06:00,2025-09-30_1038_
Кангалассы,22,2025-06-09 12:00,2025-06-09 12:50,2025-06-09 16:00,2025-06-09 18:00,ген.груз,,,,,2025-06-09 19:10,2025-06-09 23:00,контейнера,34.0,34 шт.,,,2025-06-10 06:00,2026-04-03_1207_
Пайя,3,2025-05-23 23:10,2025-06-08 10:00,,,в балласте,,,,,2025-06-08 21:30,2025-06-09 22:00,уголь/контейнера,1000.0,1000 тн / 9 шт,,,2025-06-10 07:30,2026-04-03_1207_
Парин,22,2025-05-20 17:30,2025-06-08 12:55,,,в балласте,,,,,2025-06-08 22:00,2025-06-09 17:40,ячмень/контейнера,4200.0,4200 т / 27 шт,,,2025-06-10 17:25,2026-04-03_1207_
Сарир,6,2025-05-31 13:40,2025-06-07 22:55,,,в балласте,,,,,2025-06-08 16:30,2025-06-09 21:00,зерно,5000.0,5000 т,,,2025-06-10 17:35,2026-04-03_1207_
Туркестан,3,2025-05-14 06:30,2025-06-10 09:50,,,в балласте,,,,,2025-06-10 14:45,2025-06-11 09:50,контейнера,104.0,104 шт.,138.0,3.6,2025-06-11 16:50,2026-04-03_1207_
Гусейн Джавид,2,2025-06-08 20:20,2025-06-09 21:25,,,,,,,,2025-06-10 03:00,2025-06-11 14:30,селитра+контейнера,3000.0,3000 т / 25 шт,,4.2,2025-06-11 18:50,2026-04-03_1207_
GC Barys,1,2025-06-03 00:50,2025-06-06 15:10,2025-06-06 21:25,2025-06-06 21:45,контейнера,6.0,6 шт.,12.0,2.8,2025-06-07 15:30,2025-06-11 18:35,контейнера,180.0,180 шт.,348.0,3.6,2025-06-11 22:55,2026-04-03_1207_
Сарина,6,2025-06-05 07:00,2025-06-10 21:20,,,,,,,,,,зерно,2070.0,2070 т,,,2025-06-12 15:20,2026-04-03_1207_
Флестина-2,3,2025-06-10 08:30,2025-06-11 21:25,2025-06-12 01:50,2025-06-12 03:30,контейнера,23.0,23 шт.,,,,,в балласте,,,,,2025-06-12 18:00,2026-04-03_1207_
Сания,2,2025-06-09 14:50,2025-06-11 20:10,,,ген груз,,,,,,,в балласте,,,,,2025-06-13 05:30,2026-04-03_1207_
Узейр Гаджибейли,1,2025-06-09 09:50,2025-06-11 23:50,,,контейнера,75.0,75 шт,,,2025-06-12 13:30,2025-06-13 14:15,контейнер,146.0,146 шт,,,2025-06-13 19:25,2026-04-03_1207_
Валверг-3,22,2025-05-26 00:45,2025-06-10 19:25,,,,,,,,2025-06-11 11:40,2025-06-12 07:30,ячмень,2900.0,2900 т,,,2025-06-14 01:45,2026-04-03_1207_
Пано-01,23,2025-05-25 14:00,2025-06-12 17:30,,,,,,,,2025-06-13 15:00,2025-06-14 05:00,ячмень,2750.0,2750 т.,,,2025-06-14 15:40,2026-04-03_1207_
Каспиан Ариана,23,2025-05-07 22:00,2025-06-14 17:20,,,,,,,,,,ячмень,2730.0,2730 т,,,2025-06-16 17:00,2026-04-03_1207_
GC Sunkar,1,2025-06-09 19:30,2025-06-12 19:25,2025-06-12 22:10,2025-06-13 12:20,контейнера,174.0,174 шт,304.0,3.7,2025-06-13 23:20,2025-06-16 15:20,контейнера,98.0,98 шт.,184.0,3.2,2025-06-17 01:40,2026-04-03_1207_
Кадос,3,2025-06-14 10:30,2025-06-14 11:25,2025-06-14 15:00,2025-06-15 06:00,цемент/контейнера,3213.0,3213 т,,,,,зерно,3000.0,3000 т.,,,2025-06-17 12:10,2026-04-03_1207_
Казак,22,2025-06-15 08:30,2025-06-15 09:35,,,,,,,,,,ячмень,4300.0,4300 т,,,2025-06-17 17:40,2026-04-03_1207_
Пано-05,23,2025-05-29 19:00,2025-06-16 17:30,,,,,,,,2025-06-17 08:45,2025-06-17 23:00,ячмень,3000.0,3000 т.,,,2025-06-18 19:15,2026-04-03_1207_
Сомия,22,2025-06-01 18:15,2025-06-13 22:20,2025-06-14 01:00,2025-06-14 12:05,ген груз,1010.0,1010 т,,,2025-06-18 01:00,2025-06-18 15:50,ячмень / контейнера,6000.0,6000 т / 16 шт.,,,2025-06-19 07:00,2026-04-03_1207_
Кангаласы,22,2025-06-17 22:40,2025-06-18 19:40,,,ген.груз,,,,,,,контейнера,,,,,2025-06-19 19:35,2025-09-30_1038_
Кангалассы,22,2025-06-17 22:40,2025-06-18 19:40,,,ген.груз,,,,,,,контейнера,,,,,2025-06-19 19:35,2026-04-03_1207_
GC Berkut,1,2025-06-12 11:30,2025-06-17 11:50,2025-06-17 21:20,2025-06-18 02:25,контейнера,48.0,48 шт.,82.0,2.9,2025-06-18 02:40,2025-06-20 01:00,контейнера,181.0,181 шт.,346.0,3.9,2025-06-20 03:00,2026-04-03_1207_
Вафа,2,2025-06-19 12:00,2025-06-20 01:45,,,ген груз,672.0,672 т,,,,,в балласте,,,,,2025-06-20 18:30,2026-04-03_1207_
Пано-03,23,2025-06-09 21:40,2025-06-19 21:00,,,,,,,,,,ячмень,2800.0,2800 т,,,2025-06-21 12:50,2026-04-03_1207_
Патрис,2,2025-06-02 13:00,2025-06-21 04:25,,,,,,,,,,,,,,,2025-06-21 20:30,2026-04-03_1207_
GC Barys,1,2025-06-18 15:10,2025-06-20 11:25,2025-06-20 13:55,2025-06-21 03:40,контейнера,160.0,160 шт.,276.0,3.3,2025-06-21 03:40,2025-06-22 07:30,контейнера,175.0,175 шт.,350.0,3.6,2025-06-22 15:15,2026-04-03_1207_
Пармис,6,2025-06-05 13:30,2025-06-18 18:15,,,,,,,,2025-06-19 08:30,2025-06-21 01:00,зерно,3000.0,3000 т,,,2025-06-23 03:00,2026-04-03_1207_
GC Sunkar,2,2025-06-21 17:30,2025-06-21 18:20,2025-06-22 02:10,2025-06-23 00:00,контейнера,133.0,133 шт.,249.0,3.6,2025-06-23 00:15,2025-06-23 11:35,контейнера,170.0,170 шт.,244.0,3.8,2025-06-23 17:25,2026-04-03_1207_
Волго-Балт 239,23,2025-06-10 07:30,2025-06-20 10:45,,,,,,,,2025-06-21 08:00,2025-06-22 21:00,ячмень,3000.0,3000 т.,,,2025-06-23 21:05,2025-09-30_1038_
Волго-Балт-239,23,2025-06-10 07:30,2025-06-20 10:45,,,,,,,,2025-06-21 08:00,2025-06-22 21:00,ячмень,3000.0,3000 т.,,,2025-06-23 21:05,2026-04-03_1207_
Валверг-4,6,2025-06-18 15:30,2025-06-23 11:10,,,,,,,,,,ячмень,3000.0,3000 тн.,,,2025-06-25 20:00,2026-04-03_1207_
Назмехр,23,2025-06-20 21:20,2025-06-21 16:05,,,,,,,,,,ячмень,,,,,2025-06-26 18:15,2026-04-03_1207_
GC Berkut,22,2025-06-26 15:15,2025-06-26 17:55,2025-06-26 21:10,2025-06-27 00:40,контейнера,98.0,98 шт.,128.0,3.15,2025-06-27 01:50,2025-06-28 01:20,контейнера,168.0,168 шт.,294.0,3.8,2025-06-28 04:05,2026-04-03_1207_
Кангалласы,22,2025-06-28 02:00,2025-06-28 07:05,,,,,,,,,,,,,,,2025-06-28 20:50,2025-09-30_1038_
Кангалассы,22,2025-06-28 02:00,2025-06-28 07:05,,,,,,,,,,,,,,,2025-06-28 20:50,2026-04-03_1207_
GC Barys,1,2025-06-26 18:40,2025-06-26 19:25,2025-06-26 22:20,2025-06-27 03:50,контейнера,62.0,62 шт.,114.0,3.0,2025-06-27 03:50,2025-06-29 03:50,контейнера,177.0,177 шт.,316.0,3.6,2025-06-29 06:30,2026-04-03_1207_
Пано-03,,2025-06-30 05:00,,,,,,,,,,,,,,,,2025-06-30 17:00,2026-04-03_1207_
GC Sunkar,2,2025-06-29 06:00,2025-06-29 07:10,2025-06-29 10:45,2025-06-29 15:20,контейнера,42.0,42 шт.,75.0,3.8,2025-06-29 15:50,2025-07-01 03:55,контейнера,141.0,141 шт.,208.0,3.85,2025-07-01 07:40,2026-04-03_1207_
Касра-1,23,2025-06-26 21:50,2025-06-30 11:50,,,ген.груз,,,,,2025-07-01 02:30,2025-07-01 23:25,ячмень,1400.0,1400 т,,,2025-07-02 06:30,2026-04-03_1207_
Респина,6,2025-06-26 13:30,2025-06-29 16:50,,,,,,,,2025-06-30 13:30,2025-07-02 00:10,ячмень,3000.0,3000 т,,,2025-07-02 19:00,2026-04-03_1207_
баржа ДН-34,3,2025-06-29 09:30,2025-06-29 10:40,,,,,,,,,,,,,,,2025-07-04 12:00,2026-04-03_1207_
GC Berkut,2,2025-07-02 21:30,2025-07-02 23:05,2025-07-03 01:35,2025-07-03 03:10,контейнера,41.0,41 шт,73.0,3.0,2025-07-03 03:10,2025-07-04 03:00,контейнера,164.0,164 шт,270.0,3.8,2025-07-05 16:30,2026-04-03_1207_
Сабрина,23,2025-07-04 22:30,2025-07-04 23:45,,,,,,,,,,ячмень,3000.0,3000т,,,2025-07-06 13:30,2026-04-03_1207_
Кангалласы,22,2025-07-10 01:30,2025-07-10 02:30,,,,,,,,,,,,,,,2025-07-10 10:30,2026-04-03_1207_
GC Barys,2,2025-07-08 15:30,2025-07-08 16:20,2025-07-08 19:10,2025-07-08 22:20,контейнера,63.0,63 шт,108.0,3.0,2025-07-09 13:45,2025-07-10 05:30,контейнера,162.0,162 шт.,318.0,3.65,2025-07-10 11:40,2026-04-03_1207_
Пано-1,23,2025-07-09 20:00,2025-07-09 23:00,,,,,,,,,,ячмень,,,,,2025-07-11 16:00,2026-04-03_1207_
GC Sunkar,2,2025-07-11 08:00,2025-07-11 09:00,2025-07-11 11:20,2025-07-11 19:00,контейнера,117.0,117,183.0,2.8,2025-07-11 19:30,2025-07-12 16:40,контейнера,170.0,170 шт.,244.0,3.9,2025-07-12 22:50,2026-04-03_1207_
GC Berkut,1,2025-07-11 23:35,2025-07-12 00:05,2025-07-12 02:00,2025-07-12 02:45,контейнера,13.0,13 шт,15.0,2.9,2025-07-12 15:35,2025-07-13 18:35,контейнера,158.0,158 шт.,294.0,3.8,2025-07-13 20:25,2026-04-03_1207_
Пармис,2,2025-07-10 06:05,2025-07-10 14:45,,,ген.груз,,,,,,,ячмень/контейнера,3000.0,3000 тн / 28 шт,,,2025-07-14 11:40,2026-04-03_1207_
Адрина,1,2025-07-14 14:00,2025-07-14 23:50,,,ген.груз,,,,,2025-07-15 10:15,2025-07-15 13:55,контейнера,21.0,21 шт.,,,2025-07-15 20:05,2026-04-03_1207_
GC Barys,2,2025-07-15 08:30,2025-07-15 09:40,2025-07-15 13:40,2025-07-15 16:10,контейнера,109.0,109 шт.,204.0,3.1,2025-07-15 17:10,2025-07-16 15:30,контейнера,175.0,175 шт.,350.0,3.6,2025-07-16 21:05,2026-04-03_1207_
Кангалласы,22,2025-07-20 07:30,2025-07-20 09:45,,,контейнера,45.0,45 шт,,,,,контейнера,58.0,58 шт,,,2025-07-20 22:30,2025-09-30_1038_
Кангалассы,22,2025-07-20 07:30,2025-07-20 09:45,,,контейнера,45.0,45 шт,,,,,контейнера,58.0,58 шт,,,2025-07-20 22:30,2026-04-03_1207_
GC Sunkar,3,2025-07-17 22:30,2025-07-17 23:35,2025-07-18 02:00,2025-07-18 05:30,контейнера,59.0,59 шт.,95.0,2.8,2025-07-18 05:30,2025-07-19 07:15,контейнера,177.0,177 шт.,350.0,3.7,2025-07-21 00:25,2026-04-03_1207_
GC Berkut,2,2025-07-19 13:30,2025-07-19 15:20,2025-07-19 17:30,2025-07-19 22:10,контейнера,67.0,67 шт.,107.0,3.0,2025-07-19 22:10,2025-07-20 23:00,контейнера,175.0,175 шт + паллет,351.0,4.0,2025-07-21 04:25,2026-04-03_1207_
Гусейн Джавид,1,2025-07-19 19:00,2025-07-19 19:30,,,в балласте,,,,,,,контейнера/селитра,60.0,60 шт / 3000 тн,,,2025-07-22 02:40,2026-04-03_1207_
Туркменистан,3,2025-07-20 04:10,2025-07-21 02:20,,,,,,,,,,баррит,2700.0,2700 тн,,,2025-07-22 10:45,2026-04-03_1207_
GC Barys,2,2025-07-21 01:20,2025-07-21 05:10,,,,,,,,2025-07-21 06:50,2025-07-22 18:15,контейнера,199.0,199 шт.,328.0,3.8,2025-07-22 22:45,2026-04-03_1207_
GC Sunkar,2,2025-07-24 21:00,2025-07-24 21:35,,,в балласте,,,,2.8,2025-07-24 23:25,2025-07-25 22:50,контейнера,171.0,171 шт.,324.0,3.65,2025-07-26 01:00,2026-04-03_1207_
Касра-1,23,2025-07-23 18:35,2025-07-24 07:00,,,,,,,,2025-07-24 14:30,2025-07-25 23:30,ячмень/контейнера,1600.0,1600тн / 8 шт,,,2025-07-26 06:00,2026-04-03_1207_
Кангалласы,22,2025-07-26 20:30,2025-07-26 21:25,,,,,,,,,,контейнера / металл,21.0,21 шт / 125 т.,,,2025-07-27 13:00,2025-09-30_1038_
Кангалассы,22,2025-07-26 20:30,2025-07-26 21:25,,,,,,,,,,контейнера / металл,21.0,21 шт / 125 т.,,,2025-07-27 13:00,2026-04-03_1207_
GC Berkut,2,2025-07-27 13:15,2025-07-27 14:45,2025-07-27 17:00,2025-07-28 00:10,контейнера,209.0,209 шт.,352.0,3.6,2025-07-28 01:45,2025-07-28 23:50,контейнера,174.0,174 шт,342.0,3.95,2025-07-29 02:40,2026-04-03_1207_
GC Barys,2,2025-07-28 16:30,2025-07-28 18:00,2025-07-28 21:20,2025-07-29 07:15,контейнера,127.0,127 шт.,202.0,3.8,2025-07-29 07:15,2025-07-30 05:35,контейнера,164.0,164 шт.,328.0,3.8,2025-07-30 09:35,2026-04-03_1207_
GC Sunkar,1,2025-07-29 15:30,2025-07-29 16:20,,,в балласте,,,,2.8,2025-07-29 22:10,2025-07-31 03:00,контейнера,168.0,168 шт,300.0,3.8,2025-07-31 04:45,2026-04-03_1207_
Теймур Ахмедов,2,2025-07-30 01:00,2025-07-30 11:25,,,,,,,,2025-07-31 01:00,2025-07-31 14:30,контейнера,84.0,84 шт.,,,2025-07-31 19:30,2026-04-03_1207_
Маэстро Ниязи,1,2025-07-27 19:30,2025-07-30 00:00,,,,,,,,2025-07-30 06:00,2025-08-01 04:00,селитра,4034.0,4034 тн,,,2025-08-01 17:10,2026-09-10_1524_
Мир,3,2025-07-30 09:00,2025-07-31 21:30,,,ген грузы,1480.0,1480 тн,,,2025-08-01 22:00,2025-08-02 19:00,кокс,2030.0,2030 тн,,,2025-08-03 01:30,2026-09-10_1524_
GC Berkut,2,2025-08-02 09:00,2025-08-02 10:00,,,в балласте,,,,2.85,2025-08-02 21:15,2025-08-04 04:00,контейнера,161.0,161 шт.,224.0,3.9,2025-08-04 18:20,2026-09-10_1524_
Кангалласы,22,2025-08-04 18:20,2025-08-04 19:15,,,контейнера,47.0,47 шт.,,,,,контейнера,47.0,47 шт,,,2025-08-05 11:30,2025-09-30_1038_
Кангалассы,22,2025-08-04 18:20,2025-08-04 19:15,,,контейнера,47.0,47 шт.,,,,,контейнера,47.0,47 шт,,,2025-08-05 11:30,2026-09-10_1524_
GC Barys,1,2025-08-03 18:00,2025-08-03 19:05,,,в балласте,,,,3.2,2025-08-03 22:20,2025-08-06 02:40,контейнера,171.0,171 шт.,336.0,3.8,2025-08-06 05:30,2026-09-10_1524_
Сабрина,3,2025-08-04 11:05,2025-08-04 16:05,,,цемент,2335.0,2335 т.,,,,,контейнера,48.0,48 шт.,,,2025-08-06 14:30,2026-09-10_1524_
GC Sunkar,2,2025-08-05 05:30,2025-08-05 06:35,2025-08-05 09:25,2025-08-05 12:15,контейнера,95.0,95 шт,161.0,2.9,2025-08-05 12:15,2025-08-06 15:00,контейнера,178.0,178 шт,340.0,3.7,2025-08-06 17:40,2026-09-10_1524_
Диба,22,2025-08-07 01:30,2025-08-07 10:25,,,,,,,,,,,,,,,2025-08-07 19:50,2026-09-10_1524_
Ситка,23,2025-08-06 02:00,2025-08-06 03:10,,,,,,,,,,ячмень,4500.0,4500 тн,,,2025-08-08 02:25,2026-09-10_1524_
GC Berkut,2,2025-08-08 19:15,2025-08-09 02:25,,,в балласте,,,,2.9,2025-08-09 03:55,2025-08-10 03:40,контейнера,185.0,185 шт.,332.0,3.9,2025-08-10 09:20,2026-09-10_1524_
Теймур Ахмедов,3,2025-08-08 07:20,2025-08-08 14:10,,,в балласте,,,,,,,селитра,2032.0,2032 т.,,,2025-08-10 15:10,2026-09-10_1524_
GC Sunkar,22,2025-08-12 20:30,2025-08-12 21:50,,,в балласте,,,,,2025-08-12 23:00,2025-08-14 00:25,контейнера,156.0,156 шт.,278.0,3.7,2025-08-14 02:25,2026-09-10_1524_
Сомия,22,2025-08-13 22:30,2025-08-14 04:35,,,ген груз,,,,,,,в балласте,,,,,2025-08-14 19:55,2026-09-10_1524_
GC Barys,2,2025-08-13 02:00,2025-08-13 03:40,2025-08-13 05:20,2025-08-13 10:15,контейнера,79.0,79 шт.,121.0,3.4,2025-08-13 10:15,2025-08-14 15:10,контейнера,144.0,144 шт.,238.0,3.8,2025-08-14 21:55,2026-09-10_1524_
GC Berkut,2,2025-08-14 22:25,2025-08-14 23:25,2025-08-15 02:00,2025-08-15 03:35,контейнера,31.0,31 шт.,52.0,3.2,2025-08-15 03:45,,контейнера,169.0,169 шт.,334.0,3.9,2025-08-16 03:50,2026-09-10_1524_
Теймур Ахмедов,1,2025-08-15 07:10,2025-08-15 09:35,,,,,,,,,,контейнера,84.0,84 шт,108.0,3.9,2025-08-16 07:45,2026-09-10_1524_
Марко Поло,2,2025-08-16 05:00,2025-08-16 07:00,,,,,,,,,,,,,,,2025-08-17 11:30,2026-09-10_1524_
Касра-1,22,2025-08-14 14:00,2025-08-14 21:20,,,ген груз,,,,1795.0,,,,,,,,2025-08-17 15:20,2026-09-10_1524_
GC Sunkar,2,2025-08-17 20:00,2025-08-17 20:55,,,в балласте,,,,2.9,2025-08-17 22:35,2025-08-19 18:00,контейнера,189.0,189 шт.,350.0,3.6,2025-08-19 19:35,2026-09-10_1524_
GC Barys,1,2025-08-19 06:00,2025-08-19 07:10,2025-08-19 09:00,2025-08-19 11:20,контейнера,30.0,30 шт,60.0,3.1,2025-08-19 11:20,2025-08-20 20:00,контейнера,168.0,168 шт.,326.0,3.8,2025-08-20 22:40,2026-09-10_1524_
GC Berkut,2,2025-08-20 06:00,2025-08-20 06:55,,,в балласте,,,,3.2,2025-08-20 15:10,2025-08-23 01:45,контейнера,179.0,179 шт.,346.0,3.9,2025-08-23 04:25,2026-09-10_1524_
Теймур Ахмедов,3,2025-08-20 12:00,2025-08-20 14:00,,,,,,,,,,селитра,2228.0,2228 тн,,,2025-08-23 05:45,2026-09-10_1524_
Гусейн Джавид,1,2025-08-21 14:00,2025-08-21 14:55,,,,,,,,,,контейнера,177.0,177 шт,,,2025-08-23 20:00,2026-09-10_1524_
Кангалассы,22,2025-08-25 01:30,2025-08-25 02:55,2025-08-25 04:15,2025-08-25 11:00,контейнера,40.0,40 шт,,,2025-08-25 11:10,2025-08-25 16:20,контейнера,64.0,64 шт,,,2025-08-25 21:10,2026-09-10_1524_
GC Sunkar,2,2025-08-24 16:00,2025-08-24 17:00,2025-08-24 18:45,2025-08-25 00:30,контейнера,106.0,106 шт.,172.0,2.95,2025-08-25 02:00,2025-08-25 22:30,контейнера,155.0,155 шт.,300.0,3.6,2025-08-26 00:50,2026-09-10_1524_
Патрис,6,2025-08-20 04:00,2025-08-23 16:50,,,цемент/контейнера,3087.0,3087 т.,,,,,ячмень / контейнера,3000.0,3000 тн/18 шт,,,2025-08-26 13:10,2026-09-10_1524_
Адрина,1,2025-08-20 10:50,2025-08-23 20:00,,,паллеты,1236.0,1236 т.,,,,,контейнера,19.0,19 шт.,,,2025-08-26 23:45,2026-09-10_1524_
Туркестан,3,2025-08-24 11:40,2025-08-25 14:10,,,в балласте,,,,2.9,2025-08-26 17:30,2025-08-27 10:30,контейнера,87.0,87 шт,170.0,3.9,2025-08-27 19:05,2026-09-10_1524_
GC Barys,2,2025-08-26 17:00,2025-08-26 18:15,,,в балласте,,,,3.2,2025-08-26 22:40,2025-08-27 18:30,контейнера,140.0,140 шт.,225.0,3.7,2025-08-27 21:20,2026-09-10_1524_
Узейр Гаджибейли,22,2025-08-24 18:20,2025-08-24 21:20,,,в балласте,,,,,2025-08-25 06:00,2025-08-27 23:15,селитра,4000.0,4000 тн,,,2025-08-28 13:30,2026-09-10_1524_
GC Berkut,1,2025-08-27 07:40,2025-08-27 09:10,,,в балласте,,,,3.2,2025-08-27 15:45,2025-08-29 05:50,контейнера,177.0,177 шт,350.0,3.8,2025-08-29 08:00,2026-09-10_1524_
Парин,2,2025-08-28 04:10,2025-08-28 06:35,2025-08-28 11:45,2025-08-29 17:00,ген груз,4840.0,4840 тн,,,2025-08-29 21:45,2025-08-31 23:30,ячмень,4000.0,4000,,4.0,2025-09-01 02:40,2026-09-10_1524_
Паранд,22,2025-08-29 13:00,2025-08-30 16:00,2025-08-30 20:50,2025-09-02 13:00,ген груз,5184.0,5184 тн,,,,,,,,,,2025-09-02 17:25,2026-09-10_1524_
Казак,3,2025-09-01 01:00,2025-09-01 11:30,2025-09-01 14:00,2025-09-02 11:30,ген.груз,4350.0,4350 т.,,,,,,,,,,2025-09-02 22:10,2026-09-10_1524_
GC Sunkar,1,2025-08-31 18:00,2025-08-31 18:30,2025-08-31 21:00,2025-09-01 06:50,контейнера,177.0,177 шт.,336.0,2.8,2025-09-01 06:50,2025-09-03 03:15,контейнера,158.0,158 шт.,312.0,3.8,2025-09-03 06:10,2026-09-10_1524_
Туркестан,2,2025-09-02 10:30,2025-09-03 23:55,2025-09-04 02:30,2025-09-04 12:05,контейнера,60.0,60 шт.,117.0,3.4,,,в балласте,,,,,2025-09-04 13:40,2026-09-10_1524_
Омский-106,6,2025-08-31 04:20,2025-09-01 04:20,,,в балласте,,,,,2025-09-01 22:00,2025-09-03 21:00,зерно,2968.0,2968 т.,,,2025-09-04 15:25,2026-09-10_1524_
Кангалассы,22,2025-09-04 05:00,2025-09-04 06:00,,,контейнера,,,,,2025-09-04 17:00,2025-09-04 18:40,контейнера,,,,,2025-09-04 22:00,2026-09-10_1524_
GC Barys,1,2025-09-01 02:00,2025-09-03 10:20,2025-09-03 21:20,2025-09-03 23:10,контейнера,56.0,56 шт.,57.0,3.2,2025-09-03 23:10,2025-09-05 07:40,контейнера,159.0,159 шт.,292.0,3.8,2025-09-05 11:40,2026-09-10_1524_
Узейр Гаджибейли,22,2025-09-03 00:30,2025-09-03 01:20,,,в балласте,,,,,2025-09-03 10:10,2025-09-05 22:30,селитра,4300.0,4300 тн,,,2025-09-06 01:00,2026-09-10_1524_
GC Berkut,2,2025-09-02 05:10,2025-09-04 14:50,2025-09-04 17:35,2025-09-04 18:00,контейнера,9.0,9 шт.,18.0,3.2,2025-09-05 02:00,2025-09-06 11:00,контейнера,154.0,154 шт,253.0,3.9,2025-09-06 13:55,2026-09-10_1524_
Нардис,6,2025-09-03 18:50,2025-09-03 22:50,,,ген.груз,825.0,825 тн,,,2025-09-05 14:50,2025-09-06 09:30,зерно,3000.0,3000 т.,,,2025-09-06 19:15,2026-09-10_1524_
GC Sunkar,2,2025-09-07 15:25,2025-09-07 16:45,2025-09-07 21:00,2025-09-08 05:30,контейнера,99.0,99 шт.,152.0,2.9,2025-09-08 05:30,2025-09-09 16:40,контейнера,163.0,163 шт,314.0,3.7,2025-09-09 19:50,2026-09-10_1524_
Махмуд Рагимов,1,2025-09-08 20:20,2025-09-08 21:30,,,в балласте,,,,,2025-09-09 04:00,2025-09-09 18:50,контейнера,95.0,95 шт.,120.0,3.8,2025-09-09 22:30,2026-09-10_1524_
Флестина 2,3,2025-09-10 18:00,2025-09-10 19:30,,,,,,,,,,баррит,1835.0,1835 тн,,,2025-09-12 15:45,2025-09-30_1038_
Флестина-2,3,2025-09-10 18:00,2025-09-10 19:30,,,,,,,,,,баррит,1835.0,1835 тн,,,2025-09-12 15:45,2026-09-10_1524_
Кангалассы,22,2025-09-11 10:50,2025-09-11 17:50,,,контейнера,44.0,44 шт,,,,,контейнера,64.0,64,,,2025-09-12 17:00,2026-09-10_1524_
GC Barys,1,2025-09-09 23:20,2025-09-10 09:15,2025-09-10 10:10,2025-09-10 11:00,контейнера,13.0,13,15.0,3.0,2025-09-10 11:00,2025-09-13 07:30,контейнера,179.0,179 шт.,348.0,3.8,2025-09-13 10:45,2026-09-10_1524_
Гусейн Джавид,2,2025-09-12 10:00,2025-09-12 13:05,,,,,,,,,,контейнера,153.0,153 шт.,153.0,,2025-09-13 18:15,2026-09-10_1524_
Касра-1,6,2025-09-10 12:30,2025-09-10 14:05,2025-09-10 15:50,2025-09-11 20:00,цемент,2300.0,2300 тн,,,2025-09-12 22:00,2025-09-13 16:00,зерно,1700.0,1700 тн,,,2025-09-13 22:30,2026-09-10_1524_
GC Berkut,3,2025-09-11 18:15,2025-09-12 16:25,,,в балласте,,,,3.0,2025-09-12 22:10,2025-09-13 18:40,контейнера,116.0,116 шт.,232.0,3.9,2025-09-13 22:50,2026-09-10_1524_
Сания,23,2025-09-07 21:30,2025-09-07 23:20,2025-09-08 02:30,2025-09-10 17:00,ген груз,6129.0,6129 тн,,,2025-09-10 04:15,2025-09-13 22:00,зерно,6000.0,6000 тн,,4.5,2025-09-14 04:30,2026-09-10_1524_
Гарадаг,1,2025-09-15 09:30,2025-09-15 11:35,,,,,,,,2025-09-15 16:00,2025-09-16 06:15,контейнера,83.0,83 тн,,,2025-09-16 11:30,2026-09-10_1524_
Теймур Ахмедов,2,2025-09-14 16:30,2025-09-14 18:05,2025-09-14 21:25,2025-09-15 00:00,контейнера,71.0,71 шт,,,2025-09-15 01:55,2025-09-16 06:00,селитра/медь,1000.0,1000/1600 тн,,,2025-09-16 12:00,2026-09-10_1524_
Мир,6,2025-09-15 11:30,2025-09-15 18:55,,,в балласте,,,,,,,зерно,2750.0,2750 тн,,,2025-09-17 13:50,2026-09-10_1524_
Узейр Гаджибейли,22,2025-09-14 16:00,2025-09-14 16:55,,,в балласте,,,,,2025-09-15 00:00,2025-09-17 14:00,селитра,4270.0,4270 тн,,,2025-09-17 16:45,2026-09-10_1524_
GC Sunkar,2,2025-09-16 14:00,2025-09-16 15:00,2025-09-16 16:15,2025-09-16 22:30,контейнера,94.0,94 шт,136.0,3.0,2025-09-16 22:30,2025-09-17 18:20,контейнера,162.0,162 шт.,270.0,3.7,2025-09-17 20:10,2026-09-10_1524_
Тина,23,2025-09-16 23:10,2025-09-17 01:00,,,,,,,,2025-09-17 13:15,2025-09-18 05:30,ячмень,4720.0,4720 тн,,,2025-09-18 21:10,2026-09-10_1524_
GC Barys,22,2025-09-17 16:40,2025-09-17 17:50,2025-09-17 19:00,2025-09-17 19:35,контейнера,18.0,18 шт.,21.0,3.2,2025-09-17 21:25,2025-09-18 19:40,контейнера,159.0,159 шт.,284.0,3.8,2025-09-19 00:00,2026-09-10_1524_
ВолгоБалт- 239,6,2025-09-17 22:30,2025-09-18 00:20,,,,,,,,2025-09-18 14:40,2025-09-19 18:10,зерно,3000.0,3000 тн,,,2025-09-19 23:30,2025-09-30_1038_
Волго-Балт-239,6,2025-09-17 22:30,2025-09-18 00:20,,,,,,,,2025-09-18 14:40,2025-09-19 18:10,зерно,3000.0,3000 тн,,,2025-09-19 23:30,2026-09-10_1524_
Диба,23,2025-09-17 21:40,2025-09-18 22:40,,,,,,,,,,ячмень,2700.0,2700 тн,,,2025-09-20 11:30,2026-09-10_1524_
GC Berkut,2,2025-09-19 18:00,2025-09-19 18:55,2025-09-20 09:30,2025-09-21 05:35,контейнера,79.0,79 шт.,141.0,3.2,2025-09-21 05:35,2025-09-21 22:00,контейнера,173.0,173 шт.,340.0,3.9,2025-09-22 00:25,2026-09-10_1524_
Насипкали Марабаев,23,2025-09-19 11:00,2025-09-20 12:35,,,,,,,,2025-09-21 03:30,2025-09-02 04:55,ячмень,5320.0,5320 тн,,,2025-09-22 16:15,2026-09-10_1524_
GC Sunkar,2,2025-09-23 06:00,2025-09-23 06:55,,,в балласте,,,,,2025-09-23 09:00,2025-09-23 23:10,контейнера,169.0,169 шт.,324.0,3.6,2025-09-24 00:20,2026-09-10_1524_
Парин,23,2025-09-18 20:45,2025-09-19 02:15,,,ген.груз,,,,,,,ячмень,4480.0,4480 тн,,,2025-09-24 03:10,2026-09-10_1524_
Адрина,3,2025-09-23 20:30,2025-09-23 21:35,,,в балласте,,,,,,,контейнера,35.0,35 шт,,,2025-09-24 11:00,2026-09-10_1524_
Тиям,2,2025-09-21 14:30,2025-09-22 10:55,,,в балласте,,,,,,,зерно,3100.0,3100 тн,,,2025-09-24 16:00,2026-09-10_1524_
Кангалассы,22,2025-09-23 23:45,2025-09-24 04:10,,,контейнера,44.0,44 шт,,,,,контейнера,64.0,64 шт,,,2025-09-24 16:40,2026-09-10_1524_
Гарадаг,3,2025-09-24 00:30,2025-09-24 12:00,,,ген.груз,,,,,,,контейнера,75.0,75 шт.,90.0,,2025-09-25 07:20,2026-09-10_1524_
Узейр Гаджибейли,1,2025-09-23 19:40,2025-09-23 23:15,,,в балласте,,,,,2025-09-24 09:20,2025-09-25 09:35,контейнера/медь,100.0,100 шт/1327 тн,,,2025-09-25 12:30,2026-09-10_1524_
Нардис,23,2025-09-24 10:35,2025-09-24 22:15,,,,,,,,2025-09-25 13:20,2025-02-26 11:40,ячмень,3300.0,3300 тн.,,,2025-09-26 15:50,2026-09-10_1524_
GC Barys,2,2025-09-25 11:00,2025-09-25 12:20,2025-09-25 15:00,2025-09-26 00:40,контейнера,133.0,133 шт.,212.0,3.5,2025-09-26 01:50,2025-09-27 04:30,контейнера,163.0,163 шт.,322.0,3.6,2025-09-27 11:20,2026-09-10_1524_
GC Berkut,1,2025-09-25 21:30,2025-09-25 22:20,2025-09-26 01:45,2025-09-26 04:30,контейнера,45.0,45 шт.,75.0,3.0,2025-09-26 07:15,2025-09-28 12:30,контейнера,149.0,149 шт.,294.0,3.9,2025-09-28 14:40,2026-09-10_1524_
GC Sunkar,2,2025-09-27 10:00,2025-09-27 11:55,,,в балласте,,,,2.9,2025-09-27 15:00,2025-09-28 19:30,контейнера,136.0,136 шт,262.0,3.8,2025-09-28 21:55,2026-09-10_1524_
Мелорин,22,2025-09-22 13:10,2025-09-22 17:30,,,ген.груз,2360.0,2360 тн,,,2025-09-24 03:55,2025-09-24 17:40,ячмень,2850.0,2850 тн,,,2025-09-30 13:30,2026-09-10_1524_
Паранд,2,2025-09-27 16:30,2025-09-27 18:25,,,,,,,,2025-09-28 03:00,2025-09-30 02:00,зерно,4700.0,4700 тн,,,2025-09-30 15:55,2026-09-10_1524_
Туркестан,1,2025-09-30 02:00,2025-09-30 02:55,,,в балласте,,,,3.1,2025-10-01 10:00,2025-10-02 03:40,контейнера,140.0,140 шт.,148.0,4.2,2025-10-02 08:05,2026-09-10_1524_
Касра-1,23,2025-09-30 04:30,2025-09-30 05:35,,,,,,,,2025-09-30 17:50,2025-10-01 15:45,ячмень,1750.0,1750 тн,,,2025-10-02 17:10,2026-09-10_1524_
GC Barys,1,2025-10-01 07:30,2025-10-01 11:35,2025-10-01 14:30,2025-10-01 17:30,контейнера,34.0,34 шт.,54.0,3.3,2025-10-01 18:10,2025-10-02 23:15,контейнера,168.0,168 шт.,298.0,3.6,2025-10-03 02:00,2026-09-10_1524_
Шайр Вагиф,22,2025-10-03 00:30,2025-10-03 01:30,,,,,,,,2025-10-03 06:30,2025-10-03 16:30,контейнера,162.0,162,,,2025-10-04 03:00,2026-09-10_1524_
Виана,6,2025-09-30 12:00,2025-10-01 11:00,,,ген.груз,,,,,,,зерно,3000.0,3000 тн,,,2025-10-05 04:30,2026-09-10_1524_
Кангаласы,22,2025-10-05 04:00,2025-10-05 05:20,,,контейнера,,,,48.0,,,контейнера,56.0,56 шт,,,2025-10-06 11:00,2026-09-10_1524_
Гусейн Джавид,1,2025-10-03 04:30,2025-10-03 05:30,,,,,,,,2025-10-03 17:00,2025-10-06 09:20,контейнера,164.0,164,,,2025-10-06 11:45,2026-09-10_1524_
GC Berkut,2,2025-10-03 20:00,2025-10-03 21:05,2025-10-03 22:30,2025-10-04 03:00,контейнера,47.0,47 шт.,78.0,3.0,2025-10-04 04:00,2025-10-06 15:45,контейнера,164.0,164 шт,318.0,3.9,2025-10-06 18:30,2026-09-10_1524_
GC Sunkar,1,2025-10-04 08:25,2025-10-04 21:20,,,в балласте,,,,2.8,2025-10-06 10:15,2025-10-07 09:55,контейнера,160.0,160 шт,314.0,3.8,2025-10-07 12:05,2026-09-10_1524_
GC Barys,3,2025-10-07 06:30,2025-10-07 12:55,2025-10-07 14:15,2025-10-07 15:45,контейнера,17.0,17 шт,34.0,3.2,,,,,,,,2025-10-08 12:50,2026-09-10_1524_
Насипкали Марабаев,23,2025-10-06 19:00,2025-10-06 21:30,,,в балласте,,,,,,,ячмень,5500.0,5500 тн,,,2025-10-08 15:15,2026-09-10_1524_
Туркестан,2,2025-10-06 22:45,2025-10-06 23:50,2025-10-07 02:15,2025-10-07 12:10,контейнера,106.0,106 шт.,165.0,3.4,2025-10-07 13:50,2025-10-08 22:00,контейнера,140.0,140 шт,140.0,4.2,2025-10-08 23:50,2026-09-10_1524_
Тоока,6,2025-10-06 01:30,2025-10-06 18:05,,,ген/ груз,,,,,2025-10-08 08:20,2025-10-09 02:50,зерно,3000.0,3000 тн,,,2025-10-10 17:15,2026-09-10_1524_
Сания,23,2025-10-05 06:30,2025-10-06 13:30,2025-10-06 16:00,2025-10-08 08:00,ген/ груз,,,,,2025-10-08 16:45,2025-10-09 19:30,ячмень,6200.0,6200 тн,,4.5,2025-10-10 20:10,2026-09-10_1524_
GC Berkut,2,2025-10-10 14:50,2025-10-10 16:10,,,порожнем,,,,3.1,2025-10-10 18:00,2025-10-12 00:00,контейнера,162.0,162 шт,308.0,3.8,2025-10-12 01:45,2026-09-10_1524_
Узейр Гаджибейли,1,2025-10-07 20:00,2025-10-08 02:25,,,контейнера,79.0,79 шт,,,,,контейнера,150.0,150 шт,,,2025-10-12 05:00,2026-09-10_1524_
Туркменистан,3,2025-10-06 23:50,2025-10-08 13:55,,,порожнем,,,,,,,метал,1685.0,1685 тн,,,2025-10-12 19:50,2026-09-10_1524_
Сабрина,23,2025-10-11 13:00,2025-10-11 14:50,,,порожнем,,,,,,,ячмень,2500.0,2500 тн,,,2025-10-12 21:20,2026-09-10_1524_
GC Sunkar,2,2025-10-11 11:40,2025-10-12 02:40,,,порожнем,,,,,2025-10-12 03:40,2025-10-12 17:55,контейнера,142.0,142 шт,229.0,3.5,2025-10-12 22:10,2026-09-10_1524_
GC Barys,,2025-10-08 13:40,,,,в балласте,,,,3.2,,,,,,,,2025-10-13 11:35,2026-09-10_1524_
Пано-03,6,2025-10-08 21:00,2025-10-12 06:55,,,порожнем,,,,,,,зерно,4500.0,4500 тн,,,2025-10-13 14:00,2026-09-10_1524_
Диба,1,2025-10-07 08:40,2025-10-08 18:05,,,цемент,2000.0,2000 тн,,,,,зерно,2000.0,2000 тн,,,2025-10-13 19:00,2026-09-10_1524_
Натаван,2,2025-10-12 13:00,2025-10-12 22:50,,,порожнем,,,,,,,контейнера,152.0,152 шт,,,2025-10-13 21:35,2026-09-10_1524_
Касра-1,23,2025-10-12 12:00,2025-10-13 00:05,,,порожнем,,,,,,,ячмень,1700.0,1700 тн,,,2025-10-13 22:35,2026-09-10_1524_
Гарадаг,23,2025-10-08 15:00,2025-10-13 14:50,,,порожнем,,,,,,,зерно,3100.0,3100 тн,,,2025-10-15 05:00,2026-09-10_1524_
Сорен,6,2025-10-09 06:20,2025-10-14 22:20,,,,,,,,,,зерно,2950.0,2950 тн,,,2025-10-16 13:45,2026-09-10_1524_
Парин,23,2025-10-12 12:00,2025-10-12 16:10,,,ген.грузы,5280.0,5280 тн,,,,,ячмень/контейнера,5000.0,5000 тн / 16 шт,,,2025-10-16 16:45,2026-09-10_1524_
Туркестан,1,2025-10-13 22:40,2025-10-13 23:45,2025-10-14 21:30,2025-10-15 06:15,контейнера,63.0,63 шт,109.0,3.3,2025-10-15 06:35,2025-10-17 00:00,контейнера/медь,79.0,79 шт.,98.0,4.2,2025-10-17 04:25,2026-09-10_1524_
GC Berkut,2,2025-10-16 05:30,2025-10-16 06:50,,,в балласте,,,,3.0,2025-10-16 09:25,2025-10-17 05:30,контейнера,168.0,168 шт,329.0,3.85,2025-10-17 07:20,2026-09-10_1524_
Пано-05,6,2025-10-10 16:45,2025-10-15 16:45,,,порожнем,,,,,2025-10-16 16:30,,зерно,3250.0,3250тн,,,2025-10-17 14:45,2026-09-10_1524_
Тина,23,2025-10-13 01:20,2025-10-16 18:15,,,,,,,,,,ячмень,4600.0,4600 тн,,,2025-10-18 07:55,2026-09-10_1524_
Кангаласы,22,2025-10-18 03:00,2025-10-18 04:05,,,контейнера,44.0,44 шт,,,,,контейнера,56.0,56,,,2025-10-18 19:20,2026-09-10_1524_
Балтийский-40,2,2025-10-18 15:00,2025-10-18 17:40,,,,,,,,,,,,,,,2025-10-19 00:40,2026-09-10_1524_
Сарина,23,2025-10-18 06:00,2025-10-19 19:20,,,,,,,,,,ячмень,2500.0,2500 тн,,,2025-10-20 23:40,2026-09-10_1524_
Мелорин,3,2025-10-16 15:30,2025-10-18 09:20,,,,,,,,,,,,,,,2025-10-21 07:45,2026-09-10_1524_
Кадос,6,2025-10-13 07:00,2025-10-16 22:25,,,ген.грузы,3350.0,3350 тн,,,,,ячмень,3010.0,3010 тн,,,2025-10-21 23:25,2026-09-10_1524_
GC Sunkar,1,2025-10-19 21:30,2025-10-19 22:55,2025-10-20 18:00,2025-10-21 06:15,контейнера,135.0,135 шт,196.0,2.9,2025-10-21 06:15,2025-10-22 13:15,контейнера,175.0,175 шт,350.0,3.7,2025-10-22 15:10,2026-09-10_1524_
GC Berkut,3,2025-10-21 11:00,2025-10-21 12:35,2025-10-21 14:15,2025-10-21 18:00,контейнера,63.0,63 шт.,126.0,3.1,2025-10-21 18:55,2025-10-23 06:55,контейнера,170.0,170 шт.,328.0,3.8,2025-10-23 09:35,2026-09-10_1524_
Бекет-Ата,1,2025-10-20 05:00,2025-10-22 15:45,,,в балласте,,,,2.8,2025-10-22 18:00,2025-10-23 16:10,контейнера,172.0,172 шт,174.0,4.2,2025-10-23 20:15,2026-09-10_1524_
Гильда,2,2025-10-19 17:00,2025-10-19 17:35,,,,,,,,,,зерно,6260.0,6260 тн,,,2025-10-24 01:20,2026-09-10_1524_
Волго-Балт-190,23,2025-10-18 21:30,2025-10-20 18:00,,,ген.груз,2590.0,2590 тн,,,,,ячмень,3000.0,3000 тн,,,2025-10-24 16:40,2026-09-10_1524_
Туркестан,2,2025-10-23 12:30,2025-10-23 13:30,2025-10-23 15:10,2025-10-24 02:35,контейнера,139.0,139 шт.,166.0,3.65,2025-10-24 03:30,2025-10-25 00:40,контейнера,148.0,148 шт.,149.0,4.2,2025-10-25 02:50,2026-09-10_1524_
Натаван,22,2025-10-23 11:00,2025-10-23 10:35,,,ген.груз,,,,,,,селитра,4250.0,4250т.,,,2025-10-25 11:30,2026-09-10_1524_
Касра-1,6,2025-10-24 06:30,2025-10-24 11:20,,,,,,,,,,ячмень,,,,,2025-10-25 15:40,2026-09-10_1524_
Кангаласы,22,2025-10-26 03:40,2025-10-26 04:50,,,,,,,,,,,,,,,2025-10-26 19:00,2026-09-10_1524_
Эрика,6,2025-10-23 12:10,2025-10-24 02:55,,,ген.груз,,,,,,,ячмень,,,,,2025-10-27 00:45,2026-09-10_1524_
Сания,23,2025-10-23 20:00,2025-10-14 18:30,,,,,,,,,,ячмень,,,,,2025-10-28 01:00,2026-09-10_1524_
GC Sunkar,2,2025-10-26 20:00,2025-10-26 21:00,2025-10-26 23:00,2025-10-28 01:40,контейнера,103.0,103 шт.,193.0,2.9,2025-10-28 01:40,2025-10-28 20:00,контейнера,150.0,150 шт.,282.0,3.7,2025-10-28 23:55,2026-09-10_1524_
Адрина,3,2025-10-28 05:50,2025-10-28 06:55,,,,,,,,,,контейнера,20.0,20 шт,20.0,,2025-10-29 03:55,2026-09-10_1524_
GC Berkut,3,2025-10-27 12:45,2025-10-27 21:20,,,в балласте,,,,2.8,2025-10-27 23:20,2025-10-28 23:50,контейнера,143.0,143 шт.,286.0,3.8,2025-10-29 13:35,2026-09-10_1524_
Ситка,23,2025-10-24 18:50,2025-10-28 01:50,,,,,,,,,,ячмень,5000.0,5000 т.,,,2025-10-29 19:00,2026-09-10_1524_
Диба,23,2025-10-24 20:40,2025-10-28 03:25,,,ген.груз,,,,,,,ячмень,1500.0,1500 т.,,,2025-10-30 21:05,2026-09-10_1524_
Бекет-Ата,2,2025-10-28 19:30,2025-10-29 01:10,2025-10-29 03:20,2025-10-29 10:20,контейнера,71.0,71 шт.,104.0,3.1,2025-10-29 10:20,2025-10-31 05:20,контейнера,152.0,152 шт.,152.0,4.2,2025-10-31 09:00,2026-09-10_1524_
Узейр Гаджибейли,22,2025-10-28 20:30,2025-10-28 21:20,,,в балласте,,,,,2025-10-29 04:00,2025-10-31 12:30,селитра,4250.0,4250 т.,,,2025-10-31 16:40,2026-09-10_1524_
Туркестан,1,2025-10-28 20:30,2025-10-29 05:15,2025-10-29 09:15,2025-10-29 11:50,контейнера,25.0,25 шт.,40.0,3.4,2025-10-29 12:25,2025-10-31 15:20,контейнера,148.0,148 шт.,148.0,4.2,2025-10-31 18:00,2026-09-10_1524_
Натаван,22,2025-10-29 16:30,2025-10-29 17:50,,,,,,,,,,селитра/контейнера,,,,,2025-11-01 13:20,2026-09-10_1524_
Сорен,6,2025-10-29 18:00,2025-10-31 12:00,,,,,,,,,,ячмень,,,,,2025-11-01 19:15,2026-09-10_1524_
Маэстро Ниязи,23,2025-10-25 09:50,2025-10-30 22:05,,,,,,,,,,ячмень,,,,,2025-11-02 00:55,2026-09-10_1524_
Кангалассы,22,2025-11-01 01:40,2025-11-01 14:20,,,контейнера,44.0,44 шт,,,,,,,,,,2025-11-02 15:25,2026-09-10_1524_
Дорита,22,2025-10-29 09:30,2025-11-01 21:30,,,,,,,,,,,,,,,2025-11-04 03:25,2026-09-10_1524_
GC Sunkar,2,2025-11-03 16:45,2025-11-03 17:50,,,в балласте,,,,3.1,2025-11-03 21:20,2025-11-04 12:50,контейнера,172.0,172 шт.,336.0,3.7,2025-11-04 15:15,2026-09-10_1524_
Виста,23,2025-10-24 21:50,2025-11-02 16:40,,,,,,,,,,ячмень,,,,,2025-11-05 00:00,2026-09-10_1524_
GC Berkut,1,2025-11-03 21:15,2025-11-03 22:45,,,в балласте,,,,3.1,2025-11-04 00:15,2025-11-05 00:40,контейнера,162.0,162 шт.,324.0,3.8,2025-11-05 19:25,2026-09-10_1524_
Лара,6,2025-11-03 18:30,2025-11-03 19:05,,,,,,,,,,ячмень,,,,,2025-11-06 12:20,2026-09-10_1524_
Омский-103,6,2025-10-29 05:00,2025-11-05 00:35,,,,,,,,,,ячмень,,,,,2025-11-06 21:20,2026-09-10_1524_
Алиреза-1,2,2025-11-06 16:00,2025-11-06 18:40,,,авто,,,,,,,,,,,,2025-11-07 01:45,2026-09-10_1524_
Насипкали Марабаев,23,2025-11-01 08:00,2025-11-05 18:10,,,,,,,,,,зерно,5400.0,5400,,4.5,2025-11-07 19:30,2026-09-10_1524_
Бекет-Ата,2,2025-11-05 00:30,2025-11-05 01:30,2025-11-06 09:30,2025-11-06 17:50,контейнера,104.0,104 шт,153.0,3.5,2025-11-06 17:50,2025-11-07 17:50,контейнера,161.0,161 шт.,175.0,4.2,2025-11-07 22:20,2026-09-10_1524_
Гарадаг,2,2025-11-07 00:00,2025-11-07 01:20,,,,,,,,,,зерно и контейнера,3000.0,3000 т.,,,2025-11-08 17:55,2026-09-10_1524_
Туркестан,1,2025-11-07 15:00,2025-11-07 15:50,2025-11-07 18:00,2025-11-08 06:20,контейнера,125.0,125 шт.,172.0,3.3,2025-11-08 09:30,2025-11-08 23:15,контейнера,96.0,96 шт.,172.0,3.6,2025-11-09 02:35,2026-09-10_1524_
Кангалассы,22,2025-11-08 03:30,2025-11-09 01:55,,,контейнера,44.0,44 шт,,,,,контейнера,25.0,25 шт,,,2025-11-09 16:45,2026-09-10_1524_
Сарина,22,2025-11-03 22:30,2025-11-08 00:10,,,,,,,,,,ячмень/контейнера,2500.0,2500 тн / 8 шт,,,2025-11-09 22:45,2026-09-10_1524_
Эрика,6,2025-11-07 07:15,2025-11-08 14:25,,,,,,,,,,ячмень,2700.0,2700 тн,,,2025-11-10 11:30,2026-09-10_1524_
Омский-111,6,2025-11-01 23:50,2025-11-07 21:35,,,,,,,,,,ячмень,2870.0,2870 тн,,,2025-11-10 19:45,2026-09-10_1524_
Гильда,2,2025-11-08 19:20,2025-11-09 16:10,,,контейнера/цемент,3000.0,3000 тн,,,,,порожнем,,,,,2025-11-10 20:00,2026-09-10_1524_
Натаван,22,2025-11-07 13:00,2025-11-07 14:25,,,ген.груз,,,,,,,селитра,4250.0,4250 тн,,,2025-11-10 21:50,2026-09-10_1524_
Сепано,23,2025-11-08 09:00,2025-11-09 23:55,,,,,,,,,,ячмень,4700.0,4700 тн,,,2025-11-11 18:30,2026-09-10_1524_
GC Berkut,3,2025-11-10 12:00,2025-11-10 13:10,2025-11-10 15:00,2025-11-10 16:10,контейнера,14.0,14 шт.,28.0,2.8,2025-11-10 17:45,2025-11-11 18:10,контейнеров,160.0,160 шт.,320.0,3.85,2025-11-11 20:40,2026-09-10_1524_
Бекет-Ата,1,2025-11-11 20:00,2025-11-11 21:20,2025-11-11 23:10,2025-11-12 03:15,контейнера,56.0,56 шт.,56.0,3.1,2025-11-12 03:15,2025-11-12 16:20,контейнера,138.0,138 шт.,178.0,4.2,2025-11-12 18:05,2026-09-10_1524_
GC Sunkar,2,2025-11-10 08:30,2025-11-10 09:25,2025-11-10 12:00,2025-11-10 18:30,контейнера,83.0,83 шт.,162.0,2.9,2025-11-10 18:30,2025-10-12 17:10,контейнера,173.0,173 шт + 1 ящик,346.0,3.7,2025-11-12 18:50,2026-09-10_1524_
Сорен,6,2025-10-12 17:00,2025-11-12 11:15,,,,,,,,,,ячмень,3300.0,3300 тн,,,2025-11-13 23:00,2026-09-10_1524_
Туркестан,1,2025-11-12 23:50,2025-11-13 00:55,2025-11-13 02:30,2025-11-13 11:30,контейнера,125.0,125 шт.,148.0,3.3,2025-11-13 13:40,2025-11-14 05:25,контейнера,105.0,105 шт.,160.0,3.6,2025-11-14 15:00,2026-09-10_1524_
Омский-106,22,2025-11-08 14:20,2025-11-11 11:35,,,,,,,,,,ячмень,2750.0,2750 тн,,,2025-11-14 16:30,2026-09-10_1524_
Мирвари,23,2025-11-08 22:00,2025-11-12 16:40,,,,,,,,,,ячмень,3000.0,3000 тн,,,2025-11-14 21:30,2026-09-10_1524_
Расул Рза,1,2025-11-13 11:30,2025-11-13 12:20,,,,,,,,2025-11-13 21:20,2025-11-14 22:30,контейнера,134.0,134 шт,,,2025-11-15 02:00,2026-09-10_1524_
Деляр,6,2025-11-13 09:30,2025-11-13 23:50,,,,,,,,,,ячмень,2800.0,2800 тн,,,2025-11-15 14:50,2026-09-10_1524_
Раян,2,2025-11-11 20:40,2025-11-14 19:10,,,,,,,,,,,,,,,2025-11-16 06:00,2026-09-10_1524_
GC Berkut,1,2025-11-15 22:00,2025-11-15 23:15,2025-11-16 02:00,2025-11-16 05:40,контейнера,68.0,68 шт,107.0,3.0,2025-11-16 05:40,2025-11-17 11:00,контейнера,178.0,178 шт.,350.0,3.65,2025-11-17 13:00,2026-09-10_1524_
Дорита,23,2025-11-08 00:30,2025-11-16 01:05,,,контейнера,18.0,18 шт,,,,,ячмень,1890.0,1890 тн.,,,2025-11-17 15:30,2026-09-10_1524_
Мелорин,3,2025-11-08 21:50,2025-11-14 22:45,,,,,,,,,,ячмень + контейнера,2800.0,2800 тн / 9 шт.,,,2025-11-18 02:45,2026-09-10_1524_
Кангалассы,22,2025-11-17 21:50,2025-11-17 22:50,,,,,,,,,,,,,,,2025-11-18 15:35,2026-09-10_1524_
Шаир Сабир,22,2025-11-16 08:40,2025-11-16 11:35,,,,,,,,,,селитра,4250.0,4250 тн.,,,2025-11-18 19:30,2026-09-10_1524_
GC Sunkar,3,2025-11-16 08:05,2025-11-16 09:10,,,в балласте,,,,2.8,2025-11-16 11:45,2025-11-17 17:50,контейнера,173.0,173 шт.,346.0,3.8,2025-11-18 22:00,2026-09-10_1524_
Бекет-Ата,1,2025-11-16 17:40,2025-11-17 13:55,2025-11-17 16:15,2025-11-17 00:30,контейнера,95.0,95 шт.,114.0,3.1,2025-11-18 02:00,2025-11-18 15:20,контейнера,106.0,106 шт,171.0,4.0,2025-11-18 22:30,2026-09-10_1524_
Туркестан,2,2025-11-18 06:40,2025-11-18 07:50,2025-11-18 10:45,2025-11-18 17:30,контейнера,57.0,57 шт.,114.0,3.0,2025-11-18 18:00,2025-11-19 07:00,контейнера,94.0,94 шт.,139.0,3.8,2025-11-19 12:00,2026-09-10_1524_
Расул Рза,1,2025-11-18 15:00,2025-11-18 23:25,,,,,,,,,,контейнера,122.0,122 шт,,,2025-11-20 04:40,2026-09-10_1524_
Махмуд Рагимов,22,2025-11-07 17:45,2025-11-19 18:50,,,,,,,,,,контейнера,72.0,72 шт.,,,2025-11-20 12:20,2026-09-10_1524_
Ситка,23,2025-11-12 06:40,2025-11-17 16:30,,,,,,,,,,ячмень,5400.0,5400 тн,,,2025-11-20 14:10,2026-09-10_1524_
Омский-114,23,2025-11-16 14:20,2025-11-20 14:35,,,,,,,,,,план ячмень,3000.0,3000 т.,,,2025-11-22 16:00,2026-09-10_1524_
GC Berkut,22,2025-11-22 04:30,2025-11-22 05:40,2025-11-22 07:20,2025-11-22 11:20,контейнера,54.0,54 шт,103.0,2.8,2025-11-22 11:20,2025-11-23 07:00,контейнера,174.0,174 шт,346.0,3.7,2025-11-23 10:40,2026-09-10_1524_
GC Sunkar,2,2025-11-22 18:40,2025-11-22 20:50,,,в балласте,,,,2.8,2025-11-22 22:25,2025-11-23 15:25,контейнера,167.0,167 шт,334.0,3.8,2025-11-23 17:20,2026-09-10_1524_
Бекет-Ата,22,2025-11-23 01:00,2025-11-23 02:00,2025-11-23 03:40,2025-11-23 11:40,контейнера,103.0,103 шт.,109.0,3.1,2025-11-23 11:40,2025-11-24 22:15,контейнера,131.0,131 шт,160.0,4.0,2025-11-25 00:00,2026-09-10_1524_
Туркестан,2,2025-11-24 11:00,2025-11-24 11:55,2025-11-24 14:45,2025-11-24 23:15,контейнера,95.0,95 шт,126.0,3.35,2025-11-24 23:45,2025-11-25 12:15,контейнера,88.0,88 шт.,168.0,3.4,2025-11-25 15:00,2026-09-10_1524_
Махмуд Рагимов,1,2025-11-24 12:30,2025-11-25 12:00,,,ген.грузы,,,,,,,контейнера,76.0,76 шт,,,2025-11-26 14:55,2026-09-10_1524_
Шаир Сабир,22,2025-11-25 01:30,2025-11-25 02:40,,,селитра,,,,,,,в балласте,,,,,2025-11-26 22:50,2026-09-10_1524_
Сепано,2,2025-11-24 14:15,2025-11-24 15:45,,,контейнера + авто,1390.0,1390 т.,,,,,ячмень,4300.0,4300 т.,,,2025-11-27 17:30,2026-09-10_1524_
GC Sunkar,1,2025-11-27 08:30,2025-11-27 09:40,,,в балласте,,,,3.0,2025-11-27 11:10,2025-11-28 06:00,контейнера,156.0,156 шт,312.0,3.8,2025-11-28 11:10,2026-09-10_1524_
Кангалассы,22,2025-11-27 19:40,2025-11-27 21:10,,,,,,,,,,контейнера,53.0,53 шт.,,,2025-11-28 11:15,2026-09-10_1524_
GC Berkut,1,2025-11-28 05:00,2025-11-28 06:20,2025-11-28 09:25,2025-11-28 12:00,контейнера,53.0,53 шт,90.0,3.1,2025-11-28 12:00,2025-11-29 07:35,контейнера,164.0,164 шт.,326.0,3.5,2025-11-29 12:50,2026-09-10_1524_
Сомия,2,2025-11-25 01:00,2025-11-26 17:10,,,,,,,,2025-11-27 10:00,2025-11-29 05:00,ячмень+контейнера,5500.0,5500 тн.+ 16 шт.,,,2025-11-29 15:10,2026-09-10_1524_
Маэстро Ниязи,23,2025-11-27 06:00,2025-11-27 12:45,,,,,,,,,,ячмень,4740.0,4 740 тн.,,,2025-11-29 16:15,2026-09-10_1524_
Волго Балт-228,6,2025-11-25 08:00,2025-11-28 16:05,,,,,,,,,,ячмень,3000.0,3000 тн,,,2025-11-30 14:55,2026-09-10_1524_
Туркестан,3,2025-11-29 19:30,2025-11-29 21:05,2025-11-29 22:45,2025-11-30 04:30,контейнера,96.0,96 шт.,121.0,3.3,2025-11-30 14:30,2025-12-01 10:00,контейнера,124.0,124 шт.,166.0,3.8,2025-12-01 11:15,2026-09-10_1524_
Гарадаг,23,2025-11-27 17:00,2025-11-30 10:40,,,,,,,,,,ячмень,3000.0,3000 тн,,,2025-12-01 16:15,2026-09-10_1524_
Бекет-Ата,1,2025-11-30 08:00,2025-11-30 09:50,2025-11-30 11:50,2025-11-30 18:50,контейнера,82.0,82 шт,104.0,3.1,2025-12-01 00:15,2025-12-01 22:30,контейнера,134.0,134 шт,182.0,4.0,2025-12-01 23:55,2026-09-10_1524_
Касра-1,6,2025-11-30 09:00,2025-11-30 13:50,,,,,,,,2025-12-01 19:00,2025-12-02 10:30,ячмень,3000.0,3000 тн,,,2025-12-02 22:00,2026-09-10_1524_
Кангалассы,22,2025-12-02 13:30,2025-12-02 14:50,,,ген.груз,,,,,,,,,,,,2025-12-03 03:45,2026-09-10_1524_
GC Barys,1,2025-12-01 21:15,2025-12-01 23:00,,,в балласте,,,,2.45,2025-12-01 23:25,2025-12-03 12:50,контейнера,175.0,175 шт.,348.0,3.7,2025-12-03 16:25,2026-09-10_1524_
Мелорин,23,2025-11-30 06:00,2025-12-01 17:20,,,,,,,,,,зерно,2800.0,2800 тн,,,2025-12-04 03:35,2026-09-10_1524_
GC Sunkar,1,2025-12-02 06:10,2025-12-02 07:20,2025-12-02 09:40,2025-12-02 21:25,контейнера,43.0,43 шт,76.0,2.8,2025-12-02 21:50,2025-12-04 02:15,контейнера,180.0,180 шт.,350.0,3.7,2025-12-04 04:15,2026-09-10_1524_
Мир,3,2025-12-04 15:00,2025-12-04 16:15,,,ген груз,800.0,800 тн,,,,,,,,,,2025-12-05 10:45,2026-09-10_1524_
GC Berkut,1,2025-12-03 17:30,2025-12-03 18:45,,,в балласте,,,,3.0,2025-12-04 09:35,2025-11-04 11:30,контейнера,165.0,165 шт.,320.0,3.7,2025-12-05 14:30,2026-09-10_1524_
Тиям,23,2025-11-30 03:55,2025-12-04 05:45,,,,,,,,,,зерно,3400.0,3400 тн,,,2025-12-05 16:00,2026-09-10_1524_
Расул Рза,2,2025-12-03 18:20,2025-12-04 16:45,,,,,,,,,,контейнера,93.0,93 шт,,,2025-12-05 17:00,2026-09-10_1524_
Назмехр,6,2025-12-02 23:00,2025-12-03 00:15,,,ген груз,525.0,525 тн,,,,,зерно,1500.0,1500 тн,,,2025-12-05 17:15,2026-09-10_1524_
Тимур Ахмедов,22,2025-12-03 16:00,2025-12-03 18:00,,,,,,,,,,селитра,1720.0,1720 тн,,,2025-12-05 21:10,2026-09-10_1524_
Туркестан,1,2025-12-05 10:00,2025-12-05 11:55,2025-12-05 15:10,2025-12-05 22:20,контейнера,57.0,57 шт.,91.0,3.4,2025-12-06 01:30,2025-12-06 22:40,контейнера,111.0,111 шт.,145.0,3.7,2025-12-07 01:10,2026-09-10_1524_
Бекет-Ата,1,2025-12-06 04:00,2025-12-06 05:10,2025-12-06 09:20,2025-12-06 14:45,контейнера,82.0,82 шт.,106.0,3.3,2025-12-06 15:35,2025-12-07 12:20,контейнера,106.0,106 шт.,175.0,3.9,2025-12-07 14:55,2026-09-10_1524_
Адрина,3,2025-12-07 10:00,2025-12-07 11:10,,,,,,,,,,контейнера,22.0,22 шт,,,2025-12-07 22:35,2026-09-10_1524_
Махмуд Рагимов,22,2025-12-05 18:10,2025-12-05 19:05,,,,,,,,,,селитра,2530.0,2530 тн,,,2025-12-08 21:00,2026-09-10_1524_
Кангалассы,22,2025-12-08 09:30,2025-12-08 10:15,,,контейнера,,,,,,,контейнера,50.0,50 шт.,,,2025-12-08 22:00,2026-09-10_1524_
Деляр,2,2025-12-02 09:10,2025-12-06 02:30,,,ген.груз,2595.0,2595 т.,,,,,,,,,,2025-12-09 01:30,2026-09-10_1524_
GC Barys,1,2025-12-07 12:30,2025-12-07 15:35,2025-12-07 17:05,2025-12-07 22:45,контейнера,51.0,51 шт.,83.0,3.0,2025-12-07 22:45,2025-12-09 17:00,контейнера,175.0,175 шт.,350.0,3.8,2025-12-09 18:30,2026-09-10_1524_
GC Sunkar,1,2025-12-07 21:40,2025-12-08 11:00,2025-12-08 15:40,2025-12-08 19:20,контейнера,70.0,70 шт.,86.0,2.8,2025-12-08 21:25,2025-12-11 18:40,контейнера,166.0,166 шт,308.0,3.7,2025-12-11 22:05,2026-09-10_1524_
Сания,6,2025-12-11 08:30,2025-12-11 11:25,,,,,,,,,,зерно,5500.0,5500 тн,,,2025-12-13 03:45,2026-09-10_1524_
Натаван,22,2025-12-12 11:20,2025-12-12 15:00,,,контейнер/оборудование,34.0,34 шт / 36 шт,,,,,контейнера,106.0,106 шт,,,2025-12-16 09:10,2026-09-10_1524_
Теймур Ахмедов,22,2025-12-16 09:50,2025-12-16 11:10,,,ген. грузы,,,,,,,селитра,2250.0,2250 тн,,,2025-12-18 04:00,2026-09-10_1524_
GC Berkut,2,2025-12-12 17:10,2025-12-12 18:15,,,в балласте,,,,3.0,2025-12-16 02:30,2025-12-18 02:30,контейнера,167.0,167 шт.,300.0,3.7,2025-12-18 05:55,2026-09-10_1524_
Сабрина,3,2025-12-17 02:00,2025-12-17 19:05,,,,,,,,,,контейнера,48.0,48 шт.,,,2025-12-19 08:15,2026-09-10_1524_
Расул Рза,2,2025-12-16 21:45,2025-12-18 06:50,,,,,,,,2025-12-18 09:50,2025-12-19 11:00,контейнера,157.0,157 шт.,,,2025-12-19 13:10,2026-09-10_1524_
Омский-119,6,2025-12-17 15:00,2025-12-17 16:05,,,,,,,,,,зерно,2800.0,2800 тн.,,,2025-12-19 16:40,2026-09-10_1524_
Волго Балт-228,23,2025-12-16 14:20,2025-12-16 15:30,,,,,,,,,,зерно,3000.0,3000 тн,,,2025-12-19 19:40,2026-09-10_1524_
Бекет-Ата,1,2025-12-16 07:50,2025-12-16 21:15,2025-12-16 22:40,2025-12-17 05:00,контейнера,72.0,72 шт.,142.0,3.2,2025-12-17 09:20,2025-12-20 02:30,контейнера,159.0,159 шт.,194.0,4.1,2025-12-20 04:20,2026-09-10_1524_
Мир,3,2025-12-19 04:20,2025-12-19 14:15,,,ген.грузы,709.0,709 тн,,,,,в балласте,,,,,2025-12-20 18:50,2026-09-10_1524_
GC Barys,3,2025-12-16 11:30,2025-12-19 10:00,2025-12-19 11:55,2025-12-19 22:20,контейнера,70.0,70 шт,125.0,3.0,2025-12-19 22:20,2025-12-20 16:00,контейнера,163.0,163 шт,268.0,3.7,2025-12-20 19:25,2026-09-10_1524_
Мелорин,22,2025-12-17 11:00,2025-12-19 21:20,,,в балласте,,,,,,,зерно,2850.0,2850 тн,,,2025-12-21 17:45,2026-09-10_1524_
Омский-106,6,2025-12-19 15:30,2025-12-19 18:20,,,,,,,,,,зерно,3000.0,3000 тн,,,2025-12-23 12:45,2026-09-10_1524_
Касра-1,23,2025-12-17 17:10,2025-12-21 18:45,,,,,,,,,,зерно,,,,,2025-12-23 13:30,2026-09-10_1524_
GC Sunkar,1,2025-12-17 23:30,2025-12-20 05:20,,,в балласте,,,,2.8,2025-12-20 07:20,2025-12-23 14:25,контейнера,153.0,153 шт,278.0,3.7,2025-12-23 16:40,2026-09-10_1524_
Тина,23,2025-12-05 20:30,2025-12-19 19:10,,,в балласте,,,,,,,зерно,2800.0,2800 тн,,,2025-12-25 01:30,2026-09-10_1524_
Натаван,1,2025-12-23 20:30,2025-12-23 22:25,,,,,,,,,,контейнера,155.0,155 шт,,,2025-12-25 05:15,2026-09-10_1524_
Сарир,22,2025-12-19 15:00,2025-12-23 23:15,,,ген.груз,,,,,,,в балласте,,,,,2025-12-25 20:20,2026-09-10_1524_
Адрина,2,2025-12-26 10:30,2025-12-26 11:45,,,,,,,,,,,,,,,2025-12-27 05:30,2026-09-10_1524_
Расул Рза,22,2025-12-25 09:00,2025-12-25 10:05,,,,,,,,2025-12-26 22:20,,контейнера,67.0,67 шт.,,,2025-12-27 16:00,2026-09-10_1524_
Тиям,6,2025-12-22 22:00,2025-12-25 00:50,,,,,,,,,,зерно,2940.0,2940 тн,,,2025-12-27 18:00,2026-09-10_1524_
Диба,23,2025-12-23 18:15,2025-12-26 10:50,,,ген.груз,,,,,,,зерно/контейнера,1400.0,1400т / 14 шт,,,2025-12-28 15:30,2026-09-10_1524_
Бекет-Ата,1,2025-12-28 00:00,2025-12-28 00:55,2025-12-28 02:25,2025-12-28 10:15,контейнера,92.0,92 шт.,92.0,3.1,2025-12-28 10:15,2025-12-29 00:00,контейнера,120.0,120 шт,184.0,4.0,2025-12-29 02:20,2026-09-10_1524_
GC Berkut,2,2025-12-28 03:30,2025-12-28 04:40,2025-12-28 06:15,2025-12-28 16:10,контейнера,101.0,101 шт,137.0,3.0,2025-12-28 16:20,2025-12-29 15:55,контейнера,149.0,149 шт,288.0,3.8,2025-12-29 18:35,2026-09-10_1524_
Серафим Саровский,6,2025-12-26 04:50,2025-12-27 18:40,,,,,,,,,,зерно,3000.0,3000 тн,,,2025-12-29 19:45,2026-09-10_1524_
Маэстро Ниязи,22,2025-12-27 23:15,2025-12-28 11:25,,,,,,,,,,селитра,4004.0,4004 тн,,,2025-12-30 04:40,2026-09-10_1524_
Лара,6,2024-12-20 14:50,2024-12-30 15:25,,,в балласте,,,,,2024-12-31 06:05,2024-12-31 20:00,ячмень,2700.0,2700 т.,,,2025-12-31 23:50,2025-09-30_1038_
Туркестан,3,2025-12-16 06:00,2025-12-16 06:50,2025-12-16 11:00,2025-12-16 15:50,контейнера,61.0,61 шт.,66.0,3.4,,,,,,,,2026-01-03 00:15,2026-09-10_1524_
GC Sunkar,2,2025-12-29 22:50,2025-12-30 00:00,2025-12-30 02:20,2025-12-30 17:45,контейнера,188.0,188 шт.,324.0,3.0,2025-12-30 17:50,2026-01-03 04:00,контейнера,148.0,148 шт.,292.0,3.7,2026-01-03 06:45,2026-09-10_1524_
Натаван,1,2025-12-30 04:30,2025-12-30 05:50,,,контейнера / паллеты,44.0,44 шт / 26,,,,,контейнера,56.0,56 шт.,,,2026-01-03 07:40,2026-09-10_1524_
Кангалассы,22,2026-01-06 17:00,2026-01-06 18:10,,,,,,,,,,,,,,,2026-01-07 05:20,2026-09-10_1524_
Паранд,1,2026-01-01 22:45,2026-01-03 12:55,,,ген.груз,1768.0,1768 тн.,,,,,ячмень,3200.0,3200 тн.,,,2026-01-07 11:25,2026-09-10_1524_
Туркменистан,3,2026-01-06 18:30,2026-01-06 19:35,,,,,,,,,,баррит,2765.0,2765 тн.,,,2026-01-08 11:50,2026-09-10_1524_
Расул Рза,1,2026-01-06 22:00,2026-01-06 23:55,,,,,,,,,,контейнера,108.0,108 шт.,,,2026-01-08 13:45,2026-09-10_1524_
Тимофей Галанин,23,2026-01-03 10:00,2026-01-03 11:40,,,,,,,,,,ячмень,6000.0,6000 тн.,,,2026-01-08 18:25,2026-09-10_1524_
Мала,6,2026-01-06 20:30,2026-01-06 22:15,,,,,,,,,,ячмень,2672.0,2672 тн.,,,2026-01-08 19:20,2026-09-10_1524_
GC Barys,2,2026-01-07 07:15,2026-01-07 12:00,,,в балласте,,,,3.2,2026-01-07 18:10,2026-01-08 19:35,контейнера,142.0,142 шт,282.0,3.9,2026-01-08 23:05,2026-09-10_1524_
GC Berkut,1,2026-01-08 02:30,2026-01-08 14:30,2026-01-08 17:20,2026-01-09 06:20,контейнера,120.0,120 шт,165.0,3.0,,,порожнем,,,,,2026-01-10 22:20,2026-09-10_1524_
Пайя,3,2026-01-07 04:10,2026-01-08 13:00,,,ген грузы,2097.0,2097 тн,,,2026-01-10 14:00,2026-01-10 16:00,контейнера,21.0,21 шт,,,2026-01-11 00:00,2026-09-10_1524_
Гарадаг,22,2026-01-08 14:00,2026-01-08 15:20,,,,,,,,2026-01-08 21:40,2026-01-10 16:45,селитра,3000.0,3000 тн,,,2026-01-11 00:25,2026-09-10_1524_
Туркестан,1,2026-01-03 01:00,2026-01-03 10:30,,,,,,,,,,,,,,,2026-01-11 17:50,2026-09-10_1524_
Теймур Ахмедов,22,2026-01-11 00:40,2026-01-11 01:45,,,,,,,,2026-01-08 21:40,2026-01-10 16:45,селитра,3000.0,3000 тн,,,2026-01-13 01:00,2026-09-10_1524_
Патрис,22,2026-01-08 23:30,2026-01-09 00:50,,,,,,,,,,ячмень / контейнера,3400.0,3400 тн,,,2026-01-13 04:40,2026-09-10_1524_
Казак,6,2026-01-06 07:15,2026-01-08 20:10,,,,,,,,,,ячмень,3200.0,3200 тн,,,2026-01-13 22:25,2026-09-10_1524_
Натаван,3,2026-01-16 10:30,2026-01-16 12:15,2026-01-16 13:20,2026-01-16 18:40,контейнера,49.0,49 шт,,,,,в балласте,,,,,2026-01-16 21:15,2026-09-10_1524_
Кангалассы,22,2026-01-17 12:00,2026-01-17 14:05,,,,,,,,,,,,,,,2026-01-18 05:50,2026-09-10_1524_
GC Berkut,3,2026-01-16 15:15,2026-01-16 22:10,,,в балласте,,,,,2026-01-17 00:15,2026-01-18 04:10,контейнера,146.0,146 шт.,272.0,3.6,2026-01-18 07:55,2026-09-10_1524_
GC Sunkar,1,2026-01-16 12:10,2026-01-16 13:35,2026-01-16 15:20,2026-01-17 19:15,контейнера,89.0,89 шт.,153.0,2.9,2026-01-17 22:30,2026-01-19 04:40,контейнера,153.0,153 шт / 1 ящик,288.0,3.8,2026-01-19 07:45,2026-09-10_1524_
Тарадис,2,2026-01-13 17:50,2026-01-13 19:20,,,,,,,,,,жмых,3010.0,3010 тн,,3.9,2026-01-19 21:40,2026-09-10_1524_
Нардис,22,2026-01-17 00:00,2026-01-17 01:20,,,ген.груз,,,,,,,зерно,3000.0,3000 тн,,4.2,2026-01-19 23:50,2026-09-10_1524_
Расул Рза,1,2026-01-17 11:00,2026-01-18 09:35,,,,,,,,,,контейнера,145.0,145 шт.,,4.3,2026-01-20 00:40,2026-09-10_1524_
Кадос,23,2026-01-17 21:00,2026-01-19 00:45,,,,,,,,,,зерно,3400.0,3400 тн,,,2026-01-20 15:50,2026-09-10_1524_
Адрина,2,2026-01-19 10:30,2026-01-20 12:00,,,,,,,,,,контейнера,28.0,28 шт,,,2026-01-21 03:00,2026-09-10_1524_
GC Barys,1,2026-01-17 11:45,2026-01-19 09:05,2026-01-19 11:50,2026-01-20 18:00,контейнера,92.0,92 шт.,128.0,3.2,2026-01-20 18:00,2026-01-21 16:30,контейнера,138.0,138 шт,276.0,3.9,2026-01-21 19:20,2026-09-10_1524_
Бекет-Ата,2,2026-01-20 16:20,2026-01-21 04:00,2026-01-21 06:40,2026-01-21 16:00,контейнера,68.0,68 шт,107.0,3.4,,,порожнем,,,,,2026-01-22 02:10,2026-09-10_1524_
Теймур Ахмедов,2,2026-01-23 05:20,2026-01-23 06:35,,,контейнера,29.0,29 шт.,,,,,контейнера,54.0,54 шт.,,,2026-01-23 22:30,2026-09-10_1524_
Омский-114,22,2026-01-18 23:00,2026-01-20 16:35,,,ген.груз,,,,,,,зерно,3000.0,3000 тн,,,2026-01-24 17:05,2026-09-10_1524_
Бекет-Ата,1,2026-01-22 02:50,2026-01-23 16:10,,,в балласте,,,,,2026-01-23 23:00,2026-01-24 18:45,контейнера,126.0,126 шт.,195.0,3.6,2026-01-24 22:40,2026-09-10_1524_
Мир,3,2026-01-18 01:30,2026-01-20 02:05,,,ген.груз,,,,,,,в балласте,,,,,2026-01-25 02:20,2026-09-10_1524_
GC Berkut,2,2026-01-24 16:30,2026-01-24 19:15,2026-01-24 22:00,2026-01-25 00:10,контейнера,50.0,50 шт.,82.0,3.0,2026-01-25 01:50,2026-01-25 16:15,контейнера,142.0,142 шт.,284.0,3.8,2026-01-25 19:30,2026-09-10_1524_
GC Sunkar,1,2026-01-25 07:30,2026-01-25 09:15,2026-01-25 10:45,2026-01-25 14:15,контейнера,42.0,42 шт,59.0,2.8,2026-01-25 14:35,2026-01-26 07:00,контейнера,152.0,152 шт.,288.0,3.7,2026-01-26 16:40,2026-09-10_1524_
Гарадаг,22,2026-01-24 09:45,2026-01-24 17:55,,,селитра,,,,900.0,,,металл,2000.0,2000 тн.,,,2026-01-27 12:25,2026-09-10_1524_
Паранд,22,2026-01-19 22:40,2026-01-24 23:50,,,,,,,,,,зерно,5000.0,5000 тн.,,,2026-01-27 19:40,2026-09-10_1524_
Расул Рза,2,2026-01-26 06:30,2026-01-26 10:35,2026-01-26 14:00,2026-01-26 17:00,ген.груз,,,,,2026-01-26 23:00,2026-01-27 19:00,контейнера,,,,,2026-01-27 22:30,2026-09-10_1524_
GC Barys,1,2026-01-26 10:30,2026-01-26 11:40,2026-01-26 17:20,2026-01-27 03:25,контейнера,106.0,106 шт.,154.0,3.3,2026-01-27 03:25,2026-01-30 03:50,контейнера,149.0,149 шт.,296.0,3.9,2026-02-01 04:30,2026-09-10_1524_
Петротранс-5903,9,2026-01-04 16:00,2026-01-13 23:40,,,,,,,,,,зерно,3315.0,3315 тн.,,,2026-02-01 05:00,2026-09-10_1524_
Кангалласы,22,2026-01-27 01:00,2026-01-27 13:10,,,ген.груз,,,,,,,контейнера,41.0,41 шт,,,2026-02-01 07:15,2026-09-10_1524_
Тиям,6,2026-01-23 06:40,2026-01-24 22:20,,,,,,,,,,зерно,3000.0,3000 тн,,,2026-02-01 09:40,2026-09-10_1524_
Теймур Ахмедов,1,2026-02-01 07:00,2026-02-01 10:25,,,,,,,,,,контейнера,84.0,84 шт,,,2026-02-02 02:35,2026-09-10_1524_
Маэстро Ниязи,22,2026-01-27 01:05,2026-01-27 21:45,,,,,,,,,,медь,4000.0,4000 тн,,,2026-02-02 20:00,2026-09-10_1524_
Натаван,22,2026-01-30 09:00,2026-02-01 11:45,,,,,,,,,,контейнера,172.0,172 шт,,,2026-02-02 22:30,2026-09-10_1524_
Бекет-Ата,2,2026-01-30 19:40,2026-02-01 09:00,2026-02-01 10:35,2026-02-01 19:00,контейнера,103.0,103 шт,162.0,3.45,2026-02-01 19:00,2026-02-02 19:10,контейнера,150.0,150 шт.,205.0,4.0,2026-02-03 17:15,2026-09-10_1524_
Даяан,3,2026-02-01 13:30,2026-02-02 17:35,,,ген груз,767.0,767 тн,,,,,в балласте,,,,,2026-02-03 23:45,2026-09-10_1524_
Туркестан,1,2026-02-02 22:10,2026-02-03 20:05,,,в балласте,,,,,,,,,,,,2026-02-05 13:25,2026-09-10_1524_
GC Sunkar,2,2026-02-02 01:40,2026-02-02 03:10,,,в балласте,,,,,2026-02-02 05:40,2026-02-04 23:00,контейнера,143.0,143 шт.,286.0,3.6,2026-02-05 14:50,2026-09-10_1524_
Эрика,6,2026-01-24 11:10,2026-02-01 08:10,,,ген.груз,995.0,995 тн,,,,,зерно,1800.0,1800 тн,,,2026-02-05 20:00,2026-09-10_1524_
Тимофей Галанин,23,2026-01-31 20:30,2026-02-03 18:30,,,,,,,,,,зерно,6600.0,6600 тн.,,,2026-02-06 10:05,2026-09-10_1524_
Дорита,23,2026-01-31 21:15,2026-02-06 01:10,,,,,,,,,,зерно,6600.0,6600 тн.,,,2026-02-08 16:45,2026-09-10_1524_
GC Berkut,1,2026-02-05 17:00,2026-02-05 18:10,2026-02-05 21:30,2026-02-06 02:30,контейнера,51.0,51 шт,93.0,3.2,2026-02-06 02:40,2026-02-08 16:35,контейнера,160.0,160 шт.,312.0,3.65,2026-02-08 21:10,2026-09-10_1524_
Омский-111,6,2026-01-30 23:40,2026-02-05 21:00,,,,,,,,,,зерно,1800.0,1800 тн,,,2026-02-09 23:25,2026-09-10_1524_
GC Barys,2,2026-02-08 21:10,2026-02-08 22:20,2026-02-08 23:50,2026-02-09 05:25,контейнера,98.0,98 шт.,109.0,3.5,2026-02-09 05:25,2026-02-10 00:50,контейнера,154.0,154 шт.,306.0,3.8,2026-02-10 22:30,2026-09-10_1524_
Махмуд Рагимов,3,2026-02-09 07:10,2026-02-10 00:20,,,,,,,,,,контейнера,74.0,74 шт,,,2026-02-10 23:25,2026-09-10_1524_
Расул Рза,1,2026-02-08 22:00,2026-02-08 23:15,2026-02-09 01:30,2026-02-09 02:10,ген.груз,,,,,,,контейнера,107.0,107 шт.,,,2026-02-11 00:05,2026-09-10_1524_
Казак,22,2026-02-09 13:30,2026-02-09 19:50,,,ген.груз,1715.0,1715 тн,,,,,порожнем,,,,,2026-02-11 10:30,2026-09-10_1524_
Сорен,22,2026-02-06 02:50,2026-02-08 11:50,,,,,,,,,,зерно / контейнера,3550.0,3550 тн / 7 шт,,,2026-02-11 13:30,2026-09-10_1524_
Натаван,2,2026-02-09 11:15,2026-02-11 01:10,,,контейнера,31.0,31 шт,,,,,контейнера,105.0,105 шт,,,2026-02-11 23:55,2026-09-10_1524_
GC Sunkar,1,2026-02-11 07:30,2026-02-11 09:00,,,в балласте,,,,2.9,2026-02-11 10:20,2026-02-12 05:30,контейнера,139.0,139 шт.,276.0,3.8,2026-02-12 08:25,2026-09-10_1524_
Тина,6,2026-02-05 12:00,2026-02-06 13:15,,,,,,,,,,зерно,3320.0,3320 тн,,,2026-02-12 20:10,2026-09-10_1524_
Флестина 2,1,2026-02-11 11:50,2026-02-12 10:05,,,ген.груз,923.0,923 тн.,,,,,,,,,,2026-02-14 16:30,2026-09-10_1524_
Бекет-Ата,2,2026-02-12 13:30,2026-02-12 14:20,2026-02-12 19:20,2026-02-13 07:10,контейнера,100.0,100 шт.,123.0,3.2,2026-02-13 07:30,2026-02-15 17:10,контейнера,156.0,156 шт.,202.0,4.15,2026-02-15 23:05,2026-09-10_1524_
Ситка,23,2026-02-12 21:30,2026-02-12 22:45,,,,,,,,,,зерно,5500.0,5500 тн,202.0,,2026-02-17 16:10,2026-09-10_1524_
Кангалассы,22,2026-02-16 04:00,2026-02-16 05:00,,,ген.груз,,,,,,,контейнера,29.0,29 шт,,,2026-02-18 00:55,2026-09-10_1524_
Диба,2,2026-02-14 06:20,2026-02-16 00:40,,,ген.груз,,,,,,,контейнера,22.0,22 шт,,,2026-02-18 01:50,2026-09-10_1524_
Лауга,3,2026-02-13 21:00,2026-02-17 14:40,,,,,,,,,,,,,,,2026-02-18 05:45,2026-09-10_1524_
GC Barys,22,2026-02-18 13:00,2026-02-18 14:20,,,в балласте,,,,,2026-02-18 16:30,2026-02-19 06:10,контейнера,138.0,138 шт,270.0,3.8,2026-02-19 18:30,2026-09-10_1524_
GC Sunkar,1,2026-02-18 13:15,2026-02-18 14:40,,,в балласте,,,,,2026-02-18 17:10,2026-02-20 12:40,контейнера,153.0,153 шт,306.0,3.6,2026-02-20 15:40,2026-09-10_1524_
Расул Рза,2,2026-02-18 14:00,2026-02-18 15:35,,,,,,,,2026-02-19 01:30,2026-02-20 19:15,контейнера,158.0,158 шт,,,2026-02-20 22:30,2026-09-10_1524_
Баку Скай,6,2026-02-19 08:45,2026-02-20 16:25,,,,,,,,,,,,,,,2026-02-21 00:00,2026-09-10_1524_
GC Berkut,1,2026-02-18 15:40,2026-02-18 18:05,2026-02-18 21:30,2026-02-19 02:30,контейнера,69.0,69 шт,134.0,3.1,2026-02-19 03:00,2026-02-21 04:00,контейнера,134.0,134 шт,266.0,3.7,2026-02-21 08:30,2026-09-10_1524_
Кангалассы,22,2026-02-22 04:30,2026-02-22 05:30,,,ген.груз,,,,,,,,,,,,2026-02-22 20:10,2026-09-10_1524_
Бекет-Ата,2,2026-02-22 22:30,2026-02-22 23:35,2026-02-23 02:00,2026-02-23 10:40,контейнера,154.0,154 шт.,192.0,3.5,2026-02-23 10:40,2026-02-23 22:45,контейнера,142.0,142 шт,179.0,4.1,2026-02-24 04:00,2026-09-10_1524_
Натаван,1,2026-02-24 07:30,2026-02-24 09:15,,,в балласте,,,,,,,контейнера,141.0,141 шт.,,,2026-02-25 07:30,2026-09-10_1524_
GC Barys,22,2026-02-24 18:10,2026-02-24 19:10,,,в балласте,,,,3.2,2026-02-24 22:00,2026-02-25 11:55,контейнера,141.0,141 шт.,252.0,3.7,2026-02-25 14:00,2026-09-10_1524_
Кадос,2,2026-02-24 11:15,2026-02-25 12:30,,,ген.груз,3230.0,3230 т.,,,,,балласт,,,,,2026-02-26 13:50,2026-09-10_1524_
Белатрикс,23,2026-02-21 11:45,2026-02-23 22:45,,,ген.груз,410.0,410 т.,,,,,ячмень,3000.0,3000 т.,,,2026-02-26 20:00,2026-09-10_1524_
Кангалассы,22,2026-02-26 21:45,2026-02-26 22:45,,,контейнера,45.0,45 шт,,,,,контейнера,19.0,19 шт,,,2026-02-28 23:00,2026-09-10_1524_
Тиям,1,2026-02-22 21:30,2026-02-23 18:00,,,в балласте,,,,,,,ячмень/контейнера,3000.0,3000 т / 10 шт,,,2026-03-01 02:15,2026-09-10_1524_
Паранд,1,2026-02-17 22:30,2026-02-21 19:30,,,ген.груз,3084.0,3084 т.,,,,,ячмень/контейнера,3000.0,3000 т / 22 шт,,,2026-03-01 16:00,2026-09-10_1524_
GC Sunkar,2,2026-03-01 08:00,2026-03-01 09:20,2026-03-01 11:50,2026-03-01 18:50,контейнера,137.0,137 шт,212.0,2.9,2026-03-01 18:50,2026-03-02 14:50,контейнера,170.0,170 шт,338.0,3.6,2026-03-02 17:45,2026-09-10_1524_
GC Berkut,2,2026-03-02 19:40,2026-03-02 22:15,2026-03-03 00:00,2026-03-03 04:20,контейнера,78.0,78 шт,98.0,3.0,2026-03-03 04:20,2026-03-03 23:30,контейнера,145.0,145 шт,282.0,3.9,2026-03-04 04:30,2026-09-10_1524_
Бекет-Ата,1,2026-03-03 22:30,2026-03-03 23:20,2026-03-04 01:35,2026-03-04 11:35,контейнера,114.0,114 шт,145.0,3.5,2026-03-04 11:35,2026-03-05 04:00,контейнера,137.0,137 шт,172.0,4.1,2026-03-05 06:00,2026-09-10_1524_
Туркестан,3,2026-03-05 05:35,2026-03-05 12:30,,,,,,,,,,,,,,,2026-03-05 21:40,2026-09-10_1524_
Расул Рза,22,2026-03-05 17:45,2026-03-05 18:30,,,,,,,,,,контейнера,90.0,90 шт,,,2026-03-07 00:50,2026-09-10_1524_
Кангаласы,22,2026-03-06 09:30,2026-03-06 10:35,,,контейнера,,,,20.0,,,контейнера,40.0,40 шт,,,2026-03-07 01:10,2026-09-10_1524_
GC Sunkar,22,2026-03-07 10:00,2026-03-07 11:15,,,в балласте,,,,2.9,2026-03-07 14:10,2026-03-08 06:25,контейнера,157.0,157 шт.,304.0,3.7,2026-03-08 09:30,2026-09-10_1524_
GC Barys,2,2026-03-07 01:20,2026-03-07 02:25,2026-03-07 04:25,2026-03-07 14:25,контейнера,137.0,137 шт.,204.0,3.3,2026-03-07 14:25,2026-03-08 11:20,контейнера,147.0,147 шт.,284.0,3.8,2026-03-08 14:35,2026-09-10_1524_
Дорита,23,2026-03-08 14:45,2026-03-08 15:40,,,,,,,,,,зерно,1400.0,1400 тн,,,2026-03-10 03:45,2026-09-10_1524_
Флестина 2,3,2026-03-07 14:45,2026-03-07 16:30,,,ген.груз,1032.0,1032 тн,,,,,контейнера,7.0,7 шт,,,2026-03-10 22:45,2026-09-10_1524_
Сания,22,2026-03-10 09:50,2026-03-10 11:20,2026-03-10 13:30,2026-03-11 00:00,цемент+контейнера,4590.0,Ц-4590тн. Конт-27шт.,,,,,,,,,,2026-03-11 19:30,2026-09-10_1524_
Махмуд Рагимов,1,2026-03-11 08:30,2026-03-11 09:45,,,ген.груз,,,,,,,контейнера,72.0,72 шт,,,2026-03-12 17:20,2026-09-10_1524_
Натаван,2,2026-03-11 11:00,2026-03-11 12:45,,,,,,,,,,контейнера,154.0,154 шт,,,2026-03-12 19:20,2026-09-10_1524_
GC Berkut,2,2026-03-11 14:50,2026-03-11 16:10,2026-03-11 17:35,2026-03-11 22:20,контейнера,71.0,71 шт,88.0,3.1,2026-03-11 22:20,2026-03-13 04:30,контейнера,168.0,168 шт.,332.0,3.9,2026-03-13 11:10,2026-09-10_1524_
Кангалассы,22,2026-03-12 20:00,2026-03-12 21:35,,,ген.груз.,,,,,,,контейнера,61.0,61 шт,,,2026-03-13 12:40,2026-09-10_1524_
Касра-1,23,2026-03-12 09:30,2026-03-12 10:45,,,,,,,,,,зерно,1800.0,1800 тн,,,2026-03-13 23:20,2026-09-10_1524_
Бекет-Ата,1,2026-03-11 16:15,2026-03-12 18:25,2026-03-12 21:00,2026-03-13 05:15,контейнера,89.0,89 шт.,168.0,3.3,2026-03-13 05:40,2026-03-14 00:20,контейнера,139.0,139 шт.,166.0,4.0,2026-03-14 03:45,2026-09-10_1524_
GC Barys,22,2026-03-13 16:45,2026-03-13 18:00,,,в балласте,,,,3.2,2026-03-13 22:35,2026-03-14 17:05,контейнера,157.0,157 шт,314.0,,2026-03-14 22:20,2026-09-10_1524_
Адрина,1,2026-03-14 18:30,2026-03-14 19:50,,,,,,,,,,контейнера,21.0,21 шт,,,2026-03-17 14:20,2026-09-10_1524_
Раян,23,2026-03-12 07:05,2026-03-14 00:20,,,,,,,,,,зерно,4600.0,4600 тн,,,2026-03-17 17:45,2026-09-10_1524_
GC Sunkar,2,2026-03-14 13:45,2026-03-14 15:00,2026-03-14 17:10,2026-03-14 23:40,контейнера,119.0,119 шт.,165.0,2.9,2026-03-14 23:40,2026-03-17 16:45,контейнера,167.0,167 шт,314.0,3.8,2026-03-17 22:15,2026-09-10_1524_
Натаван,2,2026-03-17 07:00,2026-03-17 13:25,,,контейнера,21.0,21 шт,,,,,контейнера,149.0,149 шт,,,2026-03-18 18:15,2026-09-10_1524_
Расул Рза,22,2026-03-17 10:30,2026-03-17 17:05,,,ген.груз,,,,,,,контейнера,143.0,143 шт,,,2026-03-18 21:50,2026-09-10_1524_
Тина,22,2026-03-14 11:00,2026-03-17 19:15,,,,,,,,,,зерно,4500.0,4500 тн,,,2026-03-20 11:15,2026-09-10_1524_
GC Berkut,2,2026-03-19 08:40,2026-03-19 10:15,2026-03-19 11:20,2026-03-19 14:20,контейнера,49.0,49 шт.,70.0,3.1,2026-03-19 16:25,2026-03-20 15:50,контейнера,169.0,169 шт.,320.0,3.9,2026-03-20 21:20,2026-09-10_1524_
Кангалассы,22,2026-03-20 18:00,2026-03-20 18:30,,,ген груз,,,,,,,,,,,,2026-03-21 04:30,2026-09-10_1524_
Бекет-Ата,1,2026-03-19 12:00,2026-03-19 12:35,2026-03-19 14:00,2026-03-20 02:20,контейнера,118.0,118 шт.,165.0,3.0,2026-03-20 03:00,2026-03-21 05:25,контейнера,131.0,131 шт.,182.0,4.0,2026-03-21 07:15,2026-09-10_1524_
Волго Балт-239,23,2026-03-20 01:30,2026-03-20 02:50,,,в балласте,,,,,,,ячмень,3000.0,3000 т.,,,2026-03-22 00:20,2026-09-10_1524_
Расул Рза,2,2026-03-22 12:00,2026-03-22 13:40,,,,,,,,,,контейнера,154.0,154 шт,,,2026-03-23 23:10,2026-09-10_1524_
GC Sunkar,22,2026-03-23 22:45,2026-03-24 00:00,,,,,,,,2026-03-24 01:40,2026-03-24 18:30,контейнера,145.0,145 шт,282.0,3.8,2026-03-24 21:10,2026-09-10_1524_
GC Barys,1,2026-03-23 21:00,2026-03-23 22:30,2026-03-23 23:30,2026-03-24 04:00,контейнера,61.0,61 шт.,119.0,3.2,2026-03-24 04:10,2026-03-25 04:40,контейнера,178.0,178 шт,342.0,3.8,2026-03-25 13:55,2026-09-10_1524_
GC Berkut,2,2026-03-25 03:30,2026-03-25 11:25,,,в балласте,,,,3.1,2026-03-25 13:45,2026-03-26 07:40,контейнера,142.0,142 шт,284.0,3.9,2026-03-26 13:00,2026-09-10_1524_
Рамтиндаря,22,2026-03-20 01:00,2026-03-20 14:10,,,в балласте,,,,,,,соявые бобы,2700.0,2700 т.,,,2026-03-26 16:30,2026-09-10_1524_
Бекет-Ата,2,2026-03-25 20:20,2026-03-25 21:05,2026-03-25 00:05,2026-03-26 06:40,контейнера,47.0,47 шт.,70.0,3.1,2026-03-26 06:40,2026-03-27 00:30,контейнера,132.0,132 шт,167.0,4.0,2026-03-27 02:40,2026-09-10_1524_
Натаван,1,2026-03-25 11:00,2026-03-25 14:35,,,контейнера,84.0,84 шт.,,,,,контейнера,131.0,131 шт,,,2026-03-27 11:05,2026-09-10_1524_
Кангалассы,22,2026-03-26 21:00,2026-03-26 22:45,,,,,,,,,,контейнера,,,,,2026-03-27 15:00,2026-09-10_1524_
Расул Рза,2,2026-03-27 13:00,2026-03-27 14:25,,,,,,,,,,контейнера,101.0,101 шт,,,2026-03-29 05:45,2026-09-10_1524_
Шали,23,2026-03-23 00:30,2026-03-27 16:20,,,,,,,,,,ячмень,2600.0,2600 тн,,,2026-03-29 22:30,2026-09-10_1524_
Парин,22,2026-03-26 19:30,2026-03-30 09:30,,,ген.груз,4000.0,4000 тн,,,,,,,,,,2026-03-31 00:15,2026-09-10_1524_
Виста,1,2026-03-14 18:00,2026-03-25 13:25,,,ген.груз,,,,,,,ячмень/контейнера,3000.0,3000 тн/10 шт,,,2026-03-31 01:10,2026-09-10_1524_
GC Barys,2,2026-03-30 08:30,2026-03-30 10:00,,,балласт,,,,,2026-03-30 11:35,2026-03-31 03:00,контейнера,168.0,168 шт,336.0,3.8,2026-03-31 10:30,2026-09-10_1524_
Омский-119,23,2026-03-26 14:00,2026-03-30 01:00,,,,,,,,,,ячмень,,,,,2026-03-31 14:10,2026-09-10_1524_
Омский 108,6,2026-03-28 11:00,2026-03-29 00:50,,,,,,,,,,ячмень,2800.0,2800 тн,,,2026-03-31 18:55,2026-09-10_1524_
GC Sunkar,1,2026-03-30 08:45,2026-03-30 11:00,,,балласт,,,,,2026-03-30 13:50,2026-03-31 17:00,контейнера,157.0,157 шт,314.0,3.8,2026-03-31 19:20,2026-09-10_1524_
Туркестан,2,2026-03-30 22:00,2026-03-31 11:20,,,в балласте,,,,,2026-04-01 02:30,2026-04-01 19:40,контейнера,103.0,103 шт.,164.0,3.8,2026-04-01 23:05,2026-09-10_1524_
Касма,23,2026-03-28 02:45,2026-03-31 15:25,,,,,,,,,,ячмень,2730.0,2730 тн,,,2026-04-02 09:45,2026-09-10_1524_
Кангалассы,22,2026-04-02 22:00,2026-04-02 23:30,,,ген.груз,,,,,,,,,,,,2026-04-03 13:15,2026-09-10_1524_
GC Berkut,1,2026-04-03 16:00,2026-04-03 17:25,2026-04-03 21:00,2026-04-04 03:30,контейнера,100.0,100 шт,182.0,3.2,2026-04-04 03:30,2026-04-04 23:45,контейнера,141.0,141 шт,282.0,3.9,2026-04-05 03:00,2026-09-10_1524_
Расул Рза,1,2026-04-03 22:00,2026-04-03 23:15,,,,,,,,,,контейнера,135.0,135 шт,,,2026-04-05 11:05,2026-09-10_1524_
Натаван,2,2026-04-04 03:50,2026-04-04 21:55,,,контейнера / ген.груз,129.0,129 шт./ 46т.,,,,,контейнера,78.0,78 шт,,,2026-04-05 19:05,2026-09-10_1524_
Бекет-Ата,1,2026-03-31 20:00,2026-03-31 20:55,2026-04-01 02:00,2026-04-01 12:25,контейнера,61.0,61 шт,93.0,3.0,2026-04-01 13:40,2026-04-02 04:40,контейнера,109.0,109 шт.,182.0,3.5,2026-04-07 06:40,2026-09-10_1524_
GC Barys,3,2026-04-05 00:50,2026-04-05 03:55,,,,,,,,2026-04-05 05:45,2026-04-07 03:35,контейнера,141.0,141 шт,282.0,3.8,2026-04-07 10:55,2026-09-10_1524_
Николай Анищенков,23,2026-03-20 08:30,2026-04-01 14:05,,,,,,,,,,зерно,5000.0,5000 тн,,,2026-04-07 22:10,2026-09-10_1524_
GC Sunkar,1,2026-04-05 07:45,2026-04-05 11:40,,,,,,,,2026-04-05 14:50,2026-04-07 16:55,контейнера,163.0,163 шт.,326.0,3.8,2026-04-08 04:55,2026-09-10_1524_
Наргун,3,2026-03-30 21:15,2026-04-07 17:30,,,,,,,,,,контейнера,,,,,2026-04-08 13:00,2026-09-10_1524_
Мир,23,2026-04-03 07:00,2026-04-03 14:05,,,ген груз,,,,,,,зерно,2800.0,2800 тн,,,2026-04-08 15:50,2026-09-10_1524_
БМ Флот 3,6,2026-03-31 16:20,2026-04-02 00:00,,,балласт,,,,3.2,,,масло рапсовое,5015.0,5015 тн,,,2026-04-09 14:00,2026-09-10_1524_
Туркестан,1,2026-04-08 05:20,2026-04-08 06:15,2026-04-08 09:25,2026-04-08 19:25,контейнера,85.0,85 шт,128.0,3.6,2026-04-08 23:20,2026-04-09 18:00,контейнера,148.0,148 шт.,186.0,4.0,2026-04-09 22:20,2026-09-10_1524_
Кангалассы,22,2026-04-09 06:20,2026-04-09 07:10,,,ген.груз,,,,,,,,,,,,2026-04-09 23:50,2026-09-10_1524_
Пармис,2,2026-03-31 11:10,2026-04-05 20:15,,,,,,,,,,,,,,,2026-04-10 14:20,2026-09-10_1524_
Бекет-Ата,1,2026-04-09 13:30,2026-04-09 15:10,2026-04-09 17:25,2026-04-10 03:00,контейнера,98.0,98 шт,123.0,3.0,2026-04-10 03:00,2026-04-10 18:45,контейнера,121.0,121 шт.,166.0,3.8,2026-04-10 21:00,2026-09-10_1524_
Тиям,23,2026-03-17 21:00,2026-04-09 14:05,,,,,,,,,,ячмень,3000.0,3000 т.,,,2026-04-10 23:40,2026-09-10_1524_
Натаван,2,2026-04-12 02:20,2026-04-12 03:10,2026-04-12 04:50,2026-04-12 12:00,контейнера,131.0,131 шт.,,,2026-04-12 12:00,2026-04-13 02:35,контейнера,130.0,130 шт.,,,2026-04-13 05:00,2026-09-10_1524_
Каспиан Сепехр,23,2026-04-09 13:00,2026-04-11 00:55,,,,,,,,,,ячмень,2900.0,2900 т,,,2026-04-13 17:50,2026-09-10_1524_
Расул Рза,1,2026-04-12 08:00,2026-04-12 09:20,2026-04-12 11:30,2026-04-12 19:20,контейнера,102.0,102 шт.,,,2026-04-12 22:00,2026-04-13 15:10,контейнера,83.0,83 шт.,,,2026-04-13 18:20,2026-09-10_1524_
Адрина,22,2026-04-12 18:00,2026-04-12 19:20,,,,,,,,,,ячмень,3000.0,3000 т,,,2026-04-16 21:40,2026-09-10_1524_
GC Barys,2,2026-04-12 17:00,2026-04-13 06:35,,,в балласте,,,,3.2,2026-04-13 10:00,2026-04-17 04:00,контейнера,141.0,141 шт.,282.0,3.8,2026-04-17 07:50,2026-09-10_1524_
GC Berkut,3,2026-04-12 13:00,2026-04-12 14:35,,,в балласте,,,,3.1,2026-04-13 05:30,2026-04-17 07:00,контейнера,141.0,141 шт.,282.0,3.8,2026-04-17 11:50,2026-09-10_1524_
Туркестан,1,2026-04-17 00:50,2026-04-17 01:40,2026-04-17 05:10,2026-04-17 15:00,контейнера,85.0,85 шт,126.0,3.3,2026-04-17 15:00,2026-04-18 12:00,контейнера,130.0,130 шт.,177.0,4.1,2026-04-18 15:00,2026-09-10_1524_
GC Sunkar,1,2026-04-17 15:10,2026-04-17 16:35,,,в балласте,,,,3.2,2026-04-17 18:15,2026-04-20 00:00,контейнера,157.0,157 шт.,314.0,3.7,2026-04-20 01:35,2026-09-10_1524_
Махмуд Рагимов,22,2026-04-17 22:00,2026-04-18 02:15,,,,,,,,,,селитра,2640.0,2640 тн,,,2026-04-20 03:10,2026-09-10_1524_
Бекет-Ата,1,2026-04-17 16:20,2026-04-17 17:20,2026-04-18 04:10,2026-04-19 22:00,контейнера,143.0,143,197.0,3.5,2026-04-19 22:00,2026-04-21 03:50,контейнера,156.0,156 шт,209.0,4.2,2026-04-21 07:55,2026-09-10_1524_
Гусейн Джавид,22,2026-04-18 19:00,2026-04-19 22:00,,,,,,,,,,селитра,4320.0,4320 тн,,,2026-04-21 22:00,2026-09-10_1524_
Кангаласы,22,2026-04-20 03:00,2026-04-20 03:50,,,контейнера,,,,,,,контейнера,53.0,53 шт.,,,2026-04-21 22:50,2026-09-10_1524_
Натаван,1,2026-04-22 12:30,2026-04-22 13:30,,,контейнера,82.0,82 шт,,,,,контейнера,161.0,161 шт,,,2026-04-23 21:50,2026-09-10_1524_
Расул Рза,22,2026-04-22 15:00,2026-04-22 16:35,,,контейнера,37.0,37 шт,,,,,контейнера,178.0,178 шт,,,2026-04-24 01:25,2026-09-10_1524_
Бегей,3,2026-04-24 02:55,2026-04-24 11:10,,,,,,,,,,,,,,,2026-04-24 18:15,2026-09-10_1524_
GC Barys,1,2026-04-23 08:00,2026-04-23 09:10,,,в балласте,,,,3.2,2026-04-23 14:20,2026-04-24 16:20,контейнера,161.0,161 шт.,322.0,3.8,2026-04-24 20:10,2026-09-10_1524_
Тарадис,6,2026-04-22 08:20,2026-04-22 10:25,,,ген.груз,3377.0,3377  тн,,,,,зерно,3000.0,3000 тн,,,2026-04-25 04:20,2026-09-10_1524_
GC Berkut,2,2026-04-23 11:00,2026-04-23 16:55,2026-04-23 21:00,2026-04-24 02:10,контейнера,63.0,63 шт,126.0,3.1,2026-04-24 02:10,2026-04-25 02:20,контейнера,164.0,164 шт.,324.0,3.8,2026-04-25 06:25,2026-09-10_1524_
Сарир,6,2026-04-17 03:00,2026-04-21 23:20,,,ген.груз/цемент,6100.0,6100 тн,,,,,зерно,3500.0,3500 тн,,,2026-04-26 02:20,2026-09-10_1524_
Кангалассы,22,2026-04-25 17:00,2026-04-25 21:20,,,,,,,,,,контейнера,,,,,2026-04-26 07:30,2026-09-10_1524_
Туркестан,1,2026-04-24 17:45,2026-04-24 21:15,2026-04-24 23:00,2026-04-25 09:50,контейнера,78.0,78 шт,125.0,3.3,2026-04-25 10:30,2026-04-26 07:40,контейнера,105.0,105 шт,168.0,3.8,2026-04-26 12:05,2026-09-10_1524_
GC Sunkar,2,2026-04-25 08:30,2026-04-25 09:55,,,в балласте,,,,,2026-04-25 14:00,2026-04-26 14:15,контейнера,141.0,141 шт.,282.0,3.8,2026-04-26 16:50,2026-09-10_1524_
Махмуд Рагимов,22,2026-04-25 01:45,2026-04-25 07:15,,,,,,,,,,селитра / контейнера,1350.0,1350 тн / 21 шт,,,2026-04-26 18:25,2026-09-10_1524_
Ванда,23,2026-04-21 10:15,2026-04-24 10:45,,,ген.груз,,,,,,,зерно,2800.0,2800 тн,,,2026-04-27 22:00,2026-09-10_1524_
Бекет-Ата,2,2026-04-27 06:00,2026-04-27 06:55,2026-04-27 14:15,2026-04-27 23:20,контейнера,123.0,123 шт,152.0,3.7,2026-04-27 23:20,2026-04-29 07:20,контейнера,94.0,94 шт,176.0,4.0,2026-04-29 10:15,2026-09-10_1524_
GC Barys,2,2026-04-30 17:50,2026-04-30 18:45,,,в балласте,,,,3.2,2026-04-30 21:30,2026-05-01 11:50,контейнера,158.0,158 шт.,316.0,3.8,2026-05-01 17:10,2026-09-10_1524_
GC Berkut,1,2026-05-01 08:30,2026-05-01 09:50,,,в балласте,,,,3.1,2026-05-01 11:30,2026-05-02 05:35,контейнера,153.0,153 шт.,306.0,3.8,2026-05-02 11:00,2026-09-10_1524_
Кангалассы,22,2026-05-02 09:00,2026-05-02 10:00,,,ген/груз,,,,,,,,,,,,2026-05-03 03:00,2026-09-10_1524_
Натаван,2,2026-05-01 17:30,2026-05-01 18:25,,,контейнера,86.0,86 шт,,,,,контейнера,153.0,153 шт.,,,2026-05-03 15:25,2026-09-10_1524_
Волго Балт-239,23,2026-05-01 21:00,2026-05-01 22:00,,,,,,,,,,зерно,2800.0,2800 т.,,,2026-05-03 17:00,2026-09-10_1524_
Гафур Мамедов,1,2026-05-03 06:30,2026-05-03 07:15,,,,,,,,,,контейнера,60.0,60 шт,,,2026-05-03 22:20,2026-09-10_1524_
Бора,2,2026-05-03 14:00,2026-05-03 16:25,,,,,,,,,,,,,,,2026-05-04 02:30,2026-09-10_1524_
Адрина,3,2026-05-02 19:30,2026-05-02 20:20,,,ген.груз,1034.0,1034т,,,,,контейнера,21.0,21 шт.,,,2026-05-04 12:05,2026-09-10_1524_
Мелорин,23,2026-05-02 22:40,2026-05-03 03:30,,,ген.груз,2900.0,2900 т,,,,,зерно,,,,,2026-05-05 11:25,2026-09-10_1524_
Туркестан,1,2026-05-03 22:00,2026-05-03 23:00,2026-05-04 01:30,2026-05-04 15:15,контейнера,139.0,139 шт.,179.0,4.2,2026-05-04 15:15,2026-05-05 07:20,контейнера,111.0,111 шт,182.0,3.7,2026-05-05 11:45,2026-09-10_1524_
Сабрина,3,2026-05-03 20:30,2026-05-04 15:00,,,,,,,,,,,,,,,2026-05-06 19:20,2026-09-10_1524_
Бекет-Ата,1,2026-05-05 23:20,2026-05-06 00:20,2026-05-06 02:00,2026-05-06 16:00,контейнера,117.0,117,177.0,4.05,2026-05-06 16:00,2026-05-07 16:00,контейнера,139.0,139 шт,197.0,4.15,2026-05-07 18:35,2026-09-10_1524_
GC Sunkar,2,2026-05-05 09:00,2026-05-05 10:00,2026-05-05 21:00,2026-05-06 00:30,контейнера,81.0,81 шт.,114.0,2.8,2026-05-06 01:30,2026-05-07 10:35,контейнера,149.0,149 шт.,290.0,3.8,2026-05-07 19:50,2026-09-10_1524_
Кангалассы,22,2026-05-07 23:00,2026-05-08 00:05,,,,,,,,,,,,,,,2026-05-08 13:50,2026-09-10_1524_
GC Barys,2,2026-05-06 11:30,2026-05-06 20:00,,,в балласте,,,,3.3,2026-05-07 02:00,2026-05-08 15:20,контейнера,187.0,187 шт,350.0,3.8,2026-05-08 19:35,2026-09-10_1524_
GC Berkut,1,2026-05-07 09:00,2026-05-07 19:20,,,в балласте,,,,3.0,2026-05-07 22:00,2026-05-08 19:10,контейнера,175.0,175 шт.,332.0,3.8,2026-05-08 22:30,2026-09-10_1524_
Николай Анищенков,23,2026-05-06 19:00,2026-05-06 21:40,,,,,,,,,,ячмень,,,,,2026-05-09 17:55,2026-09-10_1524_
Натаван,22,2026-05-08 02:45,2026-05-08 14:40,,,,,,,,,,,,,,,2026-05-09 22:20,2026-09-10_1524_
Тиям,23,2026-05-07 15:10,2026-05-09 19:20,,,,,,,,,,ячмень,3400.0,3400 т.,,,2026-05-11 12:35,2026-09-10_1524_
Расул Рза,1,2026-05-10 10:00,2026-05-10 11:15,,,,,,,,,,контейнера,170.0,170 шт.,,,2026-05-11 22:00,2026-09-10_1524_
Пано-1,23,2026-05-11 22:00,2026-05-11 23:35,,,,,,,,,,ячмень,,,,,2026-05-13 20:15,2026-09-10_1524_
Туркестан,1,2026-05-11 00:00,2026-05-11 01:30,2026-05-11 04:20,2026-05-11 15:30,контейнера,138.0,138 шт,197.0,3.85,2026-05-11 21:00,2026-05-13 19:50,контейнера,151.0,151 шт,202.0,4.17,2026-05-13 23:40,2026-09-10_1524_
БМ Флот-3,2,2026-05-11 03:55,2026-05-11 22:55,,,,,,,3.0,2026-05-12 03:15,2026-05-14 05:00,рапсовое масло,,,,,2026-05-14 14:50,2026-09-10_1524_
Бекет-Ата,1,2026-05-12 18:00,2026-05-12 23:00,2026-05-13 14:25,2026-05-14 02:40,контейнера,110.0,110 шт,160.0,4.0,2026-05-14 02:40,2026-05-14 19:10,контейнера,146.0,146 шт.,192.0,4.15,2026-05-15 11:10,2026-09-10_1524_
GC Barys,22,2026-05-13 07:30,2026-05-13 23:00,,,в балласте,,,,3.3,2026-05-14 00:35,2026-05-14 19:20,контейнера,168.0,168 шт,336.0,3.8,2026-05-15 11:50,2026-09-10_1524_
Касма,22,2026-05-10 03:00,2026-05-12 00:55,,,ген.груз,,,,,,,ячмень,,,,,2026-05-15 15:35,2026-09-10_1524_
GC Sunkar,2,2026-05-12 12:50,2026-05-14 00:10,,,в балласте,,,,3.8,2026-05-14 01:55,2026-05-15 11:40,контейнера,168.0,168 шт.,336.0,3.6,2026-05-15 17:50,2026-09-10_1524_
Натаван,1,2026-05-14 10:30,2026-05-14 21:20,,,контейнера,33.0,33 шт.,,,,,контейнера,169.0,169 шт.,,,2026-05-16 10:50,2026-09-10_1524_
GC Berkut,1,2026-05-13 09:50,2026-05-15 15:10,,,в балласте,,,,3.0,2026-05-16 06:40,2026-05-17 12:45,контейнера,177.0,177 шт,350.0,3.8,2026-05-17 14:20,2026-09-10_1524_
Волго-дон-235,23,2026-05-12 22:55,2026-05-15 18:50,,,,,,,,,,ячмень,,,,,2026-05-17 19:35,2026-09-10_1524_
Расул Рза,22,2026-05-16 13:10,2026-05-16 17:45,,,ген.груз,,,,,,,контейнера,,,,,2026-05-17 19:45,2026-09-10_1524_
Кангалассы,22,2026-05-19 03:30,2026-05-19 04:55,,,контейнера,45.0,45 шт,,,,,контейнера,64.0,64 шт,,,2026-05-19 18:20,2026-09-10_1524_
GC Barys,3,2026-05-19 11:30,2026-05-19 12:10,2026-05-19 16:10,2026-05-19 18:30,контейнера,34.0,34 шт.,66.0,3.3,2026-05-19 18:30,2026-05-20 23:10,контейнера,183.0,183 шт.,350.0,3.8,2026-05-21 03:10,2026-09-10_1524_
Нардис,2,2026-05-14 06:00,2026-05-15 20:00,,,,,,,,,,жмых,3010.0,3010 тн,,,2026-05-21 06:20,2026-09-10_1524_
GC Sunkar,22,2026-05-20 07:50,2026-05-20 09:10,,,,,,,,2026-05-20 10:55,2026-05-21 03:40,контейнера,162.0,162 шт.,324.0,3.6,2026-05-21 09:25,2026-09-10_1524_
Туркестан,1,2026-05-19 10:10,2026-05-19 11:35,2026-05-19 13:40,2026-05-20 02:40,контейнера,90.0,90 шт.,164.0,3.6,2026-05-20 06:00,2026-05-21 04:20,контейнера,153.0,153 шт,190.0,4.2,2026-05-21 11:25,2026-09-10_1524_
Николай Анищенков,22,2026-05-19 07:30,2026-05-19 09:20,,,,,,,,,2026-05-21 05:20,ячмень,6000.0,6000 тн,,,2026-05-21 18:50,2026-09-10_1524_
Ситка,23,2026-05-20 16:45,2026-05-21 10:45,,,,,,,,,,ячмень,5400.0,5400 тн,,,2026-05-23 20:00,2026-09-10_1524_
Бекет-Ата,1,2026-05-22 01:30,2026-05-22 02:30,2026-05-22 03:45,2026-05-22 14:50,контейнера,148.0,148 шт.,180.0,4.0,2026-05-22 14:50,2026-05-23 17:50,контейнера,143.0,143 шт.,200.0,3.8,2026-05-23 22:25,2026-09-10_1524_
GC Berkut,2,2026-05-22 23:30,2026-05-23 00:40,,,в балласте,,,,3.0,2026-05-23 02:45,2026-05-24 03:15,контейнера,168.0,168 шт.,322.0,3.9,2026-05-24 06:00,2026-09-10_1524_
Мелорин,23,2026-05-20 14:40,2026-05-21 21:55,,,ген.грузы,2950.0,2950 тн,,,,,ячмень,3000.0,3000 тн,,,2026-05-24 22:35,2026-09-10_1524_
Натаван,22,2026-05-22 02:00,2026-05-23 22:00,,,контейнера,,,,,,,контейнера,169.0,169 шт,,,2026-05-25 12:40,2026-09-10_1524_
GC Barys,22,2026-05-24 22:00,2026-05-25 16:30,,,в балласте,,,,3.2,2026-05-25 18:35,2026-05-26 15:35,контейнера,154.0,154 шт.,308.0,3.8,2026-05-26 18:00,2026-09-10_1524_
Расул Рза,1,2026-05-24 08:20,2026-05-24 09:15,,,контейнера,98.0,98 шт,,,,,контейнера,146.0,146 шт,,,2026-05-26 18:20,2026-09-10_1524_
Дорита,23,2026-05-21 14:40,2026-05-24 10:25,,,ген.грузы,,,,,,,ячмень,1900.0,1900 тн,,,2026-05-26 19:35,2026-09-10_1524_
Каспиан Кимия,6,2026-05-24 06:00,2026-05-24 07:20,,,в балласте,,,,,,,зерно,2850.0,2850 тн,,,2026-05-26 22:55,2026-09-10_1524_
GC Sunkar,2,2026-05-25 14:30,2026-05-25 16:10,2026-05-25 19:05,2026-05-25 22:30,контейнера,31.0,31 шт.,60.0,3.0,2026-05-25 22:30,2026-05-27 00:20,контейнера,174.0,174 шт.,330.0,3.6,2026-05-27 23:45,2026-09-10_1524_
Сарина,1,2026-05-25 09:45,2026-05-25 14:45,,,ген.грузы,,,,,,,,,,,,2026-05-28 14:15,2026-09-10_1524_
Пано-1,23,2026-05-23 23:30,2026-05-26 21:10,,,,,,,,,,ячмень,2800.0,2800,,,2026-05-28 22:35,2026-09-10_1524_
Наргол,6,2026-05-25 23:00,2026-05-28 06:55,,,,,,,,,,,,,,,2026-05-31 01:05,2026-09-10_1524_
Туркестан,1,2026-05-28 00:10,2026-05-28 15:05,2026-05-28 18:15,2026-05-29 07:20,контейнера,138.0,138 шт.,188.0,3.9,2026-05-29 09:40,2026-05-31 03:30,контейнера,121.0,121 шт.,189.0,3.7,2026-05-31 05:40,2026-09-10_1524_
Бекет-Ата,1,2026-05-29 05:20,2026-05-29 06:20,2026-05-29 09:20,2026-05-30 10:00,контейнера,135.0,135 шт.,148.0,3.6,2026-05-30 10:00,2026-05-31 13:50,контейнера,115.0,115 шт.,190.0,3.4,2026-05-31 15:50,2026-09-10_1524_
Сарир,23,2026-05-27 08:00,2026-05-28 23:55,,,,,,,,,,ячмень,6325.0,6325,,,2026-06-01 17:30,2026-09-10_1524_
Адрина,2,2026-05-29 15:00,2026-05-29 15:55,,,,,,,,,,зерно/контейнера,1540.0,1540 тн / 6 шт,,,2026-06-01 22:40,2026-09-10_1524_
Натаван,22,2026-06-01 05:30,2026-06-01 06:15,,,контейнера,32.0,32 шт,,,2026-06-01 09:00,2026-06-02 01:50,контейнера,147.0,147 шт,,,2026-06-02 04:10,2026-09-10_1524_
GC Berkut,22,2026-06-01 07:20,2026-06-02 05:00,,,в балласте,,,,2.8,2026-06-02 06:25,2026-06-03 05:50,контейнера,171.0,171 шт.,310.0,3.85,2026-06-03 10:30,2026-09-10_1524_
Расул Рза,1,2026-06-01 14:20,2026-06-01 15:25,2026-06-01 17:00,2026-06-02 03:10,контейнера,90.0,90 шт,,,2026-06-02 03:10,2026-05-03 11:15,контейнера,145.0,145 шт,,,2026-06-03 14:40,2026-09-10_1524_
Пайя,6,2026-06-01 19:30,2026-06-01 21:00,,,,,,,,,,зерно,,,,,2026-06-04 04:00,2026-09-10_1524_
GC Barys,3,2026-06-01 22:30,2026-06-02 00:45,2026-06-02 02:35,2026-06-03 03:20,контейнера,147.0,147 шт.,203.0,3.9,2026-06-03 03:20,2026-06-04 14:50,контейнера,171.0,171 шт,326.0,3.7,2026-06-04 17:05,2026-09-10_1524_
Сабрина,2,2026-06-01 20:20,2026-06-02 02:05,,,в балласте,,,,,,,жмых,1890.0,1890 тн,,,2026-06-05 02:00,2026-09-10_1524_
GC Sunkar,1,2026-06-02 00:15,2026-06-03 15:20,,,в балласте,,,,2.8,2026-06-03 18:20,2026-06-05 01:00,контейнера,164.0,164 шт,324.0,3.8,2026-06-05 03:35,2026-09-10_1524_
Сомия,22,2026-05-28 11:00,2026-06-01 23:50,,,,,,,,,,ячмень,5600.0,5600 тн,,,2026-06-06 01:20,2026-09-10_1524_
Шали,23,2026-06-05 09:40,2026-06-05 23:20,,,,,,,,,,ячмень,3000.0,3000 тн,,,2026-06-07 16:20,2026-09-10_1524_
Бора,22,2026-06-07 07:00,2026-06-07 07:50,,,,,,,,,,,,,,,2026-06-07 22:00,2026-09-10_1524_
Туркестан,1,2026-06-06 13:00,2026-06-06 13:45,2026-06-06 17:30,2026-06-07 07:00,контейнера,128.0,128 шт.,176.0,4.1,2026-06-07 09:10,2026-06-08 06:20,контейнера,124.0,124 шт.,188.0,4.0,2026-06-08 09:30,2026-09-10_1524_
Сарина,3,2026-06-08 00:20,2026-06-08 21:20,,,в балласте,,,,,,,контейнера,72.0,72 шт.,,,2026-06-10 11:45,2026-09-10_1524_
Дорита,6,2026-06-07 00:00,2026-06-07 01:25,,,ген.грузы,,,,,,,ячмень,1800.0,1800 тн.,,,2026-06-10 15:45,2026-09-10_1524_
Бекет-Ата,1,2026-06-08 22:30,2026-06-08 23:45,2026-06-09 02:00,2026-06-09 19:00,контейнера,87.0,87 шт.,129.0,3.4,2026-06-09 19:00,2026-06-10 15:00,контейнера,112.0,112 шт.,185.0,3.7,2026-06-10 16:35,2026-09-10_1524_
Натаван,22,2026-06-10 13:00,2026-06-10 14:00,,,контейнера,32.0,32 шт,,,,,контейнера,179.0,179 шт,,,2026-06-11 14:45,2026-09-10_1524_
Наргун,3,2026-06-11 02:30,2026-06-11 03:35,,,,,,,,,,контейнера,33.0,33 шт,,,2026-06-12 00:30,2026-09-10_1524_
Расул Рза,1,2026-06-10 18:40,2026-06-10 19:40,2026-06-10 22:00,2026-06-11 10:35,контейнера,137.0,137 шт,,4.0,2026-06-11 10:50,2026-06-12 07:30,контейнера,158.0,158 шт,,,2026-06-12 11:50,2026-09-10_1524_
Бора,22,2026-06-12 07:30,2026-06-12 09:25,,,контейнера,50.0,50 шт.,,,,,контейнера,50.0,50 шт.,,,2026-06-12 21:20,2026-09-10_1524_
GC Berkut,2,2026-06-11 15:10,2026-06-11 17:50,,,в балласте,,,,3.0,2026-06-11 21:40,2026-06-13 04:20,контейнера,177.0,177 шт,352.0,3.8,2026-06-13 06:30,2026-09-10_1524_
GC Barys,1,2026-06-11 17:40,2026-06-12 13:05,,,в балласте,,,,3.2,2026-06-12 18:00,2026-06-14 12:00,контейнера,175.0,175 шт,350.0,3.8,2026-06-14 14:30,2026-09-10_1524_
GC Sunkar,2,2026-06-13 13:00,2026-06-13 14:15,2026-06-13 21:30,2026-06-14 10:50,контейнера,134.0,134 шт.,191.0,3.6,2026-06-14 10:50,2026-06-15 12:50,контейнера,175.0,175 шт.,350.0,3.7,2026-06-15 15:25,2026-09-10_1524_
Сарир,22,2026-06-12 07:00,2026-06-12 15:00,,,,,,,,,,зерно/контейнера,5600.0,5600 т.,,,2026-06-15 20:00,2026-09-10_1524_
Касма,3,2026-06-01 05:00,2026-06-05 12:00,,,ген.грузы,2737.0,2737 тн,,,,,зерно,2800.0,2800 тн.,,,2026-06-15 22:20,2026-09-10_1524_
Туркестан,1,2026-06-14 17:00,2026-06-14 18:15,2026-06-14 21:00,2026-06-15 06:00,контейнера,108.0,108 шт.,172.0,3.4,2026-06-15 06:00,2026-06-16 06:45,контейнера,105.0,105 шт,174.0,3.8,2026-06-16 09:15,2026-09-10_1524_
Гахраман-1,6,2026-06-08 01:40,2026-06-12 11:00,,,контейнера / генгруз,,,,,,,шрот,1150.0,1150 т.,,,2026-06-16 18:45,2026-09-10_1524_
Каспиан Ариана,6,2026-06-14 07:25,2026-06-16 00:25,,,,,,,,,,зерно,2960.0,2960 тн,,,2026-06-17 21:45,2026-09-10_1524_
Натаван,22,2026-06-17 05:00,2026-06-17 07:00,,,,,,,,,,контейнера,122.0,122 шт,,,2026-06-18 17:20,2026-09-10_1524_
Сабрина,2,2026-06-14 12:50,2026-06-15 23:45,,,,,,,,,,жмых,2200.0,2200 тн,,,2026-06-18 22:30,2026-09-10_1524_
Бекет-Ата,1,2026-06-17 03:50,2026-06-17 04:50,2026-06-17 06:50,2026-06-17 22:45,контейнера,164.0,164 шт.,189.0,4.1,2026-06-17 22:45,2026-06-18 23:40,контейнера,121.0,121 шт.,190.0,3.7,2026-06-19 02:20,2026-09-10_1524_
Расул Рза,3,2026-06-17 15:00,2026-06-17 16:10,,,контейнар,117.0,117 шт,,,,,контейнера,132.0,132 шт,,,2026-06-19 07:50,2026-09-10_1524_
GC Berkut,22,2026-06-18 12:30,2026-06-18 13:30,,,балласт,,,,3.2,2026-06-18 17:15,2026-06-19 16:40,контейнера,174.0,174 шт.,348.0,3.75,2026-06-19 19:15,2026-09-10_1524_
Бора,22,2026-06-19 06:00,2026-06-19 07:25,,,контейнера,50.0,50 шт,,,,,контейнера,50.0,50 шт,,,2026-06-20 09:00,2026-09-10_1524_
GC Barys,2,2026-06-18 16:15,2026-06-19 09:10,,,балласт,,,,3.0,2026-06-19 14:00,2026-06-20 12:05,контейнера,155.0,155 шт,310.0,3.8,2026-06-20 14:35,2026-09-10_1524_
Пано-03,6,2026-06-18 02:00,2026-06-18 06:10,,,,,,,,,,зерно,2780.0,2780 тн,,,2026-06-20 19:10,2026-09-10_1524_
GC Sunkar,1,2026-06-19 12:30,2026-06-19 13:50,,,балласт,,,,2.8,2026-06-19 16:10,2026-06-21 01:35,контейнера,172.0,172 шт,338.0,3.8,2026-06-21 04:05,2026-09-10_1524_
Сарина,22,2026-06-17 15:20,2026-06-20 16:15,,,,,,,,,,жмых,833.0,833 т.,,,2026-06-24 13:50,2026-09-10_1524_
Патрис,22,2026-06-18 04:50,2026-06-19 21:55,,,ген.груз,617.0,617 т.,,,,,рапс,3300.0,3300 т.,,,2026-06-24 21:30,2026-09-10_1524_
Натаван,22,2026-06-24 11:45,2026-06-24 14:40,,,контейнера,140.0,140 шт.,,,2026-06-24 23:40,2026-06-25 19:00,контейнера,158.0,158 шт.,,,2026-06-25 22:45,2026-09-10_1524_
Туркестан,1,2026-06-24 08:00,2026-06-24 08:50,2026-06-24 13:30,2026-06-25 03:00,контейнера,153.0,153 шт.,199.0,3.95,2026-06-25 03:00,2026-06-25 19:25,контейнера,142.0,142 шт,191.0,4.15,2026-06-25 23:10,2026-09-10_1524_
Пано-02,23,2026-06-22 21:00,2026-06-23 15:25,,,,,,,,,,ячмень,1970.0,1970 тн,,,2026-06-26 19:00,2026-09-10_1524_
Бора,22,2026-06-25 06:00,2026-06-26 07:35,,,контейнера,,,,,,,контейнера,50.0,50 шт,,,2026-06-27 01:30,2026-09-10_1524_
Бекет-Ата,1,2026-06-26 08:30,2026-06-26 09:45,2026-06-26 11:50,2026-06-26 19:30,контейнера,109.0,109 шт.,149.0,3.3,2026-06-26 21:20,2026-06-27 15:00,контейнера,100.0,100 шт,180.0,3.8,2026-06-27 16:40,2026-09-10_1524_
Флестина 2,22,2026-06-24 13:00,2026-06-24 15:45,,,ген груз,1089.0,1089 т.,,,,,кокс / оборудование,1500.0,1500 т.,,,2026-06-27 18:10,2026-09-10_1524_
Мир,22,2026-06-12 01:20,2026-06-20 14:00,,,ген.груз,920.0,920 т.,,,,,рапс / контейнера,2900.0,2900 тн / 2 шт,,,2026-06-27 18:25,2026-09-10_1524_
Адрина,6,2026-06-25 15:15,2026-06-25 16:05,,,,,,,,,,шрот,1214.0,1214 тн,,,2026-06-27 20:30,2026-09-10_1524_
Раян,2,2026-06-24 13:30,2026-06-26 21:45,,,балласт,,,,,,,балласт,,,,,2026-06-28 01:05,2026-09-10_1524_
GC Sunkar,22,2026-06-27 18:00,2026-06-27 19:00,,,в балласте,,,,2.8,2026-06-28 00:25,2026-06-28 23:25,контейнера,171.0,171 шт.,340.0,3.8,2026-06-29 02:55,2026-09-10_1524_
Линда,3,2026-06-27 07:00,2026-06-27 07:50,,,,,,,,,,кокс,1500.0,1500 тн,,,2026-06-29 11:30,2026-09-10_1524_
Расул Рза,1,2026-06-27 16:30,2026-06-27 17:35,2026-06-27 21:45,2026-06-28 23:25,контейнера,162.0,162 шт.,,,2026-06-28 23:25,2026-06-30 12:15,контейнера,158.0,158 шт.,,4.3,2026-06-30 17:45,2026-09-10_1524_
GC Barys,22,2026-06-28 18:20,2026-06-29 04:20,,,в балласте,,,,3.1,2026-06-29 17:40,2026-06-30 16:30,контейнера,162.0,162 шт.,324.0,3.8,2026-07-01 23:15,2026-09-10_1524_
GC Berkut,2,2026-06-28 05:00,2026-06-28 06:15,2026-06-28 10:00,2026-06-29 10:30,контейнера,119.0,119 шт,153.0,3.4,2026-06-29 22:10,2026-07-02 02:20,контейнера,162.0,162 шт.,268.0,3.4,2026-07-02 08:00,2026-09-10_1524_
Кангалассы,22,2026-07-02 03:00,2026-07-02 04:00,,,контейнера,44.0,44 шт,,,,,контейнера,64.0,64 шт.,,,2026-07-02 23:15,2026-09-10_1524_
Бегей,3,2026-07-02 08:30,2026-07-02 09:35,,,балласт,,,,,,,кокс,1722.0,1722 т.,,,2026-07-03 23:00,2026-09-10_1524_
Натаван,22,2026-07-02 13:30,2026-07-03 00:10,,,,,,,,,,контейнера,143.0,143 шт,,,2026-07-04 02:15,2026-09-10_1524_
Бекет-Ата,2,2026-07-02 12:00,2026-07-02 13:05,2026-07-02 15:00,2026-07-03 07:00,контейнера,50.0,50 шт.,66.0,3.3,2026-07-03 07:00,2026-07-04 03:10,контейнера,118.0,118 шт.,190.0,3.7,2026-07-04 04:50,2026-09-10_1524_
Туркестан,1,2026-07-02 12:00,2026-07-02 13:35,2026-07-02 17:10,2026-07-03 14:40,контейнера,96.0,96 шт,148.0,3.7,2026-07-03 14:40,2026-07-04 10:30,контейнера,121.0,121 шт,181.0,3.82,2026-07-04 12:45,2026-09-10_1524_
GC Sunkar,22,2026-07-03 06:45,2026-07-04 06:15,,,в балласте,,,,2.8,2026-07-04 09:45,2026-07-05 02:40,контейнера,155.0,155 шт,310.0,,2026-07-05 05:45,2026-09-10_1524_
Сарир,2,2026-06-24 22:40,2026-06-30 18:50,,,,,,,,,,рапс / сталь рулон.,1800.0,1800тн / 3040тн,,,2026-07-06 03:00,2026-09-10_1524_
Касра 1,22,2026-07-02 12:25,2026-07-04 04:05,,,,,,,,,,рапс,1500.0,1500 тн,,,2026-07-07 00:30,2026-09-10_1524_
GC Barys,1,2026-07-05 18:30,2026-07-05 19:35,,,балласт,,,,3.1,2026-07-05 22:40,2026-07-07 03:10,контейнера,173.0,173 шт,346.0,3.8,2026-07-07 07:35,2026-09-10_1524_
Кангаласы,22,2026-07-08 14:00,2026-07-08 15:05,,,контейнера,44.0,44 шт,,,,,контейнера,57.0,57 шт,,,2026-07-09 09:25,2026-09-10_1524_
GC Berkut,2,2026-07-08 03:00,2026-07-08 04:30,2026-07-08 07:05,2026-07-08 12:20,контейнера,61.0,61 шт,113.0,3.1,2026-07-08 14:50,2026-07-10 06:40,контейнера,148.0,148 шт.,296.0,3.6,2026-07-10 16:05,2026-09-10_1524_
Расул Рза,1,2026-07-07 09:45,2026-07-07 10:45,,,контейнера,136.0,136 шт,,,,,контейнера,147.0,147 шт,,,2026-07-10 18:00,2026-09-10_1524_
GC Berkut,3,2026-07-10 17:30,2026-07-12 00:30,,,,,,,,,,контейнера,148.0,148 шт.,296.0,3.6,2026-07-12 16:50,2026-09-10_1524_
Виана,22,2026-07-07 09:30,2026-07-07 11:50,,,,,,,,,,рапс,3100.0,3100 тн,,,2026-07-12 20:00,2026-09-10_1524_
Натаван,22,2026-07-10 18:45,2026-07-11 22:05,,,контейнера,91.0,91 шт.,,,,,контейнера,168.0,168 шт.,,,2026-07-13 04:05,2026-09-10_1524_
Туркестан,2,2026-07-10 22:30,2026-07-11 21:35,2026-07-12 02:00,2026-07-12 11:10,контейнера,64.0,64 шт.,93.0,3.4,2026-07-12 11:10,2026-07-13 19:20,контейнера,140.0,140 шт,200.0,4.1,2026-07-13 22:20,2026-09-10_1524_
Кангалассы,22,2026-07-13 08:30,2026-07-13 09:40,,,контейнера,46.0,46 шт,,,,,контейнера,42.0,42 шт,,,2026-07-14 00:45,2026-09-10_1524_
Бекет-Ата,1,2026-07-10 22:00,2026-07-11 21:10,2026-07-12 00:00,2026-07-12 22:00,контейнера,101.0,101 шт.,125.0,3.3,2026-07-12 22:00,2026-07-14 06:40,контейнера,159.0,159 шт.,217.0,4.35,2026-07-15 17:25,2026-09-10_1524_
Сабрина,2,2026-07-10 11:30,2026-07-14 00:10,,,,,,,,,,контейнера,76.0,76 шт,,,2026-07-15 19:35,2026-09-10_1524_
GC Sunkar,22,2026-07-11 21:50,2026-07-14 01:15,,,балласт,,,,2.8,2026-07-14 03:50,2026-07-15 15:10,контейнера,170.0,170 шт,324.0,3.9,2026-07-15 21:25,2026-09-10_1524_
Линда,22,2026-07-13 15:00,2026-07-16 16:35,,,,,,,,,,,,,,,2026-07-17 17:50,2026-09-10_1524_
GC Barys,2,2026-07-13 22:50,2026-07-15 20:20,2026-07-16 02:00,2026-07-16 11:25,контейнера,134.0,134 шт,201.0,3.6,2026-07-16 12:05,2026-07-18 02:50,контейнера,169.0,169 шт,338.0,3.8,2026-07-18 08:30,2026-09-10_1524_
Нардис,22,2026-07-10 23:00,2026-07-12 22:50,,,ген.грузы,800.0,800 тн,,,,,рапс,3000.0,3000 тн,,,2026-07-19 02:30,2026-09-10_1524_
Сарир,2,2026-07-14 20:30,2026-07-17 17:20,,,балласт,,,,,,,контейнера,96.0,96 шт.,,,2026-07-19 10:50,2026-09-10_1524_
Андрина,22,2026-07-13 21:45,2026-07-17 19:10,,,балласт,,,,,,,автомашины,50.0,50 ед.,,,2026-07-19 12:35,2026-09-10_1524_
Натаван,22,2026-07-18 09:00,2026-07-19 03:20,,,,,,,,,,,,,,,2026-07-20 13:05,2026-09-10_1524_
GC Berkut,2,2026-07-18 11:00,2026-07-18 12:30,,,балласт,,,,2.9,2026-07-18 14:50,2026-07-20 12:00,контейнера,170.0,170 шт,340.0,3.8,2026-07-20 17:55,2026-09-10_1524_
Паранд,23,2026-07-18 00:30,2026-07-19 14:00,,,,,,,,,,зерно,,,,,2026-07-21 16:45,2026-09-10_1524_
Бора,2,2026-07-11 10:00,2026-07-15 20:50,,,генгруз,2137.0,2137 т,,,,,шрот,1700.0,1700 т.,,,2026-07-21 22:40,2026-09-10_1524_
Кангаласы,22,2026-07-22 11:00,2026-07-22 14:30,,,,,,,,,,,,,,,2026-07-23 02:35,2026-09-10_1524_
Сарина,22,2026-07-15 08:30,2026-07-20 14:15,,,,,,,,,,рапс,1884.0,1884т.,,,2026-07-25 00:25,2026-09-10_1524_
Туркестан,2,2026-07-22 05:00,2026-07-22 06:25,2026-07-22 09:30,2026-07-23 02:10,контейнера,127.0,127 шт.,168.0,3.4,2026-07-23 23:50,2026-07-24 23:30,контейнера,99.0,99 шт.,176.0,3.5,2026-07-25 01:10,2026-09-10_1524_
Расул Рза,1,2026-07-23 21:00,2026-07-24 00:45,,,контейнера,8.0,8 шт.,,,,,контейнера,82.0,82 шт.,,,2026-07-26 08:00,2026-09-10_1524_
Касма,22,2026-07-24 09:30,2026-07-24 11:20,,,,,,,,,,зерно,2600.0,2600 тн,,,2026-07-26 12:10,2026-09-10_1524_
Сабрина,3,2026-07-23 11:30,2026-07-25 19:20,,,контейнера,48.0,48 шт.,,,,,контейнера,49.0,49 шт.,,,2026-07-27 12:50,2026-09-10_1524_
GC Sunkar,22,2026-07-26 12:40,2026-07-26 13:30,,,в балласте,,,,2.9,2026-07-26 15:40,2026-07-27 17:50,контейнера,175.0,175 шт.,350.0,3.8,2026-07-27 19:40,2026-09-10_1524_
Парин,2,2026-07-19 18:15,2026-07-24 00:00,,,,,,,,,,сталь в рулонах,4987.0,4987 т.,,,2026-07-28 09:30,2026-09-10_1524_
Натаван,1,2026-07-25 19:00,2026-07-26 16:00,,,балласт,,,,,,,контейнера,152.0,152 шт.,,,2026-07-28 16:15,2026-09-10_1524_
Кангалассы,22,2026-07-27 07:20,2026-07-28 10:30,,,контейнера,44.0,44 шт,,,,,контейнера,23.0,23 шт,,,2026-07-29 01:35,2026-09-10_1524_
Бекет-Ата,2,2026-07-26 02:20,2026-07-27 14:10,2026-07-28 10:00,2026-07-28 21:45,контейнера,130.0,130 шт.,188.0,3.5,2026-07-28 21:45,2026-07-29 14:25,контейнера,86.0,86 шт.,172.0,3.8,2026-07-29 16:20,2026-09-10_1524_
Виана,22,2026-07-24 17:40,2026-07-25 03:40,,,,,,,,,,рапс,2732.0,2732 тн,,,2026-07-29 18:20,2026-09-10_1524_
Тарадис,2,2026-07-27 03:20,2026-07-27 12:15,,,,,,,,,,ячмень,3400.0,3400 тн,,,2026-07-29 23:30,2026-09-10_1524_
Виана,22,2026-07-24 17:40,2026-07-25 03:40,,,,,,,,,,рапс,2732.0,2732 тн,,,2026-07-30 05:00,2026-09-10_1524_
GC Barys,1,2026-07-26 09:15,2026-07-28 17:40,2026-07-28 21:20,2026-07-29 06:40,контейнера,117.0,117 шт,149.0,3.6,2026-07-29 07:10,2026-07-31 15:20,контейнера,158.0,158 шт.,316.0,3.8,2026-07-31 18:30,2026-09-10_1524_
Касра 1,23,2026-07-26 02:30,2026-07-29 11:40,,,,,,,,,,ячмень,1750.0,1750 тн,,,2026-07-31 20:40,2026-09-10_1524_
Анна,11,2026-07-30 16:40,2026-07-31 06:55,,,диз.топливо,5100.0,5100 тн,,,,,,,,,,2026-08-01 15:20,2026-09-10_1524_
Адрина,22,2026-07-31 16:30,2026-07-31 21:45,,,балласт,,,,,,,оборуд.+ контейнера,30.0,30м / 9 шт.,,,2026-08-01 17:10,2026-09-10_1524_
GC Berkut,2,2026-07-27 01:30,2026-07-28 19:25,2026-07-29 01:50,2026-07-31 01:50,контейнера,168.0,168 шт,196.0,3.9,2026-07-31 02:45,2026-08-01 12:20,контейнера,148.0,148 шт.,296.0,3.6,2026-08-01 17:35,2026-09-10_1524_
Туркестан,1,2026-07-31 06:20,2026-07-31 07:50,2026-07-31 22:30,2026-08-01 11:00,контейнера,59.0,59 шт.,117.0,3.4,2026-08-01 12:00,2026-08-02 06:40,контейнера,112.0,112 шт.,184.0,3.7,2026-08-02 11:00,2026-09-10_1524_
Петротранс-5905,2,2026-08-02 02:00,2026-08-02 09:15,,,,,,,,,,,,,,,2026-08-02 22:00,2026-09-10_1524_
Расул Рза,22,2026-08-03 00:10,2026-08-03 01:05,,,контейнера,116.0,116 шт.,,,,,контейнера,170.0,170 шт.,,,2026-08-03 14:00,2026-09-10_1524_
Кангалассы,22,2026-08-03 03:05,2026-08-03 04:25,,,контейнера,46.0,46 шт.,,,,,контейнера,47.0,47 шт.,,,2026-08-03 22:00,2026-09-10_1524_
Сарина,1,2026-08-04 02:00,2026-08-04 03:15,,,балласт,,,,,,,контейнера,56.0,56 шт.,,,2026-08-05 01:25,2026-09-10_1524_
GC Sunkar,22,2026-08-02 21:20,2026-08-02 23:00,2026-08-03 01:55,2026-08-03 07:30,контейнера,96.0,96 шт.,166.0,2.8,2026-08-03 09:30,2026-08-05 02:45,контейнера,164.0,164 шт,324.0,3.8,2026-08-05 05:10,2026-09-10_1524_
Натаван,22,2026-08-03 18:00,2026-08-03 21:50,2026-08-03 23:50,2026-08-04 11:00,контейнера,112.0,112 шт.,,,,,контейнера,90.0,90 шт,,,2026-08-05 17:55,2026-09-10_1524_
Бекет-Ата,2,2026-08-04 12:00,2026-08-04 13:10,2026-08-04 16:00,2026-08-05 04:10,контейнера,84.0,84 шт,96.0,3.8,2026-08-05 05:20,2026-08-06 10:10,контейнера,131.0,131 шт,197.0,3.8,2026-08-06 12:05,2026-09-10_1524_
GC Barys,1,2026-08-04 18:50,2026-08-05 02:10,,,в балласте,,,,3.1,2026-08-05 14:00,2026-08-06 19:00,контейнера,157.0,157 шт,312.0,3.8,2026-08-06 22:30,2026-09-10_1524_
Астрол-6,6,2026-08-05 23:20,2026-08-06 11:25,,,,,,,,,,,,,,,2026-08-07 00:45,2026-09-10_1524_
GC Berkut,2,2026-08-06 04:00,2026-08-06 13:20,,,в балласте,,,,2.9,2026-08-06 21:20,2026-08-07 15:50,контейнера,158.0,158 шт,250.0,3.6,2026-08-07 19:35,2026-09-10_1524_
БМ Флот-3,3,2026-08-05 16:30,2026-08-05 17:30,,,,,,,,,,масло рапсовое,3300.0,3300 тн,,,2026-08-08 19:30,2026-09-10_1524_
Паранд,6,2026-08-05 09:00,2026-08-05 19:35,,,ген груз.,3506.0,3506 тн,,,,,зерно,4700.0,4700 тн,,,2026-08-09 16:30,2026-09-10_1524_
Туркестан,1,2026-08-07 22:30,2026-08-08 00:00,2026-08-08 02:00,2026-08-08 10:45,контейнера,128.0,128 шт,162.0,3.8,2026-08-08 10:45,2026-08-09 15:00,контейнера,153.0,153 шт,205.0,4.25,2026-08-09 17:00,2026-09-10_1524_
Расул Рза,2,2026-08-08 20:00,2026-08-08 21:30,,,контейнера,,,,,,,контейнера,158.0,158 шт,,,2026-08-10 14:50,2026-09-10_1524_
Кангалассы,22,2026-08-10 04:03,2026-08-10 05:40,,,контейнера,,,,,,,контейнера,,,,,2026-08-10 20:05,2026-09-10_1524_
Наргол,22,2026-08-07 11:45,2026-08-09 22:25,,,ген грузы,154.0,154 тн,,,,,контейнера / авто,30.0,30 шт / 20 шт,,,2026-08-10 22:25,2026-09-10_1524_
Дорита,22,2026-08-03 15:35,2026-08-07 11:40,,,авто / контейнера,520.0,520 т.,,,,,шрот / рапс,1500.0,1500 т.,,,2026-08-11 13:30,2026-09-10_1524_
Тарадис,6,2026-08-09 10:30,2026-08-09 18:05,,,,,,,,,,зерно,3400.0,3400 тн,,,2026-08-11 18:55,2026-09-10_1524_
Натаван,22,2026-08-09 20:40,2026-08-11 01:00,,,контейнера,100.0,100 шт.,,,,,контейнера,171.0,171 шт.,,,2026-08-12 16:50,2026-09-10_1524_
GC Sunkar,2,2026-08-09 12:20,2026-08-09 18:35,,,в балласте,,,,3.1,2026-08-10 23:00,2026-08-12 17:55,контейнера,164.0,164 шт,328.0,3.8,2026-08-12 19:40,2026-09-10_1524_
GC Barys,2,2026-08-10 22:30,2026-08-11 00:40,,,в балласте,,,,3.1,2026-08-11 13:40,2026-08-13 11:05,контейнера,172.0,172 шт,344.0,3.8,2026-08-13 14:55,2026-09-10_1524_
Бекет-Ата,2,2026-08-11 07:20,2026-08-12 21:00,2026-08-12 23:50,2026-08-13 09:50,контейнера,110.0,110 шт,120.0,3.8,2026-08-13 10:20,2026-08-14 07:40,контейнера,147.0,147 шт,209.0,3.8,2026-08-14 10:25,2026-09-10_1524_
Патрис,6,2026-08-10 10:00,2026-08-12 18:00,,,,,,,,,,зерно,2850.0,2850 тн,,,2026-08-14 12:00,2026-09-10_1524_
Раян,23,2026-08-11 07:30,2026-08-12 19:05,,,,,,,,,,зерно,5100.0,5100 тн,,,2026-08-14 16:10,2026-09-10_1524_
Сания,1,2026-08-11 14:40,2026-08-13 16:40,,,,,,,,,,контейнера,102.0,102 шт,,,2026-08-15 00:40,2026-09-10_1524_
Касма,6,2026-08-10 10:10,2026-08-14 13:20,,,,,,,,,,зерно,2850.0,2850 тн,,,2026-08-15 23:15,2026-09-10_1524_
GC Berkut,22,2026-08-13 00:55,2026-08-14 11:25,2026-08-14 13:40,2026-08-14 15:25,контейнера,35.0,35 шт,70.0,2.9,2026-08-14 19:25,2026-08-16 00:00,контейнера,154.0,154 шт,308.0,3.75,2026-08-16 03:45,2026-09-10_1524_
Сарина,1,2026-08-13 18:50,2026-08-15 01:50,,,балласт,,,,,,,контейнера,48.0,48 шт.,,,2026-08-16 13:15,2026-09-10_1524_
Туркестан,2,2026-08-14 18:20,2026-08-14 19:50,2026-08-14 22:40,2026-08-15 10:40,контейнера,123.0,123 шт.,160.0,3.7,2026-08-15 10:40,2026-08-16 18:30,контейнера,127.0,127 шт.,194.0,3.75,2026-08-16 20:15,2026-09-10_1524_
Гусейн Джавид,2,2026-08-13 10:00,2026-08-16 21:15,,,контейнера,,,,,,,контейнера,,,,,2026-08-17 14:40,2026-09-10_1524_
Расул Рза,2,2026-08-15 10:30,2026-08-17 15:25,,,контейнера,28.0,28 шт,,,,,контейнера,140.0,140 шт,,,2026-08-18 19:45,2026-09-10_1524_
GC Sunkar,22,2026-08-17 08:00,2026-08-17 12:45,,,балласт,,,,2.7,2026-08-17 22:10,2026-08-18 19:30,контейнера,166.0,166 шт,332.0,3.8,2026-08-18 22:10,2026-09-10_1524_
Волготранс-2702,3,2026-08-15 23:00,2026-08-16 16:05,,,балласт,,,,,,,масло рапсовое,5040.0,5040 тн,,,2026-08-19 12:10,2026-09-10_1524_
Натаван,22,2026-08-18 13:00,2026-08-18 23:00,,,балласт,,,,,,,контейнера,170.0,170 шт,,,2026-08-20 07:50,2026-09-10_1524_
Гита,22,2026-08-09 06:25,2026-08-12 22:20,,,ген грузы,2700.0,2700 тн,,,,,ячмень,2700.0,2700 т.,,,2026-08-20 21:10,2026-09-10_1524_
GC Barys,2,2026-08-20 09:00,2026-08-20 10:40,,,балласт,,,,,2026-08-20 12:15,2026-08-21 12:20,контейнера,147.0,147 шт,265.0,3.8,2026-08-21 22:10,2026-09-10_1524_
Парин,22,2026-08-07 02:00,2026-08-16 14:30,,,контейнера,13.0,13 шт,,,,,сталь / авто,4990.0,4990 тн,,,2026-08-22 01:00,2026-09-10_1524_
Бора,22,2026-08-19 09:10,2026-08-21 10:20,,,ген.груз,1157.779,"1157,779 т.",,,,,,,,,,2026-08-22 15:30,2026-09-10_1524_
Бекет-Ата,2,2026-08-20 21:00,2026-08-20 22:00,2026-08-21 01:50,2026-08-21 23:15,контейнера,126.0,126 шт,183.0,3.4,2026-08-21 23:15,2026-08-22 14:50,контейнера,128.0,128 шт,195.0,3.8,2026-08-22 16:50,2026-09-10_1524_
Паранд,6,2026-08-20 17:30,2026-08-21 09:40,,,ген груз,,,,,,,зерно,,,,,2026-08-23 17:45,2026-09-10_1524_
GC Sunkar,22,2026-08-23 02:20,2026-08-23 03:05,,,в балласте,,,,2.7,2026-08-23 06:15,2026-08-24 12:40,контейнера,169.0,169 шт,338.0,3.8,2026-08-24 14:55,2026-09-10_1524_
GC Berkut,2,2026-08-23 05:30,2026-08-23 06:40,,,в балласте,,,,3.0,2026-08-23 09:40,2026-08-24 16:00,контейнера,171.0,171 шт.,342.0,3.8,2026-08-24 18:45,2026-09-10_1524_
Расул Рза,22,2026-08-23 03:00,2026-08-24 02:30,,,контейнера,99.0,99 шт,,3.6,,,контейнера,169.0,169 шт,,,2026-08-25 15:30,2026-09-10_1524_
Касра-1,6,2026-08-19 14:20,2026-08-22 01:45,,,ген груз,,,,,,,зерно,1450.0,1450 тн,,,2026-08-25 20:55,2026-09-10_1524_
Гахраман-1,3,2026-08-05 16:00,2026-08-10 17:30,,,ген груз,1592.0,1592 т.,,,,,кокс,1059.0,1059 т.,,,2026-08-25 21:30,2026-09-10_1524_
Туркестан,2,2026-08-23 09:00,2026-08-24 21:10,2026-08-24 23:30,2026-08-25 10:40,контейнера,135.0,135 шт,198.0,3.9,2026-08-25 10:40,2026-08-26 07:00,контейнера,141.0,141 шт,198.0,4.2,2026-08-26 10:25,2026-09-10_1524_
Адрина,22,2026-08-19 03:40,2026-08-22 03:50,,,ген груз,,,,,,,жмых / авто,1072.0,1072 тн/32 шт,,,2026-08-26 11:35,2026-09-10_1524_
Сергей Бодров,6,2026-08-24 18:45,2026-08-25 22:15,,,,,,,,,,,,,,,2026-08-26 19:50,2026-09-10_1524_
Раян,23,2026-08-23 23:40,2026-08-25 17:15,,,балласт,,,,,2026-08-26 12:00,,зерно,5100.0,5100 тн,,,2026-08-27 16:40,2026-09-10_1524_
Кангаласы,22,2026-08-27 07:00,2026-08-27 07:40,,,контейнера,44.0,44 шт.,,,,,контейнера,54.0,54 шт.,,,2026-08-28 12:00,2026-09-10_1524_
Астрахань Сити,3,2026-08-26 01:30,2026-08-26 03:50,,,балласт,,,,,2026-08-26 14:20,,масло рапсовое,5000.0,5000 тн,,,2026-08-29 05:30,2026-09-10_1524_
Махмуд Рагимов,22,2026-08-27 10:00,2026-08-28 12:55,,,,,,,,,,контейнера,96.0,96 шт,,,2026-08-29 15:30,2026-09-10_1524_
Натаван,2,2026-08-25 21:00,2026-08-25 22:50,,,контейнера,56.0,56 шт.,,,,,контейнера,166.0,166 шт,,,2026-08-30 10:30,2026-09-10_1524_
Сарина,1,2026-08-24 20:30,2026-08-26 12:40,,,контейнера,48.0,48 шт.,,,,,контейнера,55.0,55 шт,,,2026-08-30 11:50,2026-09-10_1524_
Сания,23,2026-08-26 21:00,2026-08-26 22:10,,,,,,,,,,зерно,6320.0,6320 тн.,,,2026-08-30 12:20,2026-09-10_1524_
Гафур Маммедов,22,2026-08-30 00:20,2026-08-30 09:20,,,балласт,,,,,,,зерно,,,,,2026-08-31 12:40,2026-09-10_1524_
GC Barys,2,2026-08-26 19:30,2026-08-30 11:10,,,балласт,,,,3.1,2026-08-30 13:40,2026-08-31 15:20,контейнера,172.0,172 шт,344.0,,2026-08-31 18:20,2026-09-10_1524_
Бекет -Ата,2,2026-08-27 16:00,2026-08-30 12:50,2026-08-30 21:30,2026-08-31 06:00,контейнера,118.0,118 шт.,148.0,3.3,2026-08-31 06:25,2026-09-01 06:40,контейнера,152.0,152 шт,209.0,4.0,2026-09-01 09:05,2026-09-10_1524_
GC Barys,3,2026-08-26 19:30,2026-09-01 12:15,,,балласт,,,,3.1,2026-08-30 13:40,2026-08-31 15:20,контейнера,172.0,172 шт,344.0,3.8,2026-09-02 02:15,2026-09-10_1524_
Назмехр,1,2026-08-21 15:15,2026-08-29 07:15,,,арматура,,,,,,,жмых/контейнера,1250.0,1250 тн / 9 шт,,3.2,2026-09-03 20:00,2026-09-10_1524_
GC Berkut,2,2026-09-03 00:30,2026-09-03 02:00,,,балласт,,,,2.9,2026-09-03 03:20,2026-09-03 05:00,контейнера,176.0,176 шт.,352.0,3.7,2026-09-04 10:50,2026-09-10_1524_
GC Sunkar,22,2026-09-02 21:00,2026-09-02 22:00,,,балласт,,,,3.0,2026-09-02 23:25,2026-09-04 19:15,контейнера,175.0,175 шт,350.0,3.8,2026-09-04 22:45,2026-09-10_1524_
Паранд,22,2026-09-01 01:20,2026-09-01 13:35,,,,,,,,,,зерно / оборудование,4770.0,4770 тн,350.0,,2026-09-05 13:00,2026-09-10_1524_
Туркестан,1,2026-09-03 05:50,2026-09-03 07:10,2026-09-03 11:40,2026-09-04 03:40,контейнера,145.0,145 шт,191.0,3.9,2026-09-04 03:40,2026-09-05 12:15,контейнера,140.0,140 шт,200.0,3.9,2026-09-05 14:00,2026-09-10_1524_
Расул Рза,22,2026-09-03 07:30,2026-09-03 17:00,,,контейнера,100.0,100 шт,,,,,контейнера,170.0,170 шт.,,,2026-09-05 15:15,2026-09-10_1524_
Теймур Ахмедов,2,2026-09-03 09:05,2026-09-04 11:55,,,контейнера,85.0,85 шт.,,,,,контейнера,94.0,94 шт.,,,2026-09-05 16:30,2026-09-10_1524_
Махмут Рагимов,1,2026-09-05 15:00,2026-09-05 17:25,,,контейнера,54.0,54 шт,,,,,контейнера,72.0,72 шт,,,2026-09-06 17:25,2026-09-10_1524_
Кангалассы,22,2026-09-06 08:30,2026-09-06 09:05,,,,,,,,,,,,,,,2026-09-06 19:30,2026-09-10_1524_
Натаван,2,2026-09-05 03:30,2026-09-05 14:50,,,контейнера,45.0,45 шт,,,,,контейнера,163.0,163 шт,,,2026-09-06 20:10,2026-09-10_1524_
Наргун,3,2026-09-04 07:30,2026-09-04 17:30,,,паллеты,930.0,930 т.,,,2026-09-07 10:30,,контейнера,36.0,36 шт.,,,2026-09-08 13:40,2026-09-10_1524_
Бекет-Ата,2,2026-09-06 21:30,2026-09-06 22:30,2026-09-06 23:40,2026-09-07 14:35,контейнера,143.0,143 шт.,186.0,4.0,2026-09-07 14:35,2026-09-08 19:05,контейнера,155.0,155 шт.,207.0,4.1,2026-09-08 21:00,2026-09-10_1524_
Гарадаг,2,2026-09-09 08:00,2026-09-09 10:30,,,контейнера,55.0,55 шт.,,,,,контейнера,61.0,61 шт.,,,2026-09-10 07:50,2026-09-10_1524_
