month,arr,vessel,shipper,charterer,cargo,tons,dep,bl,direction,owner,src
2023-01,2022-12-30 00:00,Алматы,Eurasian Trading,Titan Oil - Махачкала,нефть,2289.0,2023-01-01 00:00,3/1 от 01/01,Махачкала,Сокар,Caspian Sea Crude Oil 31.12.23.xlsx
2023-01,2022-12-30 00:00,Абай,Eurasian Trading,Titan Oil - Махачкала,нефть,7671.0,2023-01-01 00:00,"1/1, 2/1, 3/2 от 01.01.",Махачкала,Мобилекс,Caspian Sea Crude Oil 31.12.23.xlsx
2023-01,2022-12-31 00:00,ТК Актау,Eurasian Trading,Titan Oil - Махачкала,нефть,7678.0,2023-01-02 00:00,"1/2, 2/2, 3/3 от 01.01.",Махачкала,КМТФ,Caspian Sea Crude Oil 31.12.23.xlsx
2023-01,2023-01-01 00:00,Казахстан,Eurasian Trading,Titan Oil - Махачкала,нефть,7682.0,2023-01-02 00:00,"1/3, 2/3, 3/4 от 02.01.",Махачкала,Мобилекс,Caspian Sea Crude Oil 31.12.23.xlsx
2023-01,2022-12-28 00:00,Баку,Socar Trading,BNT-Sangachal,мазут,6525.532,2023-01-02 00:00,1/45 02/01,Сангачал,Сокар,Caspian Sea Crude Oil 31.12.23.xlsx
2023-01,2023-01-04 00:00,Алматы,Eurasian Trading,Titan Oil - Махачкала,нефть,7683.0,2023-01-05 00:00,"1/4, 2/4, 3/5 от 04.01.",Махачкала,Eurasian Trading,Caspian Sea Crude Oil 31.12.23.xlsx
2023-01,2023-01-04 00:00,Абай,Eurasian Trading,Titan Oil - Махачкала,нефть,7679.0,2023-01-05 00:00,"1/5, 2/5, 3/6 от 05.01.",Махачкала,Мобилекс,Caspian Sea Crude Oil 31.12.23.xlsx
2023-01,2023-01-05 00:00,ТК Актау,Eurasian Trading,Titan Oil - Махачкала,нефть,7684.0,2023-01-06 00:00,"1/6, 2/6, 3/7 от 06.01.",Махачкала,КМТФ,Caspian Sea Crude Oil 31.12.23.xlsx
2023-01,2023-01-04 00:00,Джаббар Гашимов,Socar Trading,Titan Oil-Sangachal,нефть,9840.0,2023-01-06 00:00,,Сангачал,Сокар,Caspian Sea Crude Oil 31.12.23.xlsx
2023-01,2023-01-05 00:00,Казахстан,Eurasian Trading,Titan Oil - Махачкала,нефть,7684.0,2023-01-08 00:00,"1/7, 2/7, 3/8 от 07.01.",Махачкала,Мобилекс,Caspian Sea Crude Oil 31.12.23.xlsx
2023-01,2023-01-08 00:00,Астана,Eurasian Trading,Titan Oil - Махачкала,нефть,7478.0,2023-01-09 00:00,"1/8, 2/8, 3/8 от 09.01.",Махачкала,Eurasian Trading,Caspian Sea Crude Oil 31.12.23.xlsx
2023-01,2023-01-02 00:00,Азербайджан,Socar Trading,BNT-Sangachal,мазут,5011.355,2023-01-09 00:00,1/01 09/01,Сангачал,Сокар,Caspian Sea Crude Oil 31.12.23.xlsx
2023-01,2023-01-09 00:00,Абай,Eurasian Trading,Titan Oil - Махачкала,нефть,7480.0,2023-01-10 00:00,"1/10, 2/10, 3/11 от 10.01.",Махачкала,Мобилекс,Caspian Sea Crude Oil 31.12.23.xlsx
2023-01,2023-01-09 00:00,ТК Актау,Eurasian Trading,Titan Oil - Махачкала,нефть,7476.0,2023-01-10 00:00,"1/9, 2/9, 3/10 от 10.01.",Махачкала,КМТФ,Caspian Sea Crude Oil 31.12.23.xlsx
2023-01,2023-01-09 00:00,Шуша,Socar Trading,Titan Oil-Sangachal,нефть,10074.0,2023-01-16 00:00,,Сангачал,Сокар,Caspian Sea Crude Oil 31.12.23.xlsx
2023-01,2023-01-11 00:00,Мелиана,Socar Trading,BNT-Sangachal,нафта,1800.0,2023-01-14 00:00,"1/2, 1/3 14/01",Сангачал,Сокар,Caspian Sea Crude Oil 31.12.23.xlsx
2023-01,2023-01-09 00:00,ACRUX STAR,Socar Trading,Titan Oil-Sangachal,нефть,9973.0,2023-01-18 00:00,,Сангачал,Сокар,Caspian Sea Crude Oil 31.12.23.xlsx
2023-01,2023-01-17 00:00,Казахстан,Eurasian Trading,Titan Oil - Махачкала,нефть,6448.0,2023-01-18 00:00,"1/11, 2/11, 3/12 от 18.01.",Махачкала,Мобилекс,Caspian Sea Crude Oil 31.12.23.xlsx
2023-01,2023-01-18 00:00,Алматы,Eurasian Trading,Titan Oil - Махачкала,нефть,6437.0,2023-01-19 00:00,"1/12, 2/12, 3/14 от 19.01.",Махачкала,Eurasian Trading,Caspian Sea Crude Oil 31.12.23.xlsx
2023-01,2023-01-16 00:00,Азербайджан,Socar Trading,BNT-Sangachal,мазут,6501.785,2023-01-19 00:00,1/04 19/01,Сангачал,Сокар,Caspian Sea Crude Oil 31.12.23.xlsx
2023-01,2023-01-19 00:00,Астана,Eurasian Trading,Titan Oil - Махачкала,нефть,6317.0,2023-01-20 00:00,"1/13, 2/13, 3/15 от 19.01.",Махачкала,Eurasian Trading,Caspian Sea Crude Oil 31.12.23.xlsx
2023-01,2023-01-17 00:00,Джаббар Гашимов,Socar Trading,Titan Oil-Sangachal,нефть,9144.0,2023-01-20 00:00,,Сангачал,Сокар,Caspian Sea Crude Oil 31.12.23.xlsx
2023-01,2023-01-25 00:00,Ходжаванд,Socar Trading,Titan Oil - Махачкала,нефть,6482.0,2023-01-25 00:00,"1/16, 2/16, 3/18 от 25.01.",Махачкала,Сокар,Caspian Sea Crude Oil 31.12.23.xlsx
2023-01,2023-01-25 00:00,Абай,Eurasian Trading,Titan Oil - Махачкала,нефть,6992.0,2023-01-26 00:00,"1/15, 2/15, 3/17 от 26.01.",Махачкала,Мобилекс,Caspian Sea Crude Oil 31.12.23.xlsx
2023-01,2023-01-25 00:00,ТК Актау,Eurasian Trading,Titan Oil - Махачкала,нефть,6971.0,2023-01-26 00:00,"1/14, 2/14, 3/16, 4/1 от 26.01.",Махачкала,КМТФ,Caspian Sea Crude Oil 31.12.23.xlsx
2023-01,2023-01-26 00:00,Алматы,Eurasian Trading,Titan Oil - Махачкала,нефть,6985.0,2023-01-26 00:00,"1/17, 2/17, 3/19 от 26.01.",Махачкала,Eurasian Trading,Caspian Sea Crude Oil 31.12.23.xlsx
2023-01,2023-01-26 00:00,Казахстан,Eurasian Trading,Titan Oil - Махачкала,нефть,6982.0,2023-01-27 00:00,"1/18, 2/18, 3/20 от 27.01.",Махачкала,Мобилекс,Caspian Sea Crude Oil 31.12.23.xlsx
2023-01,2023-01-24 00:00,Мелиана,Socar Trading,BNT-Sangachal,нафта,1800.0,2023-01-27 00:00,1/5 27.01,Сангачал,Сокар,Caspian Sea Crude Oil 31.12.23.xlsx
2023-01,2023-01-26 00:00,Шуша,Socar Trading,Titan Oil-Sangachal,нефть,10081.0,2023-01-28 00:00,,Сангачал,Сокар,Caspian Sea Crude Oil 31.12.23.xlsx
2023-01,2023-01-27 00:00,Астана,Eurasian Trading,Titan Oil - Махачкала,нефть,6822.0,2023-01-28 00:00,"1/19, 2/19, 3/21 от 28.01.",Махачкала,Eurasian Trading,Caspian Sea Crude Oil 31.12.23.xlsx
2023-01,2023-01-29 00:00,Профессор Азиз Алиев,Socar Trading,Total-Sangachal,нефть,4714.0,2023-01-29 00:00,,Сангачал,Сокар,Caspian Sea Crude Oil 31.12.23.xlsx
2023-01,2023-01-29 00:00,Абай,Eurasian Trading,Titan Oil - Махачкала,нефть,6982.0,2023-01-30 00:00,"1/20, 2/20, 3/22 от 29.01.",Махачкала,Мобилекс,Caspian Sea Crude Oil 31.12.23.xlsx
2023-01,2023-01-29 00:00,Нафталан,Socar Trading,Total-Sangachal,нефть,2687.0,2023-01-31 00:00,,Сангачал,Сокар,Caspian Sea Crude Oil 31.12.23.xlsx
2023-01,2023-01-29 00:00,Ходжаванд,Socar Trading,Titan Oil - Махачкала,нефть,6483.0,2023-01-31 00:00,"1/21, 2/21, 3/23, 3/24 от 30.01",Махачкала,Сокар,Caspian Sea Crude Oil 31.12.23.xlsx
2023-01,2023-01-24 00:00,Азербайджан,Socar Trading,BNT-Sangachal,мазут,4501.255,2023-02-01 00:00,1/06 31/01,Сангачал,Сокар,Caspian Sea Crude Oil 31.12.23.xlsx
2023-01,2023-01-30 00:00,Алматы,Eurasian Trading,Titan Oil - Махачкала,нефть,2484.0,2023-02-01 00:00,"3/25, 3/26 от 31.01.",Махачкала,Eurasian Trading,Caspian Sea Crude Oil 31.12.23.xlsx
2023-02,2023-01-30 00:00,Алматы,Eurasian Trading,Titan Oil - Махачкала,нефть,4475.0,2023-02-01 00:00,3/27 от 01.02.,Махачкала,Eurasian Trading,Caspian Sea Crude Oil 31.12.23.xlsx
2023-02,2023-01-30 00:00,Казахстан,Eurasian Trading,Titan Oil - Махачкала,нефть,6984.0,2023-02-02 00:00,"1/22, 2/22, 3/28 от 02.02.",Махачкала,Мобилекс,Caspian Sea Crude Oil 31.12.23.xlsx
2023-02,2023-01-31 00:00,Астана,Eurasian Trading,Titan Oil - Махачкала,нефть,6963.0,2023-02-03 00:00,"1/23, 2/23, 3/29 от 02.02.",Махачкала,Eurasian Trading,Caspian Sea Crude Oil 31.12.23.xlsx
2023-02,2023-02-02 00:00,Абай,Eurasian Trading,Titan Oil - Махачкала,нефть,6977.0,2023-02-03 00:00,"1/24, 2/24, 3/30 от 02.02.",Махачкала,Мобилекс,Caspian Sea Crude Oil 31.12.23.xlsx
2023-02,2023-02-03 00:00,Ходжаванд,Socar Trading,Total-Sangachal,нефть,6479.0,2023-02-04 00:00,,Сангачал,Сокар,Caspian Sea Crude Oil 31.12.23.xlsx
2023-02,2023-02-04 00:00,Алматы,Eurasian Trading,Titan Oil - Махачкала,нефть,6983.0,2023-02-05 00:00,"1/25, 2/25, 3/31, 3/32 от 05.02",Махачкала,Eurasian Trading,Caspian Sea Crude Oil 31.12.23.xlsx
2023-02,2023-02-05 00:00,Казахстан,Eurasian Trading,Titan Oil - Махачкала,нефть,6983.0,2023-02-06 00:00,"1/26, 2/26, 3/33 от 06.02.",Махачкала,Мобилекс,Caspian Sea Crude Oil 31.12.23.xlsx
2023-02,2023-02-05 00:00,Астана,Eurasian Trading,Titan Oil - Махачкала,нефть,6979.0,2023-02-06 00:00,"1/27, 2/27, 3/34 от 06.02.",Махачкала,Eurasian Trading,Caspian Sea Crude Oil 31.12.23.xlsx
2023-02,2023-02-07 00:00,Абай,Eurasian Trading,Titan Oil - Махачкала,нефть,6974.0,2023-02-07 00:00,"1/28, 2/28, 3/35 от 07.02.",Махачкала,Мобилекс,Caspian Sea Crude Oil 31.12.23.xlsx
2023-02,2023-02-08 00:00,Алматы,Eurasian Trading,Titan Oil - Махачкала,нефть,6992.0,2023-02-09 00:00,"1/29, 2/29, 3/36 от 09.02",Махачкала,Eurasian Trading,Caspian Sea Crude Oil 31.12.23.xlsx
2023-02,2023-01-29 00:00,ТК Актау,Eurasian Trading,Titan Oil - Махачкала,нефть,6841.0,2023-02-09 00:00,"1/30, 2/30, 3/37 от 09.02.",Махачкала,Eurasian Trading,Caspian Sea Crude Oil 31.12.23.xlsx
2023-02,2023-02-06 00:00,Азербайджан,Socar Trading,BNT-Sangachal,мазут,6504.803,2023-02-10 00:00,1/07 10/02,Сангачал,Сокар,Caspian Sea Crude Oil 31.12.23.xlsx
2023-02,2023-02-07 00:00,Хатай,Socar Trading,Бузачи Нефть,нефть,9981.0,2023-02-10 00:00,,Сангачал,Сокар,Caspian Sea Crude Oil 31.12.23.xlsx
2023-02,2023-02-11 00:00,Казахстан,Eurasian Trading,Titan Oil - Махачкала,нефть,6981.0,2023-02-11 00:00,"1/31, 2/31, 3/38 от 11.02.",Махачкала,Мобилекс,Caspian Sea Crude Oil 31.12.23.xlsx
2023-02,2023-02-13 00:00,Астана,Eurasian Trading,Titan Oil - Махачкала,нефть,6971.0,2023-02-14 00:00,"1/32, 2/32, 3/39 от 14.02.",Махачкала,Eurasian Trading,Caspian Sea Crude Oil 31.12.23.xlsx
2023-02,2023-02-15 00:00,Абай,Eurasian Trading,Titan Oil - Махачкала,нефть,6986.0,2023-02-17 00:00,"1/33, 2/33, 3/40 от 17.02.",Махачкала,Мобилекс,Caspian Sea Crude Oil 31.12.23.xlsx
2023-02,2023-02-15 00:00,Алматы,Eurasian Trading,Titan Oil - Махачкала,нефть,6986.0,2023-02-17 00:00,"1/34, 2/34, 3/41 от 17.02",Махачкала,Eurasian Trading,Caspian Sea Crude Oil 31.12.23.xlsx
2023-02,2023-02-16 00:00,ТК Актау,Eurasian Trading,Titan Oil - Махачкала,нефть,6849.0,2023-02-18 00:00,"1/36, 2/36, 3/43, 4/2 от 18.02.",Махачкала,Eurasian Trading,Caspian Sea Crude Oil 31.12.23.xlsx
2023-02,2023-02-16 00:00,Казахстан,Eurasian Trading,Titan Oil - Махачкала,нефть,6983.0,2023-02-18 00:00,"1/35, 2/35, 3/42 от 18.02.",Махачкала,Мобилекс,Caspian Sea Crude Oil 31.12.23.xlsx
2023-02,2023-02-17 00:00,Ходжаванд,Socar Trading,Total-Sangachal,нефть,6481.0,2023-02-19 00:00,3/11 от 19.02,Сангачал,Сокар,Caspian Sea Crude Oil 31.12.23.xlsx
2023-02,2023-02-15 00:00,Хатай,Socar Trading,Total-Sangachal,нефть,10085.0,2023-02-19 00:00,3/10 от 19.02,Сангачал,Сокар,Caspian Sea Crude Oil 31.12.23.xlsx
2023-02,2023-02-19 00:00,Астана,Eurasian Trading,Titan Oil - Махачкала,нефть,6989.0,2023-02-20 00:00,"1/37, 2/37, 3/44 от 20.02.",Махачкала,Eurasian Trading,Caspian Sea Crude Oil 31.12.23.xlsx
2023-02,2023-02-20 00:00,Алматы,Eurasian Trading,Titan Oil - Махачкала,нефть,6991.0,2023-02-21 00:00,"1/38, 2/38, 3/45 от 21.02",Махачкала,Eurasian Trading,Caspian Sea Crude Oil 31.12.23.xlsx
2023-02,2023-02-20 00:00,Абай,Eurasian Trading,Titan Oil - Махачкала,нефть,6979.0,2023-02-21 00:00,"1/39, 2/39, 3/47 от 21.02.",Махачкала,Мобилекс,Caspian Sea Crude Oil 31.12.23.xlsx
2023-02,2023-02-21 00:00,ТК Актау,Eurasian Trading,Titan Oil - Махачкала,нефть,6853.0,2023-02-22 00:00,"1/40, 2/40, 3/48, 3/49 от 22.02.",Махачкала,Eurasian Trading,Caspian Sea Crude Oil 31.12.23.xlsx
2023-02,2023-02-22 00:00,Казахстан,Eurasian Trading,Titan Oil - Махачкала,нефть,6975.0,2023-02-23 00:00,"1/41, 2/41, 3/50 от 23.02.",Махачкала,Мобилекс,Caspian Sea Crude Oil 31.12.23.xlsx
2023-02,2023-02-23 00:00,Астана,Eurasian Trading,Titan Oil - Махачкала,нефть,6970.0,2023-02-24 00:00,"1/42, 2/42, 3/51 от 24.02.",Махачкала,Eurasian Trading,Caspian Sea Crude Oil 31.12.23.xlsx
2023-02,2023-02-24 00:00,Алматы,Eurasian Trading,Titan Oil - Махачкала,нефть,6974.0,2023-02-25 00:00,"1/43, 2/43, 3/52 от 25.02",Махачкала,Eurasian Trading,Caspian Sea Crude Oil 31.12.23.xlsx
2023-02,2023-02-24 00:00,Абай,Eurasian Trading,Titan Oil - Махачкала,нефть,6978.0,2023-02-25 00:00,"1/44, 2/44, 3/53 от 25.02.",Махачкала,Мобилекс,Caspian Sea Crude Oil 31.12.23.xlsx
2023-02,2023-02-27 00:00,Казахстан,Eurasian Trading,Titan Oil - Махачкала,нефть,6987.0,2023-03-01 00:00,"1/45, 2/45, 3/54 от 28.02.",Махачкала,Мобилекс,Caspian Sea Crude Oil 31.12.23.xlsx
2023-03,2023-02-27 00:00,Астана,Eurasian Trading,Titan Oil - Махачкала,нефть,6981.0,2023-03-01 00:00,"1/46, 2/46, 3/55 от 01.03.",Махачкала,Eurasian Trading,Caspian Sea Crude Oil 31.12.23.xlsx
2023-03,2023-02-25 00:00,ТК Актау,Eurasian Trading,Titan Oil - Махачкала,нефть,6853.0,2023-03-01 00:00,"1/47, 2/47, 3/56  от 01.03.",Махачкала,Eurasian Trading,Caspian Sea Crude Oil 31.12.23.xlsx
2023-03,2023-03-02 00:00,Алматы,Eurasian Trading,Titan Oil - Махачкала,нефть,6981.0,2023-03-03 00:00,"1/48, 2/48, 3/57 от 02.03",Махачкала,Eurasian Trading,Caspian Sea Crude Oil 31.12.23.xlsx
2023-03,2023-03-02 00:00,Абай,Eurasian Trading,Titan Oil - Махачкала,нефть,6984.0,2023-03-03 00:00,"1/49, 2/49, 3/58 от 03.03",Махачкала,Мобилекс,Caspian Sea Crude Oil 31.12.23.xlsx
2023-03,2023-03-01 00:00,Азербайджан,Socar Trading,BNT-Sangachal,мазут,6511.05,2023-03-03 00:00,1/08 от 03.03,Сангачал,Сокар,Caspian Sea Crude Oil 31.12.23.xlsx
2023-03,2023-03-04 00:00,Казахстан,Eurasian Trading,Titan Oil - Махачкала,нефть,6984.0,2023-03-05 00:00,"1/50, 2/50, 3/59 от 04.03.",Махачкала,Мобилекс,Caspian Sea Crude Oil 31.12.23.xlsx
2023-03,2023-03-05 00:00,Астана,Eurasian Trading,Titan Oil - Махачкала,нефть,6921.0,2023-03-06 00:00,"1/51, 2/51, 3/60 от 05.03.",Махачкала,Eurasian Trading,Caspian Sea Crude Oil 31.12.23.xlsx
2023-03,2023-03-06 00:00,Алматы,Eurasian Trading,Titan Oil - Махачкала,нефть,6980.0,2023-03-07 00:00,"1/52, 2/52, 3/61 от 06.03",Махачкала,Eurasian Trading,Caspian Sea Crude Oil 31.12.23.xlsx
2023-03,2023-03-06 00:00,Абай,Eurasian Trading,Titan Oil - Махачкала,нефть,6981.0,2023-03-07 00:00,"1/53, 2/53, 3/62 от 07.03",Махачкала,Мобилекс,Caspian Sea Crude Oil 31.12.23.xlsx
2023-03,2023-03-08 00:00,Казахстан,Eurasian Trading,Titan Oil - Махачкала,нефть,6988.0,2023-03-09 00:00,"1/54, 2/54, 3/63 от 08.03.",Махачкала,Мобилекс,Caspian Sea Crude Oil 31.12.23.xlsx
2023-03,2023-03-09 00:00,Астана,Eurasian Trading,Titan Oil - Махачкала,нефть,6992.0,2023-03-10 00:00,"1/55, 2/55, 3/64 от 10.03.",Махачкала,Eurasian Trading,Caspian Sea Crude Oil 31.12.23.xlsx
2023-03,2023-03-10 00:00,Алматы,Eurasian Trading,Titan Oil - Махачкала,нефть,6989.0,2023-03-11 00:00,"1/56, 2/56, 3/65 от 11.03",Махачкала,Eurasian Trading,Caspian Sea Crude Oil 31.12.23.xlsx
2023-03,2023-03-10 00:00,Абай,Eurasian Trading,Titan Oil - Махачкала,нефть,6972.0,2023-03-12 00:00,"1/57, 2/57, 3/66 от 12.03",Махачкала,Мобилекс,Caspian Sea Crude Oil 31.12.23.xlsx
2023-03,2023-03-12 00:00,Казахстан,Eurasian Trading,Titan Oil - Махачкала,нефть,6972.0,2023-03-14 00:00,"1/58, 2/58, 3/67 от 14.03.",Махачкала,Мобилекс,Caspian Sea Crude Oil 31.12.23.xlsx
2023-03,2023-03-13 00:00,Астана,Eurasian Trading,Titan Oil - Махачкала,нефть,6980.0,2023-03-15 00:00,"1/59, 2/59, 3/68 от 15.03.",Махачкала,Eurasian Trading,Caspian Sea Crude Oil 31.12.23.xlsx
2023-03,2023-03-15 00:00,Алматы,Eurasian Trading,Titan Oil - Махачкала,нефть,6985.0,2023-03-16 00:00,"1/60, 2/60, 3/69 от 15.03",Махачкала,Eurasian Trading,Caspian Sea Crude Oil 31.12.23.xlsx
2023-03,2023-03-18 00:00,Абай,Eurasian Trading,Titan Oil - Махачкала,нефть,6967.0,2023-03-19 00:00,"1/61, 2/61, 3/70, 4/4 от 18.03",Махачкала,Мобилекс,Caspian Sea Crude Oil 31.12.23.xlsx
2023-03,2023-03-18 00:00,Академик Хошбахт Юсифзаде,INPEX (NCOC),Socar Trading,нефть,6900.0,2023-03-19 00:00,6/1 от 19.03,Сангачал,ASCO,Caspian Sea Crude Oil 31.12.23.xlsx
2023-03,2023-03-19 00:00,Казахстан,Eurasian Trading,Titan Oil - Махачкала,нефть,6970.0,2023-03-20 00:00,"1/62, 2/62, 3/71, 3/72 от 20.03.",Махачкала,Мобилекс,Caspian Sea Crude Oil 31.12.23.xlsx
2023-03,2023-03-20 00:00,Алматы,Eurasian Trading,Titan Oil - Махачкала,нефть,6978.0,2023-03-21 00:00,"1/63, 2/63, 3/73 от 20.03",Махачкала,Eurasian Trading,Caspian Sea Crude Oil 31.12.23.xlsx
2023-03,2023-03-20 00:00,Астана,Eurasian Trading,Titan Oil - Махачкала,нефть,6980.0,2023-03-21 00:00,"1/64, 2/64, 3/74 от 21.03.",Махачкала,Eurasian Trading,Caspian Sea Crude Oil 31.12.23.xlsx
2023-03,2023-03-20 00:00,Президент Гейдар Алиев,TengizChevroil,KMG Trading,нефть,9959.0,2023-03-22 00:00,5/1 от 21.03,Сангачал,ASCO,Caspian Sea Crude Oil 31.12.23.xlsx
2023-03,2023-03-22 00:00,Абай,Eurasian Trading,Titan Oil - Махачкала,нефть,6985.0,2023-03-23 00:00,"1/65, 2/65, 3/75 от 22.03",Махачкала,Мобилекс,Caspian Sea Crude Oil 31.12.23.xlsx
2023-03,2023-03-23 00:00,Казахстан,Eurasian Trading,Titan Oil - Махачкала,нефть,6980.0,2023-03-24 00:00,"1/66, 2/66, 3/76, 3/77 от 24.03.",Махачкала,Мобилекс,Caspian Sea Crude Oil 31.12.23.xlsx
2023-03,2023-03-23 00:00,Алматы,Eurasian Trading,Titan Oil - Махачкала,нефть,6976.0,2023-03-25 00:00,"1/67, 2/67, 3/78 от 24.03",Махачкала,Eurasian Trading,Caspian Sea Crude Oil 31.12.23.xlsx
2023-03,2023-03-21 00:00,Азербайджан,Socar Trading,BNT-Sangachal,мазут,6506.167,2023-03-25 00:00,1/09 от 25.03,Сангачал,Сокар,Caspian Sea Crude Oil 31.12.23.xlsx
2023-03,2023-03-24 00:00,Шуша,TengizChevroil,KMG Trading,нефть,9262.0,2023-03-28 00:00,5/2 от 28.03,Сангачал,ASCO,Caspian Sea Crude Oil 31.12.23.xlsx
2023-03,2023-03-27 00:00,Абай,Eurasian Trading,Titan Oil - Махачкала,нефть,6978.0,2023-03-29 00:00,"1/68, 2/68, 3/79, 4/5 от 28.03",Махачкала,Мобилекс,Caspian Sea Crude Oil 31.12.23.xlsx
2023-03,2023-03-30 00:00,Мелиана,Socar Trading,BNT-Sangachal,нефть,2113.556,2023-03-31 00:00,1/10 от 31.03,Сангачал,Сокар,Caspian Sea Crude Oil 31.12.23.xlsx
2023-03,2023-03-28 00:00,Казахстан,Eurasian Trading,Titan Oil - Махачкала,нефть,4926.0,2023-04-01 00:00,"1/69, 2/69, 3/80 от 31.03.",Махачкала,Мобилекс,Caspian Sea Crude Oil 31.12.23.xlsx
2023-04,2023-03-28 00:00,Казахстан,Eurasian Trading,Titan Oil - Махачкала,нефть,2063.0,2023-04-01 00:00,3/81 от 01.04.,Махачкала,Мобилекс,Caspian Sea Crude Oil 31.12.23.xlsx
2023-04,2023-03-29 00:00,ТК Актау,Eurasian Trading,Titan Oil - Махачкала,нефть,6812.0,2023-04-03 00:00,"1/70, 2/70, 3/82  от 03.04.",Махачкала,Eurasian Trading,Caspian Sea Crude Oil 31.12.23.xlsx
2023-04,2023-03-29 00:00,Алматы,Eurasian Trading,Titan Oil - Махачкала,нефть,6980.0,2023-04-03 00:00,"1/71, 2/71, 3/83 от 03.04",Махачкала,Eurasian Trading,Caspian Sea Crude Oil 31.12.23.xlsx
2023-04,2023-04-03 00:00,Азербайджан,Socar Trading,BNT-Sangachal,мазут,6500.111,2023-04-04 00:00,1/11 от 04.04,Сангачал,Сокар,Caspian Sea Crude Oil 31.12.23.xlsx
2023-04,2023-04-03 00:00,Абай,Eurasian Trading,Titan Oil - Махачкала,нефть,6983.0,2023-04-04 00:00,"1/72, 2/72, 3/84 от 04.04",Махачкала,Мобилекс,Caspian Sea Crude Oil 31.12.23.xlsx
2023-04,2023-04-05 00:00,Казахстан,Eurasian Trading,Titan Oil - Махачкала,нефть,6988.0,2023-04-06 00:00,"1/73, 2/73, 3/85 от 06.04.",Махачкала,Мобилекс,Caspian Sea Crude Oil 31.12.23.xlsx
2023-04,2023-04-05 00:00,ТК Актау,TengizChevroil,KMG Trading,нефть,9099.0,2023-04-07 00:00,5/3  от 07.04.,Сангачал,КМТФ,Caspian Sea Crude Oil 31.12.23.xlsx
2023-04,2023-04-06 00:00,Алматы,Eurasian Trading,Titan Oil - Махачкала,нефть,6980.0,2023-04-07 00:00,"1/74, 1/75, 2/74, 2/75, 3/86, 3/87 от 07.04",Махачкала,Eurasian Trading,Caspian Sea Crude Oil 31.12.23.xlsx
2023-04,2023-04-05 00:00,Караганда,Socar Trading,BNT-Sangachal,нефть,6505.665,2023-04-07 00:00,1/13 от 07.04,Сангачал,Сокар,Caspian Sea Crude Oil 31.12.23.xlsx
2023-04,2023-04-07 00:00,Абай,Eurasian Trading,Titan Oil - Махачкала,нефть,6976.0,2023-04-08 00:00,"1/76, 2/76, 3/88 от 08.04",Махачкала,Мобилекс,Caspian Sea Crude Oil 31.12.23.xlsx
2023-04,2023-04-09 00:00,Казахстан,Eurasian Trading,Titan Oil - Махачкала,нефть,6968.0,2023-04-09 00:00,"1/77, 2/77, 3/89 от 09.04.",Махачкала,Мобилекс,Caspian Sea Crude Oil 31.12.23.xlsx
2023-04,2023-04-09 00:00,Астана,TengizChevroil,KMG Trading,нефть,9314.0,2023-04-09 00:00,5/4  от 09.04.,Сангачал,КМТФ,Caspian Sea Crude Oil 31.12.23.xlsx
2023-04,2023-04-07 00:00,Мелиана,Socar Trading,BNT-Sangachal,нефть,2112.767,2023-04-09 00:00,1/15 от 09.04,Сангачал,Сокар,Caspian Sea Crude Oil 31.12.23.xlsx
2023-04,2023-04-10 00:00,Алматы,Eurasian Trading,Titan Oil - Махачкала,нефть,6987.0,2023-04-10 00:00,"1/78, 2/78, 3/90 от 10.04",Махачкала,Eurasian Trading,Caspian Sea Crude Oil 31.12.23.xlsx
2023-04,2023-04-10 00:00,Президент Гейдар Алиев,TengizChevroil,KMG Trading,нефть,9878.0,2023-04-11 00:00,5/5 от 11.04,Сангачал,ASCO,Caspian Sea Crude Oil 31.12.23.xlsx
2023-04,2023-04-11 00:00,Абай,Eurasian Trading,Titan Oil - Махачкала,нефть,6983.0,2023-04-11 00:00,"1/79, 2/79, 3/91 от 11.04",Махачкала,Мобилекс,Caspian Sea Crude Oil 31.12.23.xlsx
2023-04,2023-04-12 00:00,Казахстан,Eurasian Trading,Titan Oil - Махачкала,нефть,6993.0,2023-04-13 00:00,"1/80, 2/80, 3/92 от 13.04.",Махачкала,Мобилекс,Caspian Sea Crude Oil 31.12.23.xlsx
2023-04,2023-04-10 00:00,ТК Актау,TengizChevroil,KMG Trading,нефть,9332.0,2023-04-13 00:00,5/6  от 13.04.,Сангачал,КМТФ,Caspian Sea Crude Oil 31.12.23.xlsx
2023-04,2023-04-12 00:00,Шуша,TengizChevroil,KMG Trading,нефть,9979.0,2023-04-14 00:00,5/7 от 14.04,Сангачал,ASCO,Caspian Sea Crude Oil 31.12.23.xlsx
2023-04,2023-04-13 00:00,Алматы,Eurasian Trading,Titan Oil - Махачкала,нефть,6974.0,2023-04-14 00:00,"1/81, 2/81, 3/93 от 14.04",Махачкала,Eurasian Trading,Caspian Sea Crude Oil 31.12.23.xlsx
2023-04,2023-04-09 00:00,Азербайджан,Socar Trading,BNT-Sangachal,мазут,6504.042,2023-04-15 00:00,1/16 от 15.04,Сангачал,Сокар,Caspian Sea Crude Oil 31.12.23.xlsx
2023-04,2023-04-16 00:00,Абай,Eurasian Trading,Titan Oil - Махачкала,нефть,6983.0,2023-04-17 00:00,"1/82, 2/82, 3/94 от 17.04",Махачкала,Мобилекс,Caspian Sea Crude Oil 31.12.23.xlsx
2023-04,2023-04-14 00:00,Астана,TengizChevroil,KMG Trading,нефть,9406.0,2023-04-17 00:00,5/8  от 17.04.,Сангачал,КМТФ,Caspian Sea Crude Oil 31.12.23.xlsx
2023-04,2023-04-16 00:00,Казахстан,Eurasian Trading,Titan Oil - Махачкала,нефть,6991.0,2023-04-18 00:00,"1/84, 2/84, 3/96 от 18.04.",Махачкала,Мобилекс,Caspian Sea Crude Oil 31.12.23.xlsx
2023-04,2023-04-17 00:00,Костанай,Eurasian Trading,Titan Oil - Махачкала,нефть,6306.0,2023-04-18 00:00,"1/83, 2/83, 3/95, 4/6 от 18.04",Махачкала,Eurasian Trading,Caspian Sea Crude Oil 31.12.23.xlsx
2023-04,2023-04-18 00:00,Президент Гейдар Алиев,TengizChevroil,KMG Trading,нефть,9971.0,2023-04-20 00:00,5/9 от 20.04,Сангачал,ASCO,Caspian Sea Crude Oil 31.12.23.xlsx
2023-04,2023-04-19 00:00,ТК Актау,TengizChevroil,KMG Trading,нефть,9369.0,2023-04-22 00:00,5/10  от 22.04.,Сангачал,КМТФ,Caspian Sea Crude Oil 31.12.23.xlsx
2023-04,2023-04-21 00:00,Алматы,Eurasian Trading,Titan Oil - Махачкала,нефть,6976.0,2023-04-22 00:00,"1/85, 2/85, 3/97 от 22.04",Махачкала,Eurasian Trading,Caspian Sea Crude Oil 31.12.23.xlsx
2023-04,2023-04-21 00:00,Абай,Eurasian Trading,Titan Oil - Махачкала,нефть,6990.0,2023-04-23 00:00,"1/86, 2/86, 3/98 от 22.04",Махачкала,Мобилекс,Caspian Sea Crude Oil 31.12.23.xlsx
2023-04,2023-04-22 00:00,Казахстан,Eurasian Trading,Titan Oil - Махачкала,нефть,6990.0,2023-04-23 00:00,"1/87, 2/87, 3/99 от 23.04.",Махачкала,Мобилекс,Caspian Sea Crude Oil 31.12.23.xlsx
2023-04,2023-04-18 00:00,Мелиана,Socar Trading,BNT-Sangachal,мазут,2150.255,2023-04-23 00:00,1/17 от 23.04,Сангачал,Сокар,Caspian Sea Crude Oil 31.12.23.xlsx
2023-04,2023-04-20 00:00,Шуша,TengizChevroil,KMG Trading,нефть,9976.0,2023-04-24 00:00,5/11 от 23.04,Сангачал,ASCO,Caspian Sea Crude Oil 31.12.23.xlsx
2023-04,2023-04-23 00:00,Костанай,Eurasian Trading,Titan Oil - Махачкала,нефть,6305.0,2023-04-26 00:00,"1/88, 2/88, 3/100 от 26.04",Махачкала,Eurasian Trading,Caspian Sea Crude Oil 31.12.23.xlsx
2023-04,2023-04-22 00:00,Астана,TengizChevroil,KMG Trading,нефть,9344.0,2023-04-26 00:00,5/12  от 26.04.,Сангачал,КМТФ,Caspian Sea Crude Oil 31.12.23.xlsx
2023-04,2023-04-25 00:00,Алматы,Eurasian Trading,Titan Oil - Махачкала,нефть,6986.0,2023-04-26 00:00,"1/89, 2/89, 3/101 от 26.04",Махачкала,Eurasian Trading,Caspian Sea Crude Oil 31.12.23.xlsx
2023-04,2023-04-25 00:00,Абай,Eurasian Trading,Titan Oil - Махачкала,нефть,6986.0,2023-04-27 00:00,"1/90, 2/90, 3/102 от 27.04",Махачкала,Мобилекс,Caspian Sea Crude Oil 31.12.23.xlsx
2023-04,2023-04-26 00:00,Казахстан,Eurasian Trading,Titan Oil - Махачкала,нефть,6979.0,2023-04-27 00:00,"1/91, 2/91, 3/103 от 27.04.",Махачкала,Мобилекс,Caspian Sea Crude Oil 31.12.23.xlsx
2023-04,2023-04-24 00:00,Президент Гейдар Алиев,TengizChevroil,KMG Trading,нефть,9977.0,2023-04-28 00:00,5/13 от 28.04,Сангачал,ASCO,Caspian Sea Crude Oil 31.12.23.xlsx
2023-04,2023-04-25 00:00,ТК Актау,TengizChevroil,KMG Trading,нефть,9358.0,2023-04-30 00:00,5/14  от 30.04.,Сангачал,КМТФ,Caspian Sea Crude Oil 31.12.23.xlsx
2023-04,2023-04-30 00:00,Костанай,Eurasian Trading,Titan Oil - Махачкала,нефть,6276.0,2023-05-01 00:00,"1/92, 2/92 от 30.04",Махачкала,Eurasian Trading,Caspian Sea Crude Oil 31.12.23.xlsx
2023-04,2023-04-30 00:00,Алматы,Eurasian Trading,Titan Oil - Махачкала,нефть,6976.0,2023-05-01 00:00,"3/104, 3/105 от 30.04",Махачкала,Eurasian Trading,Caspian Sea Crude Oil 31.12.23.xlsx
2023-05,2023-04-30 00:00,Азербайджан,Socar Trading,BNT-Sangachal,мазут,6500.136,2023-05-01 00:00,1/18 от 01.05,Сангачал,Сокар,Caspian Sea Crude Oil 31.12.23.xlsx
2023-05,2023-04-30 00:00,Абай,Eurasian Trading,Titan Oil - Махачкала,нефть,6976.0,2023-05-02 00:00,"1/93, 2/93, 3/106 от 02.05",Махачкала,Мобилекс,Caspian Sea Crude Oil 31.12.23.xlsx
2023-05,2023-05-01 00:00,Казахстан,Eurasian Trading,Titan Oil - Махачкала,нефть,6977.0,2023-05-03 00:00,"1/94, 2/94, 3/107 от 03.05.",Махачкала,Мобилекс,Caspian Sea Crude Oil 31.12.23.xlsx
2023-05,2023-05-01 00:00,Астана,Eurasian Trading,Titan Oil - Махачкала,нефть,6971.0,2023-05-03 00:00,"1/95, 2/95, 3/108 от 02.05.",Махачкала,КМТФ,Caspian Sea Crude Oil 31.12.23.xlsx
2023-05,2023-05-03 00:00,Президент Гейдар Алиев,TengizChevroil,KMG Trading,нефть,9974.0,2023-05-04 00:00,5/15 от 04.05,Сангачал,ASCO,Caspian Sea Crude Oil 31.12.23.xlsx
2023-05,2023-05-05 00:00,ТК Актау,TengizChevroil,KMG Trading,нефть,9355.0,2023-05-06 00:00,5/16  от 06.05.,Сангачал,КМТФ,Caspian Sea Crude Oil 31.12.23.xlsx
2023-05,2023-05-05 00:00,Костанай,Eurasian Trading,Titan Oil - Махачкала,нефть,6290.0,2023-05-06 00:00,"1/96, 2/96, 3/109 от 06.05",Махачкала,Eurasian Trading,Caspian Sea Crude Oil 31.12.23.xlsx
2023-05,2023-05-06 00:00,Ходжаванд,Socar Trading,BNT-Sangachal,мазут,6504.435,2023-05-07 00:00,1/19 от 07.05,Сангачал,Сокар,Caspian Sea Crude Oil 31.12.23.xlsx
2023-05,2023-05-06 00:00,Шуша,TengizChevroil,KMG Trading,нефть,9970.0,2023-05-07 00:00,5/17 от 07.05,Сангачал,ASCO,Caspian Sea Crude Oil 31.12.23.xlsx
2023-05,2023-05-05 00:00,Алматы,Eurasian Trading,Titan Oil - Махачкала,нефть,6974.0,2023-05-07 00:00,"1/97, 2/97, 3/110 от 07.05",Махачкала,Eurasian Trading,Caspian Sea Crude Oil 31.12.23.xlsx
2023-05,2023-05-07 00:00,Абай,Eurasian Trading,Titan Oil - Махачкала,нефть,6986.0,2023-05-08 00:00,"1/98, 2/98, 3/111 от 08.05",Махачкала,Мобилекс,Caspian Sea Crude Oil 31.12.23.xlsx
2023-05,2023-05-07 00:00,Астана,Eurasian Trading,Titan Oil - Махачкала,нефть,6996.0,2023-05-08 00:00,"1/99, 2/99, 3/112 от 08.05.",Махачкала,КМТФ,Caspian Sea Crude Oil 31.12.23.xlsx
2023-05,2023-05-08 00:00,Казахстан,Eurasian Trading,Titan Oil - Махачкала,нефть,6974.0,2023-05-09 00:00,"1/100, 2/100, 3/113 от 09.05.",Махачкала,Мобилекс,Caspian Sea Crude Oil 31.12.23.xlsx
2023-05,2023-05-10 00:00,Алматы,Eurasian Trading,Titan Oil - Махачкала,нефть,6977.0,2023-05-11 00:00,"1/102, 2/102, 3/115 от 10.05",Махачкала,Eurasian Trading,Caspian Sea Crude Oil 31.12.23.xlsx
2023-05,2023-05-10 00:00,ТК Актау,TengizChevroil,KMG Trading,нефть,9362.0,2023-05-11 00:00,5/18  от 11.05.,Сангачал,КМТФ,Caspian Sea Crude Oil 31.12.23.xlsx
2023-05,2023-05-09 00:00,Костанай,Eurasian Trading,Titan Oil - Махачкала,нефть,6287.0,2023-05-10 00:00,"1/101, 2/101, 3/114 от 10.05",Махачкала,Eurasian Trading,Caspian Sea Crude Oil 31.12.23.xlsx
2023-05,2023-05-11 00:00,Абай,Eurasian Trading,Titan Oil - Махачкала,нефть,6980.0,2023-05-11 00:00,"1/103, 2/103, 3/116 от 11.05",Махачкала,Мобилекс,Caspian Sea Crude Oil 31.12.23.xlsx
2023-05,2023-05-10 00:00,Президент Гейдар Алиев,TengizChevroil,KMG Trading,нефть,9976.0,2023-05-12 00:00,5/19 от 12.05,Сангачал,ASCO,Caspian Sea Crude Oil 31.12.23.xlsx
2023-05,2023-05-11 00:00,Астана,Eurasian Trading,Titan Oil - Махачкала,нефть,6969.0,2023-05-12 00:00,"1/104, 2/104, 3/117 от 12.05.",Махачкала,КМТФ,Caspian Sea Crude Oil 31.12.23.xlsx
2023-05,2023-05-12 00:00,Казахстан,Eurasian Trading,Titan Oil - Махачкала,нефть,6976.0,2023-05-13 00:00,"1/105, 2/105, 3/118 от 13.05.",Махачкала,Мобилекс,Caspian Sea Crude Oil 31.12.23.xlsx
2023-05,2023-05-07 00:00,Мелиана,Socar Trading,BNT-Sangachal,мазут,2150.0,2023-05-13 00:00,1/20 от 13.05,Сангачал,Сокар,Caspian Sea Crude Oil 31.12.23.xlsx
2023-05,2023-05-13 00:00,Караганда,Eurasian Trading,Titan Oil - Махачкала,нефть,6474.0,2023-05-14 00:00,"1/106, 2/106, 3/119 от 14.05.",Махачкала,Eurasian Trading,Caspian Sea Crude Oil 31.12.23.xlsx
2023-05,2023-05-13 00:00,Алматы,Eurasian Trading,Titan Oil - Махачкала,нефть,6978.0,2023-05-14 00:00,"1/107, 2/107, 3/120 от 14.05.",Махачкала,Eurasian Trading,Caspian Sea Crude Oil 31.12.23.xlsx
2023-05,2023-05-13 00:00,Костанай,Eurasian Trading,Titan Oil - Махачкала,нефть,6478.0,2023-05-15 00:00,3/122 от 15.05,Махачкала,Eurasian Trading,Caspian Sea Crude Oil 31.12.23.xlsx
2023-05,2023-05-14 00:00,Абай,Eurasian Trading,Titan Oil - Махачкала,нефть,6981.0,2023-05-15 00:00,"1/108, 2/108, 3/121 от 15.05.",Махачкала,Мобилекс,Caspian Sea Crude Oil 31.12.23.xlsx
2023-05,2023-05-15 00:00,Астана,TengizChevroil,KMG Trading,нефть,9419.0,2023-05-16 00:00,5/20 от 16.05,Сангачал,КМТФ,Caspian Sea Crude Oil 31.12.23.xlsx
2023-05,2023-05-16 00:00,Казахстан,Eurasian Trading,Titan Oil - Махачкала,нефть,6982.0,2023-05-17 00:00,"3/123, 4/8 от 16.05",Махачкала,Мобилекс,Caspian Sea Crude Oil 31.12.23.xlsx
2023-05,2023-05-16 00:00,Шуша,TengizChevroil,KMG Trading,нефть,9986.0,2023-05-17 00:00,5/21 от 17.05,Сангачал,ASCO,Caspian Sea Crude Oil 31.12.23.xlsx
2023-05,2023-05-17 00:00,Караганда,Eurasian Trading,Titan Oil - Махачкала,нефть,6478.0,2023-05-18 00:00,3/125 от 18.05,Махачкала,Eurasian Trading,Caspian Sea Crude Oil 31.12.23.xlsx
2023-05,2023-05-17 00:00,Алматы,Eurasian Trading,Titan Oil - Махачкала,нефть,6981.0,2023-05-18 00:00,3/125 от 18.05,Махачкала,Eurasian Trading,Caspian Sea Crude Oil 31.12.23.xlsx
2023-05,2023-05-18 00:00,Нафталан,Socar Trading,BNT-Sangachal,мазут,4500.0,2023-05-18 00:00,1/21 от 18.05,Сангачал,Сокар,Caspian Sea Crude Oil 31.12.23.xlsx
2023-05,2023-05-18 00:00,Костанай,Eurasian Trading,Titan Oil - Махачкала,нефть,6487.0,2023-05-19 00:00,"1/109, 2/109, 3/126 от 19.05.",Махачкала,Eurasian Trading,Caspian Sea Crude Oil 31.12.23.xlsx
2023-05,2023-05-18 00:00,Абай,Eurasian Trading,Titan Oil - Махачкала,нефть,6969.0,2023-05-20 00:00,"1/110, 2/110, 3/127, 3/128 от 19.05.",Махачкала,Мобилекс,Caspian Sea Crude Oil 31.12.23.xlsx
2023-05,2023-05-16 00:00,ТК Актау,TengizChevroil,KMG Trading,нефть,9353.0,2023-05-20 00:00,5/22  от 20.05.,Сангачал,КМТФ,Caspian Sea Crude Oil 31.12.23.xlsx
2023-05,2023-05-20 00:00,Казахстан,Eurasian Trading,Titan Oil - Махачкала,нефть,6496.0,2023-05-21 00:00,"1/111, 2/111, 3/129, 4/9 от 21.05.",Махачкала,Мобилекс,Caspian Sea Crude Oil 31.12.23.xlsx
2023-05,2023-05-20 00:00,Президент Гейдар Алиев,TengizChevroil,KMG Trading,нефть,9977.0,2023-05-22 00:00,5/23  от 21.05.,Сангачал,ASCO,Caspian Sea Crude Oil 31.12.23.xlsx
2023-05,2023-05-21 00:00,Алматы,Eurasian Trading,Titan Oil - Махачкала,нефть,6986.0,2023-05-24 00:00,"1/112, 2/112, 3/130, 3/131 от 24.05.",Махачкала,Eurasian Trading,Caspian Sea Crude Oil 31.12.23.xlsx
2023-05,2023-05-24 00:00,ТК Актау,TengizChevroil,KMG Trading,нефть,9360.0,2023-05-25 00:00,5/24  от 25.05.,Сангачал,КМТФ,Caspian Sea Crude Oil 31.12.23.xlsx
2023-05,2023-05-23 00:00,Нафталан,Socar Trading,BNT-Sangachal,мазут,4501.485,2023-05-26 00:00,1/22 от 26.05,Сангачал,Сокар,Caspian Sea Crude Oil 31.12.23.xlsx
2023-05,2023-05-21 00:00,Астана,TengizChevroil,KMG Trading,нефть,9354.0,2023-05-26 00:00,5/25 от 16.05,Сангачал,КМТФ,Caspian Sea Crude Oil 31.12.23.xlsx
2023-05,2023-05-27 00:00,Абай,Eurasian Trading,Titan Oil - Махачкала,нефть,6986.0,2023-05-28 00:00,"3/132, 3/133 от 28.05",Махачкала,Мобилекс,Caspian Sea Crude Oil 31.12.23.xlsx
2023-05,2023-05-26 00:00,Шуша,TengizChevroil,KMG Trading,нефть,9974.0,2023-05-27 00:00,5/26 от 28.05,Сангачал,ASCO,Caspian Sea Crude Oil 31.12.23.xlsx
2023-05,2023-05-28 00:00,ТК Актау,TengizChevroil,KMG Trading,нефть,8961.0,2023-05-31 00:00,5/27  от 31.05.,Сангачал,КМТФ,Caspian Sea Crude Oil 31.12.23.xlsx
2023-05,2023-05-28 00:00,Казахстан,Eurasian Trading,Titan Oil - Махачкала,нефть,5522.0,2023-05-31 00:00,3/134 от 31.05,Махачкала,Мобилекс,Caspian Sea Crude Oil 31.12.23.xlsx
2023-06,2023-05-28 00:00,Казахстан,Eurasian Trading,Titan Oil - Махачкала,нефть,1455.0,2023-05-31 00:00,3/135 от 01.06,Махачкала,Мобилекс,Caspian Sea Crude Oil 31.12.23.xlsx
2023-06,2023-05-28 00:00,Алматы,Eurasian Trading,Titan Oil - Махачкала,нефть,7190.0,2023-06-01 00:00,"1/113, 2/113, 3/136 от 01.06.",Махачкала,Eurasian Trading,Caspian Sea Crude Oil 31.12.23.xlsx
2023-06,2023-05-31 00:00,Абай,Eurasian Trading,Titan Oil - Махачкала,нефть,7184.0,2023-06-02 00:00,"1/114, 2/114, 3/137 от 01.06.",Махачкала,Мобилекс,Caspian Sea Crude Oil 31.12.23.xlsx
2023-06,2023-05-31 00:00,Костанай,Eurasian Trading,Titan Oil - Махачкала,нефть,6482.0,2023-06-03 00:00,"1/115, 2/115, 3/138 от 03.06.",Махачкала,Eurasian Trading,Caspian Sea Crude Oil 31.12.23.xlsx
2023-06,2023-06-02 00:00,Президент Гейдар Алиев,TengizChevroil,KMG Trading,нефть,9978.0,2023-06-03 00:00,5/28 от 03.06,Сангачал,ASCO,Caspian Sea Crude Oil 31.12.23.xlsx
2023-06,2023-06-02 00:00,Нафталан,Socar Trading,BNT-Sangachal,мазут,4500.236,2023-06-04 00:00,1/23 от 04.06,Сангачал,Сокар,Caspian Sea Crude Oil 31.12.23.xlsx
2023-06,2023-06-04 00:00,Караганда,Eurasian Trading,Titan Oil - Махачкала,нефть,6478.0,2023-06-05 00:00,"1/117, 2/117, 3/140 от 05.06.",Махачкала,Eurasian Trading,Caspian Sea Crude Oil 31.12.23.xlsx
2023-06,2023-06-04 00:00,Казахстан,Eurasian Trading,Titan Oil - Махачкала,нефть,7198.0,2023-06-05 00:00,"1/116, 2/116, 3/139 от 05.06.",Махачкала,Мобилекс,Caspian Sea Crude Oil 31.12.23.xlsx
2023-06,2023-06-04 00:00,Абай,Eurasian Trading,Titan Oil - Махачкала,нефть,7194.0,2023-06-06 00:00,"1/118, 2/118, 3/141 от 06.06.",Махачкала,Мобилекс,Caspian Sea Crude Oil 31.12.23.xlsx
2023-06,2023-06-04 00:00,Алматы,Eurasian Trading,Titan Oil - Махачкала,нефть,7173.0,2023-06-06 00:00,"1/119, 2/119, 3/142, 3/143 от 06.06.",Махачкала,Eurasian Trading,Caspian Sea Crude Oil 31.12.23.xlsx
2023-06,2023-06-06 00:00,Костанай,Eurasian Trading,Titan Oil - Махачкала,нефть,6476.0,2023-06-08 00:00,"1/120, 2/120, 3/144 от 07.06.",Махачкала,Eurasian Trading,Caspian Sea Crude Oil 31.12.23.xlsx
2023-06,2023-06-06 00:00,Шуша,TengizChevroil,KMG Trading,нефть,9969.0,2023-06-08 00:00,5/29 от 07.06,Сангачал,ASCO,Caspian Sea Crude Oil 31.12.23.xlsx
2023-06,2023-06-03 00:00,Астана,TengizChevroil,KMG Trading,нефть,9344.0,2023-06-09 00:00,5/30 от 08.06,Сангачал,КМТФ,Caspian Sea Crude Oil 31.12.23.xlsx
2023-06,2023-06-08 00:00,Казахстан,Eurasian Trading,Titan Oil - Махачкала,нефть,7175.0,2023-06-09 00:00,"1/121, 2/121, 3/145 от 09.06.",Махачкала,Мобилекс,Caspian Sea Crude Oil 31.12.23.xlsx
2023-06,2023-06-09 00:00,Абай,Eurasian Trading,Titan Oil - Махачкала,нефть,7175.0,2023-06-10 00:00,"1/122, 2/122, 3/146 от 10.06.",Махачкала,Мобилекс,Caspian Sea Crude Oil 31.12.23.xlsx
2023-06,2023-06-10 00:00,Алматы,Eurasian Trading,Titan Oil - Махачкала,нефть,7194.0,2023-06-11 00:00,"1/123, 2/123, 3/147 от 10.06.",Махачкала,Eurasian Trading,Caspian Sea Crude Oil 31.12.23.xlsx
2023-06,2023-06-10 00:00,Президент Гейдар Алиев,TengizChevroil,KMG Trading,нефть,9976.0,2023-06-11 00:00,5/31 от 11.06,Сангачал,ASCO,Caspian Sea Crude Oil 31.12.23.xlsx
2023-06,2023-06-01 00:00,Мелиана,Socar Trading,BNT-Sangachal,мазут,2112.559,2023-06-11 00:00,1/24 от 11.06,Сангачал,Сокар,Caspian Sea Crude Oil 31.12.23.xlsx
2023-06,2023-06-04 00:00,ТК Актау,Socar Trading,Total-Sangachal,нефть,9351.0,2023-06-12 00:00,3/29 от 12.06,Сангачал,КМТФ,Caspian Sea Crude Oil 31.12.23.xlsx
2023-06,2023-06-13 00:00,Астана,TengizChevroil,KMG Trading,нефть,9354.0,2023-06-14 00:00,5/32 от 13.06,Сангачал,КМТФ,Caspian Sea Crude Oil 31.12.23.xlsx
2023-06,2023-06-14 00:00,Костанай,Eurasian Trading,Titan Oil - Махачкала,нефть,6485.0,2023-06-15 00:00,"1/124, 2/124, 3/148 от 15.06.",Махачкала,Eurasian Trading,Caspian Sea Crude Oil 31.12.23.xlsx
2023-06,2023-06-14 00:00,Казахстан,Eurasian Trading,Titan Oil - Махачкала,нефть,7196.0,2023-06-15 00:00,"1/125, 2/125, 3/149 от 15.06.",Махачкала,Мобилекс,Caspian Sea Crude Oil 31.12.23.xlsx
2023-06,2023-06-15 00:00,Шуша,TengizChevroil,KMG Trading,нефть,9789.0,2023-06-16 00:00,5/33 от 16.06,Сангачал,ASCO,Caspian Sea Crude Oil 31.12.23.xlsx
2023-06,2023-06-15 00:00,Абай,Eurasian Trading,Titan Oil - Махачкала,нефть,7187.0,2023-06-16 00:00,"1/126, 2/126, 3/150 от 16.06.",Махачкала,Мобилекс,Caspian Sea Crude Oil 31.12.23.xlsx
2023-06,2023-06-16 00:00,Алматы,Eurasian Trading,Titan Oil - Махачкала,нефть,7183.0,2023-06-16 00:00,"1/127, 2/127, 3/151 от 16.06.",Махачкала,Eurasian Trading,Caspian Sea Crude Oil 31.12.23.xlsx
2023-06,2023-06-16 00:00,ТК Актау,Socar Trading,KMG Trading,нефть,9406.0,2023-06-18 00:00,5/34 от 18.06,Сангачал,КМТФ,Caspian Sea Crude Oil 31.12.23.xlsx
2023-06,2023-06-18 00:00,Казахстан,Eurasian Trading,Titan Oil - Махачкала,нефть,7183.0,2023-06-19 00:00,"1/129, 2/129, 3/153 от 19.06.",Махачкала,Мобилекс,Caspian Sea Crude Oil 31.12.23.xlsx
2023-06,2023-06-17 00:00,Нафталан,Socar Trading,BNT-Sangachal,мазут,4510.0,2023-06-19 00:00,1/25 от 19.06,Сангачал,Сокар,Caspian Sea Crude Oil 31.12.23.xlsx
2023-06,2023-06-18 00:00,Костанай,Eurasian Trading,Titan Oil - Махачкала,нефть,6491.0,2023-06-19 00:00,"1/128, 2/128, 3/152 от 19.06.",Махачкала,Eurasian Trading,Caspian Sea Crude Oil 31.12.23.xlsx
2023-06,2023-06-19 00:00,Абай,Eurasian Trading,Titan Oil - Махачкала,нефть,7172.0,2023-06-20 00:00,"1/131, 2/131, 3/155 от 19.06.",Махачкала,Мобилекс,Caspian Sea Crude Oil 31.12.23.xlsx
2023-06,2023-06-18 00:00,Астана,Eurasian Trading,Titan Oil - Махачкала,нефть,7019.0,2023-06-21 00:00,"1/130, 2/130, 3/154 от 20.06.",Махачкала,КМТФ,Caspian Sea Crude Oil 31.12.23.xlsx
2023-06,2023-06-20 00:00,Шуша,TengizChevroil,KMG Trading,нефть,9969.0,2023-06-21 00:00,5/35 от 21.06,Сангачал,ASCO,Caspian Sea Crude Oil 31.12.23.xlsx
2023-06,2023-06-20 00:00,Алматы,Eurasian Trading,Titan Oil - Махачкала,нефть,7187.0,2023-06-21 00:00,"1/132, 2/132, 3/156, 4/10 от 21.06.",Махачкала,Eurasian Trading,Caspian Sea Crude Oil 31.12.23.xlsx
2023-06,2023-06-22 00:00,Казахстан,Eurasian Trading,Titan Oil - Махачкала,нефть,7192.0,2023-06-22 00:00,"1/133, 2/133, 3/157 от 22.06.",Махачкала,Мобилекс,Caspian Sea Crude Oil 31.12.23.xlsx
2023-06,2023-06-23 00:00,Абай,Eurasian Trading,Titan Oil - Махачкала,нефть,7180.0,2023-06-23 00:00,"1/134, 2/134, 3/158, 3/159 от 23.06.",Махачкала,Мобилекс,Caspian Sea Crude Oil 31.12.23.xlsx
2023-06,2023-06-22 00:00,ТК Актау,Socar Trading,KMG Trading,нефть,9359.0,2023-06-24 00:00,5/36 от 24.06,Сангачал,КМТФ,Caspian Sea Crude Oil 31.12.23.xlsx
2023-06,2023-06-24 00:00,Алматы,Eurasian Trading,Titan Oil - Махачкала,нефть,7182.0,2023-06-25 00:00,"1/135, 2/135, 3/160, 3/161 от 25.06.",Махачкала,Eurasian Trading,Caspian Sea Crude Oil 31.12.23.xlsx
2023-06,2023-06-25 00:00,Казахстан,Eurasian Trading,Titan Oil - Махачкала,нефть,7190.0,2023-06-27 00:00,"1/136, 2/136, 3/162, 4/11 от 26.06.",Махачкала,Мобилекс,Caspian Sea Crude Oil 31.12.23.xlsx
2023-06,2023-06-26 00:00,Шуша,TengizChevroil,KMG Trading,нефть,9986.0,2023-06-27 00:00,5/37 от 26.06,Сангачал,ASCO,Caspian Sea Crude Oil 31.12.23.xlsx
2023-06,2023-06-24 00:00,Астана,TengizChevroil,KMG Trading,нефть,3189.0,2023-06-30 00:00,"3/32, 3/31 от 29.06",Сангачал,КМТФ,Caspian Sea Crude Oil 31.12.23.xlsx
2023-06,2023-06-30 00:00,Президент Гейдар Алиев,TengizChevroil,KMG Trading,нефть,9976.0,2023-07-01 00:00,5/38 от 30.06,Сангачал,ASCO,Caspian Sea Crude Oil 31.12.23.xlsx
2023-06,2023-06-28 00:00,Алматы,Eurasian Trading,Titan Oil - Махачкала,нефть,2548.0,2023-07-01 00:00,3/163 от 30.06.,Махачкала,Eurasian Trading,Caspian Sea Crude Oil 31.12.23.xlsx
2023-07,2023-06-28 00:00,Алматы,Eurasian Trading,Titan Oil - Махачкала,нефть,4634.0,2023-07-01 00:00,3/164 от 01.07,Махачкала,Eurasian Trading,Caspian Sea Crude Oil 31.12.23.xlsx
2023-07,2023-06-30 00:00,Казахстан,Eurasian Trading,Titan Oil - Махачкала,нефть,7175.0,2023-07-02 00:00,"1/137, 2/137, 3/165 от 02.07.",Махачкала,Мобилекс,Caspian Sea Crude Oil 31.12.23.xlsx
2023-07,2023-06-28 00:00,ТК Актау,Eurasian Trading,Titan Oil - Махачкала,нефть,7187.0,2023-07-03 00:00,"1/138, 2/138, 3/166 от 03.07.",Махачкала,КМТФ,Caspian Sea Crude Oil 31.12.23.xlsx
2023-07,2023-07-02 00:00,Kurush,Eurasian Trading,Titan Oil - Махачкала,нефть,6487.0,2023-07-04 00:00,"1/139, 2/139, 3/167 от 04.07.",Махачкала,Eurasian Trading,Caspian Sea Crude Oil 31.12.23.xlsx
2023-07,2023-07-03 00:00,Астана,TengizChevroil,KMG Trading,нефть,9362.0,2023-07-04 00:00,5/39 от 04.07,Сангачал,КМТФ,Caspian Sea Crude Oil 31.12.23.xlsx
2023-07,2023-07-04 00:00,Алматы,Eurasian Trading,Titan Oil - Махачкала,нефть,7186.0,2023-07-05 00:00,"1/140, 2/140, 3/168 от 05.07.",Махачкала,Eurasian Trading,Caspian Sea Crude Oil 31.12.23.xlsx
2023-07,2023-07-05 00:00,Президент Гейдар Алиев,TengizChevroil,KMG Trading,нефть,9984.0,2023-07-06 00:00,5/40 от 06.07,Сангачал,ASCO,Caspian Sea Crude Oil 31.12.23.xlsx
2023-07,2023-07-05 00:00,Казахстан,Eurasian Trading,Titan Oil - Махачкала,нефть,7177.0,2023-07-06 00:00,"1/141, 2/141, 3/169 от 06.07.",Махачкала,Мобилекс,Caspian Sea Crude Oil 31.12.23.xlsx
2023-07,2023-07-07 00:00,Kurush,Eurasian Trading,Titan Oil - Махачкала,нефть,6492.0,2023-07-08 00:00,"1/142, 2/142, 3/170 от 08.07.",Махачкала,Eurasian Trading,Caspian Sea Crude Oil 31.12.23.xlsx
2023-07,2023-07-06 00:00,ТК Актау,TengizChevroil,KMG Trading,нефть,9361.0,2023-07-08 00:00,5/41 от 08.07,Сангачал,КМТФ,Caspian Sea Crude Oil 31.12.23.xlsx
2023-07,2023-07-08 00:00,Астана,Eurasian Trading,Titan Oil - Махачкала,нефть,7171.0,2023-07-09 00:00,"1/143, 2/143, 3/171, 172 от 08.07.",Махачкала,КМТФ,Caspian Sea Crude Oil 31.12.23.xlsx
2023-07,2023-07-08 00:00,Алматы,Eurasian Trading,Titan Oil - Махачкала,нефть,7176.0,2023-07-09 00:00,"1/144, 2/144, 3/173 от 09.07.",Махачкала,Eurasian Trading,Caspian Sea Crude Oil 31.12.23.xlsx
2023-07,2023-07-09 00:00,Казахстан,Eurasian Trading,Titan Oil - Махачкала,нефть,7185.0,2023-07-10 00:00,"1/145, 2/145, 3/174 от 10.07.",Махачкала,Мобилекс,Caspian Sea Crude Oil 31.12.23.xlsx
2023-07,2023-07-10 00:00,Джаббар Гашимов,TengizChevroil,KMG Trading,нефть,9424.0,2023-07-11 00:00,5/42 от 11.07,Сангачал,ASCO,Caspian Sea Crude Oil 31.12.23.xlsx
2023-07,2023-07-12 00:00,Kurush,Eurasian Trading,Titan Oil - Махачкала,нефть,6486.0,2023-07-13 00:00,"1/146, 2/146, 3/175 от 13.07.",Махачкала,Eurasian Trading,Caspian Sea Crude Oil 31.12.23.xlsx
2023-07,2023-07-12 00:00,ТК Актау,TengizChevroil,KMG Trading,нефть,9355.0,2023-07-13 00:00,5/43 от 13.07,Сангачал,КМТФ,Caspian Sea Crude Oil 31.12.23.xlsx
2023-07,2023-07-13 00:00,Алматы,Eurasian Trading,Titan Oil - Махачкала,нефть,7183.0,2023-07-14 00:00,"1/147, 2/147 3/176 от 14.07.",Махачкала,Eurasian Trading,Caspian Sea Crude Oil 31.12.23.xlsx
2023-07,2023-07-13 00:00,Казахстан,Eurasian Trading,Titan Oil - Махачкала,нефть,7186.0,2023-07-14 00:00,"1/148, 2/148, 3/177 от 14.07.",Махачкала,Мобилекс,Caspian Sea Crude Oil 31.12.23.xlsx
2023-07,2023-07-15 00:00,Президент Гейдар Алиев,TengizChevroil,KMG Trading,нефть,9977.0,2023-06-16 00:00,5/44 от 15.07,Сангачал,ASCO,Caspian Sea Crude Oil 31.12.23.xlsx
2023-07,2023-07-16 00:00,Kurush,Eurasian Trading,Titan Oil - Махачкала,нефть,6482.0,2023-07-17 00:00,"1/149, 2/149, 3/178 от 17.07.",Махачкала,Eurasian Trading,Caspian Sea Crude Oil 31.12.23.xlsx
2023-07,2023-07-12 00:00,Астана,TengizChevroil,KMG Trading,нефть,9328.0,2023-07-18 00:00,5/45 от 18.07.,Сангачал,КМТФ,Caspian Sea Crude Oil 31.12.23.xlsx
2023-07,2023-07-17 00:00,Казахстан,Eurasian Trading,Titan Oil - Махачкала,нефть,7169.0,2023-07-19 00:00,"1/151, 2/151, 3/180 от 18.07",Махачкала,Мобилекс,Caspian Sea Crude Oil 31.12.23.xlsx
2023-07,2023-07-17 00:00,Алматы,Eurasian Trading,Titan Oil - Махачкала,нефть,7170.0,2023-07-18 00:00,"1/150, 2/150, 3/179 от 18.07.",Махачкала,Eurasian Trading,Caspian Sea Crude Oil 31.12.23.xlsx
2023-07,2023-07-18 00:00,ТК Актау,Eurasian Trading,Titan Oil - Махачкала,нефть,7186.0,2023-07-19 00:00,"1/152, 2/152, 3/181 от 19.07",Махачкала,КМТФ,Caspian Sea Crude Oil 31.12.23.xlsx
2023-07,2023-06-05 00:00,Мелиана,Socar Trading,BNT-Sangachal,мазут,2145.703,2023-06-20 00:00,1/28 от 20.07,Сангачал,SOCAR,Caspian Sea Crude Oil 31.12.23.xlsx
2023-07,2023-07-20 00:00,Шуша,TengizChevroil,KMG Trading,нефть,9979.0,2023-07-21 00:00,5/46 от 21.07,Сангачал,ASCO,Caspian Sea Crude Oil 31.12.23.xlsx
2023-07,2023-07-20 00:00,Kurush,Eurasian Trading,Titan Oil - Махачкала,нефть,6480.0,2023-07-21 00:00,"1/153, 2/153, 3/182 от 21.07.",Махачкала,Eurasian Trading,Caspian Sea Crude Oil 31.12.23.xlsx
2023-07,2023-07-18 00:00,Нафталан,Socar Trading,BNT-Sangachal,нефть,4528.705,2023-07-22 00:00,1/29 от 22.07,Сангачал,Сокар,Caspian Sea Crude Oil 31.12.23.xlsx
2023-07,2023-07-21 00:00,Алматы,Eurasian Trading,Titan Oil - Махачкала,нефть,7170.0,2023-07-22 00:00,"1/154, 2/154, 3/183,3/184, 3/185 от 22.07.",Махачкала,Eurasian Trading,Caspian Sea Crude Oil 31.12.23.xlsx
2023-07,2023-07-21 00:00,Казахстан,Eurasian Trading,Titan Oil - Махачкала,нефть,7177.0,2023-07-22 00:00,"1/155, 2/155, 3/186 от 22.07.",Махачкала,Мобилекс,Caspian Sea Crude Oil 31.12.23.xlsx
2023-07,2023-07-22 00:00,ТК Актау,Eurasian Trading,Titan Oil - Махачкала,нефть,7179.0,2023-07-23 00:00,"1/156, 2/156, 3/187 от 23.07",Махачкала,КМТФ,Caspian Sea Crude Oil 31.12.23.xlsx
2023-07,2023-07-22 00:00,Астана,TengizChevroil,KMG Trading,нефть,9342.0,2023-07-23 00:00,5/47 от 23.07.,Сангачал,КМТФ,Caspian Sea Crude Oil 31.12.23.xlsx
2023-07,2023-07-24 00:00,Kurush,Eurasian Trading,Titan Oil - Махачкала,нефть,6489.0,2023-07-25 00:00,"1/157, 2/157, 3/188 от т 25.07.",Махачкала,Eurasian Trading,Caspian Sea Crude Oil 31.12.23.xlsx
2023-07,2023-07-25 00:00,Алматы,Eurasian Trading,Titan Oil - Махачкала,нефть,7185.0,2023-07-25 00:00,"1/158, 2/158, 3/189, 4/13 от 26.07.",Махачкала,Eurasian Trading,Caspian Sea Crude Oil 31.12.23.xlsx
2023-07,2023-07-25 00:00,Казахстан,Eurasian Trading,Titan Oil - Махачкала,нефть,7207.0,2023-07-27 00:00,"1/159, 2/159, 3/190 от 27.07.",Махачкала,Мобилекс,Caspian Sea Crude Oil 31.12.23.xlsx
2023-07,2023-07-27 00:00,Президент Гейдар Алиев,TengizChevroil,KMG Trading,нефть,9972.0,2023-06-28 00:00,5/48 от 28.07,Сангачал,ASCO,Caspian Sea Crude Oil 31.12.23.xlsx
2023-07,2023-07-26 00:00,ТК Актау,TengizChevroil,KMG Trading,нефть,9364.0,2023-07-30 00:00,5/49 от 29.07,Сангачал,КМТФ,Caspian Sea Crude Oil 31.12.23.xlsx
2023-07,2023-07-30 00:00,Kurush,Eurasian Trading,Titan Oil - Махачкала,нефть,6472.0,2023-08-01 00:00,"2/191, 3/191 от т 30.07.",Махачкала,Eurasian Trading,Caspian Sea Crude Oil 31.12.23.xlsx
2023-07,2023-07-28 14:30,Астана,Socar Trading,TOTAL-Сангачал,нефть,9331.0,2023-07-30 03:10,3/34 от 29.07.23,Сангачал,КМТФ,Caspian Sea Crude Oil 31.12.23.xlsx
2023-08,2023-07-30 00:00,Казахстан,Eurasian Trading,Titan Oil - Махачкала,нефть,7182.0,2023-08-01 00:00,"1/161, 2/161, 3/194 от 01.08",Махачкала,Мобилекс,Caspian Sea Crude Oil 31.12.23.xlsx
2023-08,2023-07-30 00:00,Алматы,Eurasian Trading,Titan Oil - Махачкала,нефть,7186.0,2023-08-02 00:00,"1/160, 2/160, 3/193 от 01.08.",Махачкала,КМТФ,Caspian Sea Crude Oil 31.12.23.xlsx
2023-08,2023-08-02 00:00,Президент Гейдар Алиев,TengizChevroil,KMG Trading,нефть,9972.0,2023-08-02 00:00,5/50 от 02.08.23,Сангачал,ASCO,Caspian Sea Crude Oil 31.12.23.xlsx
2023-08,2023-08-03 00:00,ТК Актау,Eurasian Trading,Titan Oil - Махачкала,нефть,7182.0,2023-08-03 00:00,1/162; 2/162; 3/195 от 03.08,Махачкала,КМТФ,Caspian Sea Crude Oil 31.12.23.xlsx
2023-08,2023-08-05 00:00,Казахстан,Eurasian Trading,Titan Oil - Махачкала,нефть,7188.0,2023-08-06 00:00,1/164; 2/164; 3/197 от 05.08,Махачкала,Мобилекс,Caspian Sea Crude Oil 31.12.23.xlsx
2023-08,2023-08-04 00:00,Kurush,Eurasian Trading,Titan Oil - Махачкала,нефть,6579.0,2023-08-06 00:00,"1/163, 2/163, 3/196 от т 06.08.",Махачкала,Eurasian Trading,Caspian Sea Crude Oil 31.12.23.xlsx
2023-08,2023-08-05 00:00,Алматы,Eurasian Trading,Titan Oil - Махачкала,нефть,50295.0,2023-08-06 00:00,1/165; 2/165; 3/198 от 06.08,Махачкала,Eurasian Trading,Caspian Sea Crude Oil 31.12.23.xlsx
2023-08,2023-08-06 00:00,ТК Актау,Eurasian Trading,Titan Oil - Махачкала,нефть,7182.0,2023-08-06 00:00,1/166; 2/166; 3/199 от 06.08,Махачкала,КМТФ,Caspian Sea Crude Oil 31.12.23.xlsx
2023-08,2023-08-06 00:00,Астана,TengizChevroil,KMG Trading,нефть,9392.0,2023-08-07 00:00,5/51 от 07.08.23,Сангачал,КМТФ,Caspian Sea Crude Oil 31.12.23.xlsx
2023-08,2023-08-08 00:00,Казахстан,Eurasian Trading,Titan Oil - Махачкала,нефть,7195.0,2023-08-09 00:00,1/167; 2/167; 3/202 от 09.08,Махачкала,Мобилекс,Caspian Sea Crude Oil 31.12.23.xlsx
2023-08,2023-08-09 00:00,Алматы,Eurasian Trading,Titan Oil - Махачкала,нефть,50304.0,2023-08-10 00:00,1/168; 2/168; 3/201 от 06.08,Махачкала,Eurasian Trading,Caspian Sea Crude Oil 31.12.23.xlsx
2023-08,2023-08-09 00:00,Kurush,Eurasian Trading,Titan Oil - Махачкала,нефть,6476.0,2023-08-10 00:00,"1/169, 2/169, 3/202 от т 10.08.",Махачкала,Eurasian Trading,Caspian Sea Crude Oil 31.12.23.xlsx
2023-08,2023-08-10 00:00,Шуша,TengizChevroil,KMG Trading,нефть,9977.0,2023-08-11 00:00,5/52 от 11.08,Сангачал,ASCO,Caspian Sea Crude Oil 31.12.23.xlsx
2023-08,2023-08-09 00:00,ТК Актау,TengizChevroil,KMG Trading,нефть,9333.0,2023-08-13 00:00,5/53 от 13.08,Сангачал,КМТФ,Caspian Sea Crude Oil 31.12.23.xlsx
2023-08,2023-08-13 00:00,Алматы,Eurasian Trading,Titan Oil - Махачкала,нефть,50297.0,2023-08-14 00:00,1/170; 2/170; 3/203 от 13.08,Махачкала,Eurasian Trading,Caspian Sea Crude Oil 31.12.23.xlsx
2023-08,2023-08-13 00:00,Казахстан,Eurasian Trading,Titan Oil - Махачкала,нефть,7173.0,2023-08-14 00:00,1/172; 2/172; 3/205 от 14.08,Махачкала,Мобилекс,Caspian Sea Crude Oil 31.12.23.xlsx
2023-08,2023-08-14 00:00,Kurush,Eurasian Trading,Titan Oil - Махачкала,нефть,6486.0,2023-08-15 00:00,"1/171, 2/171, 3/204 от т 15.08.",Махачкала,Eurasian Trading,Caspian Sea Crude Oil 31.12.23.xlsx
2023-08,2023-08-16 00:00,Шуша,TengizChevroil,KMG Trading,нефть,10001.0,2023-08-17 00:00,5/54; 5/55 от 17.08,Сангачал,ASCO,Caspian Sea Crude Oil 31.12.23.xlsx
2023-08,2023-08-16 00:00,Алматы,Eurasian Trading,Titan Oil - Махачкала,нефть,50303.0,2023-08-17 00:00,1/173; 2/173; 3/206 от 17.08,Махачкала,Eurasian Trading,Caspian Sea Crude Oil 31.12.23.xlsx
2023-08,2023-08-18 00:00,Казахстан,Eurasian Trading,Titan Oil - Махачкала,нефть,7172.0,2023-08-18 00:00,1/174; 2/174; 3/207 от 18.08,Махачкала,Мобилекс,Caspian Sea Crude Oil 31.12.23.xlsx
2023-08,2023-08-14 00:00,Naftalan,Socar Trading,BNT-Sangachal,нефть,4500.0,2023-08-19 00:00,1/31 от 19.08,Сангачал,SOCAR,Caspian Sea Crude Oil 31.12.23.xlsx
2023-08,2023-08-20 00:00,Kurush,Eurasian Trading,Titan Oil - Махачкала,нефть,6479.0,2023-08-21 00:00,1/175; 2/175; 3/208 от т 21.08.,Махачкала,Eurasian Trading,Caspian Sea Crude Oil 31.12.23.xlsx
2023-08,2023-08-21 00:00,Алматы,Eurasian Trading,Titan Oil - Махачкала,нефть,50300.0,2023-08-22 00:00,1/176; 2/1176; 3/209 от 21.08,Махачкала,Eurasian Trading,Caspian Sea Crude Oil 31.12.23.xlsx
2023-08,2023-08-24 00:00,Kurush,Eurasian Trading,Titan Oil - Махачкала,нефть,6475.0,2023-08-25 00:00,1/177; 2/177; 3/210 от т 24.08.,Махачкала,Eurasian Trading,Caspian Sea Crude Oil 31.12.23.xlsx
2023-08,2023-08-24 00:00,Алматы,Eurasian Trading,Titan Oil - Махачкала,нефть,50331.0,2023-08-27 00:00,1/178; 2/178; 3/211; 3/212; 4/14 от 25.08,Махачкала,Eurasian Trading,Caspian Sea Crude Oil 31.12.23.xlsx
2023-08,2023-08-26 00:00,Караганда,Eurasian Trading,Titan Oil - Махачкала,нефть,6456.0,2023-08-26 00:00,"1/179, 2/179, 3/213 от т 27.08.",Махачкала,Eurasian Trading,Caspian Sea Crude Oil 31.12.23.xlsx
2023-08,2023-08-24 00:00,Kurush,Eurasian Trading,Titan Oil - Махачкала,нефть,6483.0,2023-08-25 00:00,1/180; 2/180 от т 28.08.,Махачкала,Eurasian Trading,Caspian Sea Crude Oil 31.12.23.xlsx
2023-08,2023-08-28 00:00,Казахстан,Eurasian Trading,Titan Oil - Махачкала,нефть,7172.0,2023-08-30 00:00,1/181; 2/181; 3/214; 3/215; 3/216; 4/14 от 29.08,Махачкала,Мобилекс,Caspian Sea Crude Oil 31.12.23.xlsx
2023-09,2023-08-28 00:00,Алматы,Eurasian Trading,Titan Oil - Махачкала,нефть,7181.0,2023-09-01 00:00,2/217; 3/218от 01.09,Махачкала,Eurasian Trading,Caspian Sea Crude Oil 31.12.23.xlsx
2023-09,2023-08-25 00:00,ТК Актау,TengizChevroil,KMG Trading,нефть,9515.0,2023-09-01 00:00,5/56 от 01.09,Сангачал,КМТФ,Caspian Sea Crude Oil 31.12.23.xlsx
2023-09,2023-08-31 00:00,Kurush,Eurasian Trading,Titan Oil - Махачкала,нефть,6484.0,2023-09-01 00:00,1/182; 2/182; 3/219 от 01.09,Махачкала,Eurasian Trading,Caspian Sea Crude Oil 31.12.23.xlsx
2023-09,2023-08-30 00:00,Караганда,Eurasian Trading,Titan Oil - Махачкала,нефть,6479.0,2023-09-02 00:00,"1/183, 2/183, 3/220 от т 02.09",Махачкала,Eurasian Trading,Caspian Sea Crude Oil 31.12.23.xlsx
2023-09,2023-09-02 00:00,Казахстан,Eurasian Trading,Titan Oil - Махачкала,нефть,7185.0,2023-09-02 00:00,1/184; 2/184; 3/221 от 02.09,Махачкала,Мобилекс,Caspian Sea Crude Oil 31.12.23.xlsx
2023-09,2023-09-02 00:00,Президент Гейдар Алиев,TengizChevroil,KMG Trading,нефть,9975.0,2023-09-03 00:00,5/57 от 03.09,Сангачал,ASCO,Caspian Sea Crude Oil 31.12.23.xlsx
2023-09,2023-09-04 00:00,Алматы,Eurasian Trading,Titan Oil - Махачкала,нефть,50302.0,2023-09-05 00:00,1/185; 2/185; 3/222 от 04.09,Махачкала,Eurasian Trading,Caspian Sea Crude Oil 31.12.23.xlsx
2023-09,2023-09-04 00:00,Kurush,Eurasian Trading,Titan Oil - Махачкала,нефть,6487.0,2023-09-05 00:00,1/186; 2/186; 3/223 от 05.09.,Махачкала,Eurasian Trading,Caspian Sea Crude Oil 31.12.23.xlsx
2023-09,2023-09-04 00:00,Шуша,TengizChevroil,KMG Trading,нефть,10007.0,2023-09-06 00:00,5/58 от 05.09,Сангачал,ASCO,Caspian Sea Crude Oil 31.12.23.xlsx
2023-09,2023-09-06 00:00,Караганда,Eurasian Trading,Titan Oil - Махачкала,нефть,6479.0,2023-09-07 00:00,"1/187, 2/187, 3/224 от т 07.09",Махачкала,Eurasian Trading,Caspian Sea Crude Oil 31.12.23.xlsx
2023-09,2023-09-05 00:00,ТК Актау,TengizChevroil,KMG Trading,нефть,9502.0,2023-09-07 00:00,5/59 от 07.09,Сангачал,КМТФ,Caspian Sea Crude Oil 31.12.23.xlsx
2023-09,2023-09-07 00:00,Казахстан,Eurasian Trading,Titan Oil - Махачкала,нефть,7177.0,2023-09-08 00:00,1/188; 2/188; 3/225 от 08.09,Махачкала,Мобилекс,Caspian Sea Crude Oil 31.12.23.xlsx
2023-09,2023-09-08 00:00,Президент Гейдар Алиев,TengizChevroil,KMG Trading,нефть,9979.0,2023-09-09 00:00,5/60 от 09.09,Сангачал,ASCO,Caspian Sea Crude Oil 31.12.23.xlsx
2023-09,2023-09-10 00:00,Kurush,Eurasian Trading,Titan Oil - Махачкала,нефть,6483.0,2023-09-10 00:00,1/189; 2/189; 3/226 от 10.09.,Махачкала,Eurasian Trading,Caspian Sea Crude Oil 31.12.23.xlsx
2023-09,2023-09-09 00:00,Шуша,TengizChevroil,KMG Trading,нефть,10011.0,2023-09-12 00:00,5/58 от 05.09,Сангачал,ASCO,Caspian Sea Crude Oil 31.12.23.xlsx
2023-09,2023-09-11 00:00,Караганда,Eurasian Trading,Titan Oil - Махачкала,нефть,6468.0,2023-09-12 00:00,"1/190, 2/190, 3/227 от 12.09",Махачкала,Eurasian Trading,Caspian Sea Crude Oil 31.12.23.xlsx
2023-09,2023-09-12 00:00,Казахстан,Eurasian Trading,Titan Oil - Махачкала,нефть,7179.0,2023-09-12 00:00,1/191; 2/191; 3/228 от 12.09,Махачкала,Мобилекс,Caspian Sea Crude Oil 31.12.23.xlsx
2023-09,2023-09-12 00:00,Алматы,Eurasian Trading,Titan Oil - Махачкала,нефть,49748.0,2023-09-13 00:00,1/192; 2/192; 3/229 от 13.09,Махачкала,Eurasian Trading,Caspian Sea Crude Oil 31.12.23.xlsx
2023-09,2023-09-12 00:00,ТК Актау,TengizChevroil,KMG Trading,нефть,9516.0,2023-09-13 00:00,5/62 от 13.09,Сангачал,КМТФ,Caspian Sea Crude Oil 31.12.23.xlsx
2023-09,2023-08-28 00:00,Naftalan,Socar Trading,BNT-Sangachal,нефть,4514.0,2023-09-14 00:00,1/32 от 14.09,Сангачал,SOCAR,Caspian Sea Crude Oil 31.12.23.xlsx
2023-09,2023-09-14 00:00,Kurush,Eurasian Trading,Titan Oil - Махачкала,нефть,6484.0,2023-09-15 00:00,4/16; 3/230; 2/193; 1/193 от 15.09.,Махачкала,Eurasian Trading,Caspian Sea Crude Oil 31.12.23.xlsx
2023-09,2023-09-15 00:00,Караганда,Eurasian Trading,Titan Oil - Махачкала,нефть,6480.0,2023-09-16 00:00,"1/194, 2/194, 3/231 от 15.09",Махачкала,Eurasian Trading,Caspian Sea Crude Oil 31.12.23.xlsx
2023-09,2023-09-15 00:00,Казахстан,Eurasian Trading,Titan Oil - Махачкала,нефть,7187.0,2023-09-16 00:00,1/195; 2/195; 3/232 от 16.09,Махачкала,Мобилекс,Caspian Sea Crude Oil 31.12.23.xlsx
2023-09,2023-09-16 00:00,Алматы,Eurasian Trading,Titan Oil - Махачкала,нефть,50304.0,2023-09-16 00:00,1/196; 2/196; 3/233 от 16.09,Махачкала,Eurasian Trading,Caspian Sea Crude Oil 31.12.23.xlsx
2023-09,2023-09-16 00:00,Шуша,TengizChevroil,KMG Trading,нефть,9997.0,2023-09-17 00:00,5/63 от 17.09,Сангачал,ASCO,Caspian Sea Crude Oil 31.12.23.xlsx
2023-09,2023-09-18 00:00,Kurush,Eurasian Trading,Titan Oil - Махачкала,нефть,6481.0,2023-09-19 00:00,3/235; 2/198; 1/198 от 19.09.,Махачкала,Eurasian Trading,Caspian Sea Crude Oil 31.12.23.xlsx
2023-09,2023-09-18 00:00,Костанай,Eurasian Trading,Titan Oil - Махачкала,нефть,6483.0,2023-09-19 00:00,"1/197, 2/197, 3/234 от 19.09.",Махачкала,Eurasian Trading,Caspian Sea Crude Oil 31.12.23.xlsx
2023-09,2023-09-18 00:00,ТК Актау,TengizChevroil,KMG Trading,нефть,9452.0,2023-09-19 00:00,5/64 от 19.09,Сангачал,КМТФ,Caspian Sea Crude Oil 31.12.23.xlsx
2023-09,2023-09-18 00:00,Караганда,Eurasian Trading,Titan Oil - Махачкала,нефть,6488.0,2023-09-20 00:00,"1/199, 2/199, 3/236 от 19.09",Махачкала,Eurasian Trading,Caspian Sea Crude Oil 31.12.23.xlsx
2023-09,2023-09-20 00:00,Казахстан,Eurasian Trading,Titan Oil - Махачкала,нефть,7193.0,2023-09-20 00:00,1/200; 2/200; 3/237 от 20.09,Махачкала,Мобилекс,Caspian Sea Crude Oil 31.12.23.xlsx
2023-09,2023-09-20 00:00,Президент Гейдар Алиев,TengizChevroil,KMG Trading,нефть,10011.0,2023-09-21 00:00,5/65 от 21.09,Сангачал,ASCO,Caspian Sea Crude Oil 31.12.23.xlsx
2023-09,2023-09-22 00:00,Kurush,Eurasian Trading,Titan Oil - Махачкала,нефть,6488.0,2023-09-23 00:00,3/238; 2/201; 1/201 от 23.09.,Махачкала,Eurasian Trading,Caspian Sea Crude Oil 31.12.23.xlsx
2023-09,2023-09-22 00:00,Костанай,Eurasian Trading,Titan Oil - Махачкала,нефть,6484.0,2023-09-23 00:00,"1/202, 2/202, 3/239 от 23.09.",Махачкала,Eurasian Trading,Caspian Sea Crude Oil 31.12.23.xlsx
2023-09,2023-09-22 00:00,Шуша,TengizChevroil,KMG Trading,нефть,9990.0,2023-09-23 00:00,5/66 от 23.09,Сангачал,ASCO,Caspian Sea Crude Oil 31.12.23.xlsx
2023-09,2023-09-23 00:00,Караганда,Eurasian Trading,Titan Oil - Махачкала,нефть,6484.0,2023-09-24 00:00,1/203; 2/203; 3/240 от 23.09,Махачкала,Eurasian Trading,Caspian Sea Crude Oil 31.12.23.xlsx
2023-09,2023-09-23 00:00,Казахстан,Eurasian Trading,Titan Oil - Махачкала,нефть,6188.0,2023-09-24 00:00,1/204; 3/242; 3/241 от 23.09,Махачкала,Мобилекс,Caspian Sea Crude Oil 31.12.23.xlsx
2023-09,2023-09-24 00:00,Джаббар Хашимов,TengizChevroil,KMG Trading,нефть,9284.0,2023-09-25 00:00,5/67 от 25.09,Сангачал,ASCO,Caspian Sea Crude Oil 31.12.23.xlsx
2023-09,2023-09-23 00:00,ТК Актау,TengizChevroil,KMG Trading,нефть,9466.0,2023-09-27 00:00,5/68 от 19.09,Сангачал,КМТФ,Caspian Sea Crude Oil 31.12.23.xlsx
2023-09,2023-09-27 00:00,Kurush,Eurasian Trading,Titan Oil - Махачкала,нефть,6489.0,2023-09-28 00:00,1/205; 2/205; 3/243; 4/17 от 28.09.,Махачкала,Eurasian Trading,Caspian Sea Crude Oil 31.12.23.xlsx
2023-09,2023-09-27 00:00,Шуша,TengizChevroil,KMG Trading,нефть,8331.0,2023-09-29 00:00,5/69 от 29.09,Сангачал,SOCAR,Caspian Sea Crude Oil 31.12.23.xlsx
2023-09,2023-09-27 00:00,Костанай,Eurasian Trading,Titan Oil - Махачкала,нефть,6476.0,2023-10-01 00:00,"3/244, 3/245 от 01.10.",Махачкала,Eurasian Trading,Caspian Sea Crude Oil 31.12.23.xlsx
2023-10,2023-10-27 00:00,Караганда,Eurasian Trading,Titan Oil - Махачкала,нефть,6487.0,2023-10-01 00:00,1/206; 2/206; 3/246 от 01.10,Махачкала,Eurasian Trading,Caspian Sea Crude Oil 31.12.23.xlsx
2023-10,2023-09-29 00:00,Джаббар Хашимов,TengizChevroil,KMG Trading,нефть,9384.0,2023-10-02 00:00,5/70 от 01.10,Сангачал,SOCAR,Caspian Sea Crude Oil 31.12.23.xlsx
2023-10,2023-10-01 00:00,Kurush,Eurasian Trading,Titan Oil - Махачкала,нефть,6480.0,2023-10-02 00:00,1/207; 2/207; 3/247  от 02.10.23,Махачкала,Eurasian Trading,Caspian Sea Crude Oil 31.12.23.xlsx
2023-10,2023-09-30 00:00,Абай,Eurasian Trading,Titan Oil - Махачкала,нефть,7194.0,2023-10-03 00:00,"1/208, 2/208, 3/248 от 03.10.",Махачкала,KazMaritime,Caspian Sea Crude Oil 31.12.23.xlsx
2023-10,2023-10-01 00:00,ТК Актау,TengizChevroil,KMG Trading,нефть,9454.0,2023-10-03 00:00,5/71 от 03.10,Сангачал,КМТФ,Caspian Sea Crude Oil 31.12.23.xlsx
2023-10,2023-10-04 00:00,Костанай,Eurasian Trading,Titan Oil - Махачкала,нефть,6476.0,2023-10-05 00:00,"1/209, 2/209, 3/249 от 04.10",Махачкала,AB FLEET,Caspian Sea Crude Oil 31.12.23.xlsx
2023-10,2023-10-05 00:00,Караганда,Eurasian Trading,Titan Oil - Махачкала,нефть,6492.0,2023-10-06 00:00,"1/211, 2/211, 3/251 от 05.10",Махачкала,AB FLEET,Caspian Sea Crude Oil 31.12.23.xlsx
2023-10,2023-10-05 00:00,Казахстан,Eurasian Trading,Titan Oil - Махачкала,нефть,7181.0,2023-10-06 00:00,1/210; 2/210; 3/250 от 06.10,Махачкала,Мобилекс,Caspian Sea Crude Oil 31.12.23.xlsx
2023-10,2023-10-04 00:00,Шуша,TengizChevroil,KMG Trading,нефть,10010.0,2023-10-06 00:00,5/72 от 06.10,Сангачал,ASCO,Caspian Sea Crude Oil 31.12.23.xlsx
2023-10,2023-10-06 00:00,Kurush,Eurasian Trading,Titan Oil - Махачкала,нефть,6476.0,2023-10-07 00:00,1/212; 2/212; 3/252  от 07.10.23,Махачкала,Eurasian Trading,Caspian Sea Crude Oil 31.12.23.xlsx
2023-10,2023-10-07 00:00,Костанай,Eurasian Trading,Titan Oil - Махачкала,нефть,6483.0,2023-10-08 00:00,"1/213, 2/213, 3/253 от 07.10",Махачкала,AB FLEET,Caspian Sea Crude Oil 31.12.23.xlsx
2023-10,2023-10-07 00:00,ТК Актау,TengizChevroil,KMG Trading,нефть,9471.0,2023-10-09 00:00,5/73 от 08.10,Сангачал,КМТФ,Caspian Sea Crude Oil 31.12.23.xlsx
2023-10,2023-10-10 00:00,Казахстан,Eurasian Trading,Titan Oil - Махачкала,нефть,7188.0,2023-10-11 00:00,1/214; 2/214; 3/254 от 10.10,Махачкала,Мобилекс,Caspian Sea Crude Oil 31.12.23.xlsx
2023-10,2023-10-07 00:00,Джаббар Хашимов,TengizChevroil,KMG Trading,нефть,9340.0,2023-10-11 00:00,5/74 от 11.10,Сангачал,ASCO,Caspian Sea Crude Oil 31.12.23.xlsx
2023-10,2023-10-10 00:00,Караганда,Eurasian Trading,Titan Oil - Махачкала,нефть,6479.0,2023-10-11 00:00,"1/215, 2/215, 3/255 от 11.10",Махачкала,AB FLEET,Caspian Sea Crude Oil 31.12.23.xlsx
2023-10,2023-09-06 00:00,Абай,Eurasian Trading,Titan Oil - Махачкала,нефть,7183.0,2023-10-11 00:00,"1/216, 2/216, 3/256 от 11.10.",Махачкала,KazMaritime,Caspian Sea Crude Oil 31.12.23.xlsx
2023-10,2023-10-10 00:00,Kurush,Eurasian Trading,Titan Oil - Махачкала,нефть,6485.0,2023-10-12 00:00,1/217; 2/217; 3/257  от 12.10.23,Махачкала,Eurasian Trading,Caspian Sea Crude Oil 31.12.23.xlsx
2023-10,2023-10-08 00:00,Астана,TengizChevroil,KMG Trading,нефть,9328.0,2023-10-13 00:00,5/75 от 08.10,Сангачал,КМТФ,Caspian Sea Crude Oil 31.12.23.xlsx
2023-10,2023-10-11 00:00,Шуша,TengizChevroil,KMG Trading,нефть,10050.0,2023-10-14 00:00,5/76 от 14.10,Сангачал,ASCO,Caspian Sea Crude Oil 31.12.23.xlsx
2023-10,2023-10-14 00:00,Костанай,Eurasian Trading,Titan Oil - Махачкала,нефть,6485.0,2023-10-15 00:00,"1/218, 2/218, 3/258 от 15.10",Махачкала,AB FLEET,Caspian Sea Crude Oil 31.12.23.xlsx
2023-10,2023-10-15 00:00,Казахстан,Eurasian Trading,Titan Oil - Махачкала,нефть,7179.0,2023-10-16 00:00,"1/219, 2/219, 3/259 от 15.10",Махачкала,Мобилекс,Caspian Sea Crude Oil 31.12.23.xlsx
2023-10,2023-10-15 00:00,Караганда,Eurasian Trading,Titan Oil - Махачкала,нефть,6483.0,2023-10-16 00:00,"1/220, 2/220, 3/260, 4/18 от 11.10",Махачкала,AB FLEET,Caspian Sea Crude Oil 31.12.23.xlsx
2023-10,2023-09-15 00:00,Абай,Eurasian Trading,Titan Oil - Махачкала,нефть,7183.0,2023-10-17 00:00,"1/221, 2/221, 3/261 от 17.10.",Махачкала,KazMaritime,Caspian Sea Crude Oil 31.12.23.xlsx
2023-10,2023-10-15 00:00,ТК Актау,TengizChevroil,KMG Trading,нефть,9459.0,2023-10-17 00:00,5/77 от 17.10,Сангачал,КМТФ,Caspian Sea Crude Oil 31.12.23.xlsx
2023-10,2023-10-17 00:00,Джаббар Хашимов,TengizChevroil,KMG Trading,нефть,9359.0,2023-10-18 00:00,5/78 от 18.10,Сангачал,ASCO,Caspian Sea Crude Oil 31.12.23.xlsx
2023-10,2023-10-18 00:00,Костанай,Eurasian Trading,Titan Oil - Махачкала,нефть,6486.0,2023-10-19 00:00,"1/222, 2/222, 3/262 от 19.10",Махачкала,AB FLEET,Caspian Sea Crude Oil 31.12.23.xlsx
2023-10,2023-10-19 00:00,Караганда,Eurasian Trading,Titan Oil - Махачкала,нефть,6469.0,2023-10-20 00:00,"1/223, 2/223, 3/263 от 20.10",Махачкала,AB FLEET,Caspian Sea Crude Oil 31.12.23.xlsx
2023-10,2023-10-20 00:00,Казахстан,Eurasian Trading,Titan Oil - Махачкала,нефть,7181.0,2023-10-21 00:00,"1/224, 2/224, 3/264 от 21.10",Махачкала,Мобилекс,Caspian Sea Crude Oil 31.12.23.xlsx
2023-10,2023-10-18 00:00,Астана,TengizChevroil,KMG Trading,нефть,9335.0,2023-10-21 00:00,5/79 от 21.10,Сангачал,КМТФ,Caspian Sea Crude Oil 31.12.23.xlsx
2023-10,2023-10-22 00:00,ТК Актау,TengizChevroil,KMG Trading,нефть,9458.0,2023-10-24 00:00,5/81 от 24.10,Сангачал,КМТФ,Caspian Sea Crude Oil 31.12.23.xlsx
2023-10,2023-10-24 00:00,Казахстан,Eurasian Trading,Titan Oil - Махачкала,нефть,7188.0,2023-10-25 00:00,1/228; 2/228; 3/268 от 25.10,Махачкала,Мобилекс,Caspian Sea Crude Oil 31.12.23.xlsx
2023-10,2023-10-25 00:00,Астана,Eurasian Trading,Titan Oil - Махачкала,нефть,7188.0,2023-10-25 00:00,"1/229, 2/229, 3/269 от 25.10",Махачкала,КМТФ,Caspian Sea Crude Oil 31.12.23.xlsx
2023-10,2023-10-25 00:00,Джаббар Хашимов,TengizChevroil,KMG Trading,нефть,9352.0,2023-10-26 00:00,5/82 от 26.10,Сангачал,ASCO,Caspian Sea Crude Oil 31.12.23.xlsx
2023-10,2023-10-27 00:00,Караганда,Eurasian Trading,Titan Oil - Махачкала,нефть,6477.0,2023-10-27 00:00,"1/230, 2/230, 3/270  от 27.10",Махачкала,AB FLEET,Caspian Sea Crude Oil 31.12.23.xlsx
2023-10,2023-10-27 00:00,Костанай,Eurasian Trading,Titan Oil - Махачкала,нефть,6485.0,2023-10-28 00:00,"1/231, 2/231, 3/272, 4/19, 3/271 от 27.10",Махачкала,AB FLEET,Caspian Sea Crude Oil 31.12.23.xlsx
2023-10,2023-10-29 00:00,Астана,TengizChevroil,KMG Trading,нефть,9328.0,2023-10-30 00:00,5/83 от 30.10,Сангачал,КМТФ,Caspian Sea Crude Oil 31.12.23.xlsx
2023-11,2023-10-28 00:00,Казахстан,Eurasian Trading,Titan Oil - Махачкала,нефть,7192.0,2023-11-01 00:00,1/232; 2/232; 3/273; 3/274; 1/233; 2/233 от 01.11,Махачкала,Мобилекс,Caspian Sea Crude Oil 31.12.23.xlsx
2023-11,2023-10-30 00:00,Караганда,Eurasian Trading,Titan Oil - Махачкала,нефть,6478.0,2023-11-01 00:00,"1/234, 2/234, 3/275 от 01.11",Махачкала,AB FLEET,Caspian Sea Crude Oil 31.12.23.xlsx
2023-11,2023-09-30 00:00,Джаббар Хашимов,TengizChevroil,KMG Trading,нефть,9354.0,2023-11-04 00:00,5/84 от 03.11,Сангачал,SOCAR,Caspian Sea Crude Oil 31.12.23.xlsx
2023-11,2023-10-31 00:00,Костанай,Eurasian Trading,Titan Oil - Махачкала,нефть,6467.0,2023-11-04 00:00,"1/235, 2/235, 3/276 от 03.11",Махачкала,AB FLEET,Caspian Sea Crude Oil 31.12.23.xlsx
2023-11,2023-10-03 00:00,Астана,TengizChevroil,KMG Trading,нефть,9320.0,2023-11-04 00:00,5/895 от 04.10,Сангачал,КМТФ,Caspian Sea Crude Oil 31.12.23.xlsx
2023-11,2023-10-01 00:00,Шуша,TengizChevroil,KMG Trading,нефть,10006.0,2023-11-05 00:00,5/72 от 05.11,Сангачал,ASCO,Caspian Sea Crude Oil 31.12.23.xlsx
2023-11,2023-11-05 00:00,Казахстан,Eurasian Trading,Titan Oil - Махачкала,нефть,7197.0,2023-11-06 00:00,1/237; 2/237; 3/278  от 06.11,Махачкала,Мобилекс,Caspian Sea Crude Oil 31.12.23.xlsx
2023-11,2023-11-05 00:00,Караганда,Eurasian Trading,Titan Oil - Махачкала,нефть,6489.0,2023-11-06 00:00,"1/236, 2/236, 3/277 от 06.11",Махачкала,AB FLEET,Caspian Sea Crude Oil 31.12.23.xlsx
2023-11,2023-10-28 00:00,ТК Актау,TengizChevroil,KMG Trading,нефть,9463.0,2023-10-07 00:00,5/87 от 07.11,Сангачал,КМТФ,Caspian Sea Crude Oil 31.12.23.xlsx
2023-11,2023-11-07 00:00,Костанай,Eurasian Trading,Titan Oil - Махачкала,нефть,6479.0,2023-11-08 00:00,"1/238, 2/238, 3/279 от 08.11",Махачкала,AB FLEET,Caspian Sea Crude Oil 31.12.23.xlsx
2023-11,2023-11-09 00:00,Астана,TengizChevroil,KMG Trading,нефть,18676.0,2023-11-11 00:00,5/88 от 10.11,Сангачал,КМТФ,Caspian Sea Crude Oil 31.12.23.xlsx
2023-11,2023-10-31 00:00,Абай,Eurasian Trading,Titan Oil - Махачкала,нефть,14374.0,2023-11-11 00:00,"1/239, 2/239, 3/280 от 11.11.",Махачкала,KazMaritime,Caspian Sea Crude Oil 31.12.23.xlsx
2023-11,2023-11-09 00:00,Караганда,Eurasian Trading,Titan Oil - Махачкала,нефть,12940.0,2023-11-11 00:00,"1/240, 2/240, 3/281  от 11.11",Махачкала,AB FLEET,Caspian Sea Crude Oil 31.12.23.xlsx
2023-11,2023-11-05 00:00,Казахстан,Eurasian Trading,Titan Oil - Махачкала,нефть,14338.0,2023-11-06 00:00,1/241; 2/241; 3/282  от 11.11,Махачкала,Мобилекс,Caspian Sea Crude Oil 31.12.23.xlsx
2023-11,2023-11-10 00:00,Шуша,TengizChevroil,KMG Trading,нефть,10008.0,2023-11-12 00:00,5/89 от 12.11,Сангачал,ASCO,Caspian Sea Crude Oil 31.12.23.xlsx
2023-11,2023-11-13 00:00,Костанай,Eurasian Trading,Titan Oil - Махачкала,нефть,6482.0,2023-11-14 00:00,"1/242, 2/242, 3/283 от 14.11",Махачкала,AB FLEET,Caspian Sea Crude Oil 31.12.23.xlsx
2023-11,2023-11-14 00:00,Абай,Eurasian Trading,Titan Oil - Махачкала,нефть,7178.0,2023-11-15 00:00,"1/243, 2/243, 3/284 от 14.11.",Махачкала,KazMaritime,Caspian Sea Crude Oil 31.12.23.xlsx
2023-11,2023-11-12 00:00,ТК Актау,TengizChevroil,KMG Trading,нефть,9457.0,2023-11-16 00:00,5/90 от 16.11,Сангачал,КМТФ,Caspian Sea Crude Oil 31.12.23.xlsx
2023-11,2023-11-14 00:00,Караганда,Eurasian Trading,Titan Oil - Махачкала,нефть,6482.0,2023-11-16 00:00,"1/244, 2/244, 3/285 от 16.11",Махачкала,AB FLEET,Caspian Sea Crude Oil 31.12.23.xlsx
2023-11,2023-11-16 00:00,Казахстан,Eurasian Trading,Titan Oil - Махачкала,нефть,7186.0,2023-11-17 00:00,1/245; 2/245; 3/286  от 17.11,Махачкала,Мобилекс,Caspian Sea Crude Oil 31.12.23.xlsx
2023-11,2023-11-14 00:00,Астана,TengizChevroil,KMG Trading,нефть,9324.0,2023-11-17 00:00,5/91 от 17.11,Сангачал,КМТФ,Caspian Sea Crude Oil 31.12.23.xlsx
2023-11,2023-11-17 00:00,Костанай,Eurasian Trading,Titan Oil - Махачкала,нефть,6478.0,2023-11-18 00:00,"1/246, 2/246, 3/287 от 18.11",Махачкала,AB FLEET,Caspian Sea Crude Oil 31.12.23.xlsx
2023-11,2023-11-18 00:00,Абай,Eurasian Trading,Titan Oil - Махачкала,нефть,7178.0,2023-11-11 00:00,"1/247, 2/247, 3/288; 4/20 от 18.11.",Махачкала,KazMaritime,Caspian Sea Crude Oil 31.12.23.xlsx
2023-11,2023-11-18 00:00,Джаббар Хашимов,TengizChevroil,KMG Trading,нефть,9384.0,2023-11-19 00:00,5/92 от 19.11,Сангачал,SOCAR,Caspian Sea Crude Oil 31.12.23.xlsx
2023-11,2023-11-19 00:00,Шуша,TengizChevroil,KMG Trading,нефть,10007.0,2023-11-25 00:00,5/93 от 24.11,Сангачал,ASCO,Caspian Sea Crude Oil 31.12.23.xlsx
2023-11,2023-11-19 00:00,Караганда,Eurasian Trading,Titan Oil - Махачкала,нефть,6483.0,2023-11-25 00:00,"1/248, 2/248, 3/290 от 25.11",Махачкала,AB FLEET,Caspian Sea Crude Oil 31.12.23.xlsx
2023-11,2023-11-22 00:00,ТК Актау,TengizChevroil,KMG Trading,нефть,9413.0,2023-11-25 00:00,5/94 от 24.11,Сангачал,КМТФ,Caspian Sea Crude Oil 31.12.23.xlsx
2023-11,2023-11-25 00:00,Костанай,Eurasian Trading,Titan Oil - Махачкала,нефть,6486.0,2023-11-27 00:00,"3/291, 3/292 от 27.11",Махачкала,AB FLEET,Caspian Sea Crude Oil 31.12.23.xlsx
2023-11,2023-09-12 00:00,Алматы,Eurasian Trading,Titan Oil - Махачкала,нефть,7188.0,2023-09-13 00:00,1/249; 2/249; 3/293 от 27.09,Махачкала,Eurasian Trading,Caspian Sea Crude Oil 31.12.23.xlsx
2023-11,2023-11-23 00:00,Астана,TengizChevroil,KMG Trading,нефть,9359.0,2023-11-27 00:00,5/91 от 17.11,Сангачал,КМТФ,Caspian Sea Crude Oil 31.12.23.xlsx
2023-11,2023-10-27 00:00,Абай,Eurasian Trading,Titan Oil - Махачкала,нефть,7180.0,2023-11-29 00:00,"1/250, 2/250, 3/294, 4/21 от 28.11.",Махачкала,KazMaritime,Caspian Sea Crude Oil 31.12.23.xlsx
2023-11,2023-11-28 00:00,Казахстан,Eurasian Trading,Titan Oil - Махачкала,нефть,7190.0,2023-11-29 00:00,1/251; 2/252; 3/295  от 28.11,Махачкала,Мобилекс,Caspian Sea Crude Oil 31.12.23.xlsx
2023-11,2023-11-29 00:00,Караганда,Eurasian Trading,Titan Oil - Махачкала,нефть,6487.0,2023-11-30 00:00,"3/296, 3/296 от 29.11",Махачкала,AB FLEET,Caspian Sea Crude Oil 31.12.23.xlsx
2023-12,2023-11-30 00:00,Джаббар Хашимов,TengizChevroil,KMG Trading,нефть,9384.0,2023-12-01 00:00,5/96 от 01.12,Сангачал,SOCAR,Caspian Sea Crude Oil 31.12.23.xlsx
2023-12,2023-11-30 00:00,ТК Актау,TengizChevroil,KMG Trading,нефть,9417.0,2023-12-02 00:00,5/97 от 02.12,Сангачал,КМТФ,Caspian Sea Crude Oil 31.12.23.xlsx
2023-12,2023-12-01 00:00,Шуша,TengizChevroil,KMG Trading,нефть,10015.0,2023-12-03 00:00,5/98 от 03.12,Сангачал,ASCO,Caspian Sea Crude Oil 31.12.23.xlsx
2023-12,2023-12-03 00:00,Алматы,Eurasian Trading,Titan Oil - Махачкала,нефть,7189.0,2023-12-04 00:00,1/252; 2/252; 3/298 от 03.12,Махачкала,КМТФ,Caspian Sea Crude Oil 31.12.23.xlsx
2023-12,2023-12-03 00:00,Астана,Eurasian Trading,Titan Oil - Махачкала,нефть,7187.0,2023-12-04 00:00,1/253; 2/253; 3/299 от 04.12,Махачкала,КМТФ,Caspian Sea Crude Oil 31.12.23.xlsx
2023-12,2023-12-04 00:00,Караганда,Eurasian Trading,Titan Oil - Махачкала,нефть,6480.0,2023-12-05 00:00,"1/254, 2/254, 3/300 от 05.12",Махачкала,AB FLEET,Caspian Sea Crude Oil 31.12.23.xlsx
2023-12,2023-12-04 00:00,Казахстан,Eurasian Trading,Titan Oil - Махачкала,нефть,7186.0,2023-12-05 00:00,1/255; 2/255; 3/301  от 05.12,Махачкала,Мобилекс,Caspian Sea Crude Oil 31.12.23.xlsx
2023-12,2023-12-06 00:00,Алматы,Eurasian Trading,Titan Oil - Махачкала,нефть,7193.0,2023-12-07 00:00,1/256; 2/256; 2/257; 1/257; 3/302; 3/303  от 07.12,Махачкала,КМТФ,Caspian Sea Crude Oil 31.12.23.xlsx
2023-12,2023-12-07 00:00,Астана,Eurasian Trading,Titan Oil - Махачкала,нефть,7189.0,2023-12-09 00:00,1/258; 2/258; 3/304 от 08.12,Махачкала,КМТФ,Caspian Sea Crude Oil 31.12.23.xlsx
2023-12,2023-12-07 00:00,ТК Актау,TengizChevroil,KMG Trading,нефть,9409.0,2023-12-09 00:00,5/100 от 02.12,Сангачал,КМТФ,Caspian Sea Crude Oil 31.12.23.xlsx
2023-12,2023-12-09 00:00,Караганда,Eurasian Trading,Titan Oil - Махачкала,нефть,6479.0,2023-12-10 00:00,"1/259, 2/259, 3/305 от 09.12",Махачкала,AB FLEET,Caspian Sea Crude Oil 31.12.23.xlsx
2023-12,2023-12-11 00:00,Абай,Eurasian Trading,Titan Oil - Махачкала,нефть,7176.0,2023-12-11 00:00,"1/261, 2/261, 3/307, 4/21 от 23.11.",Махачкала,KazMaritime,Caspian Sea Crude Oil 31.12.23.xlsx
2023-12,2023-12-10 00:00,Президент Гейдар Алиев,TengizChevroil,KMG Trading,нефть,10032.0,2023-12-11 00:00,5/101  от 11.12,Сангачал,ASCO,Caspian Sea Crude Oil 31.12.23.xlsx
2023-12,2023-12-09 00:00,Тараз,Eurasian Trading,Titan Oil - Махачкала,нефть,6429.0,2023-12-11 00:00,"1/260, 2/260, 3/306 от 23.11.",,,Caspian Sea Crude Oil 31.12.23.xlsx
2023-12,2023-12-11 00:00,Казахстан,Eurasian Trading,Titan Oil - Махачкала,нефть,7186.0,2023-12-15 00:00,1/262; 2/262; 3/308  от 15.12,Махачкала,Мобилекс,Caspian Sea Crude Oil 31.12.23.xlsx
2023-12,2023-12-15 00:00,Астана,TengizChevroil,KMG Trading,нефть,9356.0,2023-12-16 00:00,5/102 от 08.12,Сангачал,КМТФ,Caspian Sea Crude Oil 31.12.23.xlsx
2023-12,2023-12-16 00:00,ТК Актау,TengizChevroil,KMG Trading,нефть,9460.0,2023-12-16 00:00,5/103 от 16.12,Сангачал,КМТФ,Caspian Sea Crude Oil 31.12.23.xlsx
2023-12,2023-12-16 00:00,Шуша,TengizChevroil,KMG Trading,нефть,9993.0,2023-12-17 00:00,5/104 от 17.12,Сангачал,ASCO,Caspian Sea Crude Oil 31.12.23.xlsx
2023-12,2023-12-17 00:00,Liwa,Eurasian Trading,Titan Oil - Махачкала,нефть,6480.0,2023-12-18 00:00,1/265; 2/265; 3/311  от 18.12,Махачкала,CIMS,Caspian Sea Crude Oil 31.12.23.xlsx
2023-12,2023-12-17 00:00,Taraz,Eurasian Trading,Titan Oil - Махачкала,нефть,6007.0,2023-12-19 00:00,1/266; 2/266; 3/312  от 18.12,Махачкала,CIMS,Caspian Sea Crude Oil 31.12.23.xlsx
2023-12,2023-12-18 00:00,Караганда,Eurasian Trading,Titan Oil - Махачкала,нефть,6075.0,2023-12-19 00:00,"1/267, 2/267, 3/313 от 19.12",Махачкала,AB FLEET,Caspian Sea Crude Oil 31.12.23.xlsx
2023-12,2023-12-19 00:00,Президент Гейдар Алиев,TengizChevroil,KMG Trading,нефть,10022.0,2023-12-20 00:00,5/105  от 20.12,Сангачал,ASCO,Caspian Sea Crude Oil 31.12.23.xlsx
2023-12,2023-12-20 00:00,Астана,TengizChevroil,KMG Trading,нефть,9343.0,2023-12-21 00:00,5/106 от 21.12,Сангачал,КМТФ,Caspian Sea Crude Oil 31.12.23.xlsx
2023-12,2023-12-22 00:00,Караганда,Eurasian Trading,Titan Oil - Махачкала,нефть,6310.0,2023-12-23 00:00,"1/268, 2/268, 3/314 от 23.12",Махачкала,AB FLEET,Caspian Sea Crude Oil 31.12.23.xlsx
2023-12,2023-12-22 00:00,Liwa,Eurasian Trading,Titan Oil - Махачкала,нефть,6229.0,2023-12-23 00:00,1/270; 2/270; 3/314  от 23.12,Махачкала,CIMS,Caspian Sea Crude Oil 31.12.23.xlsx
2023-12,2023-12-22 00:00,Taraz,Eurasian Trading,Titan Oil - Махачкала,нефть,6196.0,2023-12-24 00:00,1/269; 2/269; 3/315  от 23.12,Махачкала,CIMS,Caspian Sea Crude Oil 31.12.23.xlsx
2023-12,2023-12-22 00:00,ТК Актау,TengizChevroil,KMG Trading,нефть,9473.0,2023-12-24 00:00,5/107 от 24.12,Сангачал,КМТФ,Caspian Sea Crude Oil 31.12.23.xlsx
2023-12,2023-12-23 00:00,Алматы,Eurasian Trading,Titan Oil - Махачкала,нефть,5486.0,2023-12-24 00:00,1/272; 2/272; 3/318; 4/22  от 24.12,Махачкала,КМТФ,Caspian Sea Crude Oil 31.12.23.xlsx
2023-12,2023-12-23 00:00,Костанай,Eurasian Trading,Titan Oil - Махачкала,нефть,6309.0,2023-12-25 00:00,"1/271, 1/271; 3/317 от 25.12",Махачкала,AB FLEET,Caspian Sea Crude Oil 31.12.23.xlsx
2023-12,2023-12-23 00:00,Шуша,TengizChevroil,KMG Trading,нефть,10024.0,2023-12-26 00:00,5/108 от 26.12,Сангачал,ASCO,Caspian Sea Crude Oil 31.12.23.xlsx
2023-12,2023-12-26 00:00,Liwa,Eurasian Trading,Titan Oil - Махачкала,нефть,6257.0,2023-12-27 00:00,1/274; 2/274; 3/320 от 27.12,Махачкала,CIMS,Caspian Sea Crude Oil 31.12.23.xlsx
2023-12,2023-12-27 00:00,Taraz,Eurasian Trading,Titan Oil - Махачкала,нефть,6256.0,2023-12-28 00:00,1/275; 2/275; 1/276; 2/276; 2/321  от 28.12,Махачкала,CIMS,Caspian Sea Crude Oil 31.12.23.xlsx
2023-12,2023-12-26 00:00,Президент Гейдар Алиев,TengizChevroil,KMG Trading,нефть,10008.0,2023-12-28 00:00,5/110; 5/109  от 28.12,Сангачал,ASCO,Caspian Sea Crude Oil 31.12.23.xlsx
2023-12,2023-12-28 00:00,Алматы,Eurasian Trading,Titan Oil - Махачкала,нефть,5463.0,2023-12-30 00:00,1/277; 2/277; 3/322; 4/23  от 30.12,Махачкала,КМТФ,Caspian Sea Crude Oil 31.12.23.xlsx
2023-12,2023-12-27 00:00,Астана,TengizChevroil,KMG Trading,нефть,9338.0,2023-12-30 00:00,5/111 от 30.12,Сангачал,КМТФ,Caspian Sea Crude Oil 31.12.23.xlsx
2023-12,2023-12-30 00:00,ТК Актау,TengizChevroil,KMG Trading,нефть,9418.0,2023-12-31 00:00,5/112 от 31.12,Сангачал,КМТФ,Caspian Sea Crude Oil 31.12.23.xlsx
2024-01,2023-12-31 00:00,Караганда,,Titan Oil - Махачкала,нефть,6299.0,2024-01-01 00:00,"1/1, 2/1, 3/2 от 01.01.24",Махачкала,AB FLEET,Caspian Sea Crude Oil 31.12.24.xlsx
2024-01,2024-12-30 00:00,Костанай,,Titan Oil - Махачкала,нефть,1122.0,2024-01-01 00:00,"1/8, 2/8; 3/8 от 01.01",Махачкала,AB FLEET,Caspian Sea Crude Oil 31.12.24.xlsx
2024-01,2024-01-01 00:00,Taraz,,Titan Oil - Махачкала,нефть,6299.0,2024-01-02 00:00,1/3; 2/3; 3/4  от 01.01.24,Махачкала,CIMS,Caspian Sea Crude Oil 31.12.24.xlsx
2024-01,2023-12-30 00:00,AZERBAIJAN,,BNT-Baku,мазут,6510.7,2024-01-02 00:00,1/39 от 02.01.24,Сангачал,Фрахтмортранс,Caspian Sea Crude Oil 31.12.24.xlsx
2024-01,2024-01-02 00:00,Алматы,,Titan Oil - Махачкала,нефть,5479.0,2024-01-02 00:00,1/2; 2/2; 3/3   от 02.01.24,Махачкала,КМТФ,Caspian Sea Crude Oil 31.12.24.xlsx
2024-01,2024-01-02 00:00,Шуша,,TCO-Baku,нефть,10030.0,2024-01-04 00:00,5/1 от 04.01.24,Сангачал,ASCO,Caspian Sea Crude Oil 31.12.24.xlsx
2024-01,2023-12-31 00:00,Liwa,,Titan Oil - Махачкала,нефть,6297.0,2024-01-04 00:00,1/4; 2/4; 3/5 от 04.01,Махачкала,CIMS,Caspian Sea Crude Oil 31.12.24.xlsx
2024-01,2024-01-04 00:00,Астана,,TCO-Baku,нефть,9384.0,2024-01-05 00:00,5/2 от 05.01,Сангачал,КМТФ,Caspian Sea Crude Oil 31.12.24.xlsx
2024-01,2024-01-04 00:00,Караганда,,Titan Oil - Махачкала,нефть,6287.0,2024-01-05 00:00,"1/5, 2/5, 3/6 от 05.01",Махачкала,AB FLEET,Caspian Sea Crude Oil 31.12.24.xlsx
2024-01,2024-01-04 00:00,Taraz,,Titan Oil - Махачкала,нефть,6283.0,2024-01-05 00:00,1/6; 1/7; 2/6; 2/6; 3/7  от 05.01.24,Махачкала,CIMS,Caspian Sea Crude Oil 31.12.24.xlsx
2024-01,2024-01-04 00:00,Костанай,,Titan Oil - Махачкала,нефть,6295.0,2024-01-06 00:00,"1/8, 2/8; 3/8 от 06.01",Махачкала,AB FLEET,Caspian Sea Crude Oil 31.12.24.xlsx
2024-01,2024-01-05 00:00,ТК Актау,,TCO-Baku,нефть,9456.0,2024-01-06 00:00,5/3 от 06.01,Сангачал,КМТФ,Caspian Sea Crude Oil 31.12.24.xlsx
2024-01,2024-01-07 00:00,Алматы,,Titan Oil - Махачкала,нефть,5489.0,2024-01-08 00:00,1/10; 2/10; 3/10   от 07.01.24,Махачкала,КМТФ,Caspian Sea Crude Oil 31.12.24.xlsx
2024-01,2024-01-07 00:00,Liwa,,Titan Oil - Махачкала,нефть,6287.0,2024-01-08 00:00,1/9; 2/9; 3/9 от 07.01,Махачкала,CIMS,Caspian Sea Crude Oil 31.12.24.xlsx
2024-01,2024-01-07 00:00,Президент Гейдар Алиев,,TCO-Baku,нефть,10010.0,2024-01-08 00:00,5/110; 5/109  от 28.12,Сангачал,ASCO,Caspian Sea Crude Oil 31.12.24.xlsx
2024-01,2024-01-08 00:00,Караганда,,Titan Oil - Махачкала,нефть,6282.0,2024-01-09 00:00,"1/12, 2/12, 3/12 от 08.01",Махачкала,AB FLEET,Caspian Sea Crude Oil 31.12.24.xlsx
2024-01,2024-01-08 00:00,Taraz,,Titan Oil - Махачкала,нефть,6278.0,2024-01-09 00:00,1/11; 2/11; 3/11  от 08.01.24,Махачкала,CIMS,Caspian Sea Crude Oil 31.12.24.xlsx
2024-01,2024-01-09 00:00,Костанай,,Titan Oil - Махачкала,нефть,6281.0,2024-01-10 00:00,"1/13, 2/13; 3/13 от 09.01",Махачкала,AB FLEET,Caspian Sea Crude Oil 31.12.24.xlsx
2024-01,2024-01-08 00:00,Абай,,BB Energy - Baku,газ. конденс.,9513.462,2024-01-09 00:00,B-001 от 09.01.24,Сангачал,Caspiy Shipping,Caspian Sea Crude Oil 31.12.24.xlsx
2024-01,2024-01-09 00:00,Астана,,TCO-Baku,нефть,9338.0,2024-01-10 00:00,5/5 от 10.01,Сангачал,КМТФ,Caspian Sea Crude Oil 31.12.24.xlsx
2024-01,2024-01-11 00:00,Алматы,,Titan Oil - Махачкала,нефть,5462.0,2024-01-12 00:00,1/14; 2/15; 2/14; 2/14; 3/14   от 11.01.24,Махачкала,КМТФ,Caspian Sea Crude Oil 31.12.24.xlsx
2024-01,2024-01-11 00:00,ТК Актау,,TCO-Baku,нефть,9465.0,2024-01-12 00:00,5/6 от 12.01,Сангачал,КМТФ,Caspian Sea Crude Oil 31.12.24.xlsx
2024-01,2024-01-05 00:00,Баку,,BNT-Baku,мазут,6515.2,2024-01-13 00:00,,Сангачал,Фрахтмортранс,Caspian Sea Crude Oil 31.12.24.xlsx
2024-01,2024-01-12 00:00,Liwa,,Titan Oil - Махачкала,нефть,6297.0,2024-01-13 00:00,1/16; 2/16; 3/15 от 13.01,Махачкала,CIMS,Caspian Sea Crude Oil 31.12.24.xlsx
2024-01,2024-01-12 00:00,Караганда,,Titan Oil - Махачкала,нефть,6340.0,2024-01-13 00:00,"1/17, 2/17, 3/16, 3/17 от 13.01",Махачкала,AB FLEET,Caspian Sea Crude Oil 31.12.24.xlsx
2024-01,2024-01-14 00:00,Taraz,,Titan Oil - Махачкала,нефть,6332.0,2024-01-15 00:00,1/18; 2/18; 3/18  от 13.01.24,Махачкала,CIMS,Caspian Sea Crude Oil 31.12.24.xlsx
2024-01,2024-01-14 00:00,Алматы,,Titan Oil - Махачкала,нефть,5460.0,2024-01-15 00:00,1/19; 2/19; 3/19   от 15.01.24,Махачкала,КМТФ,Caspian Sea Crude Oil 31.12.24.xlsx
2024-01,2024-01-15 00:00,Шуша,,TCO-Baku,нефть,10041.0,2024-01-16 00:00,5/7 от 16.01.24,Сангачал,ASCO,Caspian Sea Crude Oil 31.12.24.xlsx
2024-01,2024-01-16 00:00,Liwa,,Titan Oil - Махачкала,нефть,6474.0,2024-01-18 00:00,1/20; 2/20; 3/20 от 18.01.24,Махачкала,CIMS,Caspian Sea Crude Oil 31.12.24.xlsx
2024-01,2024-01-16 00:00,Астана,,TCO-Baku,нефть,9386.0,2024-01-17 00:00,5/8 от 17.01,Сангачал,КМТФ,Caspian Sea Crude Oil 31.12.24.xlsx
2024-01,2024-01-17 00:00,Караганда,,Titan Oil - Махачкала,нефть,6334.0,2024-01-18 00:00,"1/21, 2/21, 3/21 от 18.01",Махачкала,AB FLEET,Caspian Sea Crude Oil 31.12.24.xlsx
2024-01,2024-01-18 00:00,Taraz,,Titan Oil - Махачкала,нефть,6484.0,2024-01-19 00:00,1/22; 2/22; 3/22  от 18.01.24,Махачкала,CIMS,Caspian Sea Crude Oil 31.12.24.xlsx
2024-01,2024-01-17 00:00,ТК Актау,,TCO-Baku,нефть,9452.0,2024-01-19 00:00,5/9 от 19.01,Сангачал,КМТФ,Caspian Sea Crude Oil 31.12.24.xlsx
2024-01,2024-01-20 00:00,Алматы,,Titan Oil - Махачкала,нефть,6494.0,2024-01-21 00:00,1/23; 2/23; 3/23; 4/1   от 21.01.24,Махачкала,КМТФ,Caspian Sea Crude Oil 31.12.24.xlsx
2024-01,2024-01-21 00:00,Президент Гейдар Алиев,,TCO-Baku,нефть,10027.0,2024-01-22 00:00,5/10 от 21.12,Сангачал,ASCO,Caspian Sea Crude Oil 31.12.24.xlsx
2024-01,2024-01-21 00:00,Liwa,,Titan Oil - Махачкала,нефть,6454.0,2024-01-22 00:00,1/24; 2/24; 3/24 от 22.01,Махачкала,CIMS,Caspian Sea Crude Oil 31.12.24.xlsx
2024-01,2024-01-21 00:00,Караганда,,Titan Oil - Махачкала,нефть,6520.0,2024-01-22 00:00,"1/25, 2/25, 3/25 от 22.01",Махачкала,AB FLEET,Caspian Sea Crude Oil 31.12.24.xlsx
2024-01,2024-01-23 00:00,Taraz,,Titan Oil - Махачкала,нефть,6485.0,2024-01-24 00:00,1/26; 2/26; 3/26  от 24.01.24,Махачкала,CIMS,Caspian Sea Crude Oil 31.12.24.xlsx
2024-01,2024-01-24 00:00,Алматы,,Titan Oil - Махачкала,нефть,6491.0,2024-01-25 00:00,1/27; 2/27; 3/27  от 24.01.24,Махачкала,КМТФ,Caspian Sea Crude Oil 31.12.24.xlsx
2024-01,2024-01-24 00:00,Шуша,,TCO-Baku,нефть,10020.0,2024-01-16 00:00,5/11 от 25.01.24,Сангачал,ASCO,Caspian Sea Crude Oil 31.12.24.xlsx
2024-01,2024-01-24 00:00,Астана,,TCO-Baku,нефть,9353.0,2024-01-26 00:00,5/12 от 26.01,Сангачал,КМТФ,Caspian Sea Crude Oil 31.12.24.xlsx
2024-01,2024-01-25 00:00,Liwa,,Titan Oil - Махачкала,нефть,6480.0,2024-01-26 00:00,1/28; 2/28; 3/28; 4/2 от 26.01,Махачкала,CIMS,Caspian Sea Crude Oil 31.12.24.xlsx
2024-01,2024-01-27 00:00,Караганда,,Titan Oil - Махачкала,нефть,6485.0,2024-01-28 00:00,"1/29, 2/29, 3/29 от 27.01",Махачкала,AB FLEET,Caspian Sea Crude Oil 31.12.24.xlsx
2024-01,2024-01-27 00:00,Taraz,,Titan Oil - Махачкала,нефть,1894.0,2024-02-01 00:00,1/30; 2/30  от 31.01,Махачкала,CIMS,Caspian Sea Crude Oil 31.12.24.xlsx
2024-02,2024-01-27 00:00,Taraz,,Titan Oil - Махачкала,нефть,4593.0,2024-02-01 00:00,1/31; 2/31; 3/30 от 01.02,Махачкала,CIMS,Caspian Sea Crude Oil 31.12.24.xlsx
2024-02,2024-01-27 00:00,ТК Актау,,TCO-Baku,нефть,9466.0,2024-02-01 00:00,5/13 от 01.02,Сангачал,КМТФ,Caspian Sea Crude Oil 31.12.24.xlsx
2024-02,2024-01-30 00:00,Караганда,,BNT-Baku,мазут,6520.55,2024-02-01 00:00,1/2 от 01.02,Сангачал,AB FLEET,Caspian Sea Crude Oil 31.12.24.xlsx
2024-02,2024-01-30 00:00,Liwa,,Titan Oil - Махачкала,нефть,6475.0,2024-02-02 00:00,1/32; 2/32; 3/31 от 02.02,Махачкала,CIMS,Caspian Sea Crude Oil 31.12.24.xlsx
2024-02,2024-01-31 00:00,Костанай,,Titan Oil - Махачкала,нефть,6479.0,2024-02-02 00:00,"1/34, 2/34; 3/33 от 02.02",Махачкала,AB FLEET,Caspian Sea Crude Oil 31.12.24.xlsx
2024-02,2024-01-28 00:00,Алматы,,Titan Oil - Махачкала,нефть,6493.0,2024-02-02 00:00,1/33; 2/33; 3/32  от 02.02.24,Махачкала,КМТФ,Caspian Sea Crude Oil 31.12.24.xlsx
2024-02,2024-02-02 14:00,Пр.Гейдар Алиев,,TCO-Baku,нефть,10001.0,2024-02-04 00:40,5/14 от 04.02,Сангачал,ASCO,Caspian Sea Crude Oil 31.12.24.xlsx
2024-02,2024-02-04 00:00,Taraz,,Titan Oil - Махачкала,нефть,6474.0,2024-05-05 00:00,1/35; 2/35; 3/34  от 04.02.24,Махачкала,CIMS,Caspian Sea Crude Oil 31.12.24.xlsx
2024-02,2024-02-05 00:00,Костанай,,Titan Oil - Махачкала,нефть,6477.0,2024-02-07 00:00,"1/36, 2/36; 3/35 от 07.02",Махачкала,AB FLEET,Caspian Sea Crude Oil 31.12.24.xlsx
2024-02,2024-01-31 00:00,Астана,,TCO-Baku,нефть,9379.0,2024-02-07 00:00,5/15 от 07.02,Сангачал,КМТФ,Caspian Sea Crude Oil 31.12.24.xlsx
2024-02,2024-02-05 00:00,Liwa,,Titan Oil - Махачкала,нефть,6488.0,2024-02-07 00:00,1/37; 2/37; 3/36 от 07.02,Махачкала,CIMS,Caspian Sea Crude Oil 31.12.24.xlsx
2024-02,2024-02-05 00:00,Алматы,,Titan Oil - Махачкала,нефть,6026.0,2024-02-08 00:00,1/38; 2/38; 3/37 от 08.02,Махачкала,КМТФ,Caspian Sea Crude Oil 31.12.24.xlsx
2024-02,2024-02-05 12:20,ТК Актау,,TCO-Baku,нефть,9411.0,2024-02-08 22:40,5/16 от 08/02,Сангачал,КМТФ,Caspian Sea Crude Oil 31.12.24.xlsx
2024-02,2024-02-08 02:45,Taraz,,Titan Oil - Махачкала,нефть,6476.0,2024-02-08 23:15,"1/39, 2/39, 3/38 от 08.02",Махачкала,CIMS,Caspian Sea Crude Oil 31.12.24.xlsx
2024-02,2024-02-09 14:00,Пр.Гейдар Алиев,,TCO-Baku,нефть,10006.0,2024-02-11 00:40,5/17 от 10.02,Сангачал,ASCO,Caspian Sea Crude Oil 31.12.24.xlsx
2024-02,2024-02-10 10:10,Костанай,,Titan Oil - Махачкала,нефть,6485.0,2024-02-11 11:10,1/40; 2/40; 3/49 от 11.02,Махачкала,AB FLEET,Caspian Sea Crude Oil 31.12.24.xlsx
2024-02,2024-02-10 13:00,Liwa,,Titan Oil - Махачкала,нефть,6492.0,2024-02-11 12:00,"1/41, 2/41, 3/40 от 11.02",Махачкала,CIMS,Caspian Sea Crude Oil 31.12.24.xlsx
2024-02,2024-02-11 17:20,Алматы,,Titan Oil - Махачкала,нефть,6488.0,2024-02-12 11:50,1/42; 2/42; 3/41 от 12.02,Махачкала,КМТФ,Caspian Sea Crude Oil 31.12.24.xlsx
2024-02,2024-02-11 18:45,Taraz,,Titan Oil - Махачкала,нефть,6476.0,2024-02-12 17:10,"3/42, 2/43, 1/43 от 12.02",Махачкала,CIMS,Caspian Sea Crude Oil 31.12.24.xlsx
2024-02,2024-02-11 18:00,Астана,,TCO-Baku,нефть,9390.0,2024-02-13 15:25,5/118 от 24.13,Сангачал,КМТФ,Caspian Sea Crude Oil 31.12.24.xlsx
2024-02,2024-02-05 06:30,Караганда,,BNT-Baku,мазут,6519.88,2024-02-13 22:30,1/3 от 13.02,Сангачал,AB FLEET,Caspian Sea Crude Oil 31.12.24.xlsx
2024-02,2024-02-13 01:30,Шуша,,TCO-Baku,нефть,10016.0,2024-02-14 13:00,5/19 от 14.02,Сангачал,ASCO,Caspian Sea Crude Oil 31.12.24.xlsx
2024-02,2024-02-14 14:20,Liwa,,Titan Oil - Махачкала,нефть,6484.0,2024-02-15 00:00,"1/44, 2/44, 3/43 от 15.02",Махачкала,CIMS,Caspian Sea Crude Oil 31.12.24.xlsx
2024-02,2024-02-14 14:00,Пр.Гейдар Алиев,,TCO-Baku,нефть,9628.0,2024-02-16 00:40,5/20 от 16.02,Сангачал,ASCO,Caspian Sea Crude Oil 31.12.24.xlsx
2024-02,2024-02-15 10:10,Костанай,,Titan Oil - Махачкала,нефть,6490.0,2024-02-18 11:10,"1/45, 2/45, 3/44 от 18.02",Махачкала,AB FLEET,Caspian Sea Crude Oil 31.12.24.xlsx
2024-02,2024-02-15 18:45,Тараз,,Titan Oil - Махачкала,нефть,6491.0,2024-02-18 17:10,"1/46, 2/46, 3/45  18.02",Махачкала,CIMS,Caspian Sea Crude Oil 31.12.24.xlsx
2024-02,2024-02-12 12:20,ТК Актау,,TCO-Baku,нефть,9416.0,2024-02-19 22:40,5/21 от 19.02,Сангачал,КМТФ,Caspian Sea Crude Oil 31.12.24.xlsx
2024-02,2024-02-18 18:00,Астана,,Titan Oil - Махачкала,нефть,6485.0,2024-02-19 15:25,"1/47, 2/47, 3/46 от 19.02",Махачкала,КМТФ,Caspian Sea Crude Oil 31.12.24.xlsx
2024-02,2024-02-15 00:00,Алматы,,Titan Oil - Махачкала,нефть,6496.0,2024-02-20 00:00,1/48; 2/48; 3/47  от 19.02.24,Махачкала,КМТФ,Caspian Sea Crude Oil 31.12.24.xlsx
2024-02,2024-02-20 14:20,Liwa,,Titan Oil - Махачкала,нефть,6477.0,2024-02-21 00:00,"1/49, 2/49, 3/48 от 20.02",Махачкала,CIMS,Caspian Sea Crude Oil 31.12.24.xlsx
2024-02,2024-02-20 01:30,Шуша,,TCO-Baku,нефть,10033.0,2024-02-21 13:00,5/22 от 21.02,Сангачал,ASCO,Caspian Sea Crude Oil 31.12.24.xlsx
2024-02,2024-02-21 10:10,Костанай,,Titan Oil - Махачкала,нефть,6475.0,2024-02-22 11:10,"1/51, 2/51, 3/50 от 22.02",Махачкала,AB FLEET,Caspian Sea Crude Oil 31.12.24.xlsx
2024-02,2024-02-21 14:00,Пр.Гейдар Алиев,,TCO-Baku,нефть,10023.0,2024-02-23 00:40,5/23 от 23.02,Сангачал,ASCO,Caspian Sea Crude Oil 31.12.24.xlsx
2024-02,2024-02-22 00:00,Алматы,,Titan Oil - Махачкала,нефть,6501.0,2024-02-23 00:00,1/50; 2/50; 3/49  от 23.02.24,Махачкала,КМТФ,Caspian Sea Crude Oil 31.12.24.xlsx
2024-02,2024-02-22 18:00,Астана,,Titan Oil - Махачкала,нефть,6491.0,2024-02-14 15:25,1/53; 2/53; 3/52; 3/53; 4/4 от 23.02,Махачкала,КМТФ,Caspian Sea Crude Oil 31.12.24.xlsx
2024-02,2024-02-21 18:45,Тараз,,Titan Oil - Махачкала,нефть,6485.0,2024-02-24 17:10,"1/52, 2/52, 3/51  24.02",Махачкала,CIMS,Caspian Sea Crude Oil 31.12.24.xlsx
2024-02,2024-02-23 14:20,Liwa,,Titan Oil - Махачкала,нефть,6487.0,2024-02-24 00:00,"1/54, 2/54, 3/54 от 24.02",Махачкала,CIMS,Caspian Sea Crude Oil 31.12.24.xlsx
2024-02,2024-02-23 12:20,ТК Актау,,TCO-Baku,нефть,9461.0,2024-02-25 22:40,5/24 от 24.02,Сангачал,КМТФ,Caspian Sea Crude Oil 31.12.24.xlsx
2024-02,2024-01-21 00:00,Abai,,BB Energy - Б,газ. конденс.,9615.821,2024-02-27 00:00,"B-002, B-003, B-004 от 27.02.24",Сангачал,Caspiy Shipping,Caspian Sea Crude Oil 31.12.24.xlsx
2024-02,2024-02-19 06:30,Караганда,,BNT-Baku,мазут,6515.94,2024-02-25 22:30,1/4 от 24.02,Сангачал,AB FLEET,Caspian Sea Crude Oil 31.12.24.xlsx
2024-02,2024-02-28 12:20,ТК Актау,,Titan Oil - Махачкала,нефть,6488.0,2024-02-29 22:40,1/55; 2/55; 3/55; 3/56; 4/4 от 29.02,Махачкала,КМТФ,Caspian Sea Crude Oil 31.12.24.xlsx
2024-02,2024-02-22 00:00,Алматы,,Titan Oil - Махачкала,нефть,483.0,2024-02-23 00:00,3/57 от 29.02,Махачкала,КМТФ,Caspian Sea Crude Oil 31.12.24.xlsx
2024-03,2024-02-29 00:00,Алматы,,Titan Oil - Махачкала,нефть,6000.0,2024-03-01 00:00,,Махачкала,КМТФ,Caspian Sea Crude Oil 31.12.24.xlsx
2024-03,2024-02-29 00:00,Taraz,,Titan Oil - Махачкала,нефть,6478.0,2024-03-01 17:10,"1/57, 2/57, 3/59  01.03",Махачкала,CIMS,Caspian Sea Crude Oil 31.12.24.xlsx
2024-03,2024-02-29 00:00,Астана,,TCO-Baku,нефть,9354.0,2024-03-02 15:25,5/25 от 01.03,Сангачал,КМТФ,Caspian Sea Crude Oil 31.12.24.xlsx
2024-03,2024-03-02 00:00,Костанай,,Titan Oil - Махачкала,нефть,6490.0,2024-03-03 11:10,"1/58, 2/58, 3/60 от 03.03",Махачкала,AB FLEET,Caspian Sea Crude Oil 31.12.24.xlsx
2024-03,2024-03-02 00:00,Пр.Гейдар Алиев,,TCO-Baku,нефть,10012.0,2024-03-04 00:40,5/26 от 04.03,Сангачал,ASCO,Caspian Sea Crude Oil 31.12.24.xlsx
2024-03,2024-03-01 00:00,Liwa,,Titan Oil - Махачкала,нефть,6491.0,2024-03-04 00:00,"1/59, 2/59, 3/61 от 04.03",Махачкала,CIMS,Caspian Sea Crude Oil 31.12.24.xlsx
2024-03,2024-03-02 00:00,Абай,,Titan Oil - Махачкала,нефть,6491.0,2024-03-05 11:10,"1/60, 2/60, 3/62 от 05.03",Махачкала,Caspiy Shipping,Caspian Sea Crude Oil 31.12.24.xlsx
2024-03,2024-03-05 00:00,Астана,,TCO-Baku,нефть,9345.0,2024-03-06 15:25,5/27 от 06.03,Сангачал,КМТФ,Caspian Sea Crude Oil 31.12.24.xlsx
2024-03,2024-03-06 00:00,Алматы,,Titan Oil - Махачкала,нефть,6482.0,2024-03-07 00:00,1/61; 2/61; 3/63  от 07.03.24,Махачкала,КМТФ,Caspian Sea Crude Oil 31.12.24.xlsx
2024-03,2024-03-06 00:00,Костанай,,Titan Oil - Махачкала,нефть,6489.0,2024-03-07 11:10,"1/62, 2/62, 3/64 от 07.03",Махачкала,AB FLEET,Caspian Sea Crude Oil 31.12.24.xlsx
2024-03,2024-03-06 00:00,Тараз,,Titan Oil - Махачкала,нефть,6482.0,2024-03-08 17:10,"1/63, 2/63, 3/65  07.03",Махачкала,CIMS,Caspian Sea Crude Oil 31.12.24.xlsx
2024-03,2024-03-07 00:00,Лива,,Titan Oil - Махачкала,нефть,6474.0,2024-03-08 00:00,"1/64, 2/64, 3/66 от 08.03",Махачкала,CIMS,Caspian Sea Crude Oil 31.12.24.xlsx
2024-03,2024-03-06 00:00,ТК Актау,,TCO-Baku,нефть,9402.0,2024-03-08 22:40,5/28 от 08.03,Сангачал,КМТФ,Caspian Sea Crude Oil 31.12.24.xlsx
2024-03,2024-02-29 00:00,Караганда,,BNT-Baku,мазут,6517.65,2024-03-10 22:30,1/5 от 10.03,Сангачал,AB FLEET,Caspian Sea Crude Oil 31.12.24.xlsx
2024-03,2024-03-09 00:00,Пр.Гейдар Алиев,,TCO-Baku,нефть,10017.0,2024-03-10 00:40,5/29 от 10.03,Сангачал,ASCO,Caspian Sea Crude Oil 31.12.24.xlsx
2024-03,2024-03-10 00:00,Алматы,,Titan Oil - Махачкала,нефть,6478.0,2024-03-11 00:00,1/65; 2/65; 3/67  от 11.03.24,Махачкала,КМТФ,Caspian Sea Crude Oil 31.12.24.xlsx
2024-03,2024-03-10 00:00,Костанай,,Titan Oil - Махачкала,нефть,6481.0,2024-03-11 11:10,"1/66, 2/66, 3/68 от 11.03",Махачкала,AB FLEET,Caspian Sea Crude Oil 31.12.24.xlsx
2024-03,2024-03-10 00:00,Тараз,,Titan Oil - Махачкала,нефть,6482.0,2024-03-11 17:10,"1/67, 2/67, 3/69  11.03",Махачкала,CIMS,Caspian Sea Crude Oil 31.12.24.xlsx
2024-03,2024-03-11 00:00,Liwa,,Titan Oil - Махачкала,нефть,6483.0,2024-03-12 00:00,"1/68, 2/68, 3/70 от 12.03",Махачкала,CIMS,Caspian Sea Crude Oil 31.12.24.xlsx
2024-03,2024-03-11 00:00,Астана,,TCO-Baku,нефть,9359.0,2024-03-13 15:25,5/30 от 12.03,Сангачал,КМТФ,Caspian Sea Crude Oil 31.12.24.xlsx
2024-03,2024-03-13 00:00,Алматы,,Titan Oil - Махачкала,нефть,6500.0,2024-03-14 00:00,1/69; 2/69; 3/71  от 14.03.24,Махачкала,КМТФ,Caspian Sea Crude Oil 31.12.24.xlsx
2024-03,2024-03-12 00:00,ТК Актау,,TCO-Baku,нефть,9408.0,2024-03-14 22:40,5/31 от 14.03,Сангачал,КМТФ,Caspian Sea Crude Oil 31.12.24.xlsx
2024-03,2024-03-16 00:00,Шуша,,TCO-Baku,нефть,9525.0,2024-03-17 13:00,5/32 от 17.03,Сангачал,ASCO,Caspian Sea Crude Oil 31.12.24.xlsx
2024-03,2024-03-17 18:45,Тараз,,Titan Oil - Махачкала,нефть,6478.0,2024-03-18 17:10,1/70; 2/70; 3/72 от  17.03,Махачкала,CIMS,Caspian Sea Crude Oil 31.12.24.xlsx
2024-03,2024-03-17 00:00,Костанай,,Titan Oil - Махачкала,нефть,6489.0,2024-03-18 11:10,"1/71, 2/71, 3/73 от 17.03",Махачкала,AB FLEET,Caspian Sea Crude Oil 31.12.24.xlsx
2024-03,2024-03-16 00:00,Пр.Гейдар Алиев,,TCO-Baku,нефть,9575.0,2024-03-19 00:40,5/33 от 19.03,Сангачал,ASCO,Caspian Sea Crude Oil 31.12.24.xlsx
2024-03,2024-03-17 00:00,Liwa,,Titan Oil - Махачкала,нефть,6477.0,2024-03-19 00:00,"1/72, 2/72, 3/74 от 19.03",Махачкала,CIMS,Caspian Sea Crude Oil 31.12.24.xlsx
2024-03,2024-03-19 00:00,Алматы,,Titan Oil - Махачкала,нефть,6474.0,2024-03-20 00:00,1/73; 2/73; 4/5; 3/75  от 19.03.24,Махачкала,КМТФ,Caspian Sea Crude Oil 31.12.24.xlsx
2024-03,2024-03-16 12:20,Астана,,TCO-Baku,нефть,8918.0,2024-03-21 22:40,5/34 от 21.03,Сангачал,КМТФ,Caspian Sea Crude Oil 31.12.24.xlsx
2024-03,2024-03-20 00:00,Костанай,,Titan Oil - Махачкала,нефть,6486.0,2024-03-21 11:10,"1/74, 2/74, 3/76 от 21.03",Махачкала,AB FLEET,Caspian Sea Crude Oil 31.12.24.xlsx
2024-03,2024-03-21 00:00,Тараз,,Titan Oil - Махачкала,нефть,6487.0,2024-03-22 17:10,1/75; 2/75; 3/77 от  17.03,Махачкала,CIMS,Caspian Sea Crude Oil 31.12.24.xlsx
2024-03,2024-03-20 12:20,ТК Актау,,TCO-Baku,нефть,9019.0,2024-03-22 22:40,5/35 от 22.03,Сангачал,КМТФ,Caspian Sea Crude Oil 31.12.24.xlsx
2024-03,2024-03-08 00:00,Абай,,BB Energy - Baku,газ. конденс.,8915.655,2024-03-23 00:00,B-005 от 23.03.24,Сангачал,Caspiy Shipping,Caspian Sea Crude Oil 31.12.24.xlsx
2024-03,2024-03-22 14:20,Liwa,,Titan Oil - Махачкала,нефть,6481.0,2024-03-23 00:00,"1/76, 2/76, 3/78 от 23.03",Махачкала,CIMS,Caspian Sea Crude Oil 31.12.24.xlsx
2024-03,2024-03-23 00:00,Алматы,,Titan Oil - Махачкала,нефть,6488.0,2024-03-23 00:00,1/77; 2/77; 3/79  от 23.03.24,Махачкала,КМТФ,Caspian Sea Crude Oil 31.12.24.xlsx
2024-03,2024-03-23 14:00,Пр.Гейдар Алиев,,TCO-Baku,нефть,9577.0,2024-03-25 00:40,5/36 от 25.03,Сангачал,ASCO,Caspian Sea Crude Oil 31.12.24.xlsx
2024-03,2024-03-24 00:00,Костанай,,Titan Oil - Махачкала,нефть,6483.0,2024-03-25 11:10,"1/78, 2/78, 3/80 от 25.03",Махачкала,AB FLEET,Caspian Sea Crude Oil 31.12.24.xlsx
2024-03,2024-03-25 18:45,Тараз,,Titan Oil - Махачкала,нефть,6478.0,2024-03-26 17:10,1/79; 2/79; 3/81 от  25.03,Махачкала,CIMS,Caspian Sea Crude Oil 31.12.24.xlsx
2024-03,2024-03-25 12:20,Астана,,TCO-Baku,нефть,8959.0,2024-03-26 22:40,5/37 от 26.03,Сангачал,КМТФ,Caspian Sea Crude Oil 31.12.24.xlsx
2024-03,2024-03-26 12:20,ТК Актау,,Titan Oil - Махачкала,нефть,6512.0,2024-03-27 22:40,"1/80, 2/80, 3/82, 1/81  от 27.03",Махачкала,КМТФ,Caspian Sea Crude Oil 31.12.24.xlsx
2024-03,2024-03-26 00:00,Алматы,,Titan Oil - Махачкала,нефть,6485.0,2024-03-27 00:00,"1/81; 2/81; 3/83, 4/6 от 27.03.24",Махачкала,КМТФ,Caspian Sea Crude Oil 31.12.24.xlsx
2024-03,2024-03-26 00:00,Liwa,,Titan Oil - Махачкала,нефть,2734.0,2024-04-01 00:00,3/84 от 31.03,Махачкала,CIMS,Caspian Sea Crude Oil 31.12.24.xlsx
2024-04,2024-03-26 00:00,Liwa,,Titan Oil - Махачкала,нефть,3745.0,2024-04-01 00:00,3/85 от 01.04,Махачкала,CIMS,Caspian Sea Crude Oil 31.12.24.xlsx
2024-04,2024-03-25 00:00,Тараз,,Titan Oil - Махачкала,нефть,6481.0,2024-04-01 00:00,1/82; 2/82; 3/86 от  01.04,Махачкала,CIMS,Caspian Sea Crude Oil 31.12.24.xlsx
2024-04,2024-03-31 00:00,Пр.Гейдар Алиев,,TCO-Baku,нефть,9565.0,2024-04-01 00:00,5/36 от 01.04,Сангачал,ASCO,Caspian Sea Crude Oil 31.12.24.xlsx
2024-04,2024-03-31 00:00,Алматы,,Titan Oil - Махачкала,нефть,6484.0,2024-04-02 00:00,1/84; 2/83; 3/87  от 02.04.24,Махачкала,КМТФ,Caspian Sea Crude Oil 31.12.24.xlsx
2024-04,2024-04-02 00:00,Костанай,,Titan Oil - Махачкала,нефть,6492.0,2024-04-03 00:00,"1/84, 2/84, 3/88 от 03.04",Махачкала,AB FLEET,Caspian Sea Crude Oil 31.12.24.xlsx
2024-04,2024-03-31 00:00,ТК Актау,,TCO-Baku,нефть,9425.0,2024-04-03 00:00,5/39  от 03.04,Сангачал,КМТФ,Caspian Sea Crude Oil 31.12.24.xlsx
2024-04,2024-03-31 00:00,Астана,,Titan Oil - Махачкала,нефть,6479.0,2024-04-04 00:00,"1/85, 2/85, 3/89 от 03.04",Махачкала,КМТФ,Caspian Sea Crude Oil 31.12.24.xlsx
2024-04,2024-03-27 00:00,Абай,,BB Energy-B,газовый конденсат,5793.956,2024-04-05 00:00,B-006 от 05.04,Сангачал,Caspiy Shipping,Caspian Sea Crude Oil 31.12.24.xlsx
2024-04,2024-04-05 00:00,Liwa,,Titan Oil - Махачкала,нефть,6481.0,2024-04-06 00:00,1/86; 2/86; 3/90  от 06.04.24,Махачкала,CIMS,Caspian Sea Crude Oil 31.12.24.xlsx
2024-04,2024-04-05 00:00,Тараз,,Titan Oil - Махачкала,нефть,6486.0,2024-04-06 00:00,1/87; 2/87; 3/91 от  06.04,Махачкала,CIMS,Caspian Sea Crude Oil 31.12.24.xlsx
2024-04,2024-04-06 00:00,Шуша,,TCO-Baku,нефть,10016.0,2024-04-07 00:00,5/41 от 07.04,Сангачал,ASCO,Caspian Sea Crude Oil 31.12.24.xlsx
2024-04,2024-04-06 00:00,Алматы,,Titan Oil - Махачкала,нефть,6482.0,2024-04-07 00:00,1/88; 2/88; 3/92  от 07.04.24,Махачкала,КМТФ,Caspian Sea Crude Oil 31.12.24.xlsx
2024-04,2024-03-25 00:00,Караганда,,BNT-Baku,нефть,6521.83,2024-04-07 00:00,1/6 от 07.04,Сангачал,AB FLEET,Caspian Sea Crude Oil 31.12.24.xlsx
2024-04,2024-03-06 00:00,Пр.Гейдар Алиев,,TCO-Baku,нефть,9997.0,2024-04-08 00:00,5/41 от 08.04,Сангачал,ASCO,Caspian Sea Crude Oil 31.12.24.xlsx
2024-04,2024-04-06 00:00,Костанай,,Titan Oil - Махачкала,нефть,6492.0,2024-04-08 00:00,"1/89, 2/89, 3/93 от 08.04",Махачкала,AB FLEET,Caspian Sea Crude Oil 31.12.24.xlsx
2024-04,2024-04-09 00:00,Тараз,,Titan Oil - Махачкала,нефть,6478.0,2024-04-09 00:00,1/90; 2/90; 3/94 от  09.04,Махачкала,CIMS,Caspian Sea Crude Oil 31.12.24.xlsx
2024-04,2024-04-07 00:00,Астана,,TCO-Baku,нефть,9366.0,2024-04-10 00:00,5/42 от 10.04,Сангачал,КМТФ,Caspian Sea Crude Oil 31.12.24.xlsx
2024-04,2024-04-09 00:00,Liwa,,Titan Oil - Махачкала,нефть,6479.0,2024-04-11 00:00,1/91; 2/91; 3/95  от 11.04.24,Махачкала,CIMS,Caspian Sea Crude Oil 31.12.24.xlsx
2024-04,2024-04-10 00:00,Алматы,,Titan Oil - Махачкала,нефть,6489.0,2024-04-11 00:00,1/92; 2/92; 3/96  от 11.04.24,Махачкала,КМТФ,Caspian Sea Crude Oil 31.12.24.xlsx
2024-04,2024-04-07 00:00,ТК Актау,,TCO-Baku,нефть,9415.0,2024-04-11 00:00,5/43  от 11.04,Сангачал,КМТФ,Caspian Sea Crude Oil 31.12.24.xlsx
2024-04,2024-04-12 00:00,Костанай,,Titan Oil - Махачкала,нефть,6470.0,2024-04-13 00:00,"1/93, 2/93, 3/97 от 13.04",Махачкала,AB FLEET,Caspian Sea Crude Oil 31.12.24.xlsx
2024-04,2024-04-11 00:00,Шуша,,TCO-Baku,нефть,10034.0,2024-04-14 00:00,5/44 от 13.04,Сангачал,ASCO,Caspian Sea Crude Oil 31.12.24.xlsx
2024-04,2024-04-13 00:00,Тараз,,Titan Oil - Махачкала,нефть,6477.0,2024-04-14 00:00,1/94; 2/94; 3/98 от  14.04,Махачкала,CIMS,Caspian Sea Crude Oil 31.12.24.xlsx
2024-04,2024-04-13 00:00,Liwa,,Titan Oil - Махачкала,нефть,6465.0,2024-04-14 00:00,1/95; 2/95; 3/99  от 14.04.24,Махачкала,CIMS,Caspian Sea Crude Oil 31.12.24.xlsx
2024-04,2024-04-14 00:00,Алматы,,Titan Oil - Махачкала,нефть,6483.0,2024-04-15 00:00,1/96; 2/96; 3/100  от 14.04.24,Махачкала,КМТФ,Caspian Sea Crude Oil 31.12.24.xlsx
2024-04,2024-04-15 00:00,Астана,,TCO-Baku,нефть,9328.0,2024-04-15 00:00,5/45 от 15.04,Сангачал,КМТФ,Caspian Sea Crude Oil 31.12.24.xlsx
2024-04,2024-04-16 00:00,Костанай,,Titan Oil - Махачкала,нефть,6477.0,2024-04-17 00:00,"1/97, 2/97, 3/101 от 17.04",Махачкала,AB FLEET,Caspian Sea Crude Oil 31.12.24.xlsx
2024-04,2024-03-15 00:00,Пр.Гейдар Алиев,,TCO-Baku,нефть,10017.0,2024-04-17 00:00,5/46 от 17.04,Сангачал,ASCO,Caspian Sea Crude Oil 31.12.24.xlsx
2024-04,2024-04-17 00:00,Тараз,,Titan Oil - Махачкала,нефть,6480.0,2024-04-17 00:00,1/98; 2/98; 3/102 от  17.04,Махачкала,CIMS,Caspian Sea Crude Oil 31.12.24.xlsx
2024-04,2024-04-17 00:00,Абай,,Titan Oil - Махачкала,нефть,6493.0,2024-04-18 00:00,1/99; 2/99; 3/103; 4/7 от  18.04,Махачкала,Caspiy Shipping,Caspian Sea Crude Oil 31.12.24.xlsx
2024-04,2024-04-17 00:00,Liwa,,Titan Oil - Махачкала,нефть,6480.0,2024-04-18 00:00,1/100; 2/100; 3/104  от 18.04.24,Махачкала,CIMS,Caspian Sea Crude Oil 31.12.24.xlsx
2024-04,2024-04-18 00:00,Алматы,,Titan Oil - Махачкала,нефть,6487.0,2024-04-18 00:00,1/101; 2/101; 3/105  от 18.04.24,Махачкала,КМТФ,Caspian Sea Crude Oil 31.12.24.xlsx
2024-04,2024-04-16 00:00,ТК Актау,,TCO-Baku,нефть,9420.0,2024-04-19 00:00,5/47  от 19.04,Сангачал,КМТФ,Caspian Sea Crude Oil 31.12.24.xlsx
2024-04,2024-04-20 00:00,Тараз,,Titan Oil - Махачкала,нефть,6480.0,2024-04-21 00:00,1/102; 2/102; 3/106 от  21.04,Махачкала,CIMS,Caspian Sea Crude Oil 31.12.24.xlsx
2024-04,2024-04-20 00:00,Костанай,,Titan Oil - Махачкала,нефть,6476.0,2024-04-21 00:00,"1/103, 2/103, 3/107 от 21.04",Махачкала,AB FLEET,Caspian Sea Crude Oil 31.12.24.xlsx
2024-04,2024-04-19 00:00,Астана,,TCO-Baku,нефть,9385.0,2024-04-22 00:00,5/48 от 22.04,Сангачал,КМТФ,Caspian Sea Crude Oil 31.12.24.xlsx
2024-04,2024-04-21 00:00,Liwa,,Titan Oil - Махачкала,нефть,6485.0,2024-04-22 00:00,1/104; 2/104; 3/108; 4/8 от 22.04.24,Махачкала,CIMS,Caspian Sea Crude Oil 31.12.24.xlsx
2024-04,2024-04-21 00:00,Алматы,,Titan Oil - Махачкала,нефть,6489.0,2024-04-23 00:00,1/105; 2/105; 3/109; 3/110  от 22.04.24,Махачкала,КМТФ,Caspian Sea Crude Oil 31.12.24.xlsx
2024-04,2024-04-21 00:00,Шуша,,TCO-Baku,нефть,10019.0,2024-04-24 00:00,5/49 от 24.04,Сангачал,ASCO,Caspian Sea Crude Oil 31.12.24.xlsx
2024-04,2024-04-21 00:00,Абай,,BB Energy-B,газовый конденсат,4392.548,2024-04-26 00:00,от  26.04,Сангачал,Caspiy Shipping,Caspian Sea Crude Oil 31.12.24.xlsx
2024-04,2024-04-23 00:00,Пр.Гейдар Алиев,,TCO-Baku,нефть,10028.0,2024-04-25 00:00,5/50 от 17.04,Сангачал,ASCO,Caspian Sea Crude Oil 31.12.24.xlsx
2024-04,2024-04-11 00:00,Караганда,,BNT-Baku,нефть,6520.5,2024-04-27 00:00,1/7; 1/8 от 27.04,Сангачал,AB FLEET,Caspian Sea Crude Oil 31.12.24.xlsx
2024-04,2024-04-24 00:00,ТК Актау,,TCO-Baku,нефть,9410.0,2024-04-28 00:00,5/47  от 19.04,Сангачал,КМТФ,Caspian Sea Crude Oil 31.12.24.xlsx
2024-04,2024-04-24 00:00,Костанай,,Titan Oil - Махачкала,нефть,5905.0,2024-04-28 00:00,3/111 от 28.04,Махачкала,AB FLEET,Caspian Sea Crude Oil 31.12.24.xlsx
2024-05,2024-04-24 00:00,Тараз,,Titan Oil - Махачкала,нефть,6472.0,2024-05-01 00:00,1/106; 2/106; 3/112 от  01.05,Махачкала,CIMS,Caspian Sea Crude Oil 31.12.24.xlsx
2024-05,2024-04-25 00:00,Liwa,,Titan Oil - Махачкала,нефть,6481.0,2024-05-01 00:00,1/107; 2/107; 3/113 от 01.05.24,Махачкала,CIMS,Caspian Sea Crude Oil 31.12.24.xlsx
2024-05,2024-04-30 00:00,Пр.Гейдар Алиев,,TCO-Baku,нефть,10047.0,2024-04-01 00:00,5/52 от 01.05,Сангачал,ASCO,Caspian Sea Crude Oil 31.12.24.xlsx
2024-05,2024-04-25 00:00,Алматы,,Titan Oil - Махачкала,нефть,6484.0,2024-05-02 00:00,1/108; 2/108; 3/114  от 02.05.24,Махачкала,КМТФ,Caspian Sea Crude Oil 31.12.24.xlsx
2024-05,2024-05-01 00:00,Костанай,,Titan Oil - Махачкала,нефть,6481.0,2024-05-02 00:00,1/109; 2/109; 3/115  от 02.05.24,Махачкала,AB FLEET,Caspian Sea Crude Oil 31.12.24.xlsx
2024-05,2024-04-26 00:00,Астана,,Titan Oil - Махачкала,нефть,6492.0,2024-04-04 00:00,"1/110, 2/110, 3/116 от 04.05",Махачкала,КМТФ,Caspian Sea Crude Oil 31.12.24.xlsx
2024-05,2024-05-04 00:00,Liwa,,Titan Oil - Махачкала,нефть,6476.0,2024-05-05 00:00,1/111; 2/111; 3/117 от 05.05.24,Махачкала,CIMS,Caspian Sea Crude Oil 31.12.24.xlsx
2024-05,2024-05-05 00:00,Алматы,,Titan Oil - Махачкала,нефть,6481.0,2024-05-05 00:00,1/112; 2/112; 3/118  от 05.05.24,Махачкала,КМТФ,Caspian Sea Crude Oil 31.12.24.xlsx
2024-05,2024-05-01 00:00,ТК Актау,,TCO-Baku,нефть,9412.0,2024-05-05 00:00,5/53  от 05.05.24,Сангачал,КМТФ,Caspian Sea Crude Oil 31.12.24.xlsx
2024-05,2024-05-05 00:00,Костанай,,Titan Oil - Махачкала,нефть,6483.0,2024-05-06 00:00,1/113; 2/113; 3/119  от 06.05.24,Махачкала,AB FLEET,Caspian Sea Crude Oil 31.12.24.xlsx
2024-05,2024-05-04 00:00,Тараз,,Titan Oil - Махачкала,нефть,6473.0,2024-05-06 00:00,1/114; 2/114; 3/120 от  06.05,Махачкала,CIMS,Caspian Sea Crude Oil 31.12.24.xlsx
2024-05,2024-05-07 00:00,Астана,,Titan Oil - Махачкала,нефть,6487.0,2024-05-07 00:00,"1/115, 2/115, 3/121 от 07.05",Махачкала,КМТФ,Caspian Sea Crude Oil 31.12.24.xlsx
2024-05,2024-05-06 00:00,Пр.Гейдар Алиев,,TCO-Baku,нефть,10017.0,2024-05-09 00:00,5/54 от 09.05,Сангачал,ASCO,Caspian Sea Crude Oil 31.12.24.xlsx
2024-05,2024-05-08 00:00,Алматы,,Titan Oil - Махачкала,нефть,6484.0,2024-05-09 00:00,1/117; 2/117; 3/123  от 09.05.24,Махачкала,КМТФ,Caspian Sea Crude Oil 31.12.24.xlsx
2024-05,2024-05-08 00:00,Караганда,,BNT-Baku,мазут,6519.47,2024-05-09 00:00,1/9; 1/10 от 09.05,Сангачал,AB FLEET,Caspian Sea Crude Oil 31.12.24.xlsx
2024-05,2024-05-09 00:00,Тараз,,Titan Oil - Махачкала,нефть,6478.0,2024-05-10 00:00,1/118; 2/118; 3/124 от  10.05,Махачкала,CIMS,Caspian Sea Crude Oil 31.12.24.xlsx
2024-05,2024-05-08 00:00,Liwa,,Titan Oil - Махачкала,нефть,6478.0,2024-05-10 00:00,1/116; 2/116; 3/122 от 10.05.24,Махачкала,CIMS,Caspian Sea Crude Oil 31.12.24.xlsx
2024-05,2024-05-09 00:00,Костанай,,Titan Oil - Махачкала,нефть,6479.0,2024-05-10 00:00,1/119; 2/119; 3/125  от 10.05.24,Махачкала,AB FLEET,Caspian Sea Crude Oil 31.12.24.xlsx
2024-05,2024-05-10 00:00,ТК Актау,,TCO-Baku,нефть,9418.0,2024-05-11 00:00,5/55  от 11.05.24,Сангачал,КМТФ,Caspian Sea Crude Oil 31.12.24.xlsx
2024-05,2024-04-11 00:00,Астана,,Titan Oil - Махачкала,нефть,6488.0,2024-04-12 00:00,"1/120, 2/120, 3/126 от 12.05",Махачкала,КМТФ,Caspian Sea Crude Oil 31.12.24.xlsx
2024-05,2024-05-12 00:00,Алматы,,Titan Oil - Махачкала,нефть,6479.0,2024-05-13 00:00,1/121; 2/121; 3/127  от 13.05.24,Махачкала,КМТФ,Caspian Sea Crude Oil 31.12.24.xlsx
2024-05,2024-05-13 00:00,Liwa,,Titan Oil - Махачкала,нефть,6495.0,2024-05-13 00:00,1/122; 2/122; 3/128 от 13.05.24,Махачкала,CIMS,Caspian Sea Crude Oil 31.12.24.xlsx
2024-05,2024-05-13 00:00,Тараз,,Titan Oil - Махачкала,нефть,6479.0,2024-05-14 00:00,1/123; 2/123; 3/129 от  14.05.24,Махачкала,CIMS,Caspian Sea Crude Oil 31.12.24.xlsx
2024-05,2024-05-13 00:00,Пр.Гейдар Алиев,,TCO-Baku,нефть,10032.0,2024-05-14 00:00,5/56 от 14.05,Сангачал,ASCO,Caspian Sea Crude Oil 31.12.24.xlsx
2024-05,2024-05-13 00:00,Костанай,,Titan Oil - Махачкала,нефть,6496.0,2024-05-15 00:00,1/124; 2/124; 3/130  от 15.05.24,Махачкала,AB FLEET,Caspian Sea Crude Oil 31.12.24.xlsx
2024-05,2024-05-16 00:00,Liwa,,Titan Oil - Махачкала,нефть,6483.0,2024-05-17 00:00,"1/125; 2/125; 3/131, 4/9 от 17.05.24",Махачкала,CIMS,Caspian Sea Crude Oil 31.12.24.xlsx
2024-05,2024-05-17 00:00,ТК Актау,,Titan Oil - Махачкала,нефть,6463.0,2024-05-18 00:00,5/55  от 11.05.24,Махачкала,КМТФ,Caspian Sea Crude Oil 31.12.24.xlsx
2024-05,2024-05-15 00:00,Астана,,TCO-Baku,нефть,9353.0,2024-05-17 00:00,"1/120, 2/120, 3/126 от 12.05",Сангачал,КМТФ,Caspian Sea Crude Oil 31.12.24.xlsx
2024-05,2024-05-13 00:00,Naryman Narymanov,,BB Energy-Baku,газовый конденсат,4251.819,2024-05-16 00:00,,Сангачал,ASCO,Caspian Sea Crude Oil 31.12.24.xlsx
2024-05,2024-05-18 00:00,Костанай,,Titan Oil - Махачкала,нефть,6475.0,2024-05-19 00:00,1/119; 2/119; 3/125  от 10.05.24,Махачкала,AB FLEET,Caspian Sea Crude Oil 31.12.24.xlsx
2024-05,2024-05-19 19:40,Абай,,Titan Oil - Махачкала,нефть,6484.0,2024-05-20 16:00,,Махачкала,Caspiy Shipping,Caspian Sea Crude Oil 31.12.24.xlsx
2024-05,2024-05-19 12:30,Пр.Гейдар Алиев,,TCO-Baku,нефть,10020.0,2024-05-20 22:20,,Сангачал,ASCO,Caspian Sea Crude Oil 31.12.24.xlsx
2024-05,2024-05-19 00:00,Азербайджан,,BB Energy-Б,нефть,5507.734,2024-05-21 22:30,,Сангачал,Фрахтмортранс,Caspian Sea Crude Oil 31.12.24.xlsx
2024-05,2024-05-16 00:00,Алматы,,Titan Oil - Махачкала,нефть,6469.0,2024-05-21 23:30,,Махачкала,КМТФ,Caspian Sea Crude Oil 31.12.24.xlsx
2024-05,2024-05-23 00:00,Астана,,TCO-Baku,нефть,9329.0,2024-05-24 04:40,,Сангачал,КМТФ,Caspian Sea Crude Oil 31.12.24.xlsx
2024-05,2024-05-23 00:00,Абай,,Titan Oil - Махачкала,нефть,6489.0,2024-05-24 09:25,,Махачкала,Caspiy Shipping,Caspian Sea Crude Oil 31.12.24.xlsx
2024-05,2024-05-24 00:00,Пр.Гейдар Алиев,,TCO-Baku,нефть,10021.0,2024-05-26 19:50,,Сангачал,ASCO,Caspian Sea Crude Oil 31.12.24.xlsx
2024-05,2024-05-17 00:00,Тараз,,Titan Oil - Махачкала,нефть,6483.0,2024-05-28 00:00,"1/131, 2/131, 3/137, 4/10 dtd 28.05",Махачкала,CIMS,Caspian Sea Crude Oil 31.12.24.xlsx
2024-05,2024-05-18 00:00,Абай,,BB Energy-Б,нефть,9395.204,2024-05-30 00:00,,Сангачал,Caspiy Shipping,Caspian Sea Crude Oil 31.12.24.xlsx
2024-05,2024-05-24 00:00,Алматы,,Titan Oil - Махачкала,нефть,1725.0,2024-06-01 00:00,,Махачкала,КМТФ,Caspian Sea Crude Oil 31.12.24.xlsx
2024-06,2024-05-24 00:00,Алматы,,Titan Oil - Махачкала,нефть,4755.0,2024-06-01 00:00,1/139; 3/139 от 01.06.24,Махачкала,КМТФ,Caspian Sea Crude Oil 31.12.24.xlsx
2024-06,2024-05-16 00:00,Liwa,,Titan Oil - Махачкала,нефть,6482.0,2024-06-01 00:00,1/132; 2/132; 3/140 от 01.06.24,Махачкала,CIMS,Caspian Sea Crude Oil 31.12.24.xlsx
2024-06,2024-05-23 00:00,Астана,,Titan Oil - Махачкала,нефть,6474.0,2024-05-02 00:00,1/133; 2/133; 3/141 от 01.06.25,Махачкала,КМТФ,Caspian Sea Crude Oil 31.12.24.xlsx
2024-06,2024-05-31 00:00,Тараз,,Titan Oil - Махачкала,нефть,6485.0,2024-06-02 00:00,,Махачкала,CIMS,Caspian Sea Crude Oil 31.12.24.xlsx
2024-06,2024-05-20 00:00,Караганда,,БНТ-Б,мазут,4921.338,2024-06-02 00:00,1/12; 2/11 от 02.06.24,Сангачал,AB FLEET,Caspian Sea Crude Oil 31.12.24.xlsx
2024-06,2024-05-21 00:00,ТК Актау,,ТШО-Б,нефть,9411.0,2024-06-03 00:00,5/61 от 03.06.24,Сангачал,КМТФ,Caspian Sea Crude Oil 31.12.24.xlsx
2024-06,2024-06-04 00:00,Абай,,Titan Oil - Махачкала,нефть,6484.0,2024-05-04 09:25,1/135; 2/135; 3/143 от 04.06.24,Махачкала,Caspiy Shipping,Caspian Sea Crude Oil 31.12.24.xlsx
2024-06,2024-06-04 00:00,Алматы,,Titan Oil - Махачкала,нефть,6484.0,2024-06-05 00:00,1/136; 2/136; 3/144; 3/145  от 05.06.24,Махачкала,КМТФ,Caspian Sea Crude Oil 31.12.24.xlsx
2024-06,2024-06-04 00:00,Liwa,,Titan Oil - Махачкала,нефть,6481.0,2024-06-05 00:00,1/137; 2/137; 3/146 от 05.06.24,Махачкала,CIMS,Caspian Sea Crude Oil 31.12.24.xlsx
2024-06,2024-06-04 00:00,Пр.Гейдар Алиев,,ТШО-Б,нефть,10028.0,2024-06-06 00:00,5/62 от 06.06.24,Сангачал,ASCO,Caspian Sea Crude Oil 31.12.24.xlsx
2024-06,2024-06-05 00:00,Тараз,,Titan Oil - Махачкала,нефть,6477.0,2024-06-06 00:00,1/138; 2/138; 3/147 от 06.06.24,Махачкала,CIMS,Caspian Sea Crude Oil 31.12.24.xlsx
2024-06,2024-06-05 00:00,Астана,,ТШО-Б,нефть,9369.0,2024-06-08 00:00,,Сангачал,КМТФ,Caspian Sea Crude Oil 31.12.24.xlsx
2024-06,2024-06-08 00:00,Костанай,,Titan Oil - Махачкала,нефть,6484.0,2024-06-09 00:00,1/139; 2/139; 3/149; 1/150 от 08.06.24,Махачкала,AB FLEET,Caspian Sea Crude Oil 31.12.24.xlsx
2024-06,2024-06-08 00:00,Liwa,,Titan Oil - Махачкала,нефть,6489.0,2024-06-09 00:00,1/140; 2/140; 3/151 от 09.06.24,Махачкала,CIMS,Caspian Sea Crude Oil 31.12.24.xlsx
2024-06,2024-06-07 15:00,Абай,,BB Energy-Б,газовый конденсат,9457.195,2024-06-09 19:50,,Баку,Caspiy Shipping,Caspian Sea Crude Oil 31.12.24.xlsx
2024-06,2024-06-09 00:00,Тараз,,Titan Oil - Махачкала,нефть,6481.0,2024-06-09 00:00,1/141; 2/141; 3/152 от 09.06.24,Махачкала,CIMS,Caspian Sea Crude Oil 31.12.24.xlsx
2024-06,2024-06-08 00:00,Алматы,,Titan Oil - Махачкала,нефть,6470.0,2024-06-10 00:00,1/142; 2/142; 3/153 от 09.06.24,Махачкала,КМТФ,Caspian Sea Crude Oil 31.12.24.xlsx
2024-06,2024-06-09 00:00,Джаббар Гашимов,,ТШО-Б,нефть,9224.0,2024-06-10 00:00,5/64 от 06.06.24,Сангачал,ASCO,Caspian Sea Crude Oil 31.12.24.xlsx
2024-06,2024-06-11 00:00,Караганда,,БНТ-Б,мазут,2290.381,2024-06-12 00:00,1/13 от 12.06.25,Сангачал,AB FLEET,Caspian Sea Crude Oil 31.12.24.xlsx
2024-06,2024-06-07 00:00,ТК Актау,,ТШО-Б,нефть,9412.0,2024-06-13 00:00,5/65 от 13.06.24,Сангачал,КМТФ,Caspian Sea Crude Oil 31.12.24.xlsx
2024-06,2024-06-11 00:00,Костанай,,Titan Oil - Махачкала,нефть,6477.0,2024-06-13 00:00,1/143; 2/143; 3/154 от 13.06.24,Махачкала,AB FLEET,Caspian Sea Crude Oil 31.12.24.xlsx
2024-06,2024-06-12 00:00,Liwa,,Titan Oil - Махачкала,нефть,6491.0,2024-06-13 00:00,1/144; 2/144; 3/155 от 13.06.25,Махачкала,CIMS,Caspian Sea Crude Oil 31.12.24.xlsx
2024-06,2024-06-12 00:00,Тараз,,Titan Oil - Махачкала,нефть,6487.0,2024-06-14 00:00,1/146; 2/146; 3/157 от 14.06.24,Махачкала,CIMS,Caspian Sea Crude Oil 31.12.24.xlsx
2024-06,2024-06-13 00:00,Алматы,,Titan Oil - Махачкала,нефть,6485.0,2024-06-14 00:00,1/145; 2/145; 3/156 от 14.06.24,Махачкала,КМТФ,Caspian Sea Crude Oil 31.12.24.xlsx
2024-06,2024-06-11 00:00,Пр.Гейдар Алиев,,ТШО-Б,нефть,10044.0,2024-06-15 00:00,5/66 от 14.06.24,Сангачал,ASCO,Caspian Sea Crude Oil 31.12.24.xlsx
2024-06,2024-06-12 00:00,Астана,,ТШО-Б,нефть,9321.0,2024-06-16 00:00,5/67 от 16.06.25,Сангачал,КМТФ,Caspian Sea Crude Oil 31.12.24.xlsx
2024-06,2024-06-16 00:00,Liwa,,Titan Oil - Махачкала,нефть,6487.0,2024-06-17 00:00,1/147; 2/147; 3/158 от 17.06.25,Махачкала,CIMS,Caspian Sea Crude Oil 31.12.24.xlsx
2024-06,2024-06-16 00:00,Костанай,,Titan Oil - Махачкала,нефть,6471.0,2024-06-17 00:00,1/148; 2/148; 3/159; 4/11 от 17.06.24,Махачкала,AB FLEET,Caspian Sea Crude Oil 31.12.24.xlsx
2024-06,2024-06-17 00:00,Тараз,,Titan Oil - Махачкала,нефть,6488.0,2024-06-18 00:00,1/146; 2/146; 3/157 от 14.06.24,Махачкала,CIMS,Caspian Sea Crude Oil 31.12.24.xlsx
2024-06,2024-06-17 00:00,Алматы,,Titan Oil - Махачкала,нефть,6485.0,2024-06-18 00:00,1/150; 2/150; 3/157 от 18.06.24,Махачкала,КМТФ,Caspian Sea Crude Oil 31.12.24.xlsx
2024-06,2024-06-16 00:00,Джаббар Гашимов,,ТШО-Б,нефть,9332.0,2024-06-18 00:00,5/66 от 18.06.24,Сангачал,ASCO,Caspian Sea Crude Oil 31.12.24.xlsx
2024-06,2024-06-19 00:00,Liwa,,Titan Oil - Махачкала,нефть,6492.0,2024-06-20 00:00,1/151; 2/151; 3/162 от 20.06.25,Махачкала,CIMS,Caspian Sea Crude Oil 31.12.24.xlsx
2024-06,2024-06-17 00:00,ТК Актау,,ТШО-Б,нефть,9411.0,2024-06-20 00:00,5/69 от 20.06.24,Сангачал,КМТФ,Caspian Sea Crude Oil 31.12.24.xlsx
2024-06,2024-06-20 00:00,Костанай,,Titan Oil - Махачкала,нефть,6487.0,2024-06-21 00:00,1/152; 2/152; 3/163; 4/11 от 21.06.24,Махачкала,AB FLEET,Caspian Sea Crude Oil 31.12.24.xlsx
2024-06,2024-06-20 00:00,Тараз,,Titan Oil - Махачкала,нефть,6484.0,2024-06-21 00:00,1/153; 2/153; 3/164 от 21.06.24,Махачкала,CIMS,Caspian Sea Crude Oil 31.12.24.xlsx
2024-06,2024-06-13 11:00,Абай,,BB Energy-Б,газовый конденсат,9456.332,2024-06-23 04:30,,Сангачал,Caspiy Shipping,Caspian Sea Crude Oil 31.12.24.xlsx
2024-06,2024-06-21 00:00,Пр.Гейдар Алиев,,ТШО-Б,нефть,10035.0,2024-06-23 00:00,5/70 от 23.06.24,Сангачал,ASCO,Caspian Sea Crude Oil 31.12.24.xlsx
2024-06,2024-06-24 00:00,Костанай,,Titan Oil - Махачкала,нефть,6479.0,2024-06-25 00:00,1/154; 2/154; 3/165; 4/12 от 25.06.24,Махачкала,AB FLEET,Caspian Sea Crude Oil 31.12.24.xlsx
2024-06,2024-06-21 00:00,Алматы,,Titan Oil - Махачкала,нефть,6491.0,2024-06-25 00:00,1/155; 2/155; 3/166 от 25.06.24,Махачкала,КМТФ,Caspian Sea Crude Oil 31.12.24.xlsx
2024-06,2024-06-21 00:00,Астана,,ТШО-Б,нефть,9347.0,2024-06-25 00:00,5/71 от 25.06.25,Сангачал,КМТФ,Caspian Sea Crude Oil 31.12.24.xlsx
2024-06,2024-06-25 00:00,Джаббар Гашимов,,ТШО-Б,нефть,9391.0,2024-06-27 00:00,5/72 от 27.06.24,Сангачал,ASCO,Caspian Sea Crude Oil 31.12.24.xlsx
2024-06,2024-06-24 00:00,ТК Актау,,ТШО-Б,нефть,9420.0,2024-06-29 00:00,5/69 от 20.06.24,Сангачал,КМТФ,Caspian Sea Crude Oil 31.12.24.xlsx
2024-06,2024-06-30 00:00,Абай,,BB Energy-Б,газовый конденсат,9443.492,,,Баку,Caspiy Shipping,Caspian Sea Crude Oil 31.12.24.xlsx
2024-06,2024-06-28 00:00,Костанай,,Titan Oil - Махачкала,нефть,4882.0,2024-07-01 00:00,3/167; 3/168 от 30.06.24,Махачкала,AB FLEET,Caspian Sea Crude Oil 31.12.24.xlsx
2024-07,2024-06-28 00:00,Костанай,,Titan Oil - Махачкала,нефть,1604.0,2024-07-01 00:00,3/169 от 01.07.24,Махачкала,AB FLEET,Caspian Sea Crude Oil 31.12.24.xlsx
2024-07,2024-06-23 00:00,Liwa,,Titan Oil - Махачкала,нефть,6480.0,2024-07-01 00:00,1/156; 2/156; 3/170 от 01.07.24,Махачкала,CIMS,Caspian Sea Crude Oil 31.12.24.xlsx
2024-07,2024-06-21 00:00,Пр.Гейдар Алиев,,ТШО-Б,нефть,10023.0,2024-07-01 00:00,5/74 от 01.07.24,Сангачал,ASCO,Caspian Sea Crude Oil 31.12.24.xlsx
2024-07,2024-06-24 00:00,Тараз,,Titan Oil - Махачкала,нефть,6477.0,2024-07-02 00:00,1/157; 2/157; 3/171 от 02.07.24,Махачкала,CIMS,Caspian Sea Crude Oil 31.12.24.xlsx
2024-07,2024-06-28 00:00,Алматы,,Titan Oil - Махачкала,нефть,6492.0,2024-07-02 00:00,1/158; 2/158; 3/172 от 02.07.24,Махачкала,КМТФ,Caspian Sea Crude Oil 31.12.24.xlsx
2024-07,2024-06-29 00:00,Астана,,ТШО-Б,нефть,9377.0,2024-07-03 00:00,5/75 от 03.07.25,Сангачал,КМТФ,Caspian Sea Crude Oil 31.12.24.xlsx
2024-07,2024-07-04 00:00,Костанай,,Titan Oil - Махачкала,нефть,6471.0,2024-07-04 00:00,1/159; 2/159; 2/160; 3/173 от 04.07.24,Махачкала,AB FLEET,Caspian Sea Crude Oil 31.12.24.xlsx
2024-07,2024-07-04 00:00,Liwa,,Titan Oil - Махачкала,нефть,6489.0,2024-07-04 00:00,1/161; 2/161; 3/174 от 04.07.24,Махачкала,CIMS,Caspian Sea Crude Oil 31.12.24.xlsx
2024-07,2024-07-04 00:00,Тараз,,Titan Oil - Махачкала,нефть,6484.0,2024-07-05 00:00,1/162; 2/162; 3/175 от 05.07.24,Махачкала,CIMS,Caspian Sea Crude Oil 31.12.24.xlsx
2024-07,2024-07-04 00:00,JULFA,,ТШО-Б,нефть,10024.0,2024-07-05 00:00,5/76 от 05.07.24,Сангачал,ASCO,Caspian Sea Crude Oil 31.12.24.xlsx
2024-07,2024-07-05 00:00,Алматы,,Titan Oil - Махачкала,нефть,6482.0,2024-07-06 00:00,1/163; 2/163; 3/176 от 05.07.24,Махачкала,КМТФ,Caspian Sea Crude Oil 31.12.24.xlsx
2024-07,2024-07-03 00:00,ТК Актау,,ТШО-Б,нефть,9415.0,2024-07-07 00:00,5/69 от 20.06.24,Сангачал,КМТФ,Caspian Sea Crude Oil 31.12.24.xlsx
2024-07,2024-06-07 00:00,Костанай,,Titan Oil - Махачкала,нефть,6482.0,2024-07-08 00:00,1/164; 2/164; 3/177 от 08.07.24,Махачкала,AB FLEET,Caspian Sea Crude Oil 31.12.24.xlsx
2024-07,2024-07-08 00:00,Liwa,,Titan Oil - Махачкала,нефть,6479.0,2024-07-08 00:00,1/165; 2/165; 3/178 от 08.07.24,Махачкала,CIMS,Caspian Sea Crude Oil 31.12.24.xlsx
2024-07,2024-07-08 00:00,Тараз,,Titan Oil - Махачкала,нефть,6475.0,2024-07-09 00:00,1/166; 2/166; 3/179 от 09.07.24,Махачкала,CIMS,Caspian Sea Crude Oil 31.12.24.xlsx
2024-07,2024-07-09 00:00,Алматы,,Titan Oil - Махачкала,нефть,6490.0,2024-07-09 00:00,1/167; 2/167; 3/180 от 09.07.24,Махачкала,КМТФ,Caspian Sea Crude Oil 31.12.24.xlsx
2024-07,2024-07-07 00:00,Пр.Гейдар Алиев,,ТШО-Б,нефть,10003.0,2024-07-09 00:00,5/78 от 09.07.24,Сангачал,ASCO,Caspian Sea Crude Oil 31.12.24.xlsx
2024-07,2024-07-07 00:00,Астана,,ТШО-Б,нефть,9353.0,2024-07-11 00:00,5/79 от 11.07.25,Сангачал,КМТФ,Caspian Sea Crude Oil 31.12.24.xlsx
2024-07,2024-07-11 00:00,Liwa,,Titan Oil - Махачкала,нефть,6483.0,2024-07-12 00:00,1/168; 2/168; 3/181 от 12.07.24,Махачкала,CIMS,Caspian Sea Crude Oil 31.12.24.xlsx
2024-07,2024-07-11 00:00,Костанай,,Titan Oil - Махачкала,нефть,6467.0,2024-07-12 00:00,1/170; 2/170; 3/183 от 12.07.24,Махачкала,AB FLEET,Caspian Sea Crude Oil 31.12.24.xlsx
2024-07,2024-07-11 00:00,ТК Актау,,ТШО-Б,нефть,6361.0,2024-07-12 00:00,1/169; 2/169; 3/182 от 12.07.24,Махачкала,КМТФ,Caspian Sea Crude Oil 31.12.24.xlsx
2024-07,2024-07-12 00:00,Алматы,,Titan Oil - Махачкала,нефть,6489.0,2024-07-13 00:00,1/171; 2/171; 3/184 от 13.07.24,Махачкала,КМТФ,Caspian Sea Crude Oil 31.12.24.xlsx
2024-07,,Абай,,BB Energy-Б,газовый конденсат,9450.71,2024-07-15 00:00,,Баку,Caspiy Shipping,Caspian Sea Crude Oil 31.12.24.xlsx
2024-07,2024-07-11 00:00,JULFA,,ТШО-Б,нефть,10034.0,2024-07-13 00:00,5/80 от 13.07.24,Сангачал,ASCO,Caspian Sea Crude Oil 31.12.24.xlsx
2024-07,2024-07-15 00:00,Костанай,,Titan Oil - Махачкала,нефть,6469.0,2024-07-16 00:00,1/172; 2/172; 3/185 от 16.07.24,Махачкала,AB FLEET,Caspian Sea Crude Oil 31.12.24.xlsx
2024-07,2024-07-12 00:00,Тараз,,Titan Oil - Махачкала,нефть,6475.0,2024-07-16 00:00,1/173; 2/173; 3/186 от 16.07.24,Махачкала,CIMS,Caspian Sea Crude Oil 31.12.24.xlsx
2024-07,2024-07-14 00:00,Пр.Гейдар Алиев,,ТШО-Б,нефть,10015.0,2024-07-16 00:00,5/78 от 09.07.24,Сангачал,ASCO,Caspian Sea Crude Oil 31.12.24.xlsx
2024-07,2024-07-15 00:00,ТК Актау,,ТШО-Б,нефть,6425.0,2024-07-17 00:00,1/174; 2/174; 3/187 от 17.07.24,Махачкала,КМТФ,Caspian Sea Crude Oil 31.12.24.xlsx
2024-07,2024-07-17 00:00,Алматы,,Titan Oil - Махачкала,нефть,6487.0,2024-07-17 00:00,1/175; 2/175; 3/188; 4/13 от 17.07.24,Махачкала,КМТФ,Caspian Sea Crude Oil 31.12.24.xlsx
2024-07,2024-07-15 00:00,Астана,,ТШО-Б,нефть,9337.0,2024-07-18 00:00,5/82 от 18.07.25,Сангачал,КМТФ,Caspian Sea Crude Oil 31.12.24.xlsx
2024-07,2024-06-19 00:00,Костанай,,Titan Oil - Махачкала,нефть,6488.0,2024-07-20 00:00,1/176; 2/176; 3/189 от 20.07.24,Махачкала,AB FLEET,Caspian Sea Crude Oil 31.12.24.xlsx
2024-07,2024-07-15 00:00,Liwa,,Titan Oil - Махачкала,нефть,6490.0,2024-07-20 00:00,1/177; 2/177; 3/1790от 20.07.24,Махачкала,CIMS,Caspian Sea Crude Oil 31.12.24.xlsx
2024-07,2024-07-18 00:00,JULFA,,ТШО-Б,нефть,10036.0,2024-07-20 00:00,5/83 от 20.07.24,Сангачал,ASCO,Caspian Sea Crude Oil 31.12.24.xlsx
2024-07,2024-07-19 00:00,Тараз,,Titan Oil - Махачкала,нефть,6488.0,2024-07-21 00:00,1/178; 2/178; 3/191 от 21.07.24,Махачкала,CIMS,Caspian Sea Crude Oil 31.12.24.xlsx
2024-07,2024-07-17 00:00,Алматы,,Titan Oil - Махачкала,нефть,6477.0,2024-07-21 00:00,1/179; 2/179; 3/192; 4/13 от 21.07.24,Махачкала,КМТФ,Caspian Sea Crude Oil 31.12.24.xlsx
2024-07,2024-07-20 00:00,ТК Актау,,ТШО-Б,нефть,9405.0,2024-07-22 00:00,5/84 от 22.07.25,Сангачал,КМТФ,Caspian Sea Crude Oil 31.12.24.xlsx
2024-07,2024-07-23 00:00,Костанай,,Titan Oil - Махачкала,нефть,6486.0,2024-07-24 00:00,1/180; 2/180; 3/193;3/ от 2.07.24,Махачкала,AB FLEET,Caspian Sea Crude Oil 31.12.24.xlsx
2024-07,2024-07-23 00:00,Liwa,,Titan Oil - Махачкала,нефть,6479.0,2024-07-24 00:00,1/181; 2/181; 3/194 от 24.07.24,Махачкала,CIMS,Caspian Sea Crude Oil 31.12.24.xlsx
2024-07,2024-07-22 00:00,Астана,,ТШО-Б,нефть,9356.0,2024-07-24 00:00,5/85 от 24.07.25,Сангачал,КМТФ,Caspian Sea Crude Oil 31.12.24.xlsx
2024-07,2024-07-23 00:00,Пр.Гейдар Алиев,,ТШО-Б,нефть,10025.0,2024-07-26 00:00,5/86 от 26.07.24,Сангачал,ASCO,Caspian Sea Crude Oil 31.12.24.xlsx
2024-07,2024-07-27 00:00,ТК Актау,,ТШО-Б,нефть,9417.0,2024-07-28 00:00,5/87 от 28.07.25,Сангачал,КМТФ,Caspian Sea Crude Oil 31.12.24.xlsx
2024-07,2024-07-29 00:00,Абай,,BB Energy-Б,газовый конденсат,9674.179,2024-07-30 00:00,,Баку,Caspiy Shipping,Caspian Sea Crude Oil 31.12.24.xlsx
2024-07,2024-07-19 00:00,Тараз,,Titan Oil - Махачкала,нефть,4766.0,2024-07-21 00:00,3/195; 3/196; 3/197 от 31.07.24,Махачкала,CIMS,Caspian Sea Crude Oil 31.12.24.xlsx
2024-08,2024-07-24 00:00,Тараз,,Titan Oil - Махачкала,нефть,1707.0,2024-08-01 00:00,3/197 от 01.08.24,Махачкала,CIMS,Caspian Sea Crude Oil 31.12.24.xlsx
2024-08,2024-07-24 00:00,Алматы,,Titan Oil - Махачкала,нефть,6485.0,2024-08-01 00:00,1/182; 2/182; 3/198 от 01.08.24,Махачкала,КМТФ,Caspian Sea Crude Oil 31.12.24.xlsx
2024-08,2024-07-30 00:00,JULFA,,ТШО-Б,нефть,10026.0,2024-08-02 00:00,5/88 от 01.08.24,Сангачал,ASCO,Caspian Sea Crude Oil 31.12.24.xlsx
2024-08,2024-07-27 00:00,Liwa,,Titan Oil - Махачкала,нефть,6483.0,2024-08-02 00:00,1/184; 2/184; 3/200 от 02.08.24,Махачкала,CIMS,Caspian Sea Crude Oil 31.12.24.xlsx
2024-08,2024-07-27 00:00,Костанай,,Titan Oil - Махачкала,нефть,6490.0,2024-08-02 00:00,1/183; 2/183; 3/199  от 01.08.24,Махачкала,AB FLEET,Caspian Sea Crude Oil 31.12.24.xlsx
2024-08,2024-08-02 00:00,ТК Актау,,ТШО-Б,нефть,9408.0,2024-08-04 00:00,5/89 от 04.08.24,Сангачал,КМТФ,Caspian Sea Crude Oil 31.12.24.xlsx
2024-08,2024-08-04 00:00,Тараз,,Titan Oil - Махачкала,нефть,6477.0,2024-08-05 00:00,1/185; 2/185; 3/201  от 04.08.24,Махачкала,CIMS,Caspian Sea Crude Oil 31.12.24.xlsx
2024-08,2024-08-04 00:00,Алматы,,Titan Oil - Махачкала,нефть,6485.0,2024-08-05 00:00,1/186; 2/186; 3/202 от 05.08.24,Махачкала,КМТФ,Caspian Sea Crude Oil 31.12.24.xlsx
2024-08,2024-08-05 00:00,Костанай,,Titan Oil - Махачкала,нефть,6492.0,2024-08-05 00:00,1/187; 2/17; 3/203  от 05.08.24,Махачкала,AB FLEET,Caspian Sea Crude Oil 31.12.24.xlsx
2024-08,2024-08-05 00:00,Liwa,,Titan Oil - Махачкала,нефть,6488.0,2024-08-06 00:00,1/188; 2/188; 3/204 от 05.08.24,Махачкала,CIMS,Caspian Sea Crude Oil 31.12.24.xlsx
2024-08,2024-08-04 00:00,Пр.Гейдар Алиев,,ТШО-Б,нефть,10035.0,2024-08-06 00:00,5/90 от 06.08.24,Сангачал,ASCO,Caspian Sea Crude Oil 31.12.24.xlsx
2024-08,2024-08-07 00:00,Казахстан,,BB Energy-Б,газовый конденсат,9402.01,2024-08-08 00:00,,Баку,Caspiy Shipping,Caspian Sea Crude Oil 31.12.24.xlsx
2024-08,2024-08-07 00:00,Тараз,,Titan Oil - Махачкала,нефть,6482.0,2024-08-08 00:00,1/189; 2/189; 3/205  от 08.08.24,Махачкала,CIMS,Caspian Sea Crude Oil 31.12.24.xlsx
2024-08,2024-07-30 00:00,Астана,,ТШО-Б,нефть,9360.0,2024-08-09 00:00,5/91 от 09.08.25,Сангачал,КМТФ,Caspian Sea Crude Oil 31.12.24.xlsx
2024-08,2024-08-08 00:00,Алматы,,Titan Oil - Махачкала,нефть,6480.0,2024-08-09 00:00,1/190; 2/190; 3/206 от 09.08.24,Махачкала,КМТФ,Caspian Sea Crude Oil 31.12.24.xlsx
2024-08,2024-08-08 00:00,Костанай,,Titan Oil - Махачкала,нефть,6482.0,2024-08-09 00:00,1/191; 2/91; 3/207  от 09.08.24,Махачкала,AB FLEET,Caspian Sea Crude Oil 31.12.24.xlsx
2024-08,2024-08-08 00:00,Liwa,,Titan Oil - Махачкала,нефть,6482.0,2024-08-10 00:00,1/192; 2/192; 3/208 от 10.08.24,Махачкала,CIMS,Caspian Sea Crude Oil 31.12.24.xlsx
2024-08,2024-08-07 00:00,JULFA,,ТШО-Б,нефть,10031.0,2024-08-09 00:00,5/92 от 10.08.24,Сангачал,ASCO,Caspian Sea Crude Oil 31.12.24.xlsx
2024-08,2024-08-11 00:00,Тараз,,Titan Oil - Махачкала,нефть,6487.0,2024-08-12 00:00,1/193; 2/193; 3/209  от 12.08.24,Махачкала,CIMS,Caspian Sea Crude Oil 31.12.24.xlsx
2024-08,2024-08-09 00:00,ТК Актау,,ТШО-Б,нефть,9641.0,2024-08-12 00:00,5/93 от 12.08.24,Сангачал,КМТФ,Caspian Sea Crude Oil 31.12.24.xlsx
2024-08,2024-08-12 00:00,Алматы,,Titan Oil - Махачкала,нефть,6490.0,2024-08-13 00:00,1/194; 2/194; 3/210 от 12.08.24,Махачкала,КМТФ,Caspian Sea Crude Oil 31.12.24.xlsx
2024-08,2024-08-12 00:00,Костанай,,Titan Oil - Махачкала,нефть,6483.0,2024-08-13 00:00,1/195; 2/195; 3/211  от 13.08.24,Махачкала,AB FLEET,Caspian Sea Crude Oil 31.12.24.xlsx
2024-08,2024-08-13 00:00,Liwa,,Titan Oil - Махачкала,нефть,6489.0,2024-08-13 00:00,1/196; 2/196; 3/212 от 13.08.24,Махачкала,CIMS,Caspian Sea Crude Oil 31.12.24.xlsx
2024-08,2024-08-13 00:00,Пр.Гейдар Алиев,,ТШО-Б,нефть,10025.0,2024-08-14 00:00,5/94 от 14.08.24,Сангачал,ASCO,Caspian Sea Crude Oil 31.12.24.xlsx
2024-08,2024-08-15 00:00,Тараз,,Titan Oil - Махачкала,нефть,6485.0,2024-08-15 00:00,1/197; 2/197; 3/213; 4/15  от 15.08.24,Махачкала,CIMS,Caspian Sea Crude Oil 31.12.24.xlsx
2024-08,2024-08-15 00:00,Казахстан,,BB Energy-Б,газовый конденсат,9481.165,2024-08-16 00:00,,Баку,Caspiy Shipping,Caspian Sea Crude Oil 31.12.24.xlsx
2024-08,2024-08-16 00:00,Алматы,,Titan Oil - Махачкала,нефть,6484.0,2024-08-16 00:00,1/198; 2/198; 3/214 от 16.08.24,Махачкала,КМТФ,Caspian Sea Crude Oil 31.12.24.xlsx
2024-08,2024-08-16 00:00,Костанай,,Titan Oil - Махачкала,нефть,6474.0,2024-08-16 00:00,1/199; 2/199; 3/215  от 16.08.24,Махачкала,AB FLEET,Caspian Sea Crude Oil 31.12.24.xlsx
2024-08,2024-08-13 00:00,Астана,,ТШО-Б,нефть,9638.0,2024-08-17 00:00,5/95 от 17.08.25,Сангачал,КМТФ,Caspian Sea Crude Oil 31.12.24.xlsx
2024-08,2024-08-16 00:00,Liwa,,Titan Oil - Махачкала,нефть,6487.0,2024-08-17 00:00,1/200; 2/200; 3/216 от 17.08.24,Махачкала,CIMS,Caspian Sea Crude Oil 31.12.24.xlsx
2024-08,2024-08-18 00:00,Тараз,,Titan Oil - Махачкала,нефть,6483.0,2024-08-19 00:00,1/201; 2/201; 3/217; от 19.08.24,Махачкала,CIMS,Caspian Sea Crude Oil 31.12.24.xlsx
2024-08,2024-08-18 00:00,JULFA,,ТШО-Б,нефть,10031.0,2024-08-19 00:00,5/96 от 19.08.24,Сангачал,ASCO,Caspian Sea Crude Oil 31.12.24.xlsx
2024-08,2024-08-20 00:00,Костанай,,Titan Oil - Махачкала,нефть,6486.0,2024-08-20 00:00,1/202; 2/202; 3/218  от 20.08.24,Махачкала,AB FLEET,Caspian Sea Crude Oil 31.12.24.xlsx
2024-08,2024-08-20 00:00,Алматы,,Titan Oil - Махачкала,нефть,6489.0,2024-08-21 00:00,1/203; 2/203; 3/219 от 20.08.24,Махачкала,КМТФ,Caspian Sea Crude Oil 31.12.24.xlsx
2024-08,2024-08-20 00:00,Liwa,,Titan Oil - Махачкала,нефть,6485.0,2024-08-21 00:00,1/204; 2/204; 3/220 от 21.08.24,Махачкала,CIMS,Caspian Sea Crude Oil 31.12.24.xlsx
2024-08,2024-08-16 00:00,ТК Актау,,ТШО-Б,нефть,9609.0,2024-08-21 00:00,5/97 от 21.08.24,Сангачал,КМТФ,Caspian Sea Crude Oil 31.12.24.xlsx
2024-08,2024-08-21 00:00,Тараз,,Titan Oil - Махачкала,нефть,6488.0,2024-08-22 00:00,1/205; 2/205; 3/221;4/16 от 22.08.24,Махачкала,CIMS,Caspian Sea Crude Oil 31.12.24.xlsx
2024-08,2024-08-22 00:00,Пр.Гейдар Алиев,,ТШО-Б,нефть,10006.0,2024-08-23 00:00,5/98 от 23.08.24,Сангачал,ASCO,Caspian Sea Crude Oil 31.12.24.xlsx
2024-08,2024-08-21 00:00,Астана,,ТШО-Б,нефть,9622.0,2024-08-25 00:00,5/99 от 25.08.25,Сангачал,КМТФ,Caspian Sea Crude Oil 31.12.24.xlsx
2024-08,2024-08-24 00:00,Алматы,,Titan Oil - Махачкала,нефть,6487.0,2024-08-24 00:00,1/206; 2/206; 3/222 от 24.08.24,Махачкала,КМТФ,Caspian Sea Crude Oil 31.12.24.xlsx
2024-08,2024-08-28 00:00,Абай,,BB Energy-Б,газовый конденсат,9452.214,2024-08-29 00:00,,Баку,Caspiy Shipping,Caspian Sea Crude Oil 31.12.24.xlsx
2024-08,2024-08-23 00:00,Костанай,,Titan Oil - Махачкала,нефть,4386.0,2024-08-01 00:00,3/223; 3/224  от 31.08.24,Махачкала,AB FLEET,Caspian Sea Crude Oil 31.12.24.xlsx
2024-09,2024-08-23 00:00,Костанай,,Titan Oil - Махачкала,нефть,2109.0,2024-08-01 00:00,1/207; 2/207  от 01.09.24,Махачкала,AB FLEET,Caspian Sea Crude Oil 31.12.24.xlsx
2024-09,2024-08-31 00:00,JULFA,,ТШО-Б,нефть,10039.0,2024-09-01 00:00,5/100 от 01.09.24,Сангачал,ASCO,Caspian Sea Crude Oil 31.12.24.xlsx
2024-09,2024-08-24 00:00,Liwa,,Titan Oil - Махачкала,нефть,6492.0,2024-09-04 00:00,1/208; 2/208; 1/209; 2/209; 7/1; 7/2 от 04.09.24,Махачкала,CIMS,Caspian Sea Crude Oil 31.12.24.xlsx
2024-09,2024-08-25 00:00,Тараз,,Titan Oil - Махачкала,нефть,6548.0,2024-09-04 00:00,1/210; 2/210; 7/3; 7/4 от 04.09.24,Махачкала,CIMS,Caspian Sea Crude Oil 31.12.24.xlsx
2024-09,2024-08-25 00:00,ТК Актау,,ТШО-Б,нефть,9606.0,2024-09-04 00:00,5/101 от 04.09.24,Сангачал,КМТФ,Caspian Sea Crude Oil 31.12.24.xlsx
2024-09,2024-08-29 00:00,Алматы,,Titan Oil - Махачкала,нефть,6479.0,2024-09-05 00:00,1/211; 2/211; 7/5; 7/6 от 05.09.24,Махачкала,КМТФ,Caspian Sea Crude Oil 31.12.24.xlsx
2024-09,2024-09-04 00:00,Абай,,BB Energy-Б,Gas Condensate,9473.682,2024-02-06 00:00,,Баку,Caspiy Shipping,Caspian Sea Crude Oil 31.12.24.xlsx
2024-09,2024-09-05 00:00,Пр.Гейдар Алиев,,ТШО-Б,нефть,10018.0,2024-09-06 00:00,5/102 от 06.09.24,Сангачал,ASCO,Caspian Sea Crude Oil 31.12.24.xlsx
2024-09,2024-09-06 00:00,Костанай,,Titan Oil - Махачкала,нефть,6485.0,2024-09-07 00:00,1/212; 2/212;  7/7;  7/8  от 06.09.24,Махачкала,AB FLEET,Caspian Sea Crude Oil 31.12.24.xlsx
2024-09,2024-08-31 00:00,Астана,,ТШО-Б,нефть,9621.0,2024-09-08 00:00,5/103 от 08.09.25,Сангачал,КМТФ,Caspian Sea Crude Oil 31.12.24.xlsx
2024-09,2024-09-08 00:00,Liwa,,Titan Oil - Махачкала,нефть,6487.0,2024-09-08 00:00,1/213; 2/213;  7/9;  7/10 от 08.09.24,Махачкала,CIMS,Caspian Sea Crude Oil 31.12.24.xlsx
2024-09,2024-09-08 00:00,Тараз,,Titan Oil - Махачкала,нефть,6481.0,2024-09-08 00:00,1/214; 2/214; 7/11; 7/12 от 08.09.24,Махачкала,CIMS,Caspian Sea Crude Oil 31.12.24.xlsx
2024-09,2024-09-09 00:00,Алматы,,Titan Oil - Махачкала,нефть,6484.0,2024-09-10 00:00,1/215; 2/215; 7/13; 7/14 от 10.09.24,Махачкала,КМТФ,Caspian Sea Crude Oil 31.12.24.xlsx
2024-09,2024-09-09 00:00,JULFA,,ТШО-Б,нефть,10044.0,2024-09-10 00:00,5/104 от 10.09.24,Сангачал,ASCO,Caspian Sea Crude Oil 31.12.24.xlsx
2024-09,2024-09-01 00:00,KURUSH,,Titan Oil - Махачкала,нефть,6482.0,2024-09-11 00:00,1/216; 2/216;  7/15;  7/16  от 12.09.24,Махачкала,AB FLEET,Caspian Sea Crude Oil 31.12.24.xlsx
2024-09,2024-09-10 00:00,ТК Актау,,ТШО-Б,нефть,9620.0,2024-09-12 00:00,5/105 от 12.09.24,Сангачал,КМТФ,Caspian Sea Crude Oil 31.12.24.xlsx
2024-09,2024-09-13 00:00,Костанай,,Titan Oil - Махачкала,нефть,6481.0,2024-09-14 00:00,1/217; 2/217;  7/17;  7/18  от 14.09.24,Махачкала,AB FLEET,Caspian Sea Crude Oil 31.12.24.xlsx
2024-09,2024-09-13 00:00,Liwa,,Titan Oil - Махачкала,нефть,6480.0,2024-09-14 00:00,1/218; 2/218;  7/19;  7/20 от 14.09.24,Махачкала,CIMS,Caspian Sea Crude Oil 31.12.24.xlsx
2024-09,2024-09-13 00:00,Пр.Гейдар Алиев,,ТШО-Б,нефть,10019.0,2024-09-14 00:00,5/106 от 14.09.24,Сангачал,ASCO,Caspian Sea Crude Oil 31.12.24.xlsx
2024-09,2024-09-14 00:00,Алматы,,Titan Oil - Махачкала,нефть,6492.0,2024-09-15 00:00,1/219; 2/219; 7/21; 7/22 от 15.09.24,Махачкала,КМТФ,Caspian Sea Crude Oil 31.12.24.xlsx
2024-09,2024-09-14 00:00,Тараз,,Titan Oil - Махачкала,нефть,6489.0,2024-09-15 00:00,1/220; 2/220; 7/123; 7/23 от 15.09.24,Махачкала,CIMS,Caspian Sea Crude Oil 31.12.24.xlsx
2024-09,2024-09-13 00:00,Астана,,ТШО-Б,нефть,9625.0,2024-09-16 00:00,5/107 от 16.09.25,Сангачал,КМТФ,Caspian Sea Crude Oil 31.12.24.xlsx
2024-09,2024-09-16 00:00,Куруш,,Батыснефтетрейд,мазут,6515.4,2024-09-17 00:00,,Баку,AB FLEET,Caspian Sea Crude Oil 31.12.24.xlsx
2024-09,2024-09-17 00:00,JULFA,,ТШО-Б,нефть,10043.0,2024-09-18 00:00,5/104 от 10.09.24,Сангачал,ASCO,Caspian Sea Crude Oil 31.12.24.xlsx
2024-09,2024-09-18 00:00,Liwa,,Titan Oil - Махачкала,нефть,6482.0,2024-09-19 00:00,1/221; 2/221;  7/25;  7/26; 4/17 от 19.09.24,Махачкала,CIMS,Caspian Sea Crude Oil 31.12.24.xlsx
2024-09,2024-09-18 00:00,Костанай,,Titan Oil - Махачкала,нефть,6478.0,2024-09-19 00:00,1/222; 2/222;  7/27;  7/28  от 19.09.24,Махачкала,AB FLEET,Caspian Sea Crude Oil 31.12.24.xlsx
2024-09,2024-09-16 00:00,ТК Актау,,ТШО-Б,нефть,9631.0,2024-09-20 00:00,5/109 от 20.09.24,Сангачал,КМТФ,Caspian Sea Crude Oil 31.12.24.xlsx
2024-09,2024-09-18 00:00,Казахстан,,BB Energy-Б,Gas Condensate,9575.186,2024-09-19 00:00,,Баку,Caspiy Shipping,Caspian Sea Crude Oil 31.12.24.xlsx
2024-09,2024-09-20 00:00,Тараз,,Titan Oil - Махачкала,нефть,6488.0,2024-09-21 00:00,1/223; 2/223; 7/29; 7/30 от 20.09.24,Махачкала,CIMS,Caspian Sea Crude Oil 31.12.24.xlsx
2024-09,2024-09-20 00:00,Алматы,,Titan Oil - Махачкала,нефть,6482.0,2024-09-21 00:00,1/224; 2/224; 7/31; 7/32 от 21.09.24,Махачкала,КМТФ,Caspian Sea Crude Oil 31.12.24.xlsx
2024-09,2024-09-21 00:00,Пр.Гейдар Алиев,,ТШО-Б,нефть,10028.0,2024-09-22 00:00,5/110 от 22.09.24,Сангачал,ASCO,Caspian Sea Crude Oil 31.12.24.xlsx
2024-09,2024-09-22 00:00,Liwa,,Titan Oil - Махачкала,нефть,6483.0,2024-09-22 00:00,1/225; 2/225;  7/33;  7/34 от 22.09.24,Махачкала,CIMS,Caspian Sea Crude Oil 31.12.24.xlsx
2024-09,2024-09-22 00:00,Костанай,,Titan Oil - Махачкала,нефть,6486.0,2024-09-23 00:00,1/226; 2/226;  7/35;  7/36  от 23.09.24,Махачкала,AB FLEET,Caspian Sea Crude Oil 31.12.24.xlsx
2024-09,2024-09-23 00:00,Тараз,,Titan Oil - Махачкала,нефть,6482.0,2024-09-24 00:00,1/227; 2/227; 4/18; 7/37 ; 7/38 от 24.09.24,Махачкала,CIMS,Caspian Sea Crude Oil 31.12.24.xlsx
2024-09,2024-09-20 00:00,Астана,,ТШО-Б,нефть,9632.0,2024-09-24 00:00,5/111 от 24.09.25,Сангачал,КМТФ,Caspian Sea Crude Oil 31.12.24.xlsx
2024-09,2024-09-25 00:00,Абай,,BB Energy-Б,Gas Condensate,9530.739,2024-09-25 00:00,,Баку,Caspiy Shipping,Caspian Sea Crude Oil 31.12.24.xlsx
2024-09,2024-09-25 00:00,JULFA,,ТШО-Б,нефть,10022.0,2024-09-27 00:00,5/112 от 27.09.24,Сангачал,ASCO,Caspian Sea Crude Oil 31.12.24.xlsx
2024-09,2024-09-24 00:00,ТК Актау,,ТШО-Б,нефть,9640.0,2024-09-29 00:00,5/113 от 29.09.24,Сангачал,КМТФ,Caspian Sea Crude Oil 31.12.24.xlsx
2024-09,2024-09-24 00:00,Алматы,,Titan Oil - Махачкала,нефть,1198.0,перех.,7/39; 7/40 от 30.09.24,Махачкала,КМТФ,Caspian Sea Crude Oil 31.12.24.xlsx
2024-09,2024-09-30 00:00,Казахстан,,BB Energy-Б,Gas Condensate,9478.275,2024-09-30 00:00,,Баку,Caspiy Shipping,Caspian Sea Crude Oil 31.12.24.xlsx
2024-10,2024-09-24 00:00,Алматы,,Titan Oil - Махачкала,нефть,5295.0,2024-10-01 00:00,1/228; 2/228; 7/41; 7/42 от 01.10.24,Махачкала,КМТФ,Caspian Sea Crude Oil 31.12.24.xlsx
2024-10,2024-09-30 00:00,Пр.Гейдар Алиев,,ТШО-Б,нефть,10027.0,2024-09-01 00:00,5/114 от 01.10.24,Сангачал,ASCO,Caspian Sea Crude Oil 31.12.24.xlsx
2024-10,2024-09-25 00:00,Liwa,,Titan Oil - Махачкала,нефть,6474.0,2024-10-01 00:00,1/229; 2/229;  7/43;  7/44 от 01.10.24,Махачкала,CIMS,Caspian Sea Crude Oil 31.12.24.xlsx
2024-10,2024-09-26 00:00,Костанай,,Titan Oil - Махачкала,нефть,6480.0,2024-10-02 00:00,1/230; 2/230;  7/45;  7/46  от 02.10.24,Махачкала,AB FLEET,Caspian Sea Crude Oil 31.12.24.xlsx
2024-10,2024-09-30 00:00,Куруш,,Titan Oil - Махачкала,нефть,6477.0,2024-10-02 00:00,1/231; 2/231;  7/47;  7/48; 7/49; 7/50  от 02.10.24,Махачкала,AB FLEET,Caspian Sea Crude Oil 31.12.24.xlsx
2024-10,2024-09-27 00:00,Тараз,,Titan Oil - Махачкала,нефть,6483.0,2024-10-02 00:00,1/232; 2/232; 4/51; 7/52  от 02.10.24,Махачкала,CIMS,Caspian Sea Crude Oil 31.12.24.xlsx
2024-10,2024-09-29 00:00,Астана,,ТШО-Б,нефть,9608.0,2024-10-03 00:00,5/115 от 03.10.25,Сангачал,КМТФ,Caspian Sea Crude Oil 31.12.24.xlsx
2024-10,2024-10-03 00:00,JULFA,,ТШО-Б,нефть,10043.0,2024-10-05 00:00,5/116 от 05.10.24,Сангачал,ASCO,Caspian Sea Crude Oil 31.12.24.xlsx
2024-10,2024-10-05 00:00,Liwa,,Titan Oil - Махачкала,нефть,6488.0,2024-10-05 00:00,1/233; 2/233;  7/53;  7/54 от 05.10.24,Махачкала,CIMS,Caspian Sea Crude Oil 31.12.24.xlsx
2024-10,2024-10-05 00:00,Алматы,,Titan Oil - Махачкала,нефть,6189.0,2024-10-06 00:00,1/234; 2/234; 7/55; 7/56 от 05.10.24,Махачкала,КМТФ,Caspian Sea Crude Oil 31.12.24.xlsx
2024-10,2024-10-05 00:00,Абай,,BB Energy-Б,газ.конденсат,9511.862,,B023 от 06.10.24,Баку,Caspiy Shipping,Caspian Sea Crude Oil 31.12.24.xlsx
2024-10,2024-10-06 00:00,Костанай,,Titan Oil - Махачкала,нефть,6482.0,2024-10-07 00:00,"1/235,  2/235, 7/57, 7/58 от 06.10.24",Махачкала,AB FLEET,Caspian Sea Crude Oil 31.12.24.xlsx
2024-10,2024-10-06 00:00,Куруш,,Titan Oil - Махачкала,нефть,6474.0,2024-10-07 00:00,"1/236, 2/236, 7/59, 7/60 от 06.10.24",Махачкала,AB FLEET,Caspian Sea Crude Oil 31.12.24.xlsx
2024-10,2024-10-03 00:00,Актау,,ТШО-Б,нефть,9616.0,2024-10-07 00:00,5/117 от 07.10.24,Сангачал,КМТФ,Caspian Sea Crude Oil 31.12.24.xlsx
2024-10,2024-10-07 00:00,Тараз,,Titan Oil - Махачкала,нефть,6483.0,2024-10-07 00:00,"1/237, 2/237, 7/61, 7/62 от 07.10.24",Махачкала,CIMS,Caspian Sea Crude Oil 31.12.24.xlsx
2024-10,2024-10-08 00:00,Пр.Гейдар Алиев,,ТШО-Б,нефть,10024.0,2024-10-09 00:00,5/118 от 09.10.24,Сангачал,ASCO,Caspian Sea Crude Oil 31.12.24.xlsx
2024-10,2024-10-09 00:00,Лива,,Titan Oil - Махачкала,нефть,6492.0,2024-10-10 00:00,"1/238, 2/238, 7/63,7/64 от 10.10.24",Махачкала,CIMS,Caspian Sea Crude Oil 31.12.24.xlsx
2024-10,2024-10-10 00:00,Алматы,,Titan Oil - Махачкала,нефть,6284.0,2024-10-11 00:00,"1/239, 2/239, 7/65, 7/66 от 11.10.2024",Махачкала,КМТФ,Caspian Sea Crude Oil 31.12.24.xlsx
2024-10,2024-10-08 00:00,Астана,,ТШО-Б,нефть,9624.0,2024-10-11 00:00,5/119 от 11.10.2024,Сангачал,КМТФ,Caspian Sea Crude Oil 31.12.24.xlsx
2024-10,2024-10-11 00:00,Костанай,,Titan Oil - Махачкала,нефть,6490.0,2024-10-12 00:00,"1/240, 2/240, 7/67, 7/68 от 11.10.24",Махачкала,AB FLEET,Caspian Sea Crude Oil 31.12.24.xlsx
2024-10,2024-10-11 00:00,Тараз,,Titan Oil - Махачкала,нефть,6474.0,2024-10-12 00:00,"1/241, 2/241, 7/69, 7/70 от 12.10.24",Махачкала,CIMS,Caspian Sea Crude Oil 31.12.24.xlsx
2024-10,2024-10-11 00:00,Куруш,,Titan Oil - Махачкала,нефть,6484.0,2024-10-12 00:00,"1/242, 2/242, 7/71, 7/72 от 12.10.24",Махачкала,AB FLEET,Caspian Sea Crude Oil 31.12.24.xlsx
2024-10,2024-10-12 00:00,Джульфа,,ТШО-Б,нефть,9724.0,2024-10-13 00:00,5/120 от 13.10.24,Сангачал,ASCO,Caspian Sea Crude Oil 31.12.24.xlsx
2024-10,2024-10-13 00:00,Лива,,Titan Oil - Махачкала,нефть,6483.0,2024-10-14 00:00,"1/243, 2/243, 7/73, 7/74 от 14.10.24",Махачкала,CIMS,Caspian Sea Crude Oil 31.12.24.xlsx
2024-10,2024-10-12 00:00,Актау,,ТШО-Б,нефть,9249.0,2024-10-15 00:00,5/121 от 15.10.24,Сангачал,КМТФ,Caspian Sea Crude Oil 31.12.24.xlsx
2024-10,2024-10-15 00:00,Пр.Гейдар Алиев,,ТШО-Б,нефть,9801.0,2024-10-17 00:00,5/122 от 17.10.24,Сангачал,ASCO,Caspian Sea Crude Oil 31.12.24.xlsx
2024-10,2024-10-17 00:00,Алматы,,Titan Oil - Махачкала,нефть,6404.0,2024-10-19 00:00,"1/244, 2/244, 7/75, 7/76 от 19.10.24",Махачкала,КМТФ,Caspian Sea Crude Oil 31.12.24.xlsx
2024-10,2024-10-17 00:00,Куруш,,Titan Oil - Махачкала,нефть,6495.0,2024-10-19 00:00,"1/245, 2/245, 7/77, 7/78 от 19.10.24",Махачкала,AB FLEET,Caspian Sea Crude Oil 31.12.24.xlsx
2024-10,2024-10-16 00:00,Астана,,ТШО-Б,нефть,9118.0,2024-10-20 00:00,5/123 от 20.10.24,Сангачал,КМТФ,Caspian Sea Crude Oil 31.12.24.xlsx
2024-10,2024-10-17 00:00,Костанай,,Titan Oil - Махачкала,нефть,6480.0,2024-10-20 00:00,"1/246, 2/246, 7/79, 7/80 от 20.10.24",Махачкала,AB FLEET,Caspian Sea Crude Oil 31.12.24.xlsx
2024-10,2024-10-18 00:00,Тараз,,Titan Oil - Махачкала,нефть,6479.0,2024-10-20 00:00,"1/247, 2/247, 7/81, 7/82 от 20.10.24",Махачкала,CIMS,Caspian Sea Crude Oil 31.12.24.xlsx
2024-10,2024-10-18 00:00,Лива,,Titan Oil - Махачкала,нефть,6479.0,2024-10-21 00:00,"1/248, 2/248, 7/83, 7/84 от 21.10.24",Махачкала,CIMS,Caspian Sea Crude Oil 31.12.24.xlsx
2024-10,2024-10-20 00:00,Джульфа,,ТШО-Б,нефть,9971.0,2024-10-21 00:00,5/124 от 21.10.24,Сангачал,ASCO,Caspian Sea Crude Oil 31.12.24.xlsx
2024-10,2024-10-21 00:00,Актау,,ТШО-Б,нефть,9211.0,2024-10-23 00:00,"5/125, 5/126 от 23.10.24",Сангачал,КМТФ,Caspian Sea Crude Oil 31.12.24.xlsx
2024-10,2024-10-22 00:00,Куруш,,Titan Oil - Махачкала,нефть,6475.0,2024-10-23 00:00,"1/249, 2/249, 7/85, 7/86, 4/19 от 23.10.24",Махачкала,AB FLEET,Caspian Sea Crude Oil 31.12.24.xlsx
2024-10,2024-10-23 00:00,Тараз,,Titan Oil - Махачкала,нефть,6486.0,2024-10-24 00:00,"1/250, 2/250, 7/87, 7/88 от 24.10.24",Махачкала,CIMS,Caspian Sea Crude Oil 31.12.24.xlsx
2024-10,2024-10-23 00:00,Костанай,,Titan Oil - Махачкала,нефть,6493.0,2024-10-24 00:00,"1/251, 2/251, 7/89, 7/90 от 24.10.24",Махачкала,AB FLEET,Caspian Sea Crude Oil 31.12.24.xlsx
2024-10,2024-10-23 00:00,Алматы,,Titan Oil - Махачкала,нефть,5833.0,2024-10-24 00:00,"1/252, 2/252, 7/91, 7/92 от 24.10.24",Махачкала,КМТФ,Caspian Sea Crude Oil 31.12.24.xlsx
2024-10,2024-10-24 00:00,Астана,,Titan Oil - Махачкала,нефть,5820.0,2024-10-24 00:00,"1/253, 2/253, 7/93, 7/94 от 24.10.24",Махачкала,КМТФ,Caspian Sea Crude Oil 31.12.24.xlsx
2024-10,2024-10-24 00:00,Лива,,Titan Oil - Махачкала,нефть,6472.0,2024-10-25 00:00,"1/254, 2/254, 7/95, 7/96 от 25.10.24",Махачкала,CIMS,Caspian Sea Crude Oil 31.12.24.xlsx
2024-10,2024-10-24 00:00,Пр.Гейдар Алиев,,ТШО-Б,нефть,9930.0,2024-10-25 00:00,5/127 от 25.10.24,Сангачал,ASCO,Caspian Sea Crude Oil 31.12.24.xlsx
2024-10,2024-10-11 00:00,Абай,,BB Energy-Б,Gas Condensate,9260.848,2024-10-26 00:00,B-025 от 26.10.24,Сангачал,Caspiy Shipping,Caspian Sea Crude Oil 31.12.24.xlsx
2024-10,2024-10-26 00:00,Куруш,,Titan Oil - Махачкала,нефть,6481.0,2024-10-27 00:00,"1/255, 2/255, 4/20, 7/97, 7/98 от 26.10.24",Махачкала,AB FLEET,Caspian Sea Crude Oil 31.12.24.xlsx
2024-10,2024-10-26 00:00,Джульфа,,ТШО-Б,нефть,9932.0,2024-10-27 00:00,5/128 от 27.10.2024,Сангачал,ASCO,Caspian Sea Crude Oil 31.12.24.xlsx
2024-10,2024-10-26 00:00,Тараз,,Titan Oil - Махачкала,нефть,6486.0,2024-10-28 00:00,"1/256, 2/256, 7/99, 7/100 от 28.10.24",Махачкала,CIMS,Caspian Sea Crude Oil 31.12.24.xlsx
2024-10,2024-10-28 00:00,Астана,,ТШО-Б,нефть,9169.0,2024-10-29 00:00,5/129 от 29.10.24,Сангачал,КМТФ,Caspian Sea Crude Oil 31.12.24.xlsx
2024-10,2024-10-27 00:00,ТК Актау,,ТШО-Б,нефть,9228.0,2024-10-31 00:00,5/130 от 31.10.24,Сангачал,КМТФ,Caspian Sea Crude Oil 31.12.24.xlsx
2024-10,2024-10-28 00:00,Костанай,,Titan Oil - Махачкала,нефть,5322.0,2024-11-01 00:00,"7/101, 7/102 от 31.10.24",Махачкала,AB FLEET,Caspian Sea Crude Oil 31.12.24.xlsx
2024-10,2024-10-30 00:00,Абай,,BB Energy-Б,Gas Condensate,9227.155,2024-10-31 00:00,B-026 от 31.10.24,Баку,Caspiy Shipping,Caspian Sea Crude Oil 31.12.24.xlsx
2024-11,2024-10-28 00:00,Костанай,,Titan Oil - Махачкала,нефть,1148.0,2024-11-01 00:00,"1/257, 2/257 от 01.11.24",Махачкала,AB FLEET,Caspian Sea Crude Oil 31.12.24.xlsx
2024-11,2024-11-01 00:00,Пр.Гейдар Алиев,,ТШО-Б,нефть,9943.0,2024-11-02 00:00,5/131 от 02.11.24,Баку,ASCO,Caspian Sea Crude Oil 31.12.24.xlsx
2024-11,2024-10-29 00:00,Лива,,Titan Oil - Махачкала,нефть,6481.0,2024-11-02 00:00,"1/259, 2/260, 7/105,7/106 от 02.11.24",Махачкала,CIMS,Caspian Sea Crude Oil 31.12.24.xlsx
2024-11,2024-10-28 00:00,Алматы,,Titan Oil - Махачкала,нефть,5830.0,2024-11-03 00:00,"1/258, 2/258, 2/259, 7/103, 7/104 от 03.11.24",Махачкала,КМТФ,Caspian Sea Crude Oil 31.12.24.xlsx
2024-11,2024-10-30 00:00,Тараз,,Titan Oil - Махачкала,нефть,6490.0,2024-11-03 00:00,"1/260, 2/261,7/107, 7/108  от 03.11.24",Махачкала,CIMS,Caspian Sea Crude Oil 31.12.24.xlsx
2024-11,2024-11-03 00:00,Астана,,ТШО-Б,нефть,9190.0,2024-11-04 00:00,5/132 от 04.11.24,Баку,КМТФ,Caspian Sea Crude Oil 31.12.24.xlsx
2024-11,2024-11-04 00:00,Костанай,,Titan Oil - Махачкала,нефть,6481.0,2024-11-05 00:00,"1/261, 2/262, 7/109, 7/110 от 05.11.24",Махачкала,AB FLEET,Caspian Sea Crude Oil 31.12.24.xlsx
2024-11,2024-10-23 00:00,Казахстан,,BB Energy-Б,Gas Condensate,9254.082,2024-11-08 00:00,,Баку,Caspiy Shipping,Caspian Sea Crude Oil 31.12.24.xlsx
2024-11,2024-11-08 00:00,Джульфа,,ТШО-Б,нефть,9973.0,2024-11-09 00:00,5/133 от 09.11.24,Баку,ASCO,Caspian Sea Crude Oil 31.12.24.xlsx
2024-11,2024-11-08 00:00,Лива,,Titan Oil - Махачкала,нефть,6486.0,2024-11-09 00:00,"1/262,2/263,7/111,7/112 от 08.11.24",Махачкала,CIMS,Caspian Sea Crude Oil 31.12.24.xlsx
2024-11,2024-11-08 00:00,Алматы,,Titan Oil - Махачкала,нефть,5845.0,2024-11-09 00:00,"1/263, 2/264, 7/113, 7/114 от 09.11.24",Махачкала,КМТФ,Caspian Sea Crude Oil 31.12.24.xlsx
2024-11,2024-11-08 00:00,Тараз,,Titan Oil - Махачкала,нефть,6490.0,2024-11-10 00:00,"1/264, 2/265, 7/115, 7/116 от 09.11.24",Махачкала,CIMS,Caspian Sea Crude Oil 31.12.24.xlsx
2024-11,2024-11-08 00:00,ТК Актау,,ТШО-Б,нефть,9231.0,2024-11-10 00:00,5/134 от 10.11.24,Баку,КМТФ,Caspian Sea Crude Oil 31.12.24.xlsx
2024-11,2024-11-07 00:00,Куруш,,BNT-Baku,нефть,6517.62,2024-11-10 00:00,"1/19,1/20,1/21 от 10.11.24",Баку,AB FLEET,Caspian Sea Crude Oil 31.12.24.xlsx
2024-11,2024-11-11 00:00,Костанай,,Titan Oil - Махачкала,нефть,6483.0,2024-11-12 00:00,"1/265, 2/265, 7/117, 7/118 от 12.11.24",Махачкала,AB FLEET,Caspian Sea Crude Oil 31.12.24.xlsx
2024-11,2024-11-11 00:00,Лива,,Titan Oil - Махачкала,нефть,6481.0,2024-11-12 00:00,"1/266, 2/267, 7/119, 7/120 от 12.11.24",Махачкала,CIMS,Caspian Sea Crude Oil 31.12.24.xlsx
2024-11,2024-11-12 00:00,Алматы,,Titan Oil - Махачкала,нефть,5852.0,2024-11-13 00:00,"1/267, 2/268, 7/121, 7/122 от 13.11.24",Махачкала,КМТФ,Caspian Sea Crude Oil 31.12.24.xlsx
2024-11,2024-11-13 00:00,Тараз,,Titan Oil - Махачкала,нефть,6480.0,2024-11-13 00:00,"1/268, 2/269, 7/123, 7/124 от 13.11.24",Махачкала,CIMS,Caspian Sea Crude Oil 31.12.24.xlsx
2024-11,2024-11-11 00:00,Астана,,ТШО-Б,нефть,9156.0,2024-11-14 00:00,5/135 от 14.11.24,Баку,КМТФ,Caspian Sea Crude Oil 31.12.24.xlsx
2024-11,2024-11-08 00:00,Абай,,BB Energy-Б,Gas Condensate,9159.707,2024-11-14 00:00,,Баку,Caspiy Shipping,Caspian Sea Crude Oil 31.12.24.xlsx
2024-11,2024-11-15 00:00,Лива,,Titan Oil - Махачкала,нефть,6482.0,2024-11-16 00:00,"1/269, 2/270, 7/125, 7/126, 4/21 от 16.11.24",Махачкала,CIMS,Caspian Sea Crude Oil 31.12.24.xlsx
2024-11,2024-11-15 00:00,Костанай,,Titan Oil - Махачкала,нефть,6493.0,2024-11-16 00:00,"1/270, 2/271, 7/127, 7/128 от 16.11.24",Махачкала,AB FLEET,Caspian Sea Crude Oil 31.12.24.xlsx
2024-11,2024-11-16 00:00,Алматы,,Titan Oil - Махачкала,нефть,5841.0,2024-11-17 00:00,"1/271, 2/272, 7/129, 7/130 от 16.11.24",Махачкала,КМТФ,Caspian Sea Crude Oil 31.12.24.xlsx
2024-11,2024-11-16 00:00,Тараз,,Titan Oil - Махачкала,нефть,6479.0,2024-11-17 00:00,"1/272, 2/273, 7/131, 7/132 от 17.11.24",Махачкала,CIMS,Caspian Sea Crude Oil 31.12.24.xlsx
2024-11,2024-11-18 00:00,Пр.Гейдар Алиев,,ТШО-Б,нефть,10011.0,2024-11-19 00:00,5/136 от 19.11.24,Баку,ASCO,Caspian Sea Crude Oil 31.12.24.xlsx
2024-11,2024-11-19 00:00,Лива,,Titan Oil - Махачкала,нефть,6475.0,2024-11-20 00:00,"1/273, 2/274, 7/133, 7/134 от 20.11.24",Махачкала,CIMS,Caspian Sea Crude Oil 31.12.24.xlsx
2024-11,2024-11-19 00:00,Костанай,,Titan Oil - Махачкала,нефть,6489.0,2024-11-20 00:00,"1/274, 2/275, 7/135, 7/136 от 20.11.24",Махачкала,AB FLEET,Caspian Sea Crude Oil 31.12.24.xlsx
2024-11,2024-11-19 00:00,Астана,,ТШО-Б,нефть,9168.0,2024-11-21 00:00,5/137 от 21.11.24,Баку,КМТФ,Caspian Sea Crude Oil 31.12.24.xlsx
2024-11,2024-11-20 00:00,Алматы,,Titan Oil - Махачкала,нефть,5837.0,2024-11-21 00:00,"1/275, 2/276, 7/137, 7/138, 4/22 от 21.11.24",Махачкала,КМТФ,Caspian Sea Crude Oil 31.12.24.xlsx
2024-11,2024-11-20 00:00,Джульфа,,ТШО-Б,нефть,9925.0,2024-11-23 00:00,5/138 от 23.11.24,Баку,ASCO,Caspian Sea Crude Oil 31.12.24.xlsx
2024-11,2024-11-13 00:00,Казахстан,,BB Energy-Б,Gas Condensate,9226.064,2024-11-25 00:00,,Баку,Caspiy Shipping,Caspian Sea Crude Oil 31.12.24.xlsx
2024-11,2024-11-23 00:00,Пр.Гейдар Алиев,,ТШО-Б,нефть,9927.0,2024-11-25 00:00,5/139 от 25.11.24,Баку,ASCO,Caspian Sea Crude Oil 31.12.24.xlsx
2024-11,2024-11-20 00:00,Тараз,,Titan Oil - Махачкала,нефть,6563.0,2024-11-25 00:00,"1/276, 2/277, 7/139, 7/140 от 25.11.24",Махачкала,CIMS,Caspian Sea Crude Oil 31.12.24.xlsx
2024-11,2024-11-20 00:00,Абай,,BB Energy-Б,Gas Condensate,9205.917,2024-11-27 00:00,,Баку,Caspiy Shipping,Caspian Sea Crude Oil 31.12.24.xlsx
2024-11,2024-11-27 00:00,Астана,,ТШО-Б,нефть,9160.0,2024-11-28 00:00,5/140 от 27.11.24,Баку,КМТФ,Caspian Sea Crude Oil 31.12.24.xlsx
2024-12,2024-11-27 00:00,Алматы,,Titan Oil - Махачкала,нефть,5840.0,2024-12-01 00:00,"1/277, 2/278, 7/141, 7/142 от 01.12.24",Махачкала,КМТФ,Caspian Sea Crude Oil 31.12.24.xlsx
2024-12,2024-11-26 00:00,Лива,,Titan Oil - Махачкала,нефть,6493.0,2024-12-01 00:00,"1/278, 2/279, 7/143, 7/144  от 01.12.24",Махачкала,CIMS,Caspian Sea Crude Oil 31.12.24.xlsx
2024-12,2024-11-26 00:00,Костанай,,Titan Oil - Махачкала,нефть,6489.0,2024-12-01 00:00,"1/279, 2/280, 7/145, 7/146  от 01.12.24",Махачкала,AB FLEET,Caspian Sea Crude Oil 31.12.24.xlsx
2024-12,2024-11-30 00:00,Куруш,,Titan Oil - Махачкала,нефть,6495.0,2024-12-02 00:00,"1/280, 2/281, 7/147, 7/148  от 02.12.24",Махачкала,AB FLEET,Caspian Sea Crude Oil 31.12.24.xlsx
2024-12,2024-11-30 00:00,Караганда,,Titan Oil - Махачкала,нефть,6504.0,2024-12-03 00:00,"1/281, 2/282, 7/149, 7/150  от 03.12.24",Махачкала,AB FLEET,Caspian Sea Crude Oil 31.12.24.xlsx
2024-12,2024-11-30 00:00,Тараз,,Titan Oil - Махачкала,нефть,6484.0,2024-12-03 00:00,"1/282,1/283, 2/283,2/284 7/151, 7/152, 7/153, 7/154  от 03.12.24",Махачкала,CIMS,Caspian Sea Crude Oil 31.12.24.xlsx
2024-12,2024-12-03 02:00,Абай,,BB Energy-Б,Gas Condensate,9204.541,2024-12-05 00:00,,Баку,Caspiy Shipping,Caspian Sea Crude Oil 31.12.24.xlsx
2024-12,2024-12-05 00:00,Алматы,,Titan Oil - Махачкала,нефть,5844.0,2024-12-06 00:00,"1/285, 2/286, 7/157, 7/158  от 06.12.24",Махачкала,КМТФ,Caspian Sea Crude Oil 31.12.24.xlsx
2024-12,2024-12-05 00:00,Костанай,,Titan Oil - Махачкала,нефть,6484.0,2024-12-06 00:00,"1/284, 2/285, 7/155, 7/156  от 06.12.24",Махачкала,AB FLEET,Caspian Sea Crude Oil 31.12.24.xlsx
2024-12,2024-12-05 00:00,Джульфа,,ТШО-Б,нефть,9565.0,2024-12-06 00:00,5/141 от 06.12.24,Баку,ASCO,Caspian Sea Crude Oil 31.12.24.xlsx
2024-12,2024-12-05 00:00,Лива,,Titan Oil - Махачкала,нефть,6487.0,2024-12-07 00:00,"1/286, 2/287, 7/159, 7/160  от 07.12.24",Махачкала,CIMS,Caspian Sea Crude Oil 31.12.24.xlsx
2024-12,2024-12-06 00:00,Тараз,,Titan Oil - Махачкала,нефть,6482.0,2024-12-07 00:00,"1/287, 2/288, 7/161, 7/162  от 07.12.24",Махачкала,CIMS,Caspian Sea Crude Oil 31.12.24.xlsx
2024-12,2024-12-06 00:00,Куруш,,БНТ-Баку,мазут,6523.991,2024-12-07 00:00,"1/22, 1/23, 1/24 от 07.12.24",Баку,AB FLEET,Caspian Sea Crude Oil 31.12.24.xlsx
2024-12,2024-12-06 00:00,Караганда,,Titan Oil - Махачкала,нефть,6484.0,2024-12-08 00:00,"1/288, 2/289, 7/163, 7/164  от 07.12.24",Махачкала,AB FLEET,Caspian Sea Crude Oil 31.12.24.xlsx
2024-12,2024-12-11 00:00,Пр.Гейдар Алиев,,ТШО-Б,нефть,9931.0,2024-12-13 00:00,5/142 от 13.12.24,Баку,ASCO,Caspian Sea Crude Oil 31.12.24.xlsx
2024-12,2024-12-12 00:00,Костанай,,Titan Oil - Махачкала,нефть,6402.0,2024-12-13 00:00,"1/289, 2/290, 7/165, 7/166 от 13.12.24",Махачкала,AB FLEET,Caspian Sea Crude Oil 31.12.24.xlsx
2024-12,2024-12-01 12:00,Казахстан,,BB Energy-Б,,9386.93,2024-12-13 00:00,,Баку,Caspiy Shipping,Caspian Sea Crude Oil 31.12.24.xlsx
2024-12,2024-12-13 00:00,Астана,,ТШО-Б,нефть,9158.0,2024-12-14 00:00,5/143 от 14.12.24,Баку,КМТФ,Caspian Sea Crude Oil 31.12.24.xlsx
2024-12,2024-12-14 00:00,Лива,,Titan Oil - Махачкала,нефть,6479.0,2024-12-14 00:00,"1/290, 2/291, 7/167, 7/168  от 14.12.24",Махачкала,CIMS,Caspian Sea Crude Oil 31.12.24.xlsx
2024-12,2024-12-14 00:00,Алматы,,Titan Oil - Махачкала,нефть,5189.0,2024-12-16 00:00,"1/291, 2/292, 7/169, 7/170  от 15.12.24",Махачкала,КМТФ,Caspian Sea Crude Oil 31.12.24.xlsx
2024-12,2024-11-16 00:00,Караганда,,Titan Oil - Махачкала,нефть,6493.0,2024-12-18 00:00,"1/293, 2/294, 7/173, 7/174  от 18.12.24",Махачкала,AB FLEET,Caspian Sea Crude Oil 31.12.24.xlsx
2024-12,2024-12-17 00:00,Джульфа,,ТШО-Б,нефть,9938.0,2024-12-18 00:00,5/144 от 17.12.24,Баку,ASCO,Caspian Sea Crude Oil 31.12.24.xlsx
2024-12,2024-12-16 00:00,Тараз,,Titan Oil - Махачкала,нефть,6491.0,2024-12-18 00:00,"1/292, 2/293, 7/171, 7/172  от 18.12.24",Махачкала,CIMS,Caspian Sea Crude Oil 31.12.24.xlsx
2024-12,2024-12-18 00:00,Куруш,,Titan Oil - Махачкала,нефть,6438.0,2024-12-20 00:00,"1/295, 2/295, 7/175, 7/176 от 20.12.24",Махачкала,AB FLEET,Caspian Sea Crude Oil 31.12.24.xlsx
2024-12,2024-12-18 00:00,Лива,,Titan Oil - Махачкала,нефть,6492.0,2024-12-20 00:00,"1/296, 2/297, 7/179, 7/180 от 20.12.24",Махачкала,CIMS,Caspian Sea Crude Oil 31.12.24.xlsx
2024-12,2024-12-18 00:00,Костанай,,Titan Oil - Махачкала,нефть,6482.0,2024-12-20 00:00,"1/295, 2/296, 7/177, 7/178 от 21.12.24",Махачкала,AB FLEET,Caspian Sea Crude Oil 31.12.24.xlsx
2024-12,2024-12-21 00:00,Астана,,ТШО-Б,нефть,9162.0,2024-12-21 00:00,5/145 от 21.12.24,Баку,ASCO,Caspian Sea Crude Oil 31.12.24.xlsx
2024-12,2024-12-21 00:00,Алматы,,Titan Oil - Махачкала,нефть,5831.0,2024-12-24 00:00,"1/297, 2/298, 7/181, 7/182, 4/23 от 24.12.24",Махачкала,КМТФ,Caspian Sea Crude Oil 31.12.24.xlsx
2024-12,2024-12-20 15:30,Абай,,BB Energy-Б,Gas Condensate,9119.68,2024-12-24 22:00,,Баку,Caspiy Shipping,Caspian Sea Crude Oil 31.12.24.xlsx
2024-12,2024-12-24 00:00,Караганда,,Titan Oil - Махачкала,нефть,6477.0,2024-12-25 00:00,"1/299, 2/300, 7/185, 7/186 от 25.12.24",Махачкала,AB FLEET,Caspian Sea Crude Oil 31.12.24.xlsx
2024-12,2024-12-24 00:00,Джульфа,,ТШО-Б,нефть,9869.0,2024-12-25 00:00,5/146 от 25.12.24,Махачкала,ASCO,Caspian Sea Crude Oil 31.12.24.xlsx
2024-12,2024-12-24 00:00,Тараз,,Titan Oil - Махачкала,нефть,6486.0,2024-12-25 00:00,"1/298, 2/299, 7/183, 7/184 от 25.12.24",Махачкала,CIMS,Caspian Sea Crude Oil 31.12.24.xlsx
2024-12,2024-12-25 00:00,Лива,,Titan Oil - Махачкала,нефть,6486.0,2024-12-26 00:00,"1/300, 2/301, 7/187, 7/188 от 26.12.24",Махачкала,CIMS,Caspian Sea Crude Oil 31.12.24.xlsx
2024-12,2024-12-25 00:00,Костанай,,Titan Oil - Махачкала,нефть,6493.0,2024-12-26 00:00,"1/301, 2/302, 7/189, 7/190 от 26.12.24",Махачкала,AB FLEET,Caspian Sea Crude Oil 31.12.24.xlsx
2024-12,2024-12-27 00:00,Алматы,,Titan Oil - Махачкала,нефть,5838.0,2024-12-28 00:00,"1/302, 1/303, 7/191, 7/192, 4/24 от 28.12.24",Махачкала,КМТФ,Caspian Sea Crude Oil 31.12.24.xlsx
2024-12,2024-12-27 00:00,Пр.Гейдар Алиев,,ТШО-Б,нефть,9947.0,2024-12-28 00:00,5/147 от 28.12.24,Баку,ASCO,Caspian Sea Crude Oil 31.12.24.xlsx
2024-12,2024-12-27 00:00,Астана,,ТШО-Б,нефть,9163.0,2024-12-29 00:00,5/148 от 29.12.24,Баку,КМТФ,Caspian Sea Crude Oil 31.12.24.xlsx
2024-12,2024-12-28 00:00,Тараз,,Titan Oil - Махачкала,нефть,6480.0,2024-12-29 00:00,"1/303, 2/304, 7/193, 7/194 от 29.12.24",Махачкала,CIMS,Caspian Sea Crude Oil 31.12.24.xlsx
2024-12,2024-12-20 00:00,Казахстан,,BB Energy-Б,Gas Condensate,9219.809,2024-12-29 14:40,,Баку,Caspiy Shipping,Caspian Sea Crude Oil 31.12.24.xlsx
2024-12,,Костанай,,Titan Oil - Махачкала,нефть,1636.0,2025-01-01 00:00,"7/195,7/196 от 31.12.24",Махачкала,AB FLEET,Caspian Sea Crude Oil 31.12.24.xlsx
2025-01,2024-12-31 00:00,Костанай,,Titan Oil - Махачкала,нефть,4800.0,2025-01-01 00:00,"7/1,7/2, 1/1, 2/1 от 01.01.25",Махачкала,AB FLEET,Сaspian Sea Crude Oil 31.12.25.xlsx
2025-01,2024-12-28 00:00,Лива,,Titan Oil - Махачкала,нефть,6492.0,2025-01-01 00:00,"1/2, 2/2, 7/3, 7/4  от 01.01.25",Махачкала,CIMS,Сaspian Sea Crude Oil 31.12.25.xlsx
2025-01,2025-01-01 00:00,Алматы,,Titan Oil - Махачкала,нефть,5839.0,2025-01-02 00:00,"1/3, 2/3, 7/5, 7/6 от 02.01.25",Махачкала,КМТФ,Сaspian Sea Crude Oil 31.12.25.xlsx
2025-01,2025-01-01 00:00,Тараз,,Titan Oil - Махачкала,нефть,6492.0,2025-01-03 00:00,"1/4, 2/4, 7/7, 7/8 от 02.01.25",Махачкала,CIMS,Сaspian Sea Crude Oil 31.12.25.xlsx
2025-01,2024-12-28 00:00,Караганда,,Titan Oil - Махачкала,нефть,6476.0,2025-01-03 00:00,"1/5, 2/5, 7/9, 7/10 от 03.01.25",Махачкала,AB FLEET,Сaspian Sea Crude Oil 31.12.25.xlsx
2025-01,2025-01-03 00:00,Астана,,TCO-Baku,нефть,9163.0,2025-01-04 00:00,5/1 от 04.01.25,Сангачал,КМТФ,Сaspian Sea Crude Oil 31.12.25.xlsx
2025-01,2025-01-05 00:00,Костанай,,Titan Oil - Махачкала,нефть,6486.0,2025-01-06 00:00,"7/13, 7/14, 1/7, 2/7 от 05.01.25",Махачкала,AB FLEET,Сaspian Sea Crude Oil 31.12.25.xlsx
2025-01,2025-01-05 00:00,Лива,,Titan Oil - Махачкала,нефть,6486.0,2025-01-06 00:00,"7/11, 7/12, 1/6, 2/6 от 05.01.25",Махачкала,CIMS,Сaspian Sea Crude Oil 31.12.25.xlsx
2025-01,2025-01-05 00:00,Тараз,,Titan Oil - Махачкала,нефть,6488.0,2025-01-07 00:00,"7/15, 7/16, 1/8, 2/8 от 07.01.25",Махачкала,CIMS,Сaspian Sea Crude Oil 31.12.25.xlsx
2025-01,2025-01-06 00:00,Алматы,,Titan Oil - Махачкала,нефть,5838.0,2025-01-07 00:00,"7/17, 7/18,7/19,7/20 1/9, 2/9 от 07.01.25",Махачкала,КМТФ,Сaspian Sea Crude Oil 31.12.25.xlsx
2025-01,2025-01-06 00:00,Джульфа,,TCO-Baku,нефть,9945.0,2025-01-07 00:00,5/2 от 07.01.25,Сангачал,ASCO,Сaspian Sea Crude Oil 31.12.25.xlsx
2025-01,2025-01-10 00:00,Астана,,TCO-Baku,нефть,9161.0,2025-01-11 00:00,5/3 от 11.01.25,Сангачал,КМТФ,Сaspian Sea Crude Oil 31.12.25.xlsx
2025-01,2025-01-10 00:00,Лива,,Titan Oil - Махачкала,нефть,6472.0,2025-01-11 00:00,"7/21,7/22, 1/10, 2/10 от 11.01.25",Махачкала,CIMS,Сaspian Sea Crude Oil 31.12.25.xlsx
2025-01,2025-01-03 00:00,Казахстан,,BB-Energy Baku,Gas Condensate,9109.588,2025-01-12 00:00,,Сангачал (нефтепродукты),Caspiy Shipping,Сaspian Sea Crude Oil 31.12.25.xlsx
2025-01,2025-01-10 00:00,Тараз,,Titan Oil - Махачкала,нефть,6473.0,2025-01-12 00:00,"7/23,7/24, 1/11, 2/11 от 12.01.25",Махачкала,CIMS,Сaspian Sea Crude Oil 31.12.25.xlsx
2025-01,2025-01-10 00:00,Костанай,,Titan Oil - Махачкала,нефть,6425.0,2025-01-13 00:00,"7/25,7/26, 1/12, 2/12 от 12.01.25",Махачкала,AB FLEET,Сaspian Sea Crude Oil 31.12.25.xlsx
2025-01,2025-01-12 00:00,Алматы,,Titan Oil - Махачкала,нефть,5838.0,2025-01-13 00:00,"7/27,7/28, 1/13, 2/13 от 13.01.25",Махачкала,КМТФ,Сaspian Sea Crude Oil 31.12.25.xlsx
2025-01,2025-01-14 00:00,Лива,,Titan Oil - Махачкала,нефть,6488.0,2025-01-15 00:00,"7/29, 7/30, 1/14, 2/14, 1/15, 2/15 от 15.01.25",Махачкала,CIMS,Сaspian Sea Crude Oil 31.12.25.xlsx
2025-01,2025-01-14 00:00,Пр.Гейдар Алиев,,TCO-Baku,нефть,9938.0,2025-01-15 00:00,5/4 от 15.01.2025,Сангачал,ASCO,Сaspian Sea Crude Oil 31.12.25.xlsx
2025-01,2025-01-01 00:00,ТК Актау,,Titan Oil - Махачкала,нефть,5816.0,2025-01-15 00:00,"7/31, 7/32, 1/16, 2/16 от 15.01.2025",Махачкала,КМТФ,Сaspian Sea Crude Oil 31.12.25.xlsx
2025-01,2025-01-15 17:00,Тараз,,Titan Oil - Махачкала,нефть,6482.0,2025-01-16 00:00,"7/33, 7/34, 1/17, 2/17 от 16.01.2025",Махачкала,CIMS,Сaspian Sea Crude Oil 31.12.25.xlsx
2025-01,2025-01-16 00:00,Алматы,,Titan Oil - Махачкала,нефть,5836.0,2025-01-17 00:00,"7/35, 7/36, 1/18, 2/18 от 16.01.2025",Махачкала,КМТФ,Сaspian Sea Crude Oil 31.12.25.xlsx
2025-01,2025-01-16 00:00,Костанай,,Titan Oil - Махачкала,нефть,6477.0,2025-01-17 00:00,"7/37, 7/38, 1/19, 2/19 от 17.01.2025",Махачкала,AB FLEET,Сaspian Sea Crude Oil 31.12.25.xlsx
2025-01,2025-01-16 00:00,Астана,,TCO-Baku,нефть,9169.0,2025-01-20 00:00,5/5 от 20.01.25,Сангачал,КМТФ,Сaspian Sea Crude Oil 31.12.25.xlsx
2025-01,2024-12-29 00:00,Абай,,BB Energy-Б,Gas Condensate,9218.571,2025-01-19 00:00,,Сангачал (нефтепродукты),Caspiy Shipping,Сaspian Sea Crude Oil 31.12.25.xlsx
2025-01,2025-01-18 00:00,Лива,,Titan Oil - Махачкала,нефть,6487.0,2025-01-20 00:00,"7/39, 7/40, 1/20, 2/20,4/1 от 20.01.2025",Махачкала,CIMS,Сaspian Sea Crude Oil 31.12.25.xlsx
2025-01,2025-01-16 00:00,Казахстан,,Dunga - B,нефть,9073.092,2025-01-22 00:00,,Сангачал (нефтепродукты),Caspiy Shipping,Сaspian Sea Crude Oil 31.12.25.xlsx
2025-01,2025-01-22 00:00,Караганда,,Titan Oil - Махачкала,нефть,6439.0,2025-01-22 00:00,"7/41, 7/42, 1/21, 2/21 от 22.01.2025",Махачкала,AB FLEET,Сaspian Sea Crude Oil 31.12.25.xlsx
2025-01,2025-01-18 00:00,ТК Актау,,Titan Oil - Махачкала,нефть,5586.0,2025-01-22 00:00,"7/43, 7/44, 1/22, 2/22 от 22.01.2025",Махачкала,КМТФ,Сaspian Sea Crude Oil 31.12.25.xlsx
2025-01,2025-01-20 00:00,Алматы,,Titan Oil - Махачкала,нефть,5589.0,2025-01-23 00:00,"7/45, 7/46, 1/23, 2/23 от 23.01.2025",Махачкала,КМТФ,Сaspian Sea Crude Oil 31.12.25.xlsx
2025-01,2025-01-19 00:00,Тараз,,KMG Kashagan B.V.,нефть,5891.0,2025-01-25 00:00,8/1 от 25.01.25,Сангачал,CIMS,Сaspian Sea Crude Oil 31.12.25.xlsx
2025-01,2025-01-22 00:00,Костанай,,Titan Oil - Махачкала,нефть,6444.0,2025-01-25 00:00,"7/47, 7/48, 1/23, 2/24, 4/2 от 25.01.2025",Махачкала,AB FLEET,Сaspian Sea Crude Oil 31.12.25.xlsx
2025-01,2025-01-20 00:00,Джульфа,,TCO-Baku,нефть,9923.0,2025-01-25 00:00,5/6 от 25.01.25,Сангачал,ASCO,Сaspian Sea Crude Oil 31.12.25.xlsx
2025-01,2025-01-25 00:00,Пр.Гейдар Алиев,,Titan Oil - Махачкала,нефть,6082.0,2025-01-26 00:00,"7/49, 7/50,1/25, 2/25 от 26.01.2025",Махачкала,ASCO,Сaspian Sea Crude Oil 31.12.25.xlsx
2025-01,2025-01-25 00:00,Астана,,TCO-Baku,нефть,9179.0,2025-01-28 00:00,5/7 от 28.01.25,Сангачал,КМТФ,Сaspian Sea Crude Oil 31.12.25.xlsx
2025-01,2025-01-27 00:00,Лива,,Titan Oil - Махачкала,нефть,6479.0,2025-01-28 00:00,"7/51, 7/52,1/26, 2/26 от 28.01.2025",Махачкала,CIMS,Сaspian Sea Crude Oil 31.12.25.xlsx
2025-01,2025-01-25 00:00,Абай,,BB Energy-Б,Gas Condensate,8761.404,2025-01-28 00:00,,Сангачал (нефтепродукты),Caspiy Shipping,Сaspian Sea Crude Oil 31.12.25.xlsx
2025-01,2025-01-27 00:00,Караганда,,Titan Oil - Махачкала,нефть,6483.0,2025-01-28 00:00,"7/53, 7/54,1/27, 2/27 от 28.01.2025",Махачкала,AB FLEET,Сaspian Sea Crude Oil 31.12.25.xlsx
2025-01,2025-01-27 00:00,Алматы,,Titan Oil - Махачкала,нефть,5832.0,2025-01-28 00:00,"7/55, 7/56,1/28, 2/28 от 28.01.2025",Махачкала,КМТФ,Сaspian Sea Crude Oil 31.12.25.xlsx
2025-01,2025-01-29 00:00,Тараз,,KMG Kashagan B.V.,нефть,5909.0,2025-01-30 00:00,8/2 от 30.01.2025,Сангачал,CIMS,Сaspian Sea Crude Oil 31.12.25.xlsx
2025-01,2025-01-29 00:00,Костанай,,Titan Oil - Махачкала,нефть,1161.0,,"7/57,7/58 от 31.01.25",Махачкала,AB FLEET,Сaspian Sea Crude Oil 31.12.25.xlsx
2025-02,2025-01-28 00:00,Пр.Гейдар Алиев,,TCO-Baku,нефть,9934.0,2025-02-01 00:00,5/8 от 01.02.2025,Сангачал,ASCO,Сaspian Sea Crude Oil 31.12.25.xlsx
2025-02,2025-01-29 00:00,Костанай,,Titan Oil - Махачкала,нефть,5332.0,2025-02-01 00:00,"7/59,7/60,1/29, 2/29  от 01.02.2025",Махачкала,AB FLEET,Сaspian Sea Crude Oil 31.12.25.xlsx
2025-02,2025-01-31 00:00,Лива,,Titan Oil - Махачкала,нефть,6485.0,2025-02-01 00:00,"7/61,7/62,1/30, 2/30  от 01.02.2025",Махачкала,CIMS,Сaspian Sea Crude Oil 31.12.25.xlsx
2025-02,2025-02-01 00:00,Алматы,,Titan Oil - Махачкала,нефть,5818.0,2025-02-02 00:00,"7/65,7/66,1/32, 2/32  от 02.02.2025",Махачкала,КМТФ,Сaspian Sea Crude Oil 31.12.25.xlsx
2025-02,2025-01-31 00:00,Караганда,,Titan Oil - Махачкала,нефть,6466.0,2025-02-02 00:00,"7/63,7/64,1/31, 2/31  от 02.02.2025",Махачкала,AB FLEET,Сaspian Sea Crude Oil 31.12.25.xlsx
2025-02,2025-01-27 00:00,ТК Актау,,KMG Kashagan B.V.,нефть,5891.0,2025-02-03 00:00,8/3 от 03.02.2025,Сангачал,КМТФ,Сaspian Sea Crude Oil 31.12.25.xlsx
2025-02,2025-02-03 00:00,Тараз,,Titan Oil - Махачкала,нефть,6487.0,2025-02-03 00:00,"7/67,7/68,1/33, 2/33  от 03.02.2025",Махачкала,CIMS,Сaspian Sea Crude Oil 31.12.25.xlsx
2025-02,2025-02-01 00:00,Астана,,TCO-Baku,нефть,9179.0,2025-02-04 00:00,5/9 от 04.02.2025,Сангачал,КМТФ,Сaspian Sea Crude Oil 31.12.25.xlsx
2025-02,2025-02-04 00:00,Лива,,Titan Oil - Махачкала,нефть,6486.0,2025-02-05 00:00,"7/69,7/70,1/34, 2/34  от 04.02.2025",Махачкала,CIMS,Сaspian Sea Crude Oil 31.12.25.xlsx
2025-02,2025-02-04 00:00,Костанай,,Titan Oil - Махачкала,нефть,6488.0,2025-02-05 00:00,"7/71,7/72,1/35, 2/35  от 05.02.2025",Махачкала,AB FLEET,Сaspian Sea Crude Oil 31.12.25.xlsx
2025-02,2025-02-05 00:00,Алматы,,Titan Oil - Махачкала,нефть,5831.0,2025-02-06 00:00,"7/73,7/74,1/36, 2/36  от 06.02.2025",Махачкала,КМТФ,Сaspian Sea Crude Oil 31.12.25.xlsx
2025-02,2025-05-05 00:00,Караганда,,Titan Oil - Махачкала,нефть,6468.0,2025-02-06 00:00,"7/75,7/76,1/37, 2/37  от 06.02.2025",Махачкала,AB FLEET,Сaspian Sea Crude Oil 31.12.25.xlsx
2025-02,2025-02-03 00:00,Джульфа,,TCO-Baku,нефть,9942.0,2025-02-06 00:00,5/10 от 06.02.2025,Сангачал,ASCO,Сaspian Sea Crude Oil 31.12.25.xlsx
2025-02,2025-02-06 00:00,Тараз,,Titan Oil - Махачкала,нефть,6477.0,2025-02-07 00:00,"7/77,7/78,1/38, 2/38  от 06.02.2025",Махачкала,CIMS,Сaspian Sea Crude Oil 31.12.25.xlsx
2025-02,2025-02-07 00:00,Лива,,Titan Oil - Махачкала,нефть,6473.0,2025-02-08 00:00,"7/79,7/80,1/39, 2/39 от 08.02.2025",Махачкала,CIMS,Сaspian Sea Crude Oil 31.12.25.xlsx
2025-02,2025-02-08 00:00,Костанай,,Titan Oil - Махачкала,нефть,6438.0,2025-02-09 00:00,"7/81,7/82,1/40, 2/40 от 09.02.2025",Махачкала,AB FLEET,Сaspian Sea Crude Oil 31.12.25.xlsx
2025-02,2025-02-09 00:00,Алматы,,Titan Oil - Махачкала,нефть,5833.0,2025-02-10 00:00,"7/83,7/84,1/41, 2/41 от 09.02.2025",Махачкала,КМТФ,Сaspian Sea Crude Oil 31.12.25.xlsx
2025-02,2025-02-09 00:00,Караганда,,Titan Oil - Махачкала,нефть,6470.0,2025-02-10 00:00,"7/85,7/86,1/42, 2/43 от 10.02.2025",Махачкала,AB FLEET,Сaspian Sea Crude Oil 31.12.25.xlsx
2025-02,2025-02-10 00:00,Тараз,,Titan Oil - Махачкала,нефть,6480.0,2025-02-11 00:00,"7/87,7/88,1/43, 2/43 от 10.02.2025",Махачкала,CIMS,Сaspian Sea Crude Oil 31.12.25.xlsx
2025-02,2025-02-11 00:00,Лива,,Titan Oil - Махачкала,нефть,6486.0,2025-02-12 00:00,"7/89,7/90,1/44, 2/44 от 11.02.2025",Махачкала,CIMS,Сaspian Sea Crude Oil 31.12.25.xlsx
2025-02,2025-02-11 00:00,Астана,,TCO-Baku,нефть,9149.0,2025-02-12 00:00,5/11 от 12.02.2025,Сангачал,КМТФ,Сaspian Sea Crude Oil 31.12.25.xlsx
2025-02,2025-02-12 00:00,Костанай,,Titan Oil - Махачкала,нефть,6436.0,2025-02-13 00:00,"7/91,7/92,1/45, 2/45 от 13.02.2025",Махачкала,AB FLEET,Сaspian Sea Crude Oil 31.12.25.xlsx
2025-02,2025-02-10 00:00,ТК Актау,,KMG Kashagan B.V.,нефть,5889.0,2025-02-13 00:00,"8/4, 8/5 от 13.02.2025",Сангачал,КМТФ,Сaspian Sea Crude Oil 31.12.25.xlsx
2025-02,2025-02-12 00:00,Алматы,,Titan Oil - Махачкала,нефть,5830.0,2025-02-13 00:00,"7/93, 7/94, 1/46, 2/46, 4/3 от 13.02.2025",Махачкала,КМТФ,Сaspian Sea Crude Oil 31.12.25.xlsx
2025-02,2025-02-13 00:00,Джульфа,,TCO-Baku,нефть,9941.0,2025-02-14 00:00,5/12 от 14.02.2025,Сангачал,ASCO,Сaspian Sea Crude Oil 31.12.25.xlsx
2025-02,2025-02-14 00:00,Лива,,Titan Oil - Махачкала,нефть,6477.0,2025-02-15 00:00,"7/95, 7/96, 1/47, 2/47 от 15.02.2025",Махачкала,CIMS,Сaspian Sea Crude Oil 31.12.25.xlsx
2025-02,2025-02-14 00:00,Куруш,,BNT - Baku,нефть,6404.69,2025-02-16 00:00,"1/1, 1/2 от 16.02.2025",Сангачал (нефтепродукты),AB FLEET,Сaspian Sea Crude Oil 31.12.25.xlsx
2025-02,2025-02-16 00:00,Алматы,,Titan Oil - Махачкала,нефть,5835.0,2025-02-17 00:00,"7/97, 7/98, 1/48, 2/48 от 17.02.2025",Махачкала,КМТФ,Сaspian Sea Crude Oil 31.12.25.xlsx
2025-02,2025-02-16 00:00,Астана,,TCO-Baku,нефть,9179.0,2025-02-18 00:00,5/13 от 17.02.2025,Сангачал,КМТФ,Сaspian Sea Crude Oil 31.12.25.xlsx
2025-02,2025-02-16 00:00,Костанай,,Titan Oil - Махачкала,нефть,6441.0,2025-02-19 00:00,"7/99, 7/100, 1/49, 2/49 от 19.02.2025",Махачкала,AB FLEET,Сaspian Sea Crude Oil 31.12.25.xlsx
2025-02,2025-02-18 00:00,Лива,,Titan Oil - Махачкала,нефть,6494.0,2025-02-19 00:00,"7/101, 7/102, 1/50, 2/50 от 19.02.2025",Махачкала,CIMS,Сaspian Sea Crude Oil 31.12.25.xlsx
2025-02,2025-02-15 00:00,Пр.Гейдар Алиев,,TCO-Baku,нефть,9949.0,2025-02-19 00:00,5/14 от 19.02.2025,Сангачал,ASCO,Сaspian Sea Crude Oil 31.12.25.xlsx
2025-02,2025-02-17 00:00,ТК Актау,,KMG Kashagan B.V.,нефть,9112.0,2025-02-24 00:00,8/6 от 23.02.2025,Сангачал,КМТФ,Сaspian Sea Crude Oil 31.12.25.xlsx
2025-02,2025-02-24 00:00,Алматы,,Titan Oil - Махачкала,нефть,5837.0,2025-02-24 00:00,"7/103, 7/104, 1/51, 2/51, 4/4  от 24.02.2025",Махачкала,КМТФ,Сaspian Sea Crude Oil 31.12.25.xlsx
2025-02,2025-02-24 00:00,Костанай,,Titan Oil - Махачкала,нефть,6459.0,2025-02-25 00:00,"7/105, 7/106, 1/51, 2/51 от 24.02.2025",Махачкала,AB FLEET,Сaspian Sea Crude Oil 31.12.25.xlsx
2025-02,2025-02-01 00:00,Абай,,BB Energy-Б,нефть,9137.533,2025-02-26 00:00,B-006 от 25.02.2025,Сангачал (нефтепродукты),Caspiy Shipping,Сaspian Sea Crude Oil 31.12.25.xlsx
2025-02,2025-02-26 00:00,Астана,,TCO-Baku,нефть,9168.0,2025-02-27 00:00,5/15 от 27.02.2025,Сангачал,КМТФ,Сaspian Sea Crude Oil 31.12.25.xlsx
2025-02,2025-02-25 00:00,Лива,,Titan Oil - Махачкала,нефть,626.0,,"7/107, 7/108 от 28.02.25",Махачкала,CIMS,Сaspian Sea Crude Oil 31.12.25.xlsx
2025-03,2025-02-27 00:00,Джульфа,,TCO-Baku,нефть,9955.0,2025-03-01 00:00,5/16 от 01.03.2025,Сангачал,ASCO,Сaspian Sea Crude Oil 31.12.25.xlsx
2025-03,2025-02-28 00:00,Казахстан,,Dunga - B,нефть,9082.503,,,Сангачал (нефтепродукты),Caspiy Shipping,Сaspian Sea Crude Oil 31.12.25.xlsx
2025-03,2025-02-25 00:00,Лива,,Titan Oil - Махачкала,нефть,5859.0,2025-03-01 00:00,"7/109, 7/110, 1/53, 2/53 от 01.03.2025",Махачкала,CIMS,Сaspian Sea Crude Oil 31.12.25.xlsx
2025-03,2025-02-28 00:00,Караганда,,Titan Oil - Махачкала,нефть,6485.0,2025-03-02 00:00,"7/111,7/112,1/54, 2/54  от 02.03.2025",Махачкала,AB FLEET,Сaspian Sea Crude Oil 31.12.25.xlsx
2025-03,2025-03-01 00:00,Алматы,,Titan Oil - Махачкала,нефть,5829.0,2025-03-02 00:00,"7/113,7/114,1/55, 2/55  от 02.03.2025",Махачкала,КМТФ,Сaspian Sea Crude Oil 31.12.25.xlsx
2025-03,2025-03-01 00:00,Костанай,,Titan Oil - Махачкала,нефть,6489.0,2025-03-02 00:00,"7/115,7/116,1/56, 2/56  от 02.03.2025",Махачкала,AB FLEET,Сaspian Sea Crude Oil 31.12.25.xlsx
2025-03,2025-03-01 00:00,ТК Актау,,TCO-Baku,нефть,9307.0,2025-03-04 00:00,5/17 от 04.03.2025,Сангачал,КМТФ,Сaspian Sea Crude Oil 31.12.25.xlsx
2025-03,2025-03-04 00:00,Пр.Гейдар Алиев,,TCO-Baku,нефть,9937.0,2025-03-05 00:00,5/18 от 05.03.2025,Сангачал,ASCO,Сaspian Sea Crude Oil 31.12.25.xlsx
2025-03,2025-03-04 00:00,Лива,,Titan Oil - Махачкала,нефть,6489.0,2025-03-05 00:00,"7/117,7/118,1/57, 2/57 от 05.03.2025",Махачкала,CIMS,Сaspian Sea Crude Oil 31.12.25.xlsx
2025-03,2025-03-04 00:00,Джабар Гашимов,,Titan Oil - Махачкала,нефть,5723.0,2025-03-05 00:00,"7/119,7/120,1/58, 2/58 от 05.03.2025",Махачкала,ASCO,Сaspian Sea Crude Oil 31.12.25.xlsx
2025-03,2025-03-04 00:00,Астана,,TCO-Baku,нефть,9168.0,2025-03-06 00:00,5/19 от 06.03.2025,Сангачал,КМТФ,Сaspian Sea Crude Oil 31.12.25.xlsx
2025-03,2025-03-06 00:00,Караганда,,Titan Oil - Махачкала,нефть,6470.0,2025-03-07 00:00,"7/121,7/122,1/59, 2/59 от 07.03.2025",Махачкала,AB FLEET,Сaspian Sea Crude Oil 31.12.25.xlsx
2025-03,2025-03-05 00:00,Казахстан,,BB Energy-Б,нефть,9228.279,2025-03-08 00:00,,Сангачал (нефтепродукты),Caspiy Shipping,Сaspian Sea Crude Oil 31.12.25.xlsx
2025-03,2025-03-06 00:00,Костанай,,Titan Oil - Махачкала,нефть,6452.0,2025-03-08 00:00,"7/123,7/124,1/60, 2/60 от 08.03.2025",Махачкала,AB FLEET,Сaspian Sea Crude Oil 31.12.25.xlsx
2025-03,2025-03-06 00:00,Джульфа,,TCO-Baku,нефть,9952.0,2025-03-08 00:00,5/20 от 08.03.2025,Сангачал,ASCO,Сaspian Sea Crude Oil 31.12.25.xlsx
2025-03,2025-03-08 00:00,Алматы,,Titan Oil - Махачкала,нефть,5851.0,2025-03-09 00:00,"7/125,7/126,1/61,2/61 от 08.03.2025",Махачкала,КМТФ,Сaspian Sea Crude Oil 31.12.25.xlsx
2025-03,2025-03-09 00:00,Лива,,Titan Oil - Махачкала,нефть,6478.0,2025-03-10 00:00,"7/127,7/128,1/62,2/62 от 09.03.2025",Махачкала,CIMS,Сaspian Sea Crude Oil 31.12.25.xlsx
2025-03,2025-03-09 00:00,Джабар Гашимов,,Titan Oil - Махачкала,нефть,5688.0,2025-03-10 00:00,"7/129,7/130,1/63,2/63 от 09.03.2025",Махачкала,ASCO,Сaspian Sea Crude Oil 31.12.25.xlsx
2025-03,2025-03-07 00:00,ТК Актау,,TCO-Baku,нефть,9383.0,2025-03-11 00:00,5/21 от 10.03.2025,Сангачал,КМТФ,Сaspian Sea Crude Oil 31.12.25.xlsx
2025-03,2025-03-11 00:00,Караганда,,Titan Oil - Махачкала,нефть,6475.0,2025-03-12 00:00,"7/131,7/132,1/64,2/64 от 11.03.2025",Махачкала,AB FLEET,Сaspian Sea Crude Oil 31.12.25.xlsx
2025-03,2025-03-11 00:00,Костанай,,Titan Oil - Махачкала,нефть,6482.0,2025-03-12 00:00,"7/133,7/134,1/65,2/65 от 12.03.2025",Махачкала,AB FLEET,Сaspian Sea Crude Oil 31.12.25.xlsx
2025-03,2025-03-10 00:00,Пр.Гейдар Алиев,,TCO-Baku,нефть,9941.0,2025-03-12 00:00,5/22 от 12.03.2025,Сангачал,ASCO,Сaspian Sea Crude Oil 31.12.25.xlsx
2025-03,2025-03-12 00:00,Алматы,,Titan Oil - Махачкала,нефть,5847.0,2025-03-13 00:00,"7/135,7/136,1/66,2/66 от 12.03.2025",Махачкала,КМТФ,Сaspian Sea Crude Oil 31.12.25.xlsx
2025-03,2025-03-12 00:00,Астана,,TCO-Baku,нефть,9262.0,2025-03-13 00:00,5/23 от 13.03.2025,Сангачал,КМТФ,Сaspian Sea Crude Oil 31.12.25.xlsx
2025-03,2025-03-14 00:00,Лива,,Titan Oil - Махачкала,нефть,6490.0,2025-03-15 00:00,"7/139,7/140,1/68,2/68 от 15.03.2025",Махачкала,CIMS,Сaspian Sea Crude Oil 31.12.25.xlsx
2025-03,2025-03-14 00:00,Джульфа,,TCO-Baku,нефть,9945.0,2025-03-15 00:00,5/24 от 15.03.2025,Сангачал,ASCO,Сaspian Sea Crude Oil 31.12.25.xlsx
2025-03,2025-03-14 00:00,Джабар Гашимов,,Titan Oil - Махачкала,нефть,5693.0,2025-03-15 00:00,"7/137,7/138,1/67,2/67 от 15.03.2025",Махачкала,ASCO,Сaspian Sea Crude Oil 31.12.25.xlsx
2025-03,2025-03-15 00:00,Костанай,,Titan Oil - Махачкала,нефть,6474.0,2025-03-16 00:00,"7/141,7/142,1/69,2/69 от 16.03.2025",Махачкала,AB FLEET,Сaspian Sea Crude Oil 31.12.25.xlsx
2025-03,2025-03-16 00:00,Алматы,,Titan Oil - Махачкала,нефть,5838.0,2025-03-16 00:00,"7/143,7/144,1/70,2/70 от 16.03.2025",Махачкала,КМТФ,Сaspian Sea Crude Oil 31.12.25.xlsx
2025-03,2025-03-16 00:00,Караганда,,Titan Oil - Махачкала,нефть,6489.0,2025-03-16 00:00,"7/146,7/147,1/71,2/71 от 16.03.2025",Махачкала,AB FLEET,Сaspian Sea Crude Oil 31.12.25.xlsx
2025-03,2025-03-15 00:00,ТК Актау,,Titan Oil - Махачкала,нефть,5840.0,2025-03-17 00:00,"7/147,7/148,1/72,2/72 от 17.03.2025",Махачкала,КМТФ,Сaspian Sea Crude Oil 31.12.25.xlsx
2025-03,2025-03-17 00:00,Пр.Гейдар Алиев,,TCO-Baku,нефть,9922.0,2025-03-17 00:00,5/25 от 17.03.2025,Сангачал,ASCO,Сaspian Sea Crude Oil 31.12.25.xlsx
2025-03,2025-03-18 00:00,Джабар Гашимов,,Titan Oil - Махачкала,нефть,5683.0,2025-03-18 00:00,"7/149,7/150,1/73,2/73 от 18.03.2025",Махачкала,ASCO,Сaspian Sea Crude Oil 31.12.25.xlsx
2025-03,2025-03-18 00:00,Лива,,Titan Oil - Махачкала,нефть,6473.0,2025-03-19 00:00,"7/151,7/152,1/74,2/74, 4/5 от 18.03.2025",Махачкала,CIMS,Сaspian Sea Crude Oil 31.12.25.xlsx
2025-03,2025-03-12 00:00,Казахстан,,BB Energy-Б,нефть,9157.936,2025-03-19 00:00,,Сангачал (нефтепродукты),Caspiy Shipping,Сaspian Sea Crude Oil 31.12.25.xlsx
2025-03,2025-03-18 00:00,Астана,,TCO-Baku,нефть,9245.0,2025-03-19 00:00,5/26 от 19.03.2025,Сангачал,КМТФ,Сaspian Sea Crude Oil 31.12.25.xlsx
2025-03,2025-03-19 00:00,Алматы,,Titan Oil - Махачкала,нефть,5829.0,2025-03-20 00:00,"7/153,7/154,1/75,2/75 от 20.03.2025",Махачкала,КМТФ,Сaspian Sea Crude Oil 31.12.25.xlsx
2025-03,2025-03-19 00:00,Костанай,,Titan Oil - Махачкала,нефть,6475.0,2025-03-20 00:00,"7/155,7/156,1/76,2/76 от 20.03.2025",Махачкала,AB FLEET,Сaspian Sea Crude Oil 31.12.25.xlsx
2025-03,2025-03-20 00:00,ТК Актау,,TCO-Baku,нефть,9328.0,2025-03-21 00:00,5/26 от 19.03.2025,Сангачал,КМТФ,Сaspian Sea Crude Oil 31.12.25.xlsx
2025-03,2025-03-20 00:00,Караганда,,Titan Oil - Махачкала,нефть,6485.0,2025-03-21 00:00,"7/157,7/158,1/77,2/77 от 21.03.2025",Махачкала,AB FLEET,Сaspian Sea Crude Oil 31.12.25.xlsx
2025-03,2025-03-21 00:00,Джабар Гашимов,,TCO-Baku,нефть,9165.0,2025-03-23 00:00,5/28 от 23.03.2025,Сангачал,ASCO,Сaspian Sea Crude Oil 31.12.25.xlsx
2025-03,2025-03-22 00:00,Лива,,Titan Oil - Махачкала,нефть,6485.0,2025-03-23 00:00,"7/159,7/160,1/78,2/78 от 23.03.2025",Махачкала,CIMS,Сaspian Sea Crude Oil 31.12.25.xlsx
2025-03,2025-03-23 00:00,Алматы,,Titan Oil - Махачкала,нефть,5848.0,2025-03-24 00:00,"7/161,7/162,1/79,2/79 от 24.03.2025",Махачкала,КМТФ,Сaspian Sea Crude Oil 31.12.25.xlsx
2025-03,2025-03-23 00:00,Костанай,,Titan Oil - Махачкала,нефть,6457.0,2025-03-26 00:00,"7/163,7/164,1/80,2/80, 4/6 от 26.03.2025",Махачкала,AB FLEET,Сaspian Sea Crude Oil 31.12.25.xlsx
2025-03,2025-03-25 00:00,Караганда,,Titan Oil - Махачкала,нефть,6479.0,2025-03-26 00:00,"7/165,7/166,1/81,2/81 от 26.03.2025",Махачкала,AB FLEET,Сaspian Sea Crude Oil 31.12.25.xlsx
2025-03,2025-03-26 00:00,Астана,,TCO-Baku,нефть,9242.0,2025-03-27 00:00,5/29 от 27.03.2025,Сангачал,КМТФ,Сaspian Sea Crude Oil 31.12.25.xlsx
2025-03,2025-03-26 00:00,Пр.Гейдар Алиев,,TCO-Baku,нефть,9961.0,2025-03-28 00:00,5/30 от 28.03.2025,Сангачал,ASCO,Сaspian Sea Crude Oil 31.12.25.xlsx
2025-03,2025-03-26 00:00,Казахстан,,BB Energy-Б,Gas Condensate,9097.73,2025-04-01 00:00,,Сангачал (нефтепродукты),Caspiy Shipping,Сaspian Sea Crude Oil 31.12.25.xlsx
2025-03,2025-03-28 00:00,Тараз,,Titan Oil - Махачкала,нефть,625.0,2025-04-01 00:00,"7/167,7/168 от 31.03.2025",Махачкала,CIMS,Сaspian Sea Crude Oil 31.12.25.xlsx
2025-04,2025-03-28 00:00,Тараз,,Titan Oil - Махачкала,нефть,6149.0,2025-04-01 00:00,"7/169, 7/170,1/82,2/82 от 01.04.2025",Махачкала,CIMS,Сaspian Sea Crude Oil 31.12.25.xlsx
2025-04,2025-03-28 00:00,Алматы,,Titan Oil - Махачкала,нефть,5843.0,2025-04-01 00:00,"7/171, 7/172,1/83,2/83 от 01.04.2025",Махачкала,КМТФ,Сaspian Sea Crude Oil 31.12.25.xlsx
2025-04,2025-03-29 00:00,Джабар Гашимов,,TCO-Baku,нефть,9175.0,2025-04-02 00:00,5/31 от 02.04.2025,Сангачал,ASCO,Сaspian Sea Crude Oil 31.12.25.xlsx
2025-04,2025-03-29 00:00,Костанай,,Titan Oil - Махачкала,нефть,6459.0,2025-04-02 00:00,"7/173, 7/174,1/84,2/84 от 02.04.2025",Махачкала,AB FLEET,Сaspian Sea Crude Oil 31.12.25.xlsx
2025-04,2025-03-26 00:00,ТК Актау,,TCO-Baku,нефть,9324.0,2025-04-03 00:00,5/32 от 03.04.2025,Сангачал,КМТФ,Сaspian Sea Crude Oil 31.12.25.xlsx
2025-04,2025-04-02 00:00,Джульфа,,Titan Oil - Махачкала,нефть,6183.0,2025-04-03 00:00,"7/175, 7/176,1/85,2/85 от 03.04.2025",Махачкала,ASCO,Сaspian Sea Crude Oil 31.12.25.xlsx
2025-04,2025-03-29 00:00,Караганда,,Titan Oil - Махачкала,нефть,6453.0,2025-04-05 00:00,"7/177, 7/178,7/179, 7/180,1/86,2/86 от 04.04.2025",Махачкала,AB FLEET,Сaspian Sea Crude Oil 31.12.25.xlsx
2025-04,2025-04-02 00:00,Пр.Гейдар Алиев,,TCO-Baku,нефть,9923.0,2025-04-05 00:00,5/33 от 05.04.2025,Сангачал,ASCO,Сaspian Sea Crude Oil 31.12.25.xlsx
2025-04,2025-04-04 00:00,Тараз,,Titan Oil - Махачкала,нефть,6775.0,2025-04-05 00:00,"7/181, 7/182, 1/87, 2/87 от 05.04.2025",Махачкала,CIMS,Сaspian Sea Crude Oil 31.12.25.xlsx
2025-04,2025-04-05 00:00,Алматы,,Titan Oil - Махачкала,нефть,5841.0,2025-04-06 00:00,"7/183, 7/184, 1/88, 2/88 от 06.04.2025",Махачкала,КМТФ,Сaspian Sea Crude Oil 31.12.25.xlsx
2025-04,2025-04-06 00:00,Костанай,,Titan Oil - Махачкала,нефть,6452.0,2025-04-06 00:00,"7/185, 7/186, 1/89, 2/89 от 06.04.2025",Махачкала,AB FLEET,Сaspian Sea Crude Oil 31.12.25.xlsx
2025-04,2025-03-31 00:00,Астана,,TCO-Baku,нефть,9223.0,2025-04-07 00:00,5/34 от 06.04.2025,Сангачал,КМТФ,Сaspian Sea Crude Oil 31.12.25.xlsx
2025-04,2025-04-06 00:00,Джульфа,,Titan Oil - Махачкала,нефть,6186.0,2025-04-07 00:00,"7/187, 7/188, 1/90, 2/90 от 07.04.2025",Махачкала,ASCO,Сaspian Sea Crude Oil 31.12.25.xlsx
2025-04,2025-04-06 00:00,Джабар Гашимов,,TCO-Baku,нефть,9190.0,2025-04-08 00:00,5/35 от 08.04.2025,Сангачал,ASCO,Сaspian Sea Crude Oil 31.12.25.xlsx
2025-04,2025-04-08 00:00,Караганда,,Titan Oil - Махачкала,нефть,6428.0,2025-04-09 00:00,"7/189, 7/190, 1/91, 2/91 от 09.04.2025",Махачкала,AB FLEET,Сaspian Sea Crude Oil 31.12.25.xlsx
2025-04,2025-04-07 00:00,ТК Актау,,TCO-Baku,нефть,9308.0,2025-04-09 00:00,5/36 от 09.04.2025,Сангачал,КМТФ,Сaspian Sea Crude Oil 31.12.25.xlsx
2025-04,2025-04-05 12:00,Казахстан,,BB Energy-Б,Gas Condensate,9031.417,2025-04-09 00:00,,Сангачал (нефтепродукты),Caspiy Shipping,Сaspian Sea Crude Oil 31.12.25.xlsx
2025-04,2025-04-09 00:00,Пр.Гейдар Алиев,,TCO-Baku,нефть,9944.0,2025-04-10 00:00,5/37 от 10.04.2025,Сангачал,ASCO,Сaspian Sea Crude Oil 31.12.25.xlsx
2025-04,2025-04-10 00:00,Тараз,,Titan Oil - Махачкала,нефть,6780.0,2025-04-11 00:00,"7/191, 7/192, 1/92, 2/92 от 10.04.2025",Махачкала,CIMS,Сaspian Sea Crude Oil 31.12.25.xlsx
2025-04,2025-04-11 00:00,Алматы,,Titan Oil - Махачкала,нефть,5835.0,2025-04-12 00:00,"7/193, 7/194 1/93, 2/93 от 12.04.2025",Махачкала,КМТФ,Сaspian Sea Crude Oil 31.12.25.xlsx
2025-04,2025-04-11 00:00,Костанай,,Titan Oil - Махачкала,нефть,6433.0,2025-04-12 00:00,"7/195, 7/196, 1/94, 2/94 от 12.04.2025",Махачкала,AB FLEET,Сaspian Sea Crude Oil 31.12.25.xlsx
2025-04,2025-04-12 00:00,Караганда,,Titan Oil - Махачкала,нефть,6480.0,2025-04-13 00:00,"7/197, 7/198, 1/95, 2/95 от 13.04.2025",Махачкала,AB FLEET,Сaspian Sea Crude Oil 31.12.25.xlsx
2025-04,2025-03-12 00:00,Астана,,TCO-Baku,нефть,9220.0,2025-04-13 00:00,5/38 от 13.04.2025,Сангачал,КМТФ,Сaspian Sea Crude Oil 31.12.25.xlsx
2025-04,2025-03-14 00:00,Джабар Гашимов,,TCO-Baku,нефть,9221.0,2025-04-14 00:00,5/39 от 14.04.2025,Сангачал,ASCO,Сaspian Sea Crude Oil 31.12.25.xlsx
2025-04,2025-04-15 00:00,Алматы,,Titan Oil - Махачкала,нефть,5846.0,2025-04-16 00:00,"7/201, 7/202, 1/97, 2/97 от 16.04.2025",Махачкала,КМТФ,Сaspian Sea Crude Oil 31.12.25.xlsx
2025-04,2025-04-15 00:00,Тараз,,Titan Oil - Махачкала,нефть,6778.0,2025-04-16 00:00,"7/199, 7/200, 1/96, 2/96 от 16.04.2025",Махачкала,CIMS,Сaspian Sea Crude Oil 31.12.25.xlsx
2025-04,2025-04-15 00:00,ТК Актау,,TCO-Baku,нефть,9308.0,2025-04-16 00:00,5/40 от 16.04.2025,Сангачал,КМТФ,Сaspian Sea Crude Oil 31.12.25.xlsx
2025-04,2025-04-15 00:00,Костанай,,Titan Oil - Махачкала,нефть,6484.0,2025-04-17 00:00,"7/203, 7/204, 1/98, 2/98 от 17.04.2025",Махачкала,AB FLEET,Сaspian Sea Crude Oil 31.12.25.xlsx
2025-04,2025-04-15 00:00,Куруш,,BNT-Baku,нефть,5342.968,2025-04-19 00:00,"1/15, 1/6, 1/4 от 19.04.2025",Махачкала,AB FLEET,Сaspian Sea Crude Oil 31.12.25.xlsx
2025-04,2025-04-19 00:00,Пр.Гейдар Алиев,,TCO-Baku,нефть,9924.0,2025-04-20 00:00,5/41 от 20.04.2025,Сангачал,ASCO,Сaspian Sea Crude Oil 31.12.25.xlsx
2025-04,2025-04-19 00:00,Тараз,,Titan Oil - Махачкала,нефть,6779.0,2025-04-20 00:00,"7/205, 7/206, 1/99, 2/99 от 20.04.2025",Махачкала,CIMS,Сaspian Sea Crude Oil 31.12.25.xlsx
2025-04,2025-04-19 00:00,Алматы,,Titan Oil - Махачкала,нефть,5859.0,2025-04-20 00:00,"7/207, 7/208, 1/100, 2/100 от 20.04.2025",Махачкала,КМТФ,Сaspian Sea Crude Oil 31.12.25.xlsx
2025-04,2025-04-16 00:00,Караганда,,Titan Oil - Махачкала,нефть,6456.0,2025-04-21 00:00,"7/210, 7/209, 1/101, 2/101,4/7 от 21.04.2025",Махачкала,AB FLEET,Сaspian Sea Crude Oil 31.12.25.xlsx
2025-04,2025-03-20 00:00,Астана,,TCO-Baku,нефть,9217.0,2025-04-21 00:00,5/42 от 21.04.2025,Сангачал,КМТФ,Сaspian Sea Crude Oil 31.12.25.xlsx
2025-04,2025-04-21 00:00,Костанай,,Titan Oil - Махачкала,нефть,6431.0,2025-04-22 00:00,"7/212, 7/212, 1/102, 2/102 от 22.04.2025",Махачкала,AB FLEET,Сaspian Sea Crude Oil 31.12.25.xlsx
2025-04,2025-04-14 12:00,Казахстан,,BB Energy-Б,Gas Condensate,8949.5,2025-04-22 00:00,,Сангачал (нефтепродукты),Caspiy Shipping,Сaspian Sea Crude Oil 31.12.25.xlsx
2025-04,2025-04-21 00:00,ТК Актау,,TCO-Baku,нефть,9324.0,2025-04-23 00:00,5/43 от 23.04.2025,Сангачал,КМТФ,Сaspian Sea Crude Oil 31.12.25.xlsx
2025-04,2025-04-23 00:00,Тараз,,Titan Oil - Махачкала,нефть,6783.0,2025-04-24 00:00,"7/213, 7/214, 1/103, 2/103, 4/8 от 23.04.2025",Махачкала,CIMS,Сaspian Sea Crude Oil 31.12.25.xlsx
2025-04,2025-03-22 00:00,Джабар Гашимов,,TCO-Baku,нефть,9215.0,2025-04-24 00:00,5/44 от 24.04.2025,Сангачал,ASCO,Сaspian Sea Crude Oil 31.12.25.xlsx
2025-04,2025-04-23 00:00,Алматы,,Titan Oil - Махачкала,нефть,5836.0,2025-04-24 00:00,"7/215, 7/216, 1/104, 2/104 от 24.04.2025",Махачкала,КМТФ,Сaspian Sea Crude Oil 31.12.25.xlsx
2025-04,2025-04-24 00:00,Караганда,,Titan Oil - Махачкала,нефть,6425.0,2025-04-25 00:00,"7/217, 7/218, 1/105, 2/105, 4/9 от 25.04.2025",Махачкала,AB FLEET,Сaspian Sea Crude Oil 31.12.25.xlsx
2025-04,2025-04-24 00:00,Пр.Гейдар Алиев,,TCO-Baku,нефть,9919.0,2025-04-25 00:00,5/45 от 25.04.2025,Сангачал,ASCO,Сaspian Sea Crude Oil 31.12.25.xlsx
2025-04,2025-04-25 00:00,Астана,,TCO-Baku,нефть,9260.0,2025-04-26 00:00,5/46 от 26.04.2025,Сангачал,КМТФ,Сaspian Sea Crude Oil 31.12.25.xlsx
2025-04,2025-04-25 00:00,Костанай,,Titan Oil - Махачкала,нефть,6476.0,2025-04-26 00:00,"7/219, 7/220, 1/106, 2/106 от 26.04.2025",Махачкала,AB FLEET,Сaspian Sea Crude Oil 31.12.25.xlsx
2025-04,2025-04-27 00:00,Джульфа,,TCO-Baku,нефть,9832.0,2025-04-27 00:00,5/47 от 27.04.2025,Сангачал,ASCO,Сaspian Sea Crude Oil 31.12.25.xlsx
2025-04,2025-04-26 00:00,Тараз,,Titan Oil - Махачкала,нефть,6803.0,2025-04-28 00:00,"7/221, 7/222 от 28.04.2025",Махачкала,CIMS,Сaspian Sea Crude Oil 31.12.25.xlsx
2025-04,2025-04-27 00:00,ТК Актау,,TCO-Baku,нефть,9059.0,2025-04-30 00:00,5/48 от 30.04.2025,Сангачал,КМТФ,Сaspian Sea Crude Oil 31.12.25.xlsx
2025-05,2025-04-27 00:00,Алматы,,Titan Oil - Махачкала,нефть,5817.0,2025-05-01 00:00,"7/223,7/224, 1/107, 2/107 от 01.05.2025",Махачкала,КМТФ,Сaspian Sea Crude Oil 31.12.25.xlsx
2025-05,2025-04-29 00:00,Костанай,,Titan Oil - Махачкала,нефть,6477.0,2025-05-01 00:00,"7/225,7/226, 1/108, 2/108 от 01.05.2025",Махачкала,AB FLEET,Сaspian Sea Crude Oil 31.12.25.xlsx
2025-05,2025-05-01 00:00,Пр.Гейдар Алиев,,TCO-Baku,нефть,9673.0,2025-05-02 00:00,5/49 от 01.05.2025,Сангачал,ASCO,Сaspian Sea Crude Oil 31.12.25.xlsx
2025-05,2025-05-01 00:00,Лива,,Titan Oil - Махачкала,нефть,6786.0,2025-05-02 00:00,"7/227,7/228, 1/109, 2/109 от 02.05.2025",Махачкала,CIMS,Сaspian Sea Crude Oil 31.12.25.xlsx
2025-05,2025-05-02 00:00,Тараз,,Titan Oil - Махачкала,нефть,6784.0,2025-05-02 00:00,"7/229,7/230, 1/110, 2/110 от 02.05.2025",Махачкала,CIMS,Сaspian Sea Crude Oil 31.12.25.xlsx
2025-05,2025-04-02 00:00,Астана,,TCO-Baku,нефть,9189.0,2025-05-04 00:00,5/50 от 03.05.2025,Сангачал,КМТФ,Сaspian Sea Crude Oil 31.12.25.xlsx
2025-05,2025-05-04 00:00,Алматы,,Titan Oil - Махачкала,нефть,5834.0,2025-05-05 00:00,"7/231,7/232, 1/111, 2/111 от 04.05.2025",Махачкала,КМТФ,Сaspian Sea Crude Oil 31.12.25.xlsx
2025-05,2025-05-04 00:00,Джульфа,,TCO-Baku,нефть,9532.0,2025-05-05 00:00,5/51 от 05.05.2025,Сангачал,ASCO,Сaspian Sea Crude Oil 31.12.25.xlsx
2025-05,2025-05-04 00:00,Костанай,,Titan Oil - Махачкала,нефть,6454.0,2025-05-05 00:00,"7/233,7/234, 1/112, 2/112 от 05.05.2025",Махачкала,AB FLEET,Сaspian Sea Crude Oil 31.12.25.xlsx
2025-05,2025-05-04 00:00,ТК Актау,,TCO-Baku,нефть,9168.0,2025-05-06 00:00,5/52 от 06.05.2025,Сангачал,КМТФ,Сaspian Sea Crude Oil 31.12.25.xlsx
2025-05,2025-05-06 00:00,Лива,,Titan Oil - Махачкала,нефть,6783.0,2025-05-06 00:00,"7/235,7/236,7/237,7/238, 1/113, 2/113 от 06.05.2025",Махачкала,CIMS,Сaspian Sea Crude Oil 31.12.25.xlsx
2025-05,2025-05-06 00:00,Тараз,,Titan Oil - Махачкала,нефть,6787.0,2025-05-06 00:00,"7/239,7/240, 1/114, 2/114 от 06.05.2025",Махачкала,CIMS,Сaspian Sea Crude Oil 31.12.25.xlsx
2025-05,2025-05-06 00:00,Пр.Гейдар Алиев,,TCO-Baku,нефть,9551.0,2025-05-07 00:00,5/53 от 07.05.2025,Сангачал,ASCO,Сaspian Sea Crude Oil 31.12.25.xlsx
2025-05,2025-05-07 00:00,Алматы,,Titan Oil - Махачкала,нефть,5838.0,2025-05-08 00:00,"7/241,7/242, 1/115, 2/115 от 08.05.2025",Махачкала,КМТФ,Сaspian Sea Crude Oil 31.12.25.xlsx
2025-05,2025-05-08 00:00,Астана,,TCO-Baku,нефть,9121.0,2025-05-08 00:00,5/54 от 08.05.2025,Сангачал,КМТФ,Сaspian Sea Crude Oil 31.12.25.xlsx
2025-05,2025-05-08 00:00,Костанай,,Titan Oil - Махачкала,нефть,6471.0,2025-05-09 00:00,"7/243,7/244, 1/116, 2/116 от 09.05.2025",Махачкала,AB FLEET,Сaspian Sea Crude Oil 31.12.25.xlsx
2025-05,2025-05-09 00:00,Лива,,Titan Oil - Махачкала,нефть,6787.0,2025-05-10 00:00,"7/245,7/246, 1/117, 2/117 от 09.05.2025",Махачкала,CIMS,Сaspian Sea Crude Oil 31.12.25.xlsx
2025-05,2025-05-09 00:00,Тараз,,Titan Oil - Махачкала,нефть,6770.0,2025-05-10 00:00,"7/247,7/248, 1/118, 2/118 от 10.05.2025",Махачкала,CIMS,Сaspian Sea Crude Oil 31.12.25.xlsx
2025-05,2025-05-09 00:00,Джульфа,,TCO-Baku,нефть,9543.0,2025-05-11 00:00,5/55 от 10.05.2025,Сангачал,ASCO,Сaspian Sea Crude Oil 31.12.25.xlsx
2025-05,2025-05-10 00:00,ТК Актау,,TCO-Baku,нефть,8960.0,2025-05-12 00:00,5/56 от 12.05.2025,Сангачал,КМТФ,Сaspian Sea Crude Oil 31.12.25.xlsx
2025-05,2025-05-12 00:00,Алматы,,Titan Oil - Махачкала,нефть,5831.0,2025-05-13 00:00,"7/249,7/250, 1/119, 2/119 от 13.05.2025",Махачкала,КМТФ,Сaspian Sea Crude Oil 31.12.25.xlsx
2025-05,2025-05-11 00:00,Пр.Гейдар Алиев,,TCO-Baku,нефть,9533.0,2025-05-14 00:00,5/57 от 13.05.2025,Сангачал,ASCO,Сaspian Sea Crude Oil 31.12.25.xlsx
2025-05,2025-05-13 00:00,Лива,,Titan Oil - Махачкала,нефть,6779.0,2025-05-14 00:00,"7/251,7/252, 1/120, 2/120 от 14.05.2025",Махачкала,CIMS,Сaspian Sea Crude Oil 31.12.25.xlsx
2025-05,2025-05-13 00:00,Костанай,,Titan Oil - Махачкала,нефть,6489.0,2025-05-14 00:00,"7/253,7/254, 1/121, 2/121 от 14.05.2025",Махачкала,AB FLEET,Сaspian Sea Crude Oil 31.12.25.xlsx
2025-05,2025-05-15 00:00,Джульфа,,TCO-Baku,нефть,9595.0,2025-05-16 00:00,5/58 от 16.05.2025,Сангачал,ASCO,Сaspian Sea Crude Oil 31.12.25.xlsx
2025-05,2025-05-15 00:00,Тараз,,Titan Oil - Махачкала,нефть,6788.0,2025-05-16 00:00,"7/255,7/256, 1/122, 2/122 от 16.05.2025",Махачкала,CIMS,Сaspian Sea Crude Oil 31.12.25.xlsx
2025-05,2025-05-16 00:00,Алматы,,Titan Oil - Махачкала,нефть,5845.0,2025-05-17 00:00,"7/257,7/258, 1/123, 2/123 от 17.05.2025",Махачкала,КМТФ,Сaspian Sea Crude Oil 31.12.25.xlsx
2025-05,2025-05-17 00:00,Казахстан,,BB Energy-Б,Gas Condensate,9196.129,2025-05-17 00:00,,Сангачал (нефтепродукты),Caspiy Shipping,Сaspian Sea Crude Oil 31.12.25.xlsx
2025-05,2025-05-17 00:00,Лива,,Titan Oil - Махачкала,нефть,6765.0,2025-05-18 00:00,"7/259,7/260, 1/124, 2/124 от 18.05.2025",Махачкала,CIMS,Сaspian Sea Crude Oil 31.12.25.xlsx
2025-05,2025-05-16 00:00,ТК Актау,,TCO-Baku,нефть,9214.0,2025-05-18 00:00,5/59 от 20.05.2025,Сангачал,КМТФ,Сaspian Sea Crude Oil 31.12.25.xlsx
2025-05,2025-05-18 00:00,Костанай,,Titan Oil - Махачкала,нефть,6487.0,2025-05-18 00:00,"7/261,7/262, 1/125, 2/125 от 18.05.2025",Махачкала,AB FLEET,Сaspian Sea Crude Oil 31.12.25.xlsx
2025-05,2025-05-19 00:00,Тараз,,Titan Oil - Махачкала,нефть,6783.0,2025-05-20 00:00,"7/263,7/264, 1/126, 2/126, 4/10 от 19.05.2025",Махачкала,CIMS,Сaspian Sea Crude Oil 31.12.25.xlsx
2025-05,2025-05-20 00:00,Алматы,,Titan Oil - Махачкала,нефть,5843.0,2025-05-21 00:00,"7/265,7/266, 1/127, 2/127 от 21.05.2025",Махачкала,КМТФ,Сaspian Sea Crude Oil 31.12.25.xlsx
2025-05,2025-05-21 00:00,Пр.Гейдар Алиев,,TCO-Baku,нефть,9532.0,2025-05-22 00:00,5/60 от 22.05.2025,Сангачал,ASCO,Сaspian Sea Crude Oil 31.12.25.xlsx
2025-05,2025-05-21 00:00,Лива,,Titan Oil - Махачкала,нефть,6783.0,2025-05-22 00:00,"7/267,7/268, 1/128, 2/128 от 22.05.2025",Махачкала,CIMS,Сaspian Sea Crude Oil 31.12.25.xlsx
2025-05,2025-05-22 00:00,Костанай,,Titan Oil - Махачкала,нефть,6465.0,2025-05-23 00:00,"7/269,7/270, 1/129, 2/129 от 23.05.2025",Махачкала,AB FLEET,Сaspian Sea Crude Oil 31.12.25.xlsx
2025-05,2025-05-22 00:00,ТК Актау,,TCO-Baku,нефть,9120.0,2025-05-23 00:00,5/61 от 23.05.2025,Сангачал,КМТФ,Сaspian Sea Crude Oil 31.12.25.xlsx
2025-05,2025-05-23 00:00,Тараз,,Titan Oil - Махачкала,нефть,6786.0,2025-05-24 00:00,"7/271,7/272, 1/130, 2/130 от 24.05.2025",Махачкала,CIMS,Сaspian Sea Crude Oil 31.12.25.xlsx
2025-05,2025-05-22 00:00,Джабар Гашимов,,KMG Kashagan B.V.,нефть,9014.0,2025-05-24 00:00,8/7 от 24.05.25,Сангачал,ASCO,Сaspian Sea Crude Oil 31.12.25.xlsx
2025-05,2025-05-25 00:00,Алматы,,Titan Oil - Махачкала,нефть,5824.0,2025-05-25 00:00,"7/273,7/274,1/131,2/131, 4/11 от 25.05.2025",Махачкала,КМТФ,Сaspian Sea Crude Oil 31.12.25.xlsx
2025-05,2025-05-26 00:00,Лива,,Titan Oil - Махачкала,нефть,6790.0,2025-05-26 00:00,"7/275, 1/132, 2/132  от 26.05.2025",Махачкала,CIMS,Сaspian Sea Crude Oil 31.12.25.xlsx
2025-05,2025-05-27 00:00,ТК Актау,,KMG Kashagan B.V.,нефть,9003.0,2025-05-28 00:00,"8/8, 8/9 от 28.05.2025",Сангачал,КМТФ,Сaspian Sea Crude Oil 31.12.25.xlsx
2025-05,2025-05-28 00:00,Джабар Гашимов,,TCO-Baku,нефть,8821.0,2025-05-29 00:00,5/62 от 29.05.2025,Сангачал,ASCO,Сaspian Sea Crude Oil 31.12.25.xlsx
2025-05,2025-05-23 12:30,Казахстан,,BB Energy-Б,Gas Condensate,9040.955,2025-05-31 00:00,,Сангачал (нефтепродукты),Caspiy Shipping,Сaspian Sea Crude Oil 31.12.25.xlsx
2025-05,2025-05-26 00:00,Костанай,,Titan Oil - Махачкала,нефть,2407.0,2025-06-01 00:00,"7/276,7/277 от 31.05.2025",Махачкала,AB FLEET,Сaspian Sea Crude Oil 31.12.25.xlsx
2025-06,2025-05-26 00:00,Костанай,,Titan Oil - Махачкала,нефть,4024.0,2025-06-01 00:00,"7/278,7/279,1/133, 2/133 от 01.06.2025",Махачкала,AB FLEET,Сaspian Sea Crude Oil 31.12.25.xlsx
2025-06,2025-05-27 00:00,Тараз,,Titan Oil - Махачкала,нефть,6792.0,2025-06-01 00:00,"7/280,7/281, 1/134, 2/134 от 01.06.2025",Махачкала,CIMS,Сaspian Sea Crude Oil 31.12.25.xlsx
2025-06,2025-05-28 00:00,Пр.Гейдар Алиев,,TCO-Baku,нефть,9550.0,2025-06-01 00:00,5/63 от 01.06.2025,Сангачал,ASCO,Сaspian Sea Crude Oil 31.12.25.xlsx
2025-06,2025-05-29 00:00,Алматы,,Titan Oil - Махачкала,нефть,6344.0,2025-05-03 00:00,"7/282,7/283, 1/135, 2/135 от 03.06.2025",Махачкала,КМТФ,Сaspian Sea Crude Oil 31.12.25.xlsx
2025-06,2025-05-31 00:00,ТК Актау,,TCO-Baku,нефть,9170.0,2025-06-03 00:00,5/64 от 03.06.2025,Сангачал,КМТФ,Сaspian Sea Crude Oil 31.12.25.xlsx
2025-06,2025-05-31 00:00,Лива,,Titan Oil - Махачкала,нефть,6780.0,2025-06-03 00:00,"7/284,7/285,7/286,7/287 1/136, 2/136, 1/137,2/137 от 03.06.2025",Махачкала,CIMS,Сaspian Sea Crude Oil 31.12.25.xlsx
2025-06,2025-06-02 00:00,Джульфа,,TCO-Baku,нефть,9578.0,2025-06-05 00:00,5/65 от 05.06.2025,Сангачал,ASCO,Сaspian Sea Crude Oil 31.12.25.xlsx
2025-06,2025-06-04 00:00,Костанай,,Titan Oil - Махачкала,нефть,6476.0,2025-06-06 00:00,"7/288,7/289,1/138,2/138 от 05.06.2025",Махачкала,AB FLEET,Сaspian Sea Crude Oil 31.12.25.xlsx
2025-06,2025-06-04 00:00,Тараз,,Titan Oil - Махачкала,нефть,6788.0,2025-06-05 00:00,"7/290,7/291,1/139,2/139 от 05.06.2025",Махачкала,CIMS,Сaspian Sea Crude Oil 31.12.25.xlsx
2025-06,2025-06-06 00:00,Джабар Гашимов,,TCO-Baku,нефть,8825.0,2025-06-07 00:00,5/66 от 06.06.2025,Сангачал,ASCO,Сaspian Sea Crude Oil 31.12.25.xlsx
2025-06,2025-06-07 00:00,Лива,,Titan Oil - Махачкала,нефть,6788.0,2025-06-07 00:00,"7/292,7/293,1/140,2/140 от 07.06.2025",Махачкала,CIMS,Сaspian Sea Crude Oil 31.12.25.xlsx
2025-06,2025-06-08 00:00,Алматы,,Titan Oil - Махачкала,нефть,6346.0,2025-06-08 00:00,"7/294,7/295,1/141,2/141 от 08.06.2025",Махачкала,КМТФ,Сaspian Sea Crude Oil 31.12.25.xlsx
2025-06,2025-06-08 00:00,ТК Актау,,TCO-Baku,нефть,9161.0,2025-06-08 00:00,5/67 от 08.06.2025,Сангачал,КМТФ,Сaspian Sea Crude Oil 31.12.25.xlsx
2025-06,2025-06-08 00:00,Тараз,,Titan Oil - Махачкала,нефть,6785.0,2025-06-09 00:00,"7/296, 7/297, 1/142, 2/142 от 09.06.2025",Махачкала,CIMS,Сaspian Sea Crude Oil 31.12.25.xlsx
2025-06,2025-06-09 00:00,Джульфа,,TCO-Baku,нефть,9593.0,2025-06-10 00:00,5/68 от 10.06.2025,Сангачал,ASCO,Сaspian Sea Crude Oil 31.12.25.xlsx
2025-06,2025-06-09 00:00,Костанай,,Titan Oil - Махачкала,нефть,6482.0,2025-06-10 00:00,"7/298, 7/299, 1/143, 2/143 от 10.06.2025",Махачкала,AB FLEET,Сaspian Sea Crude Oil 31.12.25.xlsx
2025-06,2025-06-10 00:00,Лива,,Titan Oil - Махачкала,нефть,6782.0,2025-06-11 00:00,"7/300, 7/301, 1/144, 2/144 от 11.06.2025",Махачкала,CIMS,Сaspian Sea Crude Oil 31.12.25.xlsx
2025-06,2025-06-11 00:00,Алматы,,Titan Oil - Махачкала,нефть,6339.0,2025-06-12 00:00,"7/302, 7/303, 1/145, 2/145 от 12.06.2025",Махачкала,КМТФ,Сaspian Sea Crude Oil 31.12.25.xlsx
2025-06,2025-06-11 00:00,Пр.Гейдар Алиев,,TCO-Baku,нефть,9527.0,2025-06-12 00:00,5/69 от 12.06.2025,Сангачал,ASCO,Сaspian Sea Crude Oil 31.12.25.xlsx
2025-06,2025-06-12 00:00,Тараз,,Titan Oil - Махачкала,нефть,6788.0,2025-06-13 00:00,"7/304, 7/305, 1/146, 2/146 от 12.06.2025",Махачкала,CIMS,Сaspian Sea Crude Oil 31.12.25.xlsx
2025-06,2025-06-13 00:00,Джабар Гашимов,,KMG Kashagan B.V.,нефть,8864.0,2025-06-14 00:00,8/10 от 14.06.2025,Сангачал,ASCO,Сaspian Sea Crude Oil 31.12.25.xlsx
2025-06,2025-06-13 00:00,Костанай,,Titan Oil - Махачкала,нефть,6475.0,2025-06-14 00:00,"7/306, 7/307, 1/147, 2/147 от 14.06.2025",Махачкала,AB FLEET,Сaspian Sea Crude Oil 31.12.25.xlsx
2025-06,2025-06-12 00:00,ТК Актау,,TCO-Baku,нефть,9187.0,2025-06-15 00:00,5/70 от 15.06.2025,Сангачал,КМТФ,Сaspian Sea Crude Oil 31.12.25.xlsx
2025-06,2025-06-14 00:00,Лива,,Titan Oil - Махачкала,нефть,6780.0,2025-06-15 00:00,"7/308, 7/309, 1/148, 2/148 от 15.06.2025",Махачкала,CIMS,Сaspian Sea Crude Oil 31.12.25.xlsx
2025-06,2025-06-16 00:00,Тараз,,Titan Oil - Махачкала,нефть,6788.0,2025-06-17 00:00,"7/310, 7/311, 1/149, 2/149 от 16.06.2025",Махачкала,CIMS,Сaspian Sea Crude Oil 31.12.25.xlsx
2025-06,2025-06-16 00:00,Алматы,,Titan Oil - Махачкала,нефть,6331.0,2025-06-17 00:00,"7/312, 7/313, 1/150, 2/151 от 17.06.2025",Махачкала,КМТФ,Сaspian Sea Crude Oil 31.12.25.xlsx
2025-06,2025-06-14 00:00,Джульфа,,TCO-Baku,нефть,9607.0,2025-06-17 00:00,5/71 от 15.06.2025,Сангачал,ASCO,Сaspian Sea Crude Oil 31.12.25.xlsx
2025-06,2025-06-17 00:00,Костанай,,Titan Oil - Махачкала,нефть,6442.0,2025-06-18 00:00,"7/314, 7/315, 1/151, 2/151 от 18.06.2025",Махачкала,AB FLEET,Сaspian Sea Crude Oil 31.12.25.xlsx
2025-06,2025-06-05 18:30,Казахстан,,BB Energy-Б,Gas Condensate,9100.428,2025-06-19 02:00,,Сангачал (нефтепродукты),Caspiy Shipping,Сaspian Sea Crude Oil 31.12.25.xlsx
2025-06,2025-06-19 00:00,Лива,,Titan Oil - Махачкала,нефть,6785.0,2025-06-19 02:00,"7/316, 7/317, 1/152, 2/152, 4/12 от 19.06.2025",Махачкала,CIMS,Сaspian Sea Crude Oil 31.12.25.xlsx
2025-06,2025-06-19 00:00,ТК Актау,,TCO-Baku,нефть,9163.0,2025-06-20 00:00,5/72 от 15.06.2025,Сангачал,КМТФ,Сaspian Sea Crude Oil 31.12.25.xlsx
2025-06,2025-06-20 00:00,Тараз,,Titan Oil - Махачкала,нефть,6780.0,2025-06-20 00:00,"7/318, 7/319, 1/153, 2/153 от 20.06.2025",Махачкала,CIMS,Сaspian Sea Crude Oil 31.12.25.xlsx
2025-06,2025-06-18 00:00,Джабар Гашимов,,KMG Kashagan B.V.,нефть,8848.0,2025-06-21 00:00,8/11 от 21.06.2025,Сангачал,ASCO,Сaspian Sea Crude Oil 31.12.25.xlsx
2025-06,2025-06-20 00:00,Алматы,,Titan Oil - Махачкала,нефть,6341.0,2025-06-22 00:00,"7/320, 7/321, 1/154, 2/154 от 22.06.2025",Махачкала,КМТФ,Сaspian Sea Crude Oil 31.12.25.xlsx
2025-06,2025-06-21 00:00,Костанай,,Titan Oil - Махачкала,нефть,6472.0,2025-06-22 00:00,"7/322, 7/323, 1/155, 2/155 от 22.06.2025",Махачкала,AB FLEET,Сaspian Sea Crude Oil 31.12.25.xlsx
2025-06,2025-06-21 00:00,Пр.Гейдар Алиев,,TCO-Baku,нефть,9534.0,2025-06-23 00:00,5/73 от 23.06.2025,Махачкала,ASCO,Сaspian Sea Crude Oil 31.12.25.xlsx
2025-06,2025-06-22 00:00,Лива,,Titan Oil - Махачкала,нефть,6775.0,2025-06-23 00:00,"7/324, 7/325, 1/156, 2/156 от 23.06.2025",Махачкала,CIMS,Сaspian Sea Crude Oil 31.12.25.xlsx
2025-06,2025-06-23 00:00,Тараз,,Titan Oil - Махачкала,нефть,6788.0,2025-06-24 00:00,"7/326, 7/327, 1/157, 2/157, 4/13 от 24.06.2025",Махачкала,CIMS,Сaspian Sea Crude Oil 31.12.25.xlsx
2025-06,2025-06-21 00:00,Джульфа,,TCO-Baku,нефть,9560.0,2025-06-25 00:00,5/74 от 24.06.2025,Сангачал,ASCO,Сaspian Sea Crude Oil 31.12.25.xlsx
2025-06,2025-06-25 00:00,Костанай,,Titan Oil - Махачкала,нефть,6451.0,2025-06-26 00:00,"7/328, 7/329, 1/158, 2/158 от 26.06.2025",Махачкала,AB FLEET,Сaspian Sea Crude Oil 31.12.25.xlsx
2025-06,2025-06-25 00:00,ТК Актау,,TCO-Baku,нефть,9145.0,2025-06-26 00:00,5/75 от 26.06.2025,Сангачал,КМТФ,Сaspian Sea Crude Oil 31.12.25.xlsx
2025-06,2025-06-27 00:00,Джабар Гашимов,,TCO-Baku,нефть,8453.0,2025-06-28 00:00,5/76 от 28.06.2025,Сангачал,ASCO,Сaspian Sea Crude Oil 31.12.25.xlsx
2025-06,2025-06-26 00:00,Лива,,Titan Oil - Махачкала,нефть,2517.0,2025-07-01 00:00,"7/330, 7/331 от 30.06.2025",Махачкала,CIMS,Сaspian Sea Crude Oil 31.12.25.xlsx
2025-07,2025-06-26 00:00,Лива,,Titan Oil - Махачкала,нефть,4261.0,2025-07-01 00:00,"7/332, 7/333,1/159,2/159 от 01.07.2025",Махачкала,CIMS,Сaspian Sea Crude Oil 31.12.25.xlsx
2025-07,2025-06-27 00:00,Тараз,,Titan Oil - Махачкала,нефть,6786.0,2025-07-01 00:00,"7/334, 7/335,1/160,2/160 от 01.07.2025",Махачкала,CIMS,Сaspian Sea Crude Oil 31.12.25.xlsx
2025-07,2025-06-30 00:00,Куруш,,Titan Oil - Махачкала,нефть,6486.0,2025-07-02 00:00,"7/336, 7/337, 1/161,2/161 от 02.07.2025",Махачкала,AB Fleet,Сaspian Sea Crude Oil 31.12.25.xlsx
2025-07,2025-06-29 00:00,Костанай,,Titan Oil - Махачкала,нефть,6495.0,2025-07-02 00:00,"7/338, 7/339, 1/162,2/162 от 02.07.2025",Махачкала,AB Fleet,Сaspian Sea Crude Oil 31.12.25.xlsx
2025-07,2025-07-01 00:00,Пр.Гейдар Алиев,,TCO-Baku,нефть,9534.0,2025-07-02 00:00,5/77 от 02.07.2025,Сангачал,ASCO,Сaspian Sea Crude Oil 31.12.25.xlsx
2025-07,2025-07-03 00:00,Джабар Гашимов,,KMG Kashagan B.V.,нефть,8822.0,2025-07-04 00:00,"8/12, 8/13 от 04.07.2025",Сангачал,ASCO,Сaspian Sea Crude Oil 31.12.25.xlsx
2025-07,2025-06-30 00:00,ТК Актау,,TCO-Baku,нефть,9158.0,2025-07-05 00:00,5/78 от 04.07.2025,Сангачал,КМТФ,Сaspian Sea Crude Oil 31.12.25.xlsx
2025-07,2025-07-04 00:00,Лива,,Titan Oil - Махачкала,нефть,6783.0,2025-07-04 00:00,"7/340, 7/341, 1/163, 2/163 от 04.07.2025",Махачкала,CIMS,Сaspian Sea Crude Oil 31.12.25.xlsx
2025-07,2025-07-04 00:00,Тараз,,Titan Oil - Махачкала,нефть,6782.0,2025-07-05 00:00,"7/342, 7/343, 1/164, 2/164 от 05.07.2025",Махачкала,CIMS,Сaspian Sea Crude Oil 31.12.25.xlsx
2025-07,2025-07-05 00:00,Куруш,,Titan Oil - Махачкала,нефть,6468.0,2025-07-06 00:00,"7/344, 7/345, 1/165, 2/165 от 06.07.2025",Махачкала,AB Fleet,Сaspian Sea Crude Oil 31.12.25.xlsx
2025-07,2025-07-05 00:00,Костанай,,Titan Oil - Махачкала,нефть,6483.0,2025-07-06 00:00,"7/346, 7/347, 1/166, 2/166 от 06.07.2025",Махачкала,AB Fleet,Сaspian Sea Crude Oil 31.12.25.xlsx
2025-07,2025-07-02 00:00,Джульфа,,TCO-Baku,нефть,9590.0,2025-07-07 00:00,5/79 от 07.07.2025,Сангачал,ASCO,Сaspian Sea Crude Oil 31.12.25.xlsx
2025-07,2025-07-07 00:00,Лива,,Titan Oil - Махачкала,нефть,6783.0,2025-07-08 00:00,"7/348, 7/349, 1/167, 2/167 от 07.07.2025",Махачкала,CIMS,Сaspian Sea Crude Oil 31.12.25.xlsx
2025-07,2025-07-07 00:00,Тараз,,Titan Oil - Махачкала,нефть,6783.0,2025-07-08 00:00,"7/350, 7/351, 1/168, 2/168 от 08.07.2025",Махачкала,CIMS,Сaspian Sea Crude Oil 31.12.25.xlsx
2025-07,2025-07-09 00:00,Костанай,,Titan Oil - Махачкала,нефть,6486.0,2025-07-10 00:00,"7/352, 7/353, 1/169, 2/169 от 10.07.2025",Махачкала,AB Fleet,Сaspian Sea Crude Oil 31.12.25.xlsx
2025-07,2025-07-09 00:00,Куруш,,Titan Oil - Махачкала,нефть,6485.0,2025-07-10 00:00,"7/354, 7/355, 1/170, 2/170 от 10.07.2025",Махачкала,AB Fleet,Сaspian Sea Crude Oil 31.12.25.xlsx
2025-07,2025-07-09 00:00,Пр.Гейдар Алиев,,TCO-Baku,нефть,9533.0,2025-07-10 00:00,5/80 от 10.07.2025,Сангачал,ASCO,Сaspian Sea Crude Oil 31.12.25.xlsx
2025-07,2025-07-10 00:00,Лива,,Titan Oil - Махачкала,нефть,6784.0,2025-07-11 00:00,"7/356, 7/357, 1/171, 2/171 от 11.07.2025",Махачкала,CIMS,Сaspian Sea Crude Oil 31.12.25.xlsx
2025-07,2025-07-12 00:00,ТК Актау,,TCO-Baku,нефть,9110.0,2025-07-13 00:00,5/81 от 12.07.2025,Сангачал,КМТФ,Сaspian Sea Crude Oil 31.12.25.xlsx
2025-07,2025-07-12 00:00,Тараз,,Titan Oil - Махачкала,нефть,6786.0,2025-07-14 00:00,"7/358, 7/359, 1/172, 2/172 от 13.07.2025",Махачкала,CIMS,Сaspian Sea Crude Oil 31.12.25.xlsx
2025-07,2025-07-14 00:00,Куруш,,Titan Oil - Махачкала,нефть,6485.0,2025-07-14 00:00,"7/360,7/361 1/173, 2/173 от 14.07.2025",Махачкала,AB Fleet,Сaspian Sea Crude Oil 31.12.25.xlsx
2025-07,2025-07-14 00:00,Костанай,,Titan Oil - Махачкала,нефть,6478.0,2025-07-14 00:00,"7/362,7/363,1/174, 2/174 от 14.07.2025",Махачкала,AB Fleet,Сaspian Sea Crude Oil 31.12.25.xlsx
2025-07,2025-07-14 00:00,Астана,,KMG Kashagan B.V.,нефть,9012.0,2025-07-15 00:00,8/14 от 15.07.2025,Сангачал,КМТФ,Сaspian Sea Crude Oil 31.12.25.xlsx
2025-07,2025-07-14 00:00,Лива,,Titan Oil - Махачкала,нефть,6787.0,2025-07-15 00:00,"7/364,7/365,1/175, 2/175 от 15.07.2025",Махачкала,CIMS,Сaspian Sea Crude Oil 31.12.25.xlsx
2025-07,2025-07-13 00:00,Джульфа,,TCO-Baku,нефть,9594.0,2025-07-16 00:00,5/82 от 16.07.2025,Сангачал,ASCO,Сaspian Sea Crude Oil 31.12.25.xlsx
2025-07,2025-07-09 10:00,Казахстан,,BB Energy-Б,Gas Condensate,9088.816,2025-07-17 04:00,,Сангачал (нефтепродукты),Caspiy Shipping,Сaspian Sea Crude Oil 31.12.25.xlsx
2025-07,2025-07-16 00:00,Тараз,,Titan Oil - Махачкала,нефть,6785.0,2025-07-17 04:00,"7/366,7/367,1/176, 2/176 от 17.07.2025",Махачкала,CIMS,Сaspian Sea Crude Oil 31.12.25.xlsx
2025-07,2025-07-16 00:00,ТК Актау,,TCO-Baku,нефть,9123.0,2025-07-17 04:00,5/83 от 17.07.2025,Сангачал,КМТФ,Сaspian Sea Crude Oil 31.12.25.xlsx
2025-07,2025-07-17 00:00,Костанай,,Titan Oil - Махачкала,нефть,6481.0,2025-07-18 00:00,"7/368,7/369,1/178, 2/178 от 18.07.2025",Махачкала,AB Fleet,Сaspian Sea Crude Oil 31.12.25.xlsx
2025-07,2025-07-18 00:00,Лива,,Titan Oil - Махачкала,нефть,6790.0,2025-07-19 00:00,"7/370,7/371,1/178, 2/178 от 19.07.25",Махачкала,CIMS,Сaspian Sea Crude Oil 31.12.25.xlsx
2025-07,2025-07-17 00:00,Пр.Гейдар Алиев,,TCO-Baku,нефть,9544.0,2025-07-19 00:00,5/84 от 19.07.2025,Сангачал,ASCO,Сaspian Sea Crude Oil 31.12.25.xlsx
2025-07,2025-07-19 00:00,Астана,,TCO-Baku,нефть,9113.0,2025-07-20 00:00,5/85 от 20.07.25,Сангачал,КМТФ,Сaspian Sea Crude Oil 31.12.25.xlsx
2025-07,2025-07-20 00:00,Тараз,,Titan Oil - Махачкала,нефть,6783.0,2025-07-20 00:00,"7/372,7/373,1/179, 2/179 от 20.07.25",Махачкала,CIMS,Сaspian Sea Crude Oil 31.12.25.xlsx
2025-07,2025-07-21 00:00,Костанай,,Titan Oil - Махачкала,нефть,6479.0,2025-07-22 00:00,"7/374,7/375,1/180, 2/180 от 22.07.25",Махачкала,AB Fleet,Сaspian Sea Crude Oil 31.12.25.xlsx
2025-07,2025-07-21 00:00,ТК Актау,,TCO-Baku,нефть,9112.0,2025-07-22 00:00,5/86 от 22.07.25,Сангачал,КМТФ,Сaspian Sea Crude Oil 31.12.25.xlsx
2025-07,2025-07-22 00:00,Лива,,Titan Oil - Махачкала,нефть,6786.0,2025-07-23 00:00,"7/376,7/377,1/181, 2/181 от 23.07.25",Махачкала,CIMS,Сaspian Sea Crude Oil 31.12.25.xlsx
2025-07,2025-07-20 00:00,Джабар Гашимов,,KMG Kashagan B.V.,нефть,8829.0,2025-07-23 00:00,"8/15,8/16 от 23.07.2025",Сангачал,ASCO,Сaspian Sea Crude Oil 31.12.25.xlsx
2025-07,2025-07-23 00:00,Тараз,,Titan Oil - Махачкала,нефть,6787.0,2025-07-24 00:00,"7/378,7/379,1/182, 2/182,4/15 от 24.07.25",Махачкала,CIMS,Сaspian Sea Crude Oil 31.12.25.xlsx
2025-07,2025-07-24 00:00,Астана,,TCO-Baku,нефть,9131.0,2025-07-25 00:00,5/87 от 25.07.2025,Сангачал,КМТФ,Сaspian Sea Crude Oil 31.12.25.xlsx
2025-07,2025-07-25 00:00,Костанай,,Titan Oil - Махачкала,нефть,6462.0,2025-07-26 00:00,"7/380,7/381,1/183, 2/184 от 26.07.25",Махачкала,AB Fleet,Сaspian Sea Crude Oil 31.12.25.xlsx
2025-07,2025-07-26 00:00,ТК Актау,,TCO-Baku,нефть,9106.0,2025-07-29 00:00,5/88 от 29.07.2025,Сангачал,КМТФ,Сaspian Sea Crude Oil 31.12.25.xlsx
2025-07,2025-07-26 00:00,Лива,,Titan Oil - Махачкала,нефть,4501.0,2025-08-01 00:00,"7/382,7/383 от 31.07.2025",Махачкала,CIMS,Сaspian Sea Crude Oil 31.12.25.xlsx
2025-08,2025-07-26 00:00,Лива,,Titan Oil - Махачкала,нефть,2281.0,2025-08-01 00:00,"7/384,7/385 от 01.08.2025",Махачкала,CIMS,Сaspian Sea Crude Oil 31.12.25.xlsx
2025-08,2025-07-28 00:00,Тараз,,Titan Oil - Махачкала,нефть,6785.0,2025-08-01 00:00,"7/386, 7/387, 1/184, 2/184  от 01.08.2025",Махачкала,CIMS,Сaspian Sea Crude Oil 31.12.25.xlsx
2025-08,2025-07-31 00:00,Костанай,,Titan Oil - Махачкала,нефть,6479.0,2025-08-02 00:00,"7/388, 7/389, 1/185, 2/185  от 02.08.2025",Махачкала,AB Fleet,Сaspian Sea Crude Oil 31.12.25.xlsx
2025-08,2025-07-31 00:00,Пр.Гейдар Алиев,,Titan Oil - Махачкала,нефть,6187.0,2025-08-02 00:00,"7/390, 7/391, 1/186, 2/186 от 02.08.2025",Махачкала,ASCO,Сaspian Sea Crude Oil 31.12.25.xlsx
2025-08,2025-07-09 18:30,Абай,,BB Energy-Б,Gas Condensate,9130.177,2025-08-04 17:50,,Сангачал (нефтепродукты),Caspiy Shipping,Сaspian Sea Crude Oil 31.12.25.xlsx
2025-08,2025-08-05 00:00,Лива,,Titan Oil - Махачкала,нефть,6786.0,2025-08-06 00:00,"7/392, 7/393, 1/187, 2/187 от 05.08.2025",Махачкала,CIMS,Сaspian Sea Crude Oil 31.12.25.xlsx
2025-08,2025-08-06 00:00,Тараз,,Titan Oil - Махачкала,нефть,6785.0,2025-08-06 00:00,"7/394, 7/395, 1/188, 2/188 от 06.08.2025",Махачкала,CIMS,Сaspian Sea Crude Oil 31.12.25.xlsx
2025-08,2025-08-06 00:00,Пр.Гейдар Алиев,,Titan Oil - Махачкала,нефть,6491.0,2025-08-07 00:00,"7/396, 7/397, 1/189, 2/189 от 07.08.2025",Махачкала,ASCO,Сaspian Sea Crude Oil 31.12.25.xlsx
2025-08,2025-08-06 00:00,Костанай,,Titan Oil - Махачкала,нефть,6475.0,2025-08-07 00:00,"7/398, 7/399, 1/190, 2/190 от 07.08.2025",Махачкала,AB Fleet,Сaspian Sea Crude Oil 31.12.25.xlsx
2025-08,2025-08-06 00:00,Астана,,Titan Oil - Махачкала,нефть,6216.0,2025-08-07 00:00,"7/400, 7/401, 1/191, 2/191 от 07.08.2025",Махачкала,КМТФ,Сaspian Sea Crude Oil 31.12.25.xlsx
2025-08,2025-08-08 00:00,Лива,,Titan Oil - Махачкала,нефть,6785.0,2025-08-09 00:00,"7/402, 7/403, 1/192, 2/192 от 09.08.2025",Махачкала,CIMS,Сaspian Sea Crude Oil 31.12.25.xlsx
2025-08,2025-08-08 00:00,ТК Актау,,Titan Oil - Махачкала,нефть,6215.0,2025-08-10 00:00,"7/404, 7/405, 1/193, 2/193 от 10.08.2025",Махачкала,КМТФ,Сaspian Sea Crude Oil 31.12.25.xlsx
2025-08,2025-08-10 00:00,Тараз,,Titan Oil - Махачкала,нефть,6792.0,2025-08-10 00:00,"7/406, 7/407, 1/194, 2/194 от 10.08.2025",Махачкала,CIMS,Сaspian Sea Crude Oil 31.12.25.xlsx
2025-08,2025-08-10 00:00,Костанай,,Titan Oil - Махачкала,нефть,6453.0,2025-08-11 00:00,"7/408, 7/409, 1/195, 2/195 от 11.08.2025",Махачкала,AB Fleet,Сaspian Sea Crude Oil 31.12.25.xlsx
2025-08,2025-08-12 00:00,Лива,,Titan Oil - Махачкала,нефть,6783.0,2025-08-13 00:00,"7/410, 7/411, 1/196, 2/196 от 13.08.2025",Махачкала,CIMS,Сaspian Sea Crude Oil 31.12.25.xlsx
2025-08,2025-08-12 00:00,Астана,,Titan Oil - Махачкала,нефть,6080.0,2025-08-13 00:00,"7/412, 7/413, 1/197, 2/198 от 13.08.2025",Махачкала,КМТФ,Сaspian Sea Crude Oil 31.12.25.xlsx
2025-08,2025-08-15 00:00,Костанай,,Titan Oil - Махачкала,нефть,6467.0,2025-08-15 00:00,"2/198, 1/198, 7/415, 7/414 от 15.08.2025",Махачкала,AB Fleet,Сaspian Sea Crude Oil 31.12.25.xlsx
2025-08,2025-08-14 00:00,Тараз,,Titan Oil - Махачкала,нефть,6773.0,2025-08-16 00:00,"1/199, 2/199, 7/416, 7/417 от 16.08.2025",Махачкала,CIMS,Сaspian Sea Crude Oil 31.12.25.xlsx
2025-08,2025-08-13 00:00,ТК Актау,,Titan Oil - Махачкала,нефть,6087.0,2025-08-16 00:00,"1/200, 2/200, 7/418, 7/419, 4/16 от 16.08.2025",Махачкала,КМТФ,Сaspian Sea Crude Oil 31.12.25.xlsx
2025-08,2025-08-19 00:00,Костанай,,Titan Oil - Махачкала,нефть,6474.0,2025-08-20 00:00,"2/201, 1/201, 7/420, 7/421 от 20.08.2025",Махачкала,AB Fleet,Сaspian Sea Crude Oil 31.12.25.xlsx
2025-08,2025-08-15 00:00,Лива,,Titan Oil - Махачкала,нефть,6779.0,2025-08-20 00:00,"1/202, 2/202, 7/422, 7/423 от 20.08.2025",Махачкала,CIMS,Сaspian Sea Crude Oil 31.12.25.xlsx
2025-08,2025-08-08 16:30,Абай,,BB Energy-Б,Gas Condensate,9180.0,2025-08-25 13:25,,Сангачал (нефтепродукты),Caspiy Shipping,Сaspian Sea Crude Oil 31.12.25.xlsx
2025-08,2025-08-19 00:00,Тараз,,Titan Oil - Махачкала,нефть,6799.0,2025-08-21 00:00,"1/203, 2/203, 7/424, 7/425 от 20.08.2025",Махачкала,CIMS,Сaspian Sea Crude Oil 31.12.25.xlsx
2025-08,2025-08-20 00:00,ТК Актау,,Titan Oil - Махачкала,нефть,6084.0,2025-08-22 00:00,"1/204, 2/204, 7/426, 7/427 от 22.08.2025",Махачкала,КМТФ,Сaspian Sea Crude Oil 31.12.25.xlsx
2025-08,2025-08-23 00:00,Костанай,,Titan Oil - Махачкала,нефть,6463.0,2025-08-24 00:00,"1/205, 2/205, 7/428, 7/429 от 24.08.2025",Махачкала,AB Fleet,Сaspian Sea Crude Oil 31.12.25.xlsx
2025-08,2025-08-23 00:00,Лива,,Titan Oil - Махачкала,нефть,6772.0,2025-08-24 00:00,"1/206, 2/206, 7/430, 7/431 от 24.08.2026",Махачкала,CIMS,Сaspian Sea Crude Oil 31.12.25.xlsx
2025-08,2025-08-25 00:00,Тараз,,Titan Oil - Махачкала,нефть,6783.0,2025-08-26 00:00,"1/207, 4/17, 2/207, 7/432, 7/433 от 26.08.2025",Махачкала,CIMS,Сaspian Sea Crude Oil 31.12.25.xlsx
2025-08,2025-08-26 00:00,ТК Актау,,Titan Oil - Махачкала,нефть,6087.0,2025-08-27 00:00,"1/208, 2/208, 7/434, 7/435 от 26.08.2026",Махачкала,КМТФ,Сaspian Sea Crude Oil 31.12.25.xlsx
2025-08,2025-08-28 00:00,Костанай,,Titan Oil - Махачкала,нефть,3084.0,2025-09-01 00:00,"7/436,7/437 от 31.08.2025",Махачкала,AB Fleet,Сaspian Sea Crude Oil 31.12.25.xlsx
2025-09,2025-08-28 00:00,Костанай,,Titan Oil - Махачкала,нефть,3395.0,2025-09-01 00:00,"7/438,7/439 от 31.08.2025",Махачкала,AB Fleet,Сaspian Sea Crude Oil 31.12.25.xlsx
2025-09,2025-08-16 00:00,Астана,,Titan Oil - Махачкала,нефть,6090.0,2025-09-02 00:00,"1/209, 2/209, 7/440,7/441 от 01.09.2025",Махачкала,КМТФ,Сaspian Sea Crude Oil 31.12.25.xlsx
2025-09,2025-08-28 00:00,Лива,,Titan Oil - Махачкала,нефть,6778.0,2025-09-01 00:00,"1/210, 2/210, 7/442,7/443 от 01.09.2025",Махачкала,CIMS,Сaspian Sea Crude Oil 31.12.25.xlsx
2025-09,2025-08-30 00:00,ТК Актау,,Titan Oil - Махачкала,нефть,6082.0,2025-09-03 00:00,"7/444,7/445, 7/446, 7/447,1/211,2/211,1/212,2/212 от 03.09.2025",Махачкала,КМТФ,Сaspian Sea Crude Oil 31.12.25.xlsx
2025-09,2025-09-01 00:00,Абай,,BB Energy-Б,Gas Condensate,9010.601,2025-09-03 00:00,,Сангачал (нефтепродукты),Caspiy Shipping,Сaspian Sea Crude Oil 31.12.25.xlsx
2025-09,2025-08-29 00:00,Тараз,,Titan Oil - Махачкала,нефть,6785.0,2025-09-04 00:00,"7/448,7/449, 1/213, 2/213 от 04.09.2025",Махачкала,CIMS,Сaspian Sea Crude Oil 31.12.25.xlsx
2025-09,2025-09-05 00:00,Астана,,Titan Oil - Махачкала,нефть,6059.0,2025-09-06 00:00,"7/450,7/451, 1/214, 2/214 от 06.09.2025",Махачкала,КМТФ,Сaspian Sea Crude Oil 31.12.25.xlsx
2025-09,2025-09-05 00:00,Костанай,,Titan Oil - Махачкала,нефть,6484.0,2025-09-06 00:00,"7/452,7/453, 1/215, 2/215 от 06.09.2025",Махачкала,AB Fleet,Сaspian Sea Crude Oil 31.12.25.xlsx
2025-09,2025-09-05 00:00,Лива,,Titan Oil - Махачкала,нефть,6773.0,2025-09-07 00:00,"7/454,7/455, 1/216, 2/216 от 07.09.2025",Махачкала,CIMS,Сaspian Sea Crude Oil 31.12.25.xlsx
2025-09,2025-09-07 00:00,Тараз,,Titan Oil - Махачкала,нефть,6774.0,2025-09-08 00:00,"7/456,7/457, 1/217, 2/217 от 08.09.2025",Махачкала,CIMS,Сaspian Sea Crude Oil 31.12.25.xlsx
2025-09,2025-09-06 00:00,ТК Актау,,Titan Oil - Махачкала,нефть,6082.0,2025-09-10 00:00,"7/458,7/459, 1/218, 2/218 от 10.09.2025",Махачкала,КМТФ,Сaspian Sea Crude Oil 31.12.25.xlsx
2025-09,2025-09-09 00:00,Костанай,,Titan Oil - Махачкала,нефть,6453.0,2025-09-10 00:00,"7/460,7/461, 1/219, 2/219 от 10.09.2025",Махачкала,AB Fleet,Сaspian Sea Crude Oil 31.12.25.xlsx
2025-09,2025-09-10 00:00,Лива,,Titan Oil - Махачкала,нефть,6792.0,2025-09-11 00:00,"7/462,7/463, 1/220, 2/220 от 10.09.2025",Махачкала,CIMS,Сaspian Sea Crude Oil 31.12.25.xlsx
2025-09,2025-09-11 00:00,Тараз,,Titan Oil - Махачкала,нефть,6769.0,2025-09-12 00:00,"7/464,7/465, 1/221, 2/221 от 12.09.2025",Махачкала,CIMS,Сaspian Sea Crude Oil 31.12.25.xlsx
2025-09,2025-09-08 00:00,Астана,,Titan Oil - Махачкала,нефть,6090.0,2025-09-13 00:00,"7/466,7/467, 1/222, 2/222 от 13.09.2025",Махачкала,КМТФ,Сaspian Sea Crude Oil 31.12.25.xlsx
2025-09,2025-09-09 00:00,Джабар Гашимов,,KMG Kashagan B.V.,нефть,8842.0,2025-09-13 00:00,"8/17,8/18 от 13.09.2025",Сангачал,ASCO,Сaspian Sea Crude Oil 31.12.25.xlsx
2025-09,2025-09-13 00:00,Костанай,,Titan Oil - Махачкала,нефть,6487.0,2025-09-14 00:00,"7/468,7/469, 1/223, 2/223 от 14.09.2025",Махачкала,AB Fleet,Сaspian Sea Crude Oil 31.12.25.xlsx
2025-09,2025-09-13 00:00,ТК Актау,,Titan Oil - Махачкала,нефть,6093.0,2025-09-14 00:00,"7/470,7/471, 1/224, 2/224 от 14.09.2025",Махачкала,КМТФ,Сaspian Sea Crude Oil 31.12.25.xlsx
2025-09,2025-09-14 00:00,Лива,,Titan Oil - Махачкала,нефть,6777.0,2025-09-15 00:00,"7/472,7/473, 1/225, 2/225 от 15.09.2025",Махачкала,CIMS,Сaspian Sea Crude Oil 31.12.25.xlsx
2025-09,2025-09-15 00:00,Тараз,,Titan Oil - Махачкала,нефть,6789.0,2025-09-16 00:00,"7/474,7/475, 1/226, 2/226 от 16.09.2025",Махачкала,CIMS,Сaspian Sea Crude Oil 31.12.25.xlsx
2025-09,2025-09-17 00:00,Костанай,,Titan Oil - Махачкала,нефть,6474.0,2025-09-18 00:00,"7/476,7/477, 1/227, 2/227,4/18 от 18.09.2025",Махачкала,AB Fleet,Сaspian Sea Crude Oil 31.12.25.xlsx
2025-09,2025-09-17 00:00,Алматы,,Titan Oil - Махачкала,нефть,6094.0,2025-09-19 00:00,"7/478,7/479, 1/228, 2/228 от 19.09.2025",Махачкала,КМТФ,Сaspian Sea Crude Oil 31.12.25.xlsx
2025-09,2025-09-18 00:00,Лива,,Titan Oil - Махачкала,нефть,6785.0,2025-09-20 00:00,"7/480,7/481, 1/229, 2/229 от 19.09.2025",Махачкала,CIMS,Сaspian Sea Crude Oil 31.12.25.xlsx
2025-09,2025-09-17 00:00,ТК Актау,,KMG Kashagan B.V.,нефть,9102.0,2025-09-20 00:00,8/19 от 20.09.2025,Сангачал,КМТФ,Сaspian Sea Crude Oil 31.12.25.xlsx
2025-09,2025-09-20 00:00,Куруш,,Titan Oil - Махачкала,нефть,6489.0,2025-09-21 00:00,"7/482,7/483, 1/230, 2/230 от 21.09.2025",Махачкала,AB Fleet,Сaspian Sea Crude Oil 31.12.25.xlsx
2025-09,2025-09-15 00:00,Астана,,Titan Oil - Махачкала,нефть,6092.0,2025-09-21 00:00,"7/484,7/485, 1/231, 2/231 от 21.09.2025",Махачкала,КМТФ,Сaspian Sea Crude Oil 31.12.25.xlsx
2025-09,2025-09-20 00:00,Тараз,,Titan Oil - Махачкала,нефть,6789.0,2025-09-23 00:00,"7/486,7/487, 1/232, 2/232 от 23.09.2025",Махачкала,CIMS,Сaspian Sea Crude Oil 31.12.25.xlsx
2025-09,2025-09-24 00:00,ТК Актау,,Titan Oil - Махачкала,нефть,6089.0,2025-09-26 00:00,"7/488,7/489, 1/233, 2/233 от 26.09.2025",Махачкала,КМТФ,Сaspian Sea Crude Oil 31.12.25.xlsx
2025-09,2025-09-30 00:00,Алматы,,Titan Oil - Махачкала,нефть,5687.0,,"7/490,7/491 от 30.09.2025",Махачкала,КМТФ,Сaspian Sea Crude Oil 31.12.25.xlsx
2025-09,2025-09-08 00:00,Абай,,BB Energy-Б,Gas Condensate,9037.861,2025-10-01 00:00,,Сангачал (нефтепродукты),Caspiy Shipping,Сaspian Sea Crude Oil 31.12.25.xlsx
2025-10,2025-09-30 00:00,Алматы,,Titan Oil - Махачкала,Нефть,411.0,2025-10-01 00:00,"7/492,7/493 от 01.10.2025",Махачкала,КМТФ,Сaspian Sea Crude Oil 31.12.25.xlsx
2025-10,2025-09-24 00:00,Костанай,,Titan Oil - Махачкала,Нефть,6484.0,2025-10-02 00:00,"1/234, 2/234, 7/494, 7/495 от 01.10.25",Махачкала,AB Fleet,Сaspian Sea Crude Oil 31.12.25.xlsx
2025-10,2025-09-26 00:00,Лива,,Titan Oil - Махачкала,Нефть,6789.0,2025-10-02 00:00,"1/235, 2/235, 7/496, 7/497 от 02.10.25",Махачкала,CIMS,Сaspian Sea Crude Oil 31.12.25.xlsx
2025-10,2025-09-28 00:00,Тараз,,Titan Oil - Махачкала,Нефть,6777.0,2025-10-03 00:00,"1/236, 2/236, 7/498, 7/499, 7/500, 7/501 от 03.10.25",Махачкала,CIMS,Сaspian Sea Crude Oil 31.12.25.xlsx
2025-10,2025-09-26 00:00,Астана,,Titan Oil - Махачкала,Нефть,6083.0,2025-10-03 00:00,"1/237, 2/237, 7/502, 7/503 от 03.10.25",Махачкала,КМТФ,Сaspian Sea Crude Oil 31.12.25.xlsx
2025-10,2025-10-03 00:00,Джабар Гашимов,,KMG Kashagan B.V.,Нефть,8848.0,2025-10-04 00:00,"8/20, 8/21 от 04.10.25",Сангачал,ASCO,Сaspian Sea Crude Oil 31.12.25.xlsx
2025-10,2025-10-05 00:00,Алматы,,Titan Oil - Махачкала,Нефть,6095.0,2025-10-07 00:00,"7/504, 7/505, 1/238, 2/238 от 07.10.25",Махачкала,КМТФ,Сaspian Sea Crude Oil 31.12.25.xlsx
2025-10,2025-10-08 00:00,Лива,,Titan Oil - Махачкала,Нефть,6777.0,2025-10-09 00:00,"7/506 7/507, 1/239, 2/239 от 09.10.25",Махачкала,CIMS,Сaspian Sea Crude Oil 31.12.25.xlsx
2025-10,2025-10-09 00:00,Костанай,,Titan Oil - Махачкала,Нефть,6488.0,2025-10-09 00:00,"7/508 7/509, 1/240, 2/240 от 10.10.25",Махачкала,AB Fleet,Сaspian Sea Crude Oil 31.12.25.xlsx
2025-10,2025-10-10 00:00,Тараз,,Titan Oil - Махачкала,Нефть,6796.0,2025-10-11 00:00,"7/510 7/511, 1/241, 2/241 от 11.10.25",Махачкала,CIMS,Сaspian Sea Crude Oil 31.12.25.xlsx
2025-10,2025-09-29 00:00,ТК Актау,,KMG Kashagan B.V.,Нефть,9001.0,2025-10-11 00:00,"8/22, 8/23 от 11.10.25",Сангачал,ASCO,Сaspian Sea Crude Oil 31.12.25.xlsx
2025-10,2025-10-09 00:00,Астана,,Titan Oil - Махачкала,Нефть,6088.0,2025-10-11 00:00,"7/512 7/513, 1/242, 2/242 от 11.10.25",Махачкала,КМТФ,Сaspian Sea Crude Oil 31.12.25.xlsx
2025-10,2025-10-11 00:00,Алматы,,Titan Oil - Махачкала,Нефть,6079.0,2025-10-13 00:00,"7/514 7/515, 1/243, 2/243 от 13.10.25",Махачкала,КМТФ,Сaspian Sea Crude Oil 31.12.25.xlsx
2025-10,2025-10-13 00:00,Лива,,Titan Oil - Махачкала,Нефть,6783.0,2025-10-14 00:00,"7/516 7/517, 1/244, 2/244 от 14.10.25",Махачкала,CIMS,Сaspian Sea Crude Oil 31.12.25.xlsx
2025-10,2025-10-13 00:00,Костанай,,Titan Oil - Махачкала,Нефть,6480.0,2025-10-14 00:00,"7/518 7/519, 1/245, 2/245 от 14.10.25",Махачкала,AB Fleet,Сaspian Sea Crude Oil 31.12.25.xlsx
2025-10,2025-10-15 00:00,Тараз,,Titan Oil - Махачкала,Нефть,6785.0,2025-10-15 00:00,"7/520 7/521, 1/246, 2/246 от 15.10.25",Махачкала,CIMS,Сaspian Sea Crude Oil 31.12.25.xlsx
2025-10,2025-10-16 00:00,Алматы,,Titan Oil - Махачкала,Нефть,6099.0,2025-10-16 00:00,"7/522 7/523, 1/247, 2/247 от 16.10.25",Махачкала,КМТФ,Сaspian Sea Crude Oil 31.12.25.xlsx
2025-10,2025-10-05 00:00,Абай,,BB Energy-Б,Gas Condensate,9155.79,2025-10-16 00:00,,Сангачал (нефтепродукты),Caspiy Shipping,Сaspian Sea Crude Oil 31.12.25.xlsx
2025-10,2025-10-17 00:00,Лива,,Titan Oil - Махачкала,Нефть,6788.0,2025-10-18 00:00,"7/524 7/525, 1/248, 2/248 от 18.10.25",Махачкала,CIMS,Сaspian Sea Crude Oil 31.12.25.xlsx
2025-10,2025-10-17 00:00,Костанай,,Titan Oil - Махачкала,Нефть,6450.0,2025-10-18 00:00,"7/526 7/527, 1/249, 2/249 от 18.10.25",Махачкала,AB Fleet,Сaspian Sea Crude Oil 31.12.25.xlsx
2025-10,2025-10-14 00:00,Астана,,Titan Oil - Махачкала,Нефть,6099.0,2025-10-19 00:00,"7/528 7/529, 1/250, 2/250 от 18.10.25",Махачкала,КМТФ,Сaspian Sea Crude Oil 31.12.25.xlsx
2025-10,2025-10-18 00:00,ТК Актау,,KMG Kashagan B.V.,Нефть,8992.0,2025-10-19 00:00,8/24 от 19.10.25,Сангачал,КМТФ,Сaspian Sea Crude Oil 31.12.25.xlsx
2025-10,2025-10-19 00:00,Алматы,,Titan Oil - Махачкала,Нефть,6096.0,2025-10-21 00:00,"7/530 7/531, 1/251, 2/251 от 21.10.25",Махачкала,КМТФ,Сaspian Sea Crude Oil 31.12.25.xlsx
2025-10,2025-10-21 00:00,Тараз,,Titan Oil - Махачкала,Нефть,6791.0,2025-10-22 00:00,"7/532, 7/533, 1/252, 2/252 от 21.10.25",Махачкала,CIMS,Сaspian Sea Crude Oil 31.12.25.xlsx
2025-10,2025-10-22 00:00,Костанай,,Titan Oil - Махачкала,Нефть,6450.0,2025-10-22 00:00,"7/534, 7/535, 1/253, 2/253 от 22.10.25",Махачкала,AB Fleet,Сaspian Sea Crude Oil 31.12.25.xlsx
2025-10,2025-10-22 00:00,Астана,,Titan Oil - Махачкала,Нефть,6081.0,2025-10-23 00:00,"7/536, 7/537, 1/254, 2/254 от 23.10.25",Махачкала,КМТФ,Сaspian Sea Crude Oil 31.12.25.xlsx
2025-10,2025-10-25 00:00,Тараз,,Titan Oil - Махачкала,Нефть,6782.0,2025-10-25 00:00,"7/538, 7/539, 1/255, 2/255, 4/21 от 25.10.25",Махачкала,CIMS,Сaspian Sea Crude Oil 31.12.25.xlsx
2025-10,2025-10-25 00:00,Костанай,,Titan Oil - Махачкала,Нефть,6474.0,2025-10-26 00:00,"7/540, 7/541, 1/256, 2/256 от 25.10.25",Махачкала,AB Fleet,Сaspian Sea Crude Oil 31.12.25.xlsx
2025-10,2025-10-23 00:00,ТК Актау,,Titan Oil - Махачкала,Нефть,6088.0,2025-10-27 00:00,"7/542, 7/543, 1/257, 2/257 от 27.10.25",Махачкала,КМТФ,Сaspian Sea Crude Oil 31.12.25.xlsx
2025-10,2025-10-24 00:00,Алматы,,Titan Oil - Махачкала,Нефть,6084.0,2025-10-29 00:00,"7/544, 7/545, 1/258, 2/258 от 29.10.25",Махачкала,КМТФ,Сaspian Sea Crude Oil 31.12.25.xlsx
2025-10,2025-10-29 00:00,Тараз,,Titan Oil - Махачкала,Нефть,6752.0,2025-10-30 00:00,"7/546, 7/547, 4/22 от 30.10.25",Махачкала,CIMS,Сaspian Sea Crude Oil 31.12.25.xlsx
2025-10,2025-10-21 08:30,Абай,,BB Energy-Б,Gas Condensate,8993.433,2025-10-31 10:55,,Сангачал (нефтепродукты),Caspiy Shipping,Сaspian Sea Crude Oil 31.12.25.xlsx
2025-11,2025-10-28 00:00,Лива,,Titan Oil - Махачкала,Нефть,6792.0,2025-11-01 00:00,"7/548, 7/549, 1/259, 2/259 от 01.11.25",Махачкала,CIMS,Сaspian Sea Crude Oil 31.12.25.xlsx
2025-11,2025-10-31 00:00,ТК Актау,,Titan Oil - Махачкала,Нефть,6088.0,2025-11-01 00:00,"7/550, 7/551, 1/260, 2/260 от 01.11.25",Махачкала,КМТФ,Сaspian Sea Crude Oil 31.12.25.xlsx
2025-11,2025-10-26 00:00,Астана,,TCO-Baku,Нефть,8892.0,2025-11-01 00:00,5/89 от 01.11.25,Сангачал,КМТФ,Сaspian Sea Crude Oil 31.12.25.xlsx
2025-11,2025-11-01 00:00,Джабар Гашимов,,TCO-Baku,Нефть,8837.0,2025-11-03 00:00,5/90 от 03.11.25,Сангачал,ASCO,Сaspian Sea Crude Oil 31.12.25.xlsx
2025-11,2025-11-01 00:00,Алматы,,Titan Oil - Махачкала,Нефть,5846.0,2025-11-04 00:00,"7/552, 7/553, 1/261, 2/261 от 04.11.25",Махачкала,КМТФ,Сaspian Sea Crude Oil 31.12.25.xlsx
2025-11,2025-11-02 00:00,Тараз,,Titan Oil - Махачкала,Нефть,6791.0,2025-11-04 00:00,"7/554, 7/555,7/556,7/557 1/262, 2/262,1/263, 2/263, от 04.11.25",Махачкала,CIMS,Сaspian Sea Crude Oil 31.12.25.xlsx
2025-11,2025-11-04 00:00,ТК Актау,,TCO-Baku,Нефть,9052.0,2025-11-05 00:00,5/91 от 05.11.2025,Сангачал,КМТФ,Сaspian Sea Crude Oil 31.12.25.xlsx
2025-11,2025-11-04 00:00,Лива,,Titan Oil - Махачкала,Нефть,6781.0,2025-11-05 00:00,"7/558,7/559, 1/264, 2/264 от 05.11.2025",Махачкала,CIMS,Сaspian Sea Crude Oil 31.12.25.xlsx
2025-11,2025-11-05 00:00,Астана,,Titan Oil - Махачкала,Нефть,5834.0,2025-11-06 00:00,"7/560,7/561, 1/265, 2/265 от 05.11.2025",Махачкала,КМТФ,Сaspian Sea Crude Oil 31.12.25.xlsx
2025-11,2025-11-06 00:00,Костанай,,Titan Oil - Махачкала,Нефть,6445.0,2025-11-06 00:00,"7/562,7/563, 1/266, 2/266 от 06.11.2025",Махачкала,AB Fleet,Сaspian Sea Crude Oil 31.12.25.xlsx
2025-11,2025-11-07 00:00,Джульфа,,TCO-Baku,Нефть,9550.0,2025-11-08 00:00,5/92 от 07.11.2025,Сангачал,ASCO,Сaspian Sea Crude Oil 31.12.25.xlsx
2025-11,2025-11-09 00:00,ТК Актау,,TCO-Baku,Нефть,9013.0,2025-11-10 00:00,5/93 от 09.11.2025,Сангачал,КМТФ,Сaspian Sea Crude Oil 31.12.25.xlsx
2025-11,2025-11-09 00:00,Алматы,,Titan Oil - Махачкала,Нефть,5832.0,2025-11-10 00:00,"7/564,7/565,1/267, 2/267 от 09.11.2025",Махачкала,КМТФ,Сaspian Sea Crude Oil 31.12.25.xlsx
2025-11,2025-11-09 00:00,Тараз,,Titan Oil - Махачкала,Нефть,6783.0,2025-11-10 00:00,"7/566,7/567,1/268, 2/268 от 09.11.2025",Махачкала,CIMS,Сaspian Sea Crude Oil 31.12.25.xlsx
2025-11,2025-11-10 00:00,Костанай,,Titan Oil - Махачкала,Нефть,6440.0,2025-11-11 00:00,"7/568,7/569,1/269, 2/269 от 11.11.2025",Махачкала,AB Fleet,Сaspian Sea Crude Oil 31.12.25.xlsx
2025-11,2025-11-11 00:00,Лива,,Titan Oil - Махачкала,Нефть,6772.0,2025-11-12 00:00,"7/570,7/571,1/270, 2/270 от 12.11.2025",Махачкала,CIMS,Сaspian Sea Crude Oil 31.12.25.xlsx
2025-11,2025-11-10 00:00,Астана,,KMG Kashagan B.V.,Нефть,8966.0,2025-11-12 00:00,"8/25, 8/26 от 12.11.25",Сангачал,КМТФ,Сaspian Sea Crude Oil 31.12.25.xlsx
2025-11,2025-11-08 00:00,Джабар Гашимов,,TCO-Baku,Нефть,8858.0,2025-11-13 00:00,5/94 от 09.11.2025,Сангачал,ASCO,Сaspian Sea Crude Oil 31.12.25.xlsx
2025-11,2025-11-13 00:00,Тараз,,Titan Oil - Махачкала,Нефть,6785.0,2025-11-14 00:00,"7/572,7/573,1/271, 2/271 от 13.11.2025",Махачкала,CIMS,Сaspian Sea Crude Oil 31.12.25.xlsx
2025-11,2025-11-13 00:00,Алматы,,Titan Oil - Махачкала,Нефть,5836.0,2025-11-14 00:00,"7/573,7/574,1/272, 2/272 от 14.11.2025",Махачкала,КМТФ,Сaspian Sea Crude Oil 31.12.25.xlsx
2025-11,2025-11-13 00:00,ТК Актау,,TCO-Baku,Нефть,8956.0,2025-11-14 00:00,5/95 от 14.11.2025,Сангачал,ASCO,Сaspian Sea Crude Oil 31.12.25.xlsx
2025-11,2025-11-14 00:00,Костанай,,Titan Oil - Махачкала,Нефть,6494.0,2025-11-15 00:00,"7/576,7/577,1/273, 2/273 от 15.11.2025",Махачкала,AB Fleet,Сaspian Sea Crude Oil 31.12.25.xlsx
2025-11,2025-11-15 00:00,Лива,,Titan Oil - Махачкала,Нефть,6785.0,2025-11-16 00:00,"7/578,7/579,1/274, 2/274 от 16.11.2025",Махачкала,CIMS,Сaspian Sea Crude Oil 31.12.25.xlsx
2025-11,2025-11-13 00:00,Джульфа,,TCO-Baku,Нефть,9550.0,2025-11-16 00:00,5/96 от 16.11.2025,Сангачал,ASCO,Сaspian Sea Crude Oil 31.12.25.xlsx
2025-11,2025-11-16 00:00,Тараз,,Titan Oil - Махачкала,Нефть,6789.0,2025-11-17 00:00,"7/580,7/581,1/275, 2/275 от 17.11.2025",Махачкала,CIMS,Сaspian Sea Crude Oil 31.12.25.xlsx
2025-11,2025-11-16 00:00,Алматы,,Titan Oil - Махачкала,Нефть,5849.0,2025-11-17 00:00,"7/582,7/583,1/276, 2/276 от 17.11.2025",Махачкала,КМТФ,Сaspian Sea Crude Oil 31.12.25.xlsx
2025-11,2025-11-17 00:00,Джабар Гашимов,,KMG Kashagan B.V.,Нефть,8836.0,2025-11-18 00:00,8/27 от 18.11.25,Сангачал,ASCO,Сaspian Sea Crude Oil 31.12.25.xlsx
2025-11,2025-10-06 23:55,Казахстан,,BB Energy-Б,Gas Condensate,8939.694,2025-11-19 03:00,,Сангачал (нефтепродукты),Caspiy Shipping,Сaspian Sea Crude Oil 31.12.25.xlsx
2025-11,2025-11-18 00:00,Костанай,,Titan Oil - Махачкала,Нефть,6459.0,2025-11-19 03:00,"7/584,7/585,1/277, 2/277 от 19.11.2025",Махачкала,AB Fleet,Сaspian Sea Crude Oil 31.12.25.xlsx
2025-11,2025-11-15 00:00,Астана,,TCO-Baku,Нефть,8945.0,2025-11-19 03:00,5/97 от 19.11.2025,Сангачал,КМТФ,Сaspian Sea Crude Oil 31.12.25.xlsx
2025-11,2025-11-19 00:00,Лива,,Titan Oil - Махачкала,Нефть,6781.0,2025-11-20 00:00,"7/586,7/587,1/278, 2/278 от 20.11.2025",Махачкала,CIMS,Сaspian Sea Crude Oil 31.12.25.xlsx
2025-11,2025-11-21 00:00,Тараз,,Titan Oil - Махачкала,Нефть,6794.0,2025-11-21 00:00,"7/588,7/589,1/279, 2/279 от 21.11.2025",Махачкала,CIMS,Сaspian Sea Crude Oil 31.12.25.xlsx
2025-11,2025-11-18 00:00,ТК Актау,,Titan Oil - Махачкала,Нефть,5985.0,2025-11-22 00:00,"7/590,7/591,1/280, 2/280, 4/23 от 22.11.2025",Махачкала,КМТФ,Сaspian Sea Crude Oil 31.12.25.xlsx
2025-11,2025-11-21 00:00,Джульфа,,TCO-Baku,Нефть,9322.0,2025-11-22 00:00,5/98 от 22.11.2025,Сангачал,ASCO,Сaspian Sea Crude Oil 31.12.25.xlsx
2025-11,2025-11-21 00:00,Алматы,,Titan Oil - Махачкала,Нефть,5992.0,2025-11-23 00:00,"7/592,7/593,1/281, 2/281 от 22.11.2025",Махачкала,КМТФ,Сaspian Sea Crude Oil 31.12.25.xlsx
2025-11,2025-11-23 00:00,Лива,,Titan Oil - Махачкала,Нефть,6785.0,2025-11-24 00:00,"7/594,7/595,1/282, 2/282 от 24.11.2025",Махачкала,CIMS,Сaspian Sea Crude Oil 31.12.25.xlsx
2025-11,2025-11-23 00:00,Астана,,TCO-Baku,Нефть,8961.0,2025-11-24 00:00,5/99 от 24.11.2025,Сангачал,КМТФ,Сaspian Sea Crude Oil 31.12.25.xlsx
2025-11,2025-11-25 00:00,ТК Актау,,TCO-Baku,Нефть,9009.0,2025-11-26 00:00,5/100 от 26.11.2025,Сангачал,КМТФ,Сaspian Sea Crude Oil 31.12.25.xlsx
2025-11,2025-11-25 00:00,Тараз,,Titan Oil - Махачкала,Нефть,6782.0,2025-11-26 00:00,"7/596,7/597,1/283, 2/283 от 26.11.2025",Махачкала,CIMS,Сaspian Sea Crude Oil 31.12.25.xlsx
2025-11,2025-11-26 00:00,Алматы,,Titan Oil - Махачкала,Нефть,5992.0,2025-11-27 00:00,"7/598,7/599,1/284, 2/284, 4/24 от 27.11.2025",Махачкала,КМТФ,Сaspian Sea Crude Oil 31.12.25.xlsx
2025-11,2025-11-27 00:00,Джульфа,,TCO-Baku,Нефть,9328.0,2025-11-28 00:00,5/101 от 28.11.2025,Сангачал,ASCO,Сaspian Sea Crude Oil 31.12.25.xlsx
2025-11,2025-11-28 00:00,Лива,,Titan Oil - Махачкала,Нефть,2688.0,2025-12-01 00:00,"7/600,7/601 от 30.11.2025",Махачкала,CIMS,Сaspian Sea Crude Oil 31.12.25.xlsx
2025-12,2025-11-04 00:00,Абай,,BB Energy-Б,Gas Condensate,8997.818,2025-12-01 00:00,,Сангачал (нефтепродукты),Caspiy Shipping,Сaspian Sea Crude Oil 31.12.25.xlsx
2025-12,2025-11-28 00:00,Лива,,Titan Oil - Махачкала,Нефть,4096.0,2025-12-01 00:00,"7/602,7/603 от 01.12.2025",Махачкала,CIMS,Сaspian Sea Crude Oil 31.12.25.xlsx
2025-12,2025-11-28 00:00,Джабар Гашимов,,TCO-Baku,Нефть,8639.0,2025-12-01 00:00,5/102 от 28.11.2025,Сангачал,ASCO,Сaspian Sea Crude Oil 31.12.25.xlsx
2025-12,2025-12-29 00:00,Тараз,,Titan Oil - Махачкала,Нефть,6791.0,2025-12-02 00:00,"7/604,7/605, 1/285, 2/285 от 01.12.2025",Махачкала,CIMS,Сaspian Sea Crude Oil 31.12.25.xlsx
2025-12,2025-11-30 00:00,Алматы,,Titan Oil - Махачкала,Нефть,5989.0,2025-12-02 00:00,"7/606,7/607, 1/286, 2/286 от 02.12.2025",Махачкала,КМТФ,Сaspian Sea Crude Oil 31.12.25.xlsx
2025-12,2025-11-28 00:00,Астана,,TCO-Baku,Нефть,8735.0,2025-12-03 00:00,5/103 от 03.12.2025,Сангачал,КМТФ,Сaspian Sea Crude Oil 31.12.25.xlsx
2025-12,2025-11-30 00:00,ТК Актау,,TCO-Baku,Нефть,8760.0,2025-12-05 00:00,5/104 от 05.12.2025,Сангачал,КМТФ,Сaspian Sea Crude Oil 31.12.25.xlsx
2025-12,2025-12-05 00:00,Лива,,Titan Oil - Махачкала,Нефть,6572.0,2025-12-06 00:00,"7/608,7/609,7/610,7/611 1/287, 2/287 от 06.12.2025",Махачкала,CIMS,Сaspian Sea Crude Oil 31.12.25.xlsx
2025-12,2025-12-07 00:00,Астана,,KMG Kashagan B.V.,Нефть,8739.0,2025-12-07 00:00,"8/28, 8/29 от 07.12.25",Сангачал,КМТФ,Сaspian Sea Crude Oil 31.12.25.xlsx
2025-12,2025-12-08 00:00,Дж. Маммадгуладзе,,Titan Oil - Махачкала,Нефть,5280.0,2025-12-08 00:00,"1/288, 1/288 от 08.12.2025",Махачкала,ASCO,Сaspian Sea Crude Oil 31.12.25.xlsx
2025-12,2025-12-09 00:00,Джульфа,,TCO-Baku,Нефть,9312.0,2025-12-10 00:00,5/105 от 10.12.2025,Сангачал,ASCO,Сaspian Sea Crude Oil 31.12.25.xlsx
2025-12,2025-12-09 00:00,ТК Актау,,TCO-Baku,Нефть,8772.0,2025-12-11 00:00,5/106 от 11.12.2025,Сангачал,КМТФ,Сaspian Sea Crude Oil 31.12.25.xlsx
2025-12,2025-12-10 00:00,Тараз,,Titan Oil - Махачкала,Нефть,6584.0,2025-12-11 00:00,"7/612,7/613, 1/289, 2/289 от 11.12.2025",Махачкала,CIMS,Сaspian Sea Crude Oil 31.12.25.xlsx
2025-12,2025-12-11 00:00,Алматы,,Titan Oil - Махачкала,Нефть,5988.0,2025-12-12 00:00,"7/614,7/615 от 12.12.2025",Махачкала,КМТФ,Сaspian Sea Crude Oil 31.12.25.xlsx
2025-12,2025-12-11 00:00,Астана,,TCO-Baku,Нефть,8878.0,2025-12-13 00:00,5/107 от 13.12.2025,Сангачал,КМТФ,Сaspian Sea Crude Oil 31.12.25.xlsx
2025-12,2025-12-13 00:00,Гехреман Халилбели,,Titan Oil - Махачкала,Нефть,4453.0,2025-12-13 00:00,"7/616,7/617, 1/290, 2/290 от 12.12.2025",Махачкала,ASCO,Сaspian Sea Crude Oil 31.12.25.xlsx
2025-12,2025-12-12 00:00,Лива,,Titan Oil - Махачкала,Нефть,6585.0,2025-12-13 00:00,"7/618,7/619 от 13.12.2025",Махачкала,CIMS,Сaspian Sea Crude Oil 31.12.25.xlsx
2025-12,2025-12-15 00:00,Тараз,,Titan Oil - Махачкала,Нефть,6584.0,2025-12-16 00:00,"7/620,7/621 от 16.12.2025",Махачкала,CIMS,Сaspian Sea Crude Oil 31.12.25.xlsx
2025-12,2025-11-23 00:00,Казахстан,,BB Energy-Б,Gas Condensate,8660.869,2025-12-16 00:00,,Сангачал,Caspiy Shipping,Сaspian Sea Crude Oil 31.12.25.xlsx
2025-12,2025-12-15 00:00,Джабар Гашимов,,KMG Kashagan B.V.,Нефть,8640.0,2025-12-16 00:00,8/30 от 16.12.25,Сангачал,ASCO,Сaspian Sea Crude Oil 31.12.25.xlsx
2025-12,2025-12-16 00:00,Дж. Маммадгуладзе,,Titan Oil - Махачкала,Нефть,5684.0,2025-12-16 00:00,"7/622,7/623,1/291,2/291 от 16.12.2025",Махачкала,ASCO,Сaspian Sea Crude Oil 31.12.25.xlsx
2025-12,2025-12-16 00:00,Джульфа,,TCO-Baku,Нефть,9323.0,2025-12-17 00:00,5/108 от 17.12.2025,Сангачал,ASCO,Сaspian Sea Crude Oil 31.12.25.xlsx
2025-12,2025-12-17 00:00,ТК Актау,,TCO-Baku,Нефть,8717.0,2025-12-19 00:00,5/109 от 19.12.2025,Сангачал,КМТФ,Сaspian Sea Crude Oil 31.12.25.xlsx
2025-12,2025-12-18 00:00,Алматы,,Titan Oil - Махачкала,Нефть,5821.0,2025-12-19 00:00,"7/624,7/625,1/292,2/292 от 18.12.2025",Махачкала,КМТФ,Сaspian Sea Crude Oil 31.12.25.xlsx
2025-12,2025-12-19 00:00,Лива,,Titan Oil - Махачкала,Нефть,6581.0,2025-12-20 00:00,"7/626,7/627 от 19.12.2025",Махачкала,CIMS,Сaspian Sea Crude Oil 31.12.25.xlsx
2025-12,2025-12-18 00:00,Астана,,TCO-Baku,Нефть,8749.0,2025-12-20 00:00,5/110 от 20.12.2025,Сангачал,КМТФ,Сaspian Sea Crude Oil 31.12.25.xlsx
2025-12,2025-12-19 00:00,Гехреман Халилбели,,Titan Oil - Махачкала,Нефть,4435.0,2025-12-20 00:00,"7/628,7/629, 1/293,2/293 от 20.12.2025",Махачкала,ASCO,Сaspian Sea Crude Oil 31.12.25.xlsx
2025-12,2025-12-20 00:00,Тараз,,Titan Oil - Махачкала,Нефть,6615.0,2025-12-21 00:00,"7/630,7/631, 1/294, 2/294 от 21.12.2025",Махачкала,CIMS,Сaspian Sea Crude Oil 31.12.25.xlsx
2025-12,2025-12-21 00:00,Джабар Гашимов,,KMG Kashagan B.V.,Нефть,8641.0,2025-12-21 00:00,"8/31, 8/32 от 21.12.25",Сангачал,ASCO,Сaspian Sea Crude Oil 31.12.25.xlsx
2025-12,2025-12-21 00:00,Дж. Маммадгуладзе,,Titan Oil - Махачкала,Нефть,5721.0,2025-12-22 00:00,"7/632,7/633, 1/295, 2/295 от 22.12.2025",Махачкала,ASCO,Сaspian Sea Crude Oil 31.12.25.xlsx
2025-12,2025-12-23 00:00,ТК Актау,,TCO-Baku,Нефть,8758.0,2025-12-24 00:00,5/111 от 24.12.2025,Сангачал,КМТФ,Сaspian Sea Crude Oil 31.12.25.xlsx
2025-12,2025-12-24 00:00,Алматы,,Titan Oil - Махачкала,Нефть,5820.0,2025-12-24 00:00,"7/634,7/635, 1/296, 2/296 от 24.12.2025",Махачкала,КМТФ,Сaspian Sea Crude Oil 31.12.25.xlsx
2025-12,2025-12-24 00:00,Лива,,Titan Oil - Махачкала,Нефть,6580.0,2025-12-25 00:00,"7/636,7/637, 1/297, 2/297 от 24.12.2025",Махачкала,CIMS,Сaspian Sea Crude Oil 31.12.25.xlsx
2025-12,2025-12-24 00:00,Джульфа,,TCO-Baku,Нефть,9327.0,2025-12-25 00:00,5/112 от 25.12.2025,Сангачал,ASCO,Сaspian Sea Crude Oil 31.12.25.xlsx
2025-12,2025-12-24 00:00,Абай,,BB Energy-Б,Gas Condensate,8648.705,2025-12-25 00:00,,,,Сaspian Sea Crude Oil 31.12.25.xlsx
2025-12,2025-12-25 00:00,Тараз,,Titan Oil - Махачкала,Нефть,6564.0,2025-12-26 00:00,"7/638, 7/639, 1/298, 2/298, 4/25 от 26.12.2025",Махачкала,CIMS,Сaspian Sea Crude Oil 31.12.25.xlsx
2025-12,2025-12-24 00:00,Астана,,TCO-Baku,Нефть,8761.0,2025-12-27 00:00,5/113 от 27.12.2025,Сангачал,КМТФ,Сaspian Sea Crude Oil 31.12.25.xlsx
2025-12,2025-12-26 00:00,Дж. Маммадгуладзе,,Titan Oil - Махачкала,Нефть,5688.0,2025-12-28 00:00,"1/299, 2/299 от 28.12.2025",Махачкала,ASCO,Сaspian Sea Crude Oil 31.12.25.xlsx
2025-12,2025-12-28 00:00,Джабар Гашимов,,KMG Kashagan B.V.,Нефть,8629.0,2025-12-28 00:00,8/33 от 28.12.2025,Сангачал,ASCO,Сaspian Sea Crude Oil 31.12.25.xlsx
2025-12,2025-12-29 00:00,Алматы,,Titan Oil - Махачкала,Нефть,5749.0,2025-12-29 00:00,"7/640, 7/641, 1/300,1/301, 4/26 от 29.12.2025",Махачкала,КМТФ,Сaspian Sea Crude Oil 31.12.25.xlsx
2025-12,2025-12-28 00:00,ТК Актау,,TCO-Baku,Нефть,8759.0,2025-12-29 00:00,5/114 от 29.12.2025,Сангачал,КМТФ,Сaspian Sea Crude Oil 31.12.25.xlsx
2025-12,2025-12-29 00:00,Лива,,Titan Oil - Махачкала,Нефть,6290.0,2025-12-30 00:00,"1/301, 1/302 от 30.12.2025",Махачкала,CIMS,Сaspian Sea Crude Oil 31.12.25.xlsx
2025-12,2025-12-30 00:00,Тараз,,Titan Oil - Махачкала,Нефть,3232.0,2025-12-31 00:00,"7/642, от 31.12.2025",Махачкала,CIMS,Сaspian Sea Crude Oil 31.12.25.xlsx
2025-12,2025-12-31 00:00,Джульфа,,TCO-Baku,Нефть,9311.0,2025-12-31 00:00,5/112 от 31.12.2025,Сангачал,КМТФ,Сaspian Sea Crude Oil 31.12.25.xlsx
2026-01,2025-12-30 00:00,Тараз,,Titan Oil - Махачкала,нефть,3555.0,2026-01-01 00:00,"1/1, 2/1, 7/1,7/2, от 01.01.2026",Махачкала,CIMS,Сaspian Sea Crude Oil 08.09.26.xlsx
2026-01,2026-01-01 00:00,Астана,,TCO Baku,нефть,8760.0,2026-01-03 00:00,5/1 от 03.01.2026,Сангачал,КМТФ,Сaspian Sea Crude Oil 08.09.26.xlsx
2026-01,2026-01-01 00:00,Дж.Маммедгулузаде,,Titan Oil - Махачкала,нефть,5686.0,2026-01-03 00:00,"1/2, 2/2, 7/3,7/4, от 03.01.2026",Махачкала,ASCO,Сaspian Sea Crude Oil 08.09.26.xlsx
2026-01,2026-01-01 00:00,Алматы,,Titan Oil - Махачкала,нефть,5832.0,2026-01-03 00:00,"7/5,7/6,1/3, 2/3 от 03.01.2026",Махачкала,КМТФ,Сaspian Sea Crude Oil 08.09.26.xlsx
2026-01,2026-01-03 00:00,Лива,,Titan Oil - Махачкала,нефть,6579.0,2026-01-04 00:00,"7/7,7/8,1/4, 2/4 от 04.01.2026",Махачкала,CIMS,Сaspian Sea Crude Oil 08.09.26.xlsx
2026-01,2026-01-04 00:00,Джаббар Гашимов,,TCO Baku,нефть,8640.0,2026-01-06 00:00,5/2 от 06.01.2026,Сангачал,ASCO,Сaspian Sea Crude Oil 08.09.26.xlsx
2026-01,2026-01-04 00:00,ТК Актау,,Titan Oil - Махачкала,нефть,5838.0,2026-01-06 00:00,"7/9,7/10,1/5, 2/5 от 06.01.2026",Махачкала,КМТФ,Сaspian Sea Crude Oil 08.09.26.xlsx
2026-01,2026-01-06 00:00,Тараз,,Titan Oil - Махачкала,нефть,6569.0,2026-01-07 00:00,"7/11,7/12,1/6, 2/6 от 07.01.2026",Махачкала,CIMS,Сaspian Sea Crude Oil 08.09.26.xlsx
2026-01,2026-01-06 00:00,Алматы,,Titan Oil - Махачкала,нефть,5829.0,2026-01-07 00:00,"7/13,7/14,1/7, 2/7 от 07.01.2026",Махачкала,КМТФ,Сaspian Sea Crude Oil 08.09.26.xlsx
2026-01,2026-01-07 00:00,Астана,,TCO Baku,нефть,8782.0,2026-01-09 00:00,5/3 от 09.01.2026,Сангачал,КМТФ,Сaspian Sea Crude Oil 08.09.26.xlsx
2026-01,2026-01-08 00:00,Дж.Маммедгулузаде,,Titan Oil - Махачкала,нефть,5685.0,2026-01-09 00:00,"7/15,7/16,1/8, 2/8 от 09.01.2026",Махачкала,ASCO,Сaspian Sea Crude Oil 08.09.26.xlsx
2026-01,2026-01-08 00:00,Джульфа,,TCO Baku,нефть,9307.0,2026-01-11 00:00,5/4 от 11.01.2026,Сангачал,ASCO,Сaspian Sea Crude Oil 08.09.26.xlsx
2026-01,2026-01-10 00:00,Лива,,Titan Oil - Махачкала,нефть,6578.0,2026-01-11 00:00,"7/17,7/18,7/19,7/20,1/9,2/9,1/10,2/10 от 11.01.2026",Махачкала,CIMS,Сaspian Sea Crude Oil 08.09.26.xlsx
2026-01,2026-01-11 00:00,ТК Актау,,Titan Oil - Махачкала,нефть,5838.0,2026-01-12 00:00,"7/21,7/22 от 12.01.2026",Махачкала,КМТФ,Сaspian Sea Crude Oil 08.09.26.xlsx
2026-01,2026-01-11 00:00,Тараз,,Titan Oil - Махачкала,нефть,6555.0,2026-01-13 00:00,"7/23,7/24, от 12.01.2026",Махачкала,CIMS,Сaspian Sea Crude Oil 08.09.26.xlsx
2026-01,2026-01-11 00:00,Джаббар Гашимов,,KMG Kashagan B.V.,нефть,8637.0,2026-01-13 00:00,8/1 от 13.01.2026,Сангачал,ASCO,Сaspian Sea Crude Oil 08.09.26.xlsx
2026-01,2026-01-11 00:00,Алматы,,Titan Oil - Махачкала,нефть,5738.0,2026-01-14 00:00,"7/25,7/26,1/13,2/13 от 14.01.2026",Махачкала,КМТФ,Сaspian Sea Crude Oil 08.09.26.xlsx
2026-01,2025-12-19 22:00,Казахстан,,BB Energy-Б,Газовый конденсат,8728.032,2026-01-16 06:40,,Сангачал (нефтепродукты),Caspiy Shipping,Сaspian Sea Crude Oil 08.09.26.xlsx
2026-01,2026-01-16 00:00,Куруш,,Titan Oil - Махачкала,нефть,6481.0,2026-01-16 00:00,"7/27, 7/28,1/14,2/14 от 16.01.2026",Махачкала,AB Fleet,Сaspian Sea Crude Oil 08.09.26.xlsx
2026-01,2026-01-16 00:00,Лива,,Titan Oil - Махачкала,нефть,6581.0,2026-01-17 00:00,"7/29,7/30,1/15,2/15 от 17.01.2026",Махачкала,CIMS,Сaspian Sea Crude Oil 08.09.26.xlsx
2026-01,2026-01-16 00:00,ТК Актау,,Titan Oil - Махачкала,нефть,5737.0,2026-01-17 00:00,"7/31,7/32,1/16,2/16 от 17.01.2026",Махачкала,КМТФ,Сaspian Sea Crude Oil 08.09.26.xlsx
2026-01,2026-01-16 00:00,Дж.Маммедгулузаде,,Titan Oil - Махачкала,нефть,5686.0,2026-01-17 00:00,"7/33,7/34,1/17,2/17 от 17.01.2026",Махачкала,ASCO,Сaspian Sea Crude Oil 08.09.26.xlsx
2026-01,2026-01-16 00:00,Астана,,TCO Baku,нефть,8777.0,2026-01-18 00:00,5/5 от 18.01.2026,Сангачал,КМТФ,Сaspian Sea Crude Oil 08.09.26.xlsx
2026-01,2026-01-18 00:00,Тараз,,Titan Oil - Махачкала,нефть,6594.0,2026-01-19 00:00,"7/35,7/36,1/18,2/18 от 19.01.2026",Махачкала,CIMS,Сaspian Sea Crude Oil 08.09.26.xlsx
2026-01,2026-01-19 00:00,Алматы,,Titan Oil - Махачкала,нефть,5842.0,2026-01-19 00:00,"7/37,7/38,1/19,2/19 от 19.01.2026",Махачкала,КМТФ,Сaspian Sea Crude Oil 08.09.26.xlsx
2026-01,2026-01-17 00:00,Джульфа,,TCO Baku,нефть,9304.0,2026-01-19 00:00,5/6 от 19.01.2026,Сангачал,ASCO,Сaspian Sea Crude Oil 08.09.26.xlsx
2026-01,2026-01-20 00:00,ТК Актау,,TCO Baku,нефть,8772.0,2026-01-21 00:00,"5/7,5/8 от 21.01.2026",Сангачал,КМТФ,Сaspian Sea Crude Oil 08.09.26.xlsx
2026-01,2026-01-20 00:00,Куруш,,Titan Oil - Махачкала,нефть,6488.0,2026-01-21 00:00,"7/39,7/40,1/20,2/20 от 21.01.2026",Махачкала,AB Fleet,Сaspian Sea Crude Oil 08.09.26.xlsx
2026-01,2026-01-20 00:00,Лива,,Titan Oil - Махачкала,нефть,6586.0,2026-01-21 00:00,"7/41,7/42,1/21,2/21 от 21.01.2026",Махачкала,CIMS,Сaspian Sea Crude Oil 08.09.26.xlsx
2026-01,2026-01-21 00:00,Дж.Маммедгулузаде,,Titan Oil - Махачкала,нефть,5681.0,2026-01-22 00:00,"7/43, 7/44, 1/22,2/22 от 22.01.2026",Махачкала,ASCO,Сaspian Sea Crude Oil 08.09.26.xlsx
2026-01,2026-01-22 00:00,Алматы,,Titan Oil - Махачкала,нефть,5784.0,2026-01-22 00:00,"7/45, 7/46, 1/23,2/23 от 22.01.2026",Махачкала,КМТФ,Сaspian Sea Crude Oil 08.09.26.xlsx
2026-01,2026-01-18 00:00,Тараз,,Titan Oil - Махачкала,нефть,6588.0,2026-01-23 00:00,"7/47, 7/48, 1/24,2/24, 4/1 от 23.01.2026",Махачкала,CIMS,Сaspian Sea Crude Oil 08.09.26.xlsx
2026-01,2026-01-22 00:00,Дж.Гашимов,,TCO Baku,нефть,8636.0,2026-01-23 00:00,5/9 от 23.01.2026,Сангачал,ASCO,Сaspian Sea Crude Oil 08.09.26.xlsx
2026-01,2026-01-23 00:00,Астана,,TCO Baku,нефть,8771.0,2026-01-24 00:00,5/10 от 24.01.2026,Сангачал,КМТФ,Сaspian Sea Crude Oil 08.09.26.xlsx
2026-01,2026-01-24 00:00,Лива,,Titan Oil - Махачкала,нефть,6585.0,2026-01-25 00:00,"7/49, 7/50,1/25,2/25 от 25.01.2026",Махачкала,CIMS,Сaspian Sea Crude Oil 08.09.26.xlsx
2026-01,2026-01-25 00:00,Алматы,,Titan Oil - Махачкала,нефть,5790.0,2026-01-25 00:00,"7/51, 7/52,1/26,2/26,4/2 от 25.01.2026",Махачкала,КМТФ,Сaspian Sea Crude Oil 08.09.26.xlsx
2026-01,2026-01-25 00:00,Куруш,,Titan Oil - Махачкала,нефть,6487.0,2026-01-26 00:00,"7/53, 7/54, 1/27, 2/27 от 26.01.2026",Махачкала,AB Fleet,Сaspian Sea Crude Oil 08.09.26.xlsx
2026-01,2026-01-25 00:00,Джульфа,,TCO Baku,нефть,9319.0,2026-01-26 00:00,5/11 от 26.01.2026,Сангачал,ASCO,Сaspian Sea Crude Oil 08.09.26.xlsx
2026-01,2026-01-26 00:00,ТК Актау,,TCO Baku,нефть,8755.0,2026-01-27 00:00,5/12 от 27.01.2026,Сангачал,КМТФ,Сaspian Sea Crude Oil 08.09.26.xlsx
2026-01,2026-01-27 00:00,Тараз,,Titan Oil - Махачкала,нефть,6785.0,,"7/55, 7/56, 1/28, 2/28 от 27.01.2026",Махачкала,CIMS,Сaspian Sea Crude Oil 08.09.26.xlsx
2026-02,2025-12-30 00:00,Абай,,BB Energy-Б,Газовый конденсат,8706.596,2026-02-02 00:00,,Сангачал (нефтепродукты),Caspiy Shipping,Сaspian Sea Crude Oil 08.09.26.xlsx
2026-02,2026-01-29 00:00,Астана,,TCO Baku,нефть,8756.0,2026-02-02 00:00,№5/13 от 02.02.2026,Сангачал,КМТФ,Сaspian Sea Crude Oil 08.09.26.xlsx
2026-02,2026-01-31 00:00,Куруш,,Titan Oil - Махачкала,нефть,6479.0,2026-02-02 00:00,"7/59,7/60,1/30,2/30 от 02.02.2026",Махачкала,AB Fleet,Сaspian Sea Crude Oil 08.09.26.xlsx
2026-02,2026-02-01 00:00,ТК Актау,,Titan Oil - Махачкала,нефть,5834.0,2026-02-02 00:00,"7/57, 7/58, 1/29,2/29 от 02.02.2026",Махачкала,КМТФ,Сaspian Sea Crude Oil 08.09.26.xlsx
2026-02,2026-01-31 00:00,Алматы,,Titan Oil - Махачкала,нефть,5772.0,2026-02-03 00:00,"7/63,7/64,1/32,2/32 от 03.02.2026",Махачкала,КМТФ,Сaspian Sea Crude Oil 08.09.26.xlsx
2026-02,2026-01-28 00:00,Джаббар Гашимов,,KMG Kashagan B.V.,нефть,8644.0,2026-02-03 00:00,"8/2,8/3 от 03.02.2026",Сангачал,ASCO,Сaspian Sea Crude Oil 08.09.26.xlsx
2026-02,2026-02-01 00:00,Дж.Маммедгулузаде,,Titan Oil - Махачкала,нефть,5683.0,2026-02-04 00:00,"7/61,7/62,1/31,2/31 от 04.02.2026",Махачкала,ASCO,Сaspian Sea Crude Oil 08.09.26.xlsx
2026-02,2026-02-05 00:00,Тараз,,Titan Oil - Махачкала,нефть,6778.0,2026-02-05 00:00,"7/65,7/66,1/33,2/33 от 06.02.2026",Махачкала,CIMS,Сaspian Sea Crude Oil 08.09.26.xlsx
2026-02,2026-02-05 00:00,Джульфа,,TCO Baku,нефть,9320.0,2026-02-06 00:00,5/14 от 06.02.2026,Сангачал,ASCO,Сaspian Sea Crude Oil 08.09.26.xlsx
2026-02,2026-02-06 00:00,Куруш,,Titan Oil - Махачкала,нефть,6480.0,2026-02-06 00:00,"7/67,7/68,1/34,2/34 от 06.02.2026",Махачкала,AB Fleet,Сaspian Sea Crude Oil 08.09.26.xlsx
2026-02,2026-02-07 00:00,Астана,,Titan Oil - Махачкала,нефть,5843.0,2026-02-09 00:00,"7/69,7/70,1/35,2/35 от 09.02.2026",Махачкала,КМТФ,Сaspian Sea Crude Oil 08.09.26.xlsx
2026-02,2026-02-06 00:00,ТК Актау,,TCO Baku,нефть,8724.0,2026-02-09 00:00,5/15 от 09.02.2026,Сангачал,КМТФ,Сaspian Sea Crude Oil 08.09.26.xlsx
2026-02,2026-02-08 00:00,Алматы,,Titan Oil - Махачкала,нефть,5747.0,2026-02-09 00:00,"7/71,7/72,1/36,2/36 от 09.02.2026",Махачкала,КМТФ,Сaspian Sea Crude Oil 08.09.26.xlsx
2026-02,2026-02-09 00:00,Джаббар Гашимов,,KMG Kashagan B.V.,нефть,8652.0,2026-02-10 00:00,8/4 от 10.02.2026,Сангачал,ASCO,Сaspian Sea Crude Oil 08.09.26.xlsx
2026-02,2026-02-11 00:00,Дж.Маммедгулузаде,,Titan Oil - Махачкала,нефть,5696.0,2026-02-12 00:00,"7/73,7/74 от 12.02.2026",Махачкала,ASCO,Сaspian Sea Crude Oil 08.09.26.xlsx
2026-02,2026-01-20 08:00,Казахстан,,BB Energy-Б,Газовый конденсат,8748.833,2026-02-12 23:30,,Сангачал (нефтепродукты),Caspiy Shipping,Сaspian Sea Crude Oil 08.09.26.xlsx
2026-02,2026-02-12 00:00,Лива,,Titan Oil - Махачкала,нефть,6789.0,2026-02-13 00:00,"7/75,7/76, 1/37,2/37 от",Махачкала,CIMS,Сaspian Sea Crude Oil 08.09.26.xlsx
2026-02,2026-02-12 00:00,Астана,,TCO Baku,нефть,8710.0,2026-02-13 00:00,5/16 от 13.02.2026,Сангачал,КМТФ,Сaspian Sea Crude Oil 08.09.26.xlsx
2026-02,2026-02-13 00:00,Тараз,,Titan Oil - Махачкала,нефть,6789.0,2026-02-13 00:00,"7/77,7/78,1/38,2/38 от 13.02.2026",Махачкала,CIMS,Сaspian Sea Crude Oil 08.09.26.xlsx
2026-02,2026-02-13 00:00,Куруш,,Titan Oil - Махачкала,нефть,6487.0,2026-02-15 00:00,"7/79, 7/80, 1/39,2/39 от 15.02.2026",Махачкала,AB Fleet,Сaspian Sea Crude Oil 08.09.26.xlsx
2026-02,2026-02-12 00:00,Алматы,,Titan Oil - Махачкала,нефть,5738.0,2026-02-15 00:00,"7/81, 7/82, 1/40,2/40 от 15.02.2026",Махачкала,КМТФ,Сaspian Sea Crude Oil 08.09.26.xlsx
2026-02,2026-02-14 00:00,ТК Актау,,KMG Kashagan B.V.,нефть,8743.0,2026-02-17 00:00,"8/5,8/6 от 16.02.2026г.",Сангачал,КМТФ,Сaspian Sea Crude Oil 08.09.26.xlsx
2026-02,2026-02-17 00:00,Джаббар Гашимов,,TCO Baku,нефть,8641.0,2026-02-18 00:00,5/17 от 18.02.2026,Сангачал,ASCO,Сaspian Sea Crude Oil 08.09.26.xlsx
2026-02,2026-02-16 00:00,Дж.Маммедгулузаде,,Titan Oil - Махачкала,нефть,5681.0,2026-02-18 00:00,"7/83,7/84,1/41,2/41 от 18.02.2026",Махачкала,ASCO,Сaspian Sea Crude Oil 08.09.26.xlsx
2026-02,2026-02-17 00:00,Лива,,Titan Oil - Махачкала,нефть,6792.0,2026-02-18 00:00,"7/85,7/86,1/42,2/42 от 18.02.2026",Махачкала,CIMS,Сaspian Sea Crude Oil 08.09.26.xlsx
2026-02,2026-02-18 00:00,Астана,,Titan Oil - Махачкала,нефть,5839.0,2026-02-19 00:00,"7/87,7/88,1/43,2/43 от 19.02.2026",Махачкала,КМТФ,Сaspian Sea Crude Oil 08.09.26.xlsx
2026-02,2026-02-18 00:00,Джульфа,,TCO Baku,нефть,9312.0,2026-02-19 00:00,5/18 от 19.02.2026,Сангачал,ASCO,Сaspian Sea Crude Oil 08.09.26.xlsx
2026-02,2026-02-19 00:00,Тараз,,Titan Oil - Махачкала,нефть,6593.0,2026-02-20 00:00,"7/89,7/90,1/44,2/44 от 19.02.2026",Махачкала,CIMS,Сaspian Sea Crude Oil 08.09.26.xlsx
2026-02,2026-02-19 00:00,Гахраман Халилбейли,,Titan Oil - Махачкала,нефть,4488.0,2026-02-21 00:00,"7/91,7/92,1/45, 2/45 от 21.02/2026",Махачкала,ASCO,Сaspian Sea Crude Oil 08.09.26.xlsx
2026-02,2026-02-19 00:00,Алматы,,Titan Oil - Махачкала,нефть,5754.0,2026-02-21 00:00,"7/93,7/94,1/46,2/46 от 20.02.2026",Махачкала,КМТФ,Сaspian Sea Crude Oil 08.09.26.xlsx
2026-02,2026-02-20 00:00,Куруш,,Titan Oil - Махачкала,нефть,6443.0,2026-02-21 00:00,"7/95,7/96,7/97,7/98,1/47,2/47 от 21.02.2026",Махачкала,AB Fleet,Сaspian Sea Crude Oil 08.09.26.xlsx
2026-02,2026-02-21 00:00,ТК Актау,,TCO Baku,нефть,8754.0,2026-02-22 00:00,5/19 от 21.02.2026,Сангачал,КМТФ,Сaspian Sea Crude Oil 08.09.26.xlsx
2026-02,2026-02-21 00:00,Дж.Маммедгулузаде,,Titan Oil - Махачкала,нефть,5691.0,2026-02-22 00:00,"7/99,7/100,1/48,2/48 от 22.02.2026",Махачкала,ASCO,Сaspian Sea Crude Oil 08.09.26.xlsx
2026-02,2026-02-22 00:00,Лива,,Titan Oil - Махачкала,нефть,6585.0,2026-02-22 00:00,"7/101, 7/102, 1/49, 2/49, 4/3 от 22.02.2026",Махачкала,CIMS,Сaspian Sea Crude Oil 08.09.26.xlsx
2026-02,2026-02-22 00:00,Астана,,TCO Baku,нефть,8703.0,2026-02-23 00:00,5/20 от 23.02.2026,Сангачал,КМТФ,Сaspian Sea Crude Oil 08.09.26.xlsx
2026-02,2026-02-22 00:00,Джаббар Гашимов,,TCO Baku,нефть,8653.0,2026-02-24 00:00,5/21 от 24.02.2026,Сангачал,ASCO,Сaspian Sea Crude Oil 08.09.26.xlsx
2026-02,2026-02-24 00:00,Тараз,,Titan Oil - Махачкала,нефть,6587.0,2026-02-25 00:00,"7/103,7/104,4/4 от 24.02.2026",Махачкала,CIMS,Сaspian Sea Crude Oil 08.09.26.xlsx
2026-02,2026-02-25 00:00,Гахраман Халилбейли,,Titan Oil - Махачкала,нефть,4484.0,2026-02-25 00:00,"7/105,7/106,1/50,2/50 25.02.2026",Махачкала,ASCO,Сaspian Sea Crude Oil 08.09.26.xlsx
2026-02,2026-02-25 00:00,ТК Актау,,Titan Oil - Махачкала,нефть,5849.0,2026-02-26 00:00,"7/107,7/108,1/51,1/52 от 26.02.2026",Махачкала,КМТФ,Сaspian Sea Crude Oil 08.09.26.xlsx
2026-02,2026-02-25 00:00,Куруш,,Titan Oil - Махачкала,нефть,6483.0,2026-02-26 00:00,"7/109,7/110,1/52,2/52,1/53,2/53 от 26.02.2026",Махачкала,AB Fleet,Сaspian Sea Crude Oil 08.09.26.xlsx
2026-02,2026-02-25 00:00,Алматы,,Titan Oil - Махачкала,нефть,5787.0,2026-02-26 00:00,"7/111,7/112,1/54,2/54 от 26.02.2026",Махачкала,КМТФ,Сaspian Sea Crude Oil 08.09.26.xlsx
2026-02,2026-02-26 00:00,Джульфа,,TCO Baku,нефть,9303.0,2026-02-27 00:00,5/22 от 26.02.2026,Сангачал,ASCO,Сaspian Sea Crude Oil 08.09.26.xlsx
2026-02,2026-02-26 00:00,Дж.Маммедгулузаде,,Titan Oil - Махачкала,нефть,1367.0,2026-03-01 00:00,"7/113,7/114,7/115,7/116 от 28.02.2026",Махачкала,ASCO,Сaspian Sea Crude Oil 08.09.26.xlsx
2026-03,2026-02-26 00:00,Дж.Маммедгулузаде,,Titan Oil - Махачкала,нефть,4317.0,2026-03-01 00:00,"7/117,7/118,1/55,2/55 от 01.03.2026",Махачкала,ASCO,Сaspian Sea Crude Oil 08.09.26.xlsx
2026-03,2026-02-26 00:00,Астана,,TCO Baku,нефть,8711.0,2026-03-01 00:00,5/23 от 01.03.2026,Сангачал,КМТФ,Сaspian Sea Crude Oil 08.09.26.xlsx
2026-03,2026-02-27 00:00,Лива,,Titan Oil - Махачкала,нефть,6588.0,2026-03-02 00:00,"7/119,7/120,1/56,2/56 от 02.03.2026",Махачкала,CIMS,Сaspian Sea Crude Oil 08.09.26.xlsx
2026-03,2026-03-02 00:00,Тараз,,Titan Oil - Махачкала,нефть,6793.0,2026-03-02 00:00,"7/121,7/122,1/57,2/57 от 02.03.2026",Махачкала,CIMS,Сaspian Sea Crude Oil 08.09.26.xlsx
2026-03,2026-03-02 00:00,Пр.Гейдар Алиев,,TCO Baku,нефть,9336.0,2026-03-03 00:00,5/24 от 03.03.2026,Сангачал,ASCO,Сaspian Sea Crude Oil 08.09.26.xlsx
2026-03,2026-03-02 00:00,Куруш,,Titan Oil - Махачкала,нефть,6492.0,2026-03-03 00:00,"7/123,7/124,1/58,2/58 от 03.03.2026",Махачкала,AB Fleet,Сaspian Sea Crude Oil 08.09.26.xlsx
2026-03,2026-03-03 00:00,Алматы,,Titan Oil - Махачкала,нефть,5766.0,2026-03-03 00:00,"7/125,7/126,1/59,2/59 от 03.03.2026",Махачкала,КМТФ,Сaspian Sea Crude Oil 08.09.26.xlsx
2026-03,2026-03-02 00:00,ТК Актау,,TCO Baku,нефть,8775.0,2026-03-05 00:00,5/25 от 05.03.2026,Сангачал,КМТФ,Сaspian Sea Crude Oil 08.09.26.xlsx
2026-03,2026-03-06 00:00,Дж.Маммедгулузаде,,Titan Oil - Махачкала,нефть,5686.0,2026-03-06 00:00,"7/127,7/128,1/60,2/60 от 06.03.2026",Махачкала,ASCO,Сaspian Sea Crude Oil 08.09.26.xlsx
2026-03,2026-03-06 00:00,Лива,,Titan Oil - Махачкала,нефть,6798.0,2026-03-07 00:00,"7/129,7/130,1/61,2/61 от 06.03.2026",Махачкала,CIMS,Сaspian Sea Crude Oil 08.09.26.xlsx
2026-03,2026-03-03 00:00,Джаббар Гашимов,,TCO Baku,нефть,8644.0,2026-03-07 00:00,5/26 от 07.03.2026,Сангачал,ASCO,Сaspian Sea Crude Oil 08.09.26.xlsx
2026-03,2026-03-07 00:00,Тараз,,Titan Oil - Махачкала,нефть,6600.0,2026-03-08 00:00,"7/131,7/132,1/62,2/62 от 08.03.2026",Махачкала,CIMS,Сaspian Sea Crude Oil 08.09.26.xlsx
2026-03,2026-03-07 00:00,Алматы,,Titan Oil - Махачкала,нефть,5765.0,2026-03-08 00:00,"7/133,7/134,1/63,2/63 от 08.03.2026",Махачкала,КМТФ,Сaspian Sea Crude Oil 08.09.26.xlsx
2026-03,2026-03-07 00:00,Астана,,TCO Baku,нефть,8711.0,2026-03-11 00:00,5/27 от 10.03.2026,Сангачал,КМТФ,Сaspian Sea Crude Oil 08.09.26.xlsx
2026-03,2026-03-11 00:00,Лива,,Titan Oil - Махачкала,нефть,6782.0,2026-03-11 00:00,"7/135,7/136,1/64,2/64 от 11.03.2026",Махачкала,CIMS,Сaspian Sea Crude Oil 08.09.26.xlsx
2026-03,2026-03-10 00:00,Куруш,,Titan Oil - Махачкала,нефть,6493.0,2026-03-12 00:00,"7/137,7/138,1/65,2/65 от 11.03.2026",Махачкала,AB Fleet,Сaspian Sea Crude Oil 08.09.26.xlsx
2026-03,2026-03-11 00:00,Дж.Маммедгулузаде,,Titan Oil - Махачкала,нефть,5686.0,2026-03-12 00:00,"7/139,7/140,1/66,2/66 от 11.03.2026",Махачкала,ASCO,Сaspian Sea Crude Oil 08.09.26.xlsx
2026-03,2026-03-08 00:00,Пр.Гейдар Алиев,,TCO Baku,нефть,9326.0,2026-03-12 00:00,5/28 от 12.03.2026,Сангачал,ASCO,Сaspian Sea Crude Oil 08.09.26.xlsx
2026-03,2026-03-10 00:00,ТК Актау,,TCO Baku,нефть,8762.0,2026-03-13 00:00,5/29 от 13.03.2026,Сангачал,КМТФ,Сaspian Sea Crude Oil 08.09.26.xlsx
2026-03,2026-03-12 00:00,Алматы,,Titan Oil - Махачкала,нефть,5761.0,2026-03-13 00:00,"7/143,7/144,1/68,2/68 от 13.03.2026",Махачкала,КМТФ,Сaspian Sea Crude Oil 08.09.26.xlsx
2026-03,2026-03-12 00:00,Тараз,,Titan Oil - Махачкала,нефть,6591.0,2026-03-13 00:00,"7/141,7/142,1/67,2/67 от 13.03.2026",Махачкала,CIMS,Сaspian Sea Crude Oil 08.09.26.xlsx
2026-03,2026-03-12 00:00,Джульфа,,TCO Baku,нефть,9302.0,2026-03-14 00:00,5/30 от 14.03.2026,Сангачал,ASCO,Сaspian Sea Crude Oil 08.09.26.xlsx
2026-03,2026-03-14 00:00,Астана,,TCO Baku,нефть,8696.0,2026-03-16 00:00,5/31 от 15.03.2026,Сангачал,КМТФ,Сaspian Sea Crude Oil 08.09.26.xlsx
2026-03,2026-03-17 00:00,Пр.Гейдар Алиев,,TCO Baku,нефть,9348.0,2026-03-18 00:00,5/32 от 18.03.2026,Сангачал,ASCO,Сaspian Sea Crude Oil 08.09.26.xlsx
2026-03,2026-03-17 00:00,Лива,,Titan Oil - Махачкала,нефть,6589.0,2026-03-18 00:00,"7/145,7/146,1/69,2/69 от 18.03.2026",Махачкала,CIMS,Сaspian Sea Crude Oil 08.09.26.xlsx
2026-03,2026-03-12 00:00,Казахстан,,BB Energy-Б,Газовый конденсат,8702.306,2026-03-19 00:00,,Сангачал (нефтепродукты),Caspiy Shipping,Сaspian Sea Crude Oil 08.09.26.xlsx
2026-03,2026-03-17 00:00,ТК Актау,,Titan Oil - Махачкала,нефть,5834.0,2026-03-18 00:00,"7/147,7/148,1/70,2/70 от 18.03.2026",Махачкала,КМТФ,Сaspian Sea Crude Oil 08.09.26.xlsx
2026-03,2026-03-18 00:00,Дж.Маммедгулузаде,,Titan Oil - Махачкала,нефть,5685.0,2026-03-19 00:00,"7/149,7/150,1/71,2/71 от 19.03.2026",Махачкала,ASCO,Сaspian Sea Crude Oil 08.09.26.xlsx
2026-03,2026-03-18 00:00,Джаббар Гашимов,,TCO Baku,нефть,8628.0,2026-03-19 00:00,5/33 от 19.03.2026,Сангачал,ASCO,Сaspian Sea Crude Oil 08.09.26.xlsx
2026-03,2026-03-19 00:00,Тараз,,Titan Oil - Махачкала,нефть,6585.0,2026-03-20 00:00,"7/151,7/152,1/72,2/72 от 20.03.2026",Махачкала,CIMS,Сaspian Sea Crude Oil 08.09.26.xlsx
2026-03,2026-03-19 00:00,Алматы,,Titan Oil - Махачкала,нефть,5760.0,2026-03-20 00:00,"7/153,7/154,1/73,2/73 от 20.03.2026",Махачкала,КМТФ,Сaspian Sea Crude Oil 08.09.26.xlsx
2026-03,2026-03-20 00:00,Куруш,,Titan Oil - Махачкала,нефть,6490.0,2026-03-21 00:00,"7/157,7/158,1/75,2/75 от 21.03.2026",Махачкала,AB Fleet,Сaspian Sea Crude Oil 08.09.26.xlsx
2026-03,2026-03-20 00:00,Гахраман Халилбейли,,Titan Oil - Махачкала,нефть,4482.0,2026-03-21 00:00,"7/155,7/156,1/74,2/74 от 21.03.2026",Махачкала,ASCO,Сaspian Sea Crude Oil 08.09.26.xlsx
2026-03,2026-03-22 00:00,Астана,,TCO Baku,нефть,8772.0,2026-03-22 00:00,5/34 от 22.03.2026,Сангачал,КМТФ,Сaspian Sea Crude Oil 08.09.26.xlsx
2026-03,2026-03-23 00:00,Лива,,Titan Oil - Махачкала,нефть,6578.0,2026-03-24 00:00,"7/159,7/160,1/76,2/76,4/5 от 24.03.2026",Махачкала,CIMS,Сaspian Sea Crude Oil 08.09.26.xlsx
2026-03,2026-03-23 00:00,Астана,,KMG Kashagan B.V.,нефть,8721.0,2026-03-24 00:00,"8/7,8/8 от 24.03.2026",Сангачал,КМТФ,Сaspian Sea Crude Oil 08.09.26.xlsx
2026-03,2026-03-23 00:00,Дж.Маммедгулузаде,,Titan Oil - Махачкала,нефть,5688.0,2026-03-24 00:00,"7/161,7/162,1/77,2/77 от 24.03.2026",Махачкала,ASCO,Сaspian Sea Crude Oil 08.09.26.xlsx
2026-03,2026-03-25 00:00,Тараз,,Titan Oil - Махачкала,нефть,6582.0,2026-03-26 00:00,"7/163,7/164, 1/78,2/78 от 25.03.2026",Махачкала,CIMS,Сaspian Sea Crude Oil 08.09.26.xlsx
2026-03,2026-03-25 00:00,Гахраман Халилбейли,,Titan Oil - Махачкала,нефть,4480.0,2026-03-26 00:00,"7/165,7/166, 1/79,2/79 от 26.03.2026",Махачкала,ASCO,Сaspian Sea Crude Oil 08.09.26.xlsx
2026-03,2026-03-26 00:00,Алматы,,Titan Oil - Махачкала,нефть,5817.0,2026-03-27 00:00,"7/167, 7/168, 1/80, 2/80 от 26.03.2026",Махачкала,КМТФ,Сaspian Sea Crude Oil 08.09.26.xlsx
2026-03,2026-03-26 00:00,ТК Актау,,KMG Kashagan B.V.,нефть,8785.0,2026-03-27 00:00,8/9 от 27.03.2026,Сангачал,КМТФ,Сaspian Sea Crude Oil 08.09.26.xlsx
2026-03,2026-03-27 00:00,Лива,,Titan Oil - Махачкала,нефть,6589.0,2026-03-28 00:00,"7/169,7/170,1/81,2/81,4/6 от 28.03.2026",Махачкала,CIMS,Сaspian Sea Crude Oil 08.09.26.xlsx
2026-03,2026-03-27 00:00,Астана,,Titan Oil - Махачкала,нефть,5845.0,2026-03-28 00:00,"7/171,7/172,1/82,2/82 от 28.03.2026",Махачкала,КМТФ,Сaspian Sea Crude Oil 08.09.26.xlsx
2026-03,2026-03-30 00:00,Тараз,,Titan Oil - Махачкала,нефть,6784.0,2026-03-30 00:00,"7/173,7/174,1/83,2/83 от 30.03.2026",Махачкала,CIMS,Сaspian Sea Crude Oil 08.09.26.xlsx
2026-03,2026-03-31 00:00,Алматы,,Titan Oil - Махачкала,нефть,3343.0,2026-04-01 00:00,"1/84,2/84,1/85,2/85 от 31.03.2026",Махачкала,КМТФ,Сaspian Sea Crude Oil 08.09.26.xlsx
2026-04,2026-03-30 00:00,Казахстан,,BB Energy-Б,Газовый конденсат,8621.574,2026-04-01 00:00,,Сангачал (нефтепродукты),Caspiy Shipping,Сaspian Sea Crude Oil 08.09.26.xlsx
2026-04,2026-03-31 00:00,Алматы,,Titan Oil - Махачкала,нефть,2504.0,2026-04-01 00:00,"7/175,7/176 от 01.04.2026",Махачкала,КМТФ,Сaspian Sea Crude Oil 08.09.26.xlsx
2026-04,2026-04-01 00:00,Гахраман Халилбейли,,Titan Oil - Махачкала,нефть,4494.0,2026-04-02 00:00,"7/177,7/178,1/86,2/86 от 02.04.2026",Махачкала,ASCO,Сaspian Sea Crude Oil 08.09.26.xlsx
2026-04,2026-04-01 00:00,Астана,,TCO Baku,нефть,8716.0,2026-04-02 00:00,5/35 от 02.04.2026,Сангачал,КМТФ,Сaspian Sea Crude Oil 08.09.26.xlsx
2026-04,2026-04-01 00:00,Лива,,Titan Oil - Махачкала,нефть,6797.0,2026-04-02 00:00,"7/179,7/180,1/87,2/87 от 02.04.2026",Махачкала,CIMS,Сaspian Sea Crude Oil 08.09.26.xlsx
2026-04,2026-04-02 00:00,ТК Актау,,Titan Oil - Махачкала,нефть,5837.0,2026-04-03 00:00,"7/181,7/182,1/88,2/88 от 03.04.2026",Махачкала,КМТФ,Сaspian Sea Crude Oil 08.09.26.xlsx
2026-04,2026-03-31 00:00,Джульфа,,TCO Baku,нефть,9309.0,2026-04-04 00:00,5/36 от 04.04.2026,Сангачал,ASCO,Сaspian Sea Crude Oil 08.09.26.xlsx
2026-04,2026-04-05 00:00,Тараз,,Titan Oil - Махачкала,нефть,6588.0,2026-04-05 00:00,"7/183,7/184,1/89,2/89 от 05.04.2026",Махачкала,CIMS,Сaspian Sea Crude Oil 08.09.26.xlsx
2026-04,2026-04-05 00:00,Дж.Маммедгулузаде,,Titan Oil - Махачкала,нефть,5697.0,2026-04-05 00:00,"7/185,7/186,1/90,2/90 от 05.04.2026",Махачкала,ASCO,Сaspian Sea Crude Oil 08.09.26.xlsx
2026-04,2026-04-05 00:00,Пр.Гейдар Алиев,,TCO Baku,нефть,9333.0,2026-04-06 00:00,5/37 от 06.04.2026,Сангачал,ASCO,Сaspian Sea Crude Oil 08.09.26.xlsx
2026-04,2026-04-07 00:00,Алматы,,Titan Oil - Махачкала,нефть,5845.0,2026-04-09 00:00,"7/187,7/188,1/91,2/91 от 09.04.2026",Махачкала,КМТФ,Сaspian Sea Crude Oil 08.09.26.xlsx
2026-04,2026-04-08 00:00,ТК Актау,,TCO Baku,нефть,8761.0,2026-04-09 00:00,5/38 от 09.04.2026,Сангачал,КМТФ,Сaspian Sea Crude Oil 08.09.26.xlsx
2026-04,2026-04-08 00:00,Лива,,Titan Oil - Махачкала,нефть,6590.0,2026-04-09 00:00,"7/189,7/190,1/92,2/92 от 09.04.2026",Махачкала,CIMS,Сaspian Sea Crude Oil 08.09.26.xlsx
2026-04,2026-04-08 00:00,Тараз,,Titan Oil - Махачкала,нефть,6582.0,2026-04-10 00:00,"7/191,7/192,1/93,2/93 от 10.04.2026",Махачкала,CIMS,Сaspian Sea Crude Oil 08.09.26.xlsx
2026-04,2026-04-08 00:00,Джаббар Гашимов,,TCO Baku,нефть,8652.0,2026-04-10 00:00,5/39 от 10.04.2026,Сангачал,ASCO,Сaspian Sea Crude Oil 08.09.26.xlsx
2026-04,2026-04-09 00:00,Астана,,TCO Baku,нефть,8706.0,2026-04-11 00:00,5/40 от 10.04.2026,Сангачал,КМТФ,Сaspian Sea Crude Oil 08.09.26.xlsx
2026-04,2026-04-11 00:00,Джульфа,,TCO Baku,нефть,9313.0,2026-04-13 00:00,5/41 от 13.04.2026,Сангачал,ASCO,Сaspian Sea Crude Oil 08.09.26.xlsx
2026-04,2026-04-13 00:00,Лива,,Titan Oil - Махачкала,нефть,6594.0,2026-04-13 00:00,"7/193, 7/194, 1/94, 2/94 от 13.04.2026",Махачкала,CIMS,Сaspian Sea Crude Oil 08.09.26.xlsx
2026-04,2026-04-12 00:00,ТК Актау,,Titan Oil - Махачкала,нефть,5848.0,2026-04-13 00:00,"7/195, 7/196, 1/95, 2/95 от 13.04.2026",Махачкала,КМТФ,Сaspian Sea Crude Oil 08.09.26.xlsx
2026-04,2026-04-13 00:00,Алматы,,Titan Oil - Махачкала,нефть,5849.0,2026-04-14 00:00,"7/199, 7/200, 1/97, 2/97 от 14.04.2026",Махачкала,КМТФ,Сaspian Sea Crude Oil 08.09.26.xlsx
2026-04,2026-04-13 00:00,Дж.Маммедгулузаде,,Titan Oil - Махачкала,нефть,5695.0,2026-04-15 00:00,"7/197, 7/198, 1/96, 2/96 от 14.04.2026",Махачкала,ASCO,Сaspian Sea Crude Oil 08.09.26.xlsx
2026-04,2026-04-14 00:00,Ходжаванд,,Titan Oil - Махачкала,нефть,5685.0,2026-04-16 00:00,"7/201, 7/202, 1/98, 2/98 от 14.04.2026",Махачкала,ASCO,Сaspian Sea Crude Oil 08.09.26.xlsx
2026-04,2026-04-17 00:00,Тараз,,Titan Oil - Махачкала,нефть,6587.0,2026-04-17 00:00,"7/203, 7/204, 1/99, 2/99 от 17.04.2026",Махачкала,CIMS,Сaspian Sea Crude Oil 08.09.26.xlsx
2026-04,2026-04-17 00:00,Пр.Гейдар Алиев,,TCO Baku,нефть,9318.0,2026-04-17 00:00,5/42 от 17.04.2026,Сангачал,ASCO,Сaspian Sea Crude Oil 08.09.26.xlsx
2026-04,2026-04-15 00:00,Казахстан,,BB Energy-Б,Газовый конденсат,8691.541,2026-04-18 00:00,,Сангачал (нефтепродукты),Caspiy Shipping,Сaspian Sea Crude Oil 08.09.26.xlsx
2026-04,2026-04-18 00:00,ТК Актау,,Titan Oil - Махачкала,нефть,5841.0,2026-04-18 00:00,"1/100, 2/100, 7/205, 7/206 от 18.04.2026",Махачкала,КМТФ,Сaspian Sea Crude Oil 08.09.26.xlsx
2026-04,2026-04-18 00:00,Лива,,Titan Oil - Махачкала,нефть,6588.0,2026-04-18 00:00,"1/101, 2/101, 7/207, 7/208 от 18.04.2026",Махачкала,CIMS,Сaspian Sea Crude Oil 08.09.26.xlsx
2026-04,2026-04-19 00:00,Астана,,TCO Baku,нефть,8713.0,2026-04-19 00:00,5/43 от 19.04.2026,Сангачал,КМТФ,Сaspian Sea Crude Oil 08.09.26.xlsx
2026-04,2026-04-20 00:00,Алматы,,Titan Oil - Махачкала,нефть,5846.0,2026-04-20 00:00,"1/102, 2/102, 7/209, 7/210 от 20.04.2026",Махачкала,КМТФ,Сaspian Sea Crude Oil 08.09.26.xlsx
2026-04,2026-04-21 00:00,Джаббар Гашимов,,TCO Baku,нефть,8646.0,2026-04-21 00:00,5/44 от 21.04.2026,Сангачал,ASCO,Сaspian Sea Crude Oil 08.09.26.xlsx
2026-04,2026-04-22 00:00,Тараз,,Titan Oil - Махачкала,нефть,6586.0,2026-04-22 00:00,"1/103, 2/103, 7/211, 7/212 от 22.04.2026",Махачкала,CIMS,Сaspian Sea Crude Oil 08.09.26.xlsx
2026-04,2026-04-23 00:00,Лива,,Titan Oil - Махачкала,нефть,6582.0,2026-04-23 00:00,"1/104, 7/213, 2/104, 7/214 от 23.04.2026",Махачкала,CIMS,Сaspian Sea Crude Oil 08.09.26.xlsx
2026-04,2026-04-23 00:00,Астана,,KMG Kashagan B.V.,нефть,8736.0,2026-04-24 00:00,"8/10, 8/11 от 23.04.2026",Сангачал,КМТФ,Сaspian Sea Crude Oil 08.09.26.xlsx
2026-04,2026-04-22 00:00,Джульфа,,TCO Baku,нефть,9306.0,2026-04-24 00:00,5/45 от 24.04.2026,Сангачал,ASCO,Сaspian Sea Crude Oil 08.09.26.xlsx
2026-04,2026-04-24 00:00,ТК Актау,,Titan Oil - Махачкала,нефть,5845.0,2026-04-25 00:00,"1/105, 7/215, 2/105, 7/216 от 25.04.2026",Махачкала,КМТФ,Сaspian Sea Crude Oil 08.09.26.xlsx
2026-04,2026-04-24 00:00,Дж.Маммедгулузаде,,Titan Oil - Махачкала,нефть,5682.0,2026-04-25 00:00,"1/106, 7/217, 2/106, 7/218 от 25.04.2026",Махачкала,ASCO,Сaspian Sea Crude Oil 08.09.26.xlsx
2026-04,2026-04-25 00:00,Пр.Гейдар Алиев,,TCO Baku,нефть,9337.0,2026-04-26 00:00,5/46 от 26.04.2026,Сангачал,ASCO,Сaspian Sea Crude Oil 08.09.26.xlsx
2026-04,2026-04-25 00:00,Тараз,,Titan Oil - Махачкала,нефть,6783.0,2026-04-26 00:00,"1/107, 7/219, 2/107, 7/220 от 26.04.2026",Махачкала,CIMS,Сaspian Sea Crude Oil 08.09.26.xlsx
2026-04,2026-04-26 00:00,Лива,,Titan Oil - Махачкала,нефть,6582.0,2026-04-26 00:00,"1/108, 7/221, 2/108, 7/222 от 26.04.2026",Махачкала,CIMS,Сaspian Sea Crude Oil 08.09.26.xlsx
2026-04,2026-04-27 00:00,Астана,,KMG Kashagan B.V.,нефть,8711.0,2026-04-28 00:00,8/12 от 28.04.2026,Сангачал,КМТФ,Сaspian Sea Crude Oil 08.09.26.xlsx
2026-04,2026-04-27 00:00,Алматы,,Titan Oil - Махачкала,нефть,5848.0,2026-04-28 00:00,"7/223,7/224,1/109,2/109 от 28.04.2026",Махачкала,КМТФ,Сaspian Sea Crude Oil 08.09.26.xlsx
2026-04,2026-04-23 00:00,Казахстан,,BB Energy-Б,Газовый конденсат,8730.046,2026-04-29 00:00,,Сангачал (нефтепродукты),Caspiy Shipping,Сaspian Sea Crude Oil 08.09.26.xlsx
2026-04,2026-04-29 00:00,Тараз,,Titan Oil - Махачкала,нефть,6787.0,2026-04-30 00:00,"7/225, 7/226, 1/110, 2/110, 1/111 ,2/111 от 30.04.2026",Махачкала,CIMS,Сaspian Sea Crude Oil 08.09.26.xlsx
2026-04,2026-04-29 00:00,Лива,,Titan Oil - Махачкала,нефть,2050.0,2026-05-01 00:00,"7/227,7/228 от 30.04.2026",Махачкала,CIMS,Сaspian Sea Crude Oil 08.09.26.xlsx
2026-05,2026-04-29 00:00,Лива,,Titan Oil - Махачкала,нефть,4535.0,2026-05-01 00:00,"7/229, 7/230,1/112, 2/112 от 01.05.2026",Махачкала,CIMS,Сaspian Sea Crude Oil 08.09.26.xlsx
2026-05,2026-05-01 00:00,Алматы,,Titan Oil - Махачкала,нефть,5837.0,2026-05-02 00:00,"7/231,7/232,1/113,2/113 от 02.05.2026",Махачкала,КМТФ,Сaspian Sea Crude Oil 08.09.26.xlsx
2026-05,2026-05-01 00:00,Джульфа,,TCO Baku,нефть,9312.0,2026-05-02 00:00,5/47 от 02.05.2026,Сангачал,ASCO,Сaspian Sea Crude Oil 08.09.26.xlsx
2026-05,2026-05-02 00:00,Астана,,TCO Baku,нефть,8708.0,2026-05-03 00:00,5/48 от 03.05.2026,Сангачал,КМТФ,Сaspian Sea Crude Oil 08.09.26.xlsx
2026-05,2026-05-03 00:00,ТК Актау,,Titan Oil - Махачкала,нефть,5839.0,2026-05-03 00:00,"7/233,7/234,1/114,2/114 от 03.05.2026",Махачкала,КМТФ,Сaspian Sea Crude Oil 08.09.26.xlsx
2026-05,2026-05-04 00:00,Дж.Маммедгулузаде,,Titan Oil - Махачкала,нефть,5680.0,2026-05-05 00:00,"7/235,7/236,1/115,2/115 от 05.05.2026",Махачкала,ASCO,Сaspian Sea Crude Oil 08.09.26.xlsx
2026-05,2026-05-04 00:00,Пр.Гейдар Алиев,,TCO Baku,нефть,9362.0,2026-05-05 00:00,5/49 от 05.05.2026,Сангачал,ASCO,Сaspian Sea Crude Oil 08.09.26.xlsx
2026-05,2026-05-05 00:00,Тараз,,Titan Oil - Махачкала,нефть,6588.0,2026-05-05 00:00,"7/237,7/238,1/116,2/116 от 05.05.2026",Махачкала,CIMS,Сaspian Sea Crude Oil 08.09.26.xlsx
2026-05,2026-05-04 00:00,Казахстан,,BB Energy-Б,Газовый конденсат,8716.015,2026-05-06 00:00,,Сангачал (нефтепродукты),Caspiy Shipping,Сaspian Sea Crude Oil 08.09.26.xlsx
2026-05,2026-05-05 00:00,Алматы,,Titan Oil - Махачкала,нефть,5834.0,2026-05-06 00:00,"7/239,7/240,1/117,2/117 от 06.05.2026",Махачкала,КМТФ,Сaspian Sea Crude Oil 08.09.26.xlsx
2026-05,2026-05-06 00:00,ТК Актау,,TCO Baku,нефть,8768.0,2026-05-07 00:00,5/50 от 07.05.2026,Сангачал,КМТФ,Сaspian Sea Crude Oil 08.09.26.xlsx
2026-05,2026-05-07 00:00,Астана,,Titan Oil - Махачкала,нефть,5832.0,2026-05-07 00:00,"7/241,7/242,1/118,2/118 от 07.05.2026",Махачкала,КМТФ,Сaspian Sea Crude Oil 08.09.26.xlsx
2026-05,2026-05-07 00:00,Лива,,Titan Oil - Махачкала,нефть,6586.0,2026-05-08 00:00,"7/243,7/244,1/119,2/119 от 08.05.2026",Махачкала,CIMS,Сaspian Sea Crude Oil 08.09.26.xlsx
2026-05,2026-05-08 00:00,Джаббар Гашимов,,TCO Baku,нефть,8638.0,2026-05-09 00:00,5/51 от 09.05.2026,Сангачал,ASCO,Сaspian Sea Crude Oil 08.09.26.xlsx
2026-05,2026-05-08 00:00,Тараз,,Titan Oil - Махачкала,нефть,6794.0,2026-05-09 00:00,"7/245,7/246,1/120,2/120 от 09.05.2026",Махачкала,CIMS,Сaspian Sea Crude Oil 08.09.26.xlsx
2026-05,2026-05-09 00:00,Алматы,,Titan Oil - Махачкала,нефть,5825.0,2026-05-10 00:00,"7/247,7/248,1/121,2/121 от 10.05.2026",Махачкала,КМТФ,Сaspian Sea Crude Oil 08.09.26.xlsx
2026-05,2026-05-09 00:00,Ходжаванд,,ТОО «Потенциал Ойл»,нефть,4774.0,2026-05-10 00:00,,Дюбенди,ASCO,Сaspian Sea Crude Oil 08.09.26.xlsx
2026-05,2026-05-11 00:00,ТК Актау,,TCO Baku,нефть,8763.0,2026-05-11 00:00,5/52 от 11.05.2026,Сангачал,КМТФ,Сaspian Sea Crude Oil 08.09.26.xlsx
2026-05,2026-05-11 00:00,Дж.Маммедгулузаде,,Titan Oil - Махачкала,нефть,5689.0,2026-05-12 00:00,"7/249, 7/250, 1/122,2/122 от 11.05.2026",Махачкала,ASCO,Сaspian Sea Crude Oil 08.09.26.xlsx
2026-05,2026-05-12 00:00,Лива,,Titan Oil - Махачкала,нефть,6593.0,2026-05-13 00:00,"7/251,7/252,1/123,2/123 от 12.05.2026",Махачкала,CIMS,Сaspian Sea Crude Oil 08.09.26.xlsx
2026-05,2026-05-13 00:00,Тараз,,Titan Oil - Махачкала,нефть,6588.0,2026-05-14 00:00,"7/253,7/254,1/124,2/124 от 14.05.2026",Махачкала,CIMS,Сaspian Sea Crude Oil 08.09.26.xlsx
2026-05,2026-05-14 00:00,Астана,,TCO Baku,нефть,8707.0,2026-05-15 00:00,5/53 от 14.05.2026,Сангачал,КМТФ,Сaspian Sea Crude Oil 08.09.26.xlsx
2026-05,2026-05-14 00:00,Дж.Маммедгулузаде,,Titan Oil - Махачкала,нефть,5699.0,2026-05-16 00:00,"7/255,7/256,1/125,2/125 от 16.05.2026",Махачкала,ASCO,Сaspian Sea Crude Oil 08.09.26.xlsx
2026-05,2026-05-15 00:00,ТК Актау,,Titan Oil - Махачкала,нефть,5847.0,2026-05-16 00:00,"7/257,7/258,1/126,2/126 от 16.05.2026",Махачкала,КМТФ,Сaspian Sea Crude Oil 08.09.26.xlsx
2026-05,2026-05-14 00:00,Пр.Гейдар Алиев,,TCO Baku,нефть,9341.0,2026-05-16 00:00,5/54 от 16.05.2026,Сангачал,ASCO,Сaspian Sea Crude Oil 08.09.26.xlsx
2026-05,2026-05-15 00:00,Алматы,,Titan Oil - Махачкала,нефть,5845.0,2026-05-16 00:00,"7/259,7/260,1/127,2/127 от 16.05.2026",Махачкала,КМТФ,Сaspian Sea Crude Oil 08.09.26.xlsx
2026-05,2026-05-09 19:30,Казахстан,,BB Energy-Б,Газовый конденсат,8676.96,2026-05-18 15:50,,Сангачал (нефтепродукты),Caspiy Shipping,Сaspian Sea Crude Oil 08.09.26.xlsx
2026-05,2026-05-13 00:00,Джаббар Гашимов,,TCO Baku,нефть,8655.0,2026-05-18 00:00,5/55 от 18.05.2026,Сангачал,ASCO,Сaspian Sea Crude Oil 08.09.26.xlsx
2026-05,2026-05-17 00:00,Тараз,,Titan Oil - Махачкала,нефть,6588.0,2026-05-19 00:00,"7/261,7/262,1/128,2/128 от 19.05.2026",Махачкала,CIMS,Сaspian Sea Crude Oil 08.09.26.xlsx
2026-05,2026-05-18 00:00,Лива,,Titan Oil - Махачкала,нефть,6790.0,2026-05-19 00:00,"7/263,7/264,1/129,2/129 от 19.05.2026",Махачкала,CIMS,Сaspian Sea Crude Oil 08.09.26.xlsx
2026-05,2026-05-19 00:00,Астана,,KMG Kashagan B.V.,нефть,8723.0,2026-05-19 00:00,"8/13,8/14 от 19.05.2026",Сангачал,КМТФ,Сaspian Sea Crude Oil 08.09.26.xlsx
2026-05,2026-05-21 00:00,Алматы,,Titan Oil - Махачкала,нефть,5844.0,2026-05-22 00:00,"7/265,7/266,1/130,2/130 от 21.05.2026",Махачкала,КМТФ,Сaspian Sea Crude Oil 08.09.26.xlsx
2026-05,2026-05-22 00:00,ТК Актау,,TCO Baku,нефть,8759.0,2026-05-23 00:00,5/56 от 23.05.2026,Сангачал,КМТФ,Сaspian Sea Crude Oil 08.09.26.xlsx
2026-05,2026-05-22 00:00,Дж.Маммедгулузаде,,Titan Oil - Махачкала,нефть,5688.0,2026-05-23 00:00,"7/267, 7/268, 2/131, 2/132 от 23.05.26",Махачкала,ASCO,Сaspian Sea Crude Oil 08.09.26.xlsx
2026-05,2026-05-23 00:00,Астана,,TCO Baku,нефть,8709.0,2026-05-24 00:00,5/57 от 24.05.2026,Сангачал,КМТФ,Сaspian Sea Crude Oil 08.09.26.xlsx
2026-05,2026-05-24 00:00,Лива,,Titan Oil - Махачкала,нефть,6600.0,2026-05-25 00:00,"7/269,7/270, 1/132, 2/132 от 24.05.26",Махачкала,CIMS,Сaspian Sea Crude Oil 08.09.26.xlsx
2026-05,2026-05-24 00:00,Пр.Гейдар Алиев,,TCO Baku,нефть,9352.0,2026-05-25 00:00,5/58 от 25.05.2026,Сангачал,ASCO,Сaspian Sea Crude Oil 08.09.26.xlsx
2026-05,2026-05-25 00:00,Алматы,,Titan Oil - Махачкала,нефть,5771.0,2026-05-25 00:00,"7/271, 7/272 от 25.05.2026",Махачкала,КМТФ,Сaspian Sea Crude Oil 08.09.26.xlsx
2026-05,2026-05-25 00:00,Тараз,,Titan Oil - Махачкала,нефть,6592.0,2026-05-26 00:00,"7/273, 7/274, 1/133, 2/133 от 26.05.2026",Махачкала,CIMS,Сaspian Sea Crude Oil 08.09.26.xlsx
2026-05,2026-05-26 00:00,Дж.Маммедгулузаде,,Titan Oil - Махачкала,нефть,5682.0,2026-05-27 00:00,"7/275,7/276,1/134,2/134 от 26.05.2026",Махачкала,ASCO,Сaspian Sea Crude Oil 08.09.26.xlsx
2026-05,2026-05-27 00:00,ТК Актау,,KMG Kashagan B.V.,нефть,8756.0,2026-05-27 00:00,8/15 от 27.05.2026,Сангачал,КМТФ,Сaspian Sea Crude Oil 08.09.26.xlsx
2026-05,2026-05-28 00:00,Астана,,Titan Oil - Махачкала,нефть,5843.0,2026-05-28 00:00,"7/277, 7/278, 1/135, 2/135 от 28.05.2026",Махачкала,КМТФ,Сaspian Sea Crude Oil 08.09.26.xlsx
2026-05,2026-05-31 00:00,Тараз,,Titan Oil - Махачкала,нефть,6579.0,2026-05-31 00:00,"7/279,7/280 от 31.05.2026",Махачкала,CIMS,Сaspian Sea Crude Oil 08.09.26.xlsx
2026-05,2026-05-31 00:00,Лива,,Titan Oil - Махачкала,нефть,6786.0,2026-05-31 00:00,"7/281,7/282, 1/136, 2/136 от 31.05.2026",Махачкала,CIMS,Сaspian Sea Crude Oil 08.09.26.xlsx
2026-05,2026-05-31 00:00,Алматы,,Titan Oil - Махачкала,нефть,1564.0,2026-06-01 00:00,7/283 от 31.05.2026,Махачкала,КМТФ,Сaspian Sea Crude Oil 08.09.26.xlsx
2026-06,2026-05-31 00:00,Алматы,,Titan Oil - Махачкала,нефть,4277.0,2026-06-01 00:00,"7/284, 7/285, 1/137, 2/137 от 01.06.2026",Махачкала,КМТФ,Сaspian Sea Crude Oil 08.09.26.xlsx
2026-06,2026-05-22 07:30,Казахстан,,BB Energy-Б,Газовый конденсат,8699.872,2026-06-02 00:30,,Сангачал (нефтепродукты),Caspiy Shipping,Сaspian Sea Crude Oil 08.09.26.xlsx
2026-06,2026-06-01 00:00,ТК Актау,,TCO Baku,нефть,8758.0,2026-06-02 00:00,5/59 от 02.06.2026,Сангачал,КМТФ,Сaspian Sea Crude Oil 08.09.26.xlsx
2026-06,2026-06-01 00:00,Астана,,Titan Oil - Махачкала,нефть,5834.0,2026-06-02 00:00,"7/286, 7/287, 7/288, 7/289, 1/138, 2/139 от 02.06.2026",Махачкала,КМТФ,Сaspian Sea Crude Oil 08.09.26.xlsx
2026-06,2026-05-28 00:00,Джаббар Гашимов,,TCO Baku,нефть,8639.0,2026-06-04 00:00,5/60 от 03.06.2026,Сангачал,ASCO,Сaspian Sea Crude Oil 08.09.26.xlsx
2026-06,2026-06-03 00:00,Дж.Маммедгулузаде,,Titan Oil - Махачкала,нефть,5683.0,2026-06-04 00:00,"7/290, 7/291, 1/139, 2/139 от 04.06.2026",Махачкала,ASCO,Сaspian Sea Crude Oil 08.09.26.xlsx
2026-06,2026-06-04 00:00,Алматы,,Titan Oil - Махачкала,нефть,5839.0,2026-06-05 00:00,"7/292, 7/293, 1/140, 2/140 от 05.06.2026",Махачкала,КМТФ,Сaspian Sea Crude Oil 08.09.26.xlsx
2026-06,2026-06-05 00:00,Астана,,TCO Baku,нефть,8724.0,2026-06-06 00:00,5/61 от 06.06.2026,Сангачал,КМТФ,Сaspian Sea Crude Oil 08.09.26.xlsx
2026-06,2026-06-05 00:00,Лива,,Titan Oil - Махачкала,нефть,6592.0,2026-06-06 00:00,"7/294, 7/295, 1/141,2/141 от 06.06.2026",Махачкала,CIMS,Сaspian Sea Crude Oil 08.09.26.xlsx
2026-06,2026-06-06 00:00,Пр.Гейдар Алиев,,TCO Baku,нефть,9354.0,2026-06-07 00:00,5/62 от 07.06.2026,Сангачал,ASCO,Сaspian Sea Crude Oil 08.09.26.xlsx
2026-06,2026-06-08 00:00,Дж.Маммедгулузаде,,Titan Oil - Махачкала,нефть,5695.0,2026-06-09 00:00,"7/296, 7/297, 1/142, 2/142 от 08.06.2026",Махачкала,ASCO,Сaspian Sea Crude Oil 08.09.26.xlsx
2026-06,2026-06-06 00:00,ТК Актау,,TCO Baku,нефть,8706.0,2026-06-09 00:00,5/63 от 09.06.2026,Сангачал,КМТФ,Сaspian Sea Crude Oil 08.09.26.xlsx
2026-06,2026-06-08 00:00,Алматы,,Titan Oil - Махачкала,нефть,5842.0,2026-06-09 00:00,"2/798, 2/799, 1/143, 2/143 от 09.06.2026",Махачкала,КМТФ,Сaspian Sea Crude Oil 08.09.26.xlsx
2026-06,2026-06-09 00:00,Лива,,Titan Oil - Махачкала,нефть,6587.0,2026-06-10 00:00,"7/300, 7/301, 1/144, 2/144 от 10.06.2026",Махачкала,CIMS,Сaspian Sea Crude Oil 08.09.26.xlsx
2026-06,2026-06-06 03:00,Казахстан,,BB Energy-Б,Газовый конденсат,8735.405,2026-06-11 04:50,,Сангачал (нефтепродукты),Caspiy Shipping,Сaspian Sea Crude Oil 08.09.26.xlsx
2026-06,2026-06-10 11:30,Астана,,TCO Baku,нефть,8736.0,2026-06-11 05:25,5/64 от 10.06.2026,Сангачал,КМТФ,Сaspian Sea Crude Oil 08.09.26.xlsx
2026-06,2026-06-11 00:00,Джаббар Гашимов,,TCO Baku,нефть,8652.0,2026-06-12 00:00,5/65 от 12.06.2026,Сангачал,ASCO,Сaspian Sea Crude Oil 08.09.26.xlsx
2026-06,2026-06-12 00:00,Тараз,,Titan Oil - Махачкала,нефть,6591.0,2026-06-13 00:00,"7/302, 7/303, 1/145, 2/145 от 13.06.2026",Махачкала,CIMS,Сaspian Sea Crude Oil 08.09.26.xlsx
2026-06,2026-06-12 00:00,Алматы,,Titan Oil - Махачкала,нефть,6339.0,2026-06-13 00:00,"7/304, 7/305, 1/146, 2/146 от 13.06.2026",Махачкала,КМТФ,Сaspian Sea Crude Oil 08.09.26.xlsx
2026-06,2026-06-12 00:00,Лива,,Titan Oil - Махачкала,нефть,6782.0,2026-06-14 00:00,"7/306, 7/307, 1/147, 2/147 от 13.06.2026",Махачкала,CIMS,Сaspian Sea Crude Oil 08.09.26.xlsx
2026-06,2026-06-11 00:00,Абай,,Titan Oil - Махачкала,нефть,6306.0,2026-06-15 00:00,"7/308, 7/309, 1/148, 2/148 от 14.06.2026",Махачкала,Caspiy Shipping,Сaspian Sea Crude Oil 08.09.26.xlsx
2026-06,2026-06-14 00:00,Дж.Маммедгулузаде,,Titan Oil - Махачкала,нефть,5674.0,2026-06-15 00:00,"7/310, 7/311, 1/149, 2/149 от 15.06.2026",Махачкала,ASCO,Сaspian Sea Crude Oil 08.09.26.xlsx
2026-06,2026-06-12 00:00,ТК Актау,,TCO Baku,нефть,9149.0,2026-06-15 00:00,5/66 от 15.06.2026,Сангачал,КМТФ,Сaspian Sea Crude Oil 08.09.26.xlsx
2026-06,2026-06-14 00:00,Астана,,TCO Baku,нефть,9168.0,2026-06-17 00:00,5/67 от 17.06.2026,Сангачал,КМТФ,Сaspian Sea Crude Oil 08.09.26.xlsx
2026-06,2026-06-16 00:00,Алматы,,Titan Oil - Махачкала,нефть,6348.0,2026-06-17 00:00,"7/312, 7/313, 1/150, 2/150 от 17.06.2026",Махачкала,КМТФ,Сaspian Sea Crude Oil 08.09.26.xlsx
2026-06,2026-06-17 00:00,Тараз,,Titan Oil - Махачкала,нефть,6685.0,2026-06-18 00:00,"7/314, 7/315, 1/151, 2/151 от 18.06.2026",Махачкала,CIMS,Сaspian Sea Crude Oil 08.09.26.xlsx
2026-06,2026-06-18 00:00,Дж.Маммедгулузаде,,Titan Oil - Махачкала,нефть,5662.0,2026-06-19 00:00,"7/316, 7/317, 1/152, 2/152 от 18.06.2026",Махачкала,ASCO,Сaspian Sea Crude Oil 08.09.26.xlsx
2026-06,2026-06-18 00:00,Лива,,Titan Oil - Махачкала,нефть,6781.0,2026-06-19 00:00,"7/318, 7/319, 1/153, 2/153 от 19.06.2026",Махачкала,CIMS,Сaspian Sea Crude Oil 08.09.26.xlsx
2026-06,2026-06-19 00:00,ТК Актау,,Titan Oil - Махачкала,нефть,6219.0,2026-06-19 00:00,"7/320, 7/321, 1/154, 2/154 от 19.06.2026",Махачкала,КМТФ,Сaspian Sea Crude Oil 08.09.26.xlsx
2026-06,2026-06-19 00:00,Пр.Гейдар Алиев,,TCO Baku,нефть,9714.0,2026-06-20 00:00,5/68 от 20.06.2026,Сангачал,ASCO,Сaspian Sea Crude Oil 08.09.26.xlsx
2026-06,2026-06-20 00:00,Казахстан,,BB Energy-Б,Газовый конденсат,8710.552,2026-06-21 00:00,,Сангачал (нефтепродукты),Caspiy Shipping,Сaspian Sea Crude Oil 08.09.26.xlsx
2026-06,2026-06-20 00:00,Алматы,,Titan Oil - Махачкала,нефть,6347.0,2026-06-21 00:00,"7/322, 7/323, 1/155, 2/155 от 21.06.2026",Махачкала,КМТФ,Сaspian Sea Crude Oil 08.09.26.xlsx
2026-06,2026-06-21 00:00,Тараз,,Titan Oil - Махачкала,нефть,6681.0,2026-06-22 00:00,"7/324, 7/325, 1/156, 2/156 от 22.06.2026",Махачкала,CIMS,Сaspian Sea Crude Oil 08.09.26.xlsx
2026-06,2026-06-21 00:00,Астана,,TCO Baku,нефть,9176.0,2026-06-22 00:00,5/69 от 22.06.2026,Сангачал,КМТФ,Сaspian Sea Crude Oil 08.09.26.xlsx
2026-06,2026-06-20 00:00,Абай,,Titan Oil - Махачкала,нефть,6332.0,2026-06-22 00:00,"7/326, 7/327, 1/157, 2/157 от 22.06.2026",Махачкала,Caspiy Shipping,Сaspian Sea Crude Oil 08.09.26.xlsx
2026-06,2026-06-22 00:00,Дж.Маммедгулузаде,,Titan Oil - Махачкала,нефть,5679.0,2026-06-23 00:00,"7/328, 7/329, 1/158, 2/158 от 23.06.2026",Махачкала,ASCO,Сaspian Sea Crude Oil 08.09.26.xlsx
2026-06,2026-06-22 00:00,Лива,,Titan Oil - Махачкала,нефть,6788.0,2026-06-23 00:00,"7/330, 7/331, 1/159, 2/159 от 23.06.2026",Махачкала,CIMS,Сaspian Sea Crude Oil 08.09.26.xlsx
2026-06,2026-06-23 00:00,ТК Актау,,TCO Baku,нефть,9157.0,2026-06-24 00:00,5/70 от 24.06.2026,Сангачал,КМТФ,Сaspian Sea Crude Oil 08.09.26.xlsx
2026-06,2026-06-24 00:00,Алматы,,Titan Oil - Махачкала,нефть,6354.0,2026-06-25 00:00,"7/332, 7/333, 1/160, 2/160 от 25.06.2026",Махачкала,КМТФ,Сaspian Sea Crude Oil 08.09.26.xlsx
2026-06,2026-06-25 00:00,Казахстан,,Titan Oil - Махачкала,нефть,6345.0,2026-06-26 00:00,"7/334, 7/335, 1/161, 2/161 от 26.06.2026",Махачкала,Caspiy Shipping,Сaspian Sea Crude Oil 08.09.26.xlsx
2026-06,2026-06-25 00:00,Виктория,,ТОО «Потенциал Ойл»,нефть,4480.0,2026-06-26 00:00,,Дюбенди,ASCO,Сaspian Sea Crude Oil 08.09.26.xlsx
2026-06,2026-06-25 00:00,Тараз,,Titan Oil - Махачкала,нефть,6679.0,2026-06-26 00:00,"7/336, 7/337, 7/338 1/162, 2/162 от 26.06.2026",Махачкала,CIMS,Сaspian Sea Crude Oil 08.09.26.xlsx
2026-06,2026-06-26 00:00,Абай,,Titan Oil - Махачкала,нефть,6337.0,2026-06-27 00:00,"7/339, 7/340, 7/341, 1/163, 2/163 от 27.06.2026",Махачкала,Caspiy Shipping,Сaspian Sea Crude Oil 08.09.26.xlsx
2026-06,2026-06-27 00:00,Дж.Маммедгулузаде,,Titan Oil - Махачкала,нефть,2499.0,2026-07-01 00:00,"7/342, 7/343 от 30.06.2026",Махачкала,ASCO,Сaspian Sea Crude Oil 08.09.26.xlsx
2026-07,2026-06-27 00:00,Дж.Маммедгулузаде,,Titan Oil - Махачкала,нефть,3180.0,2026-07-01 00:00,"7/344, 7/345, 1/164, 2/164 от 01.07.2026",Махачкала,ASCO,Сaspian Sea Crude Oil 08.09.26.xlsx
2026-07,2026-06-26 00:00,Астана,,TCO Baku,нефть,9139.0,2026-07-01 00:00,5/71 от 01.07.2026,Сангачал,КМТФ,Сaspian Sea Crude Oil 08.09.26.xlsx
2026-07,2026-06-27 00:00,Лива,,Titan Oil - Махачкала,нефть,6788.0,2026-07-01 00:00,"7/346, 7/347, 1/165, 2/165 от 01.07.2026",Махачкала,CIMS,Сaspian Sea Crude Oil 08.09.26.xlsx
2026-07,2026-06-30 00:00,Алматы,,Titan Oil - Махачкала,нефть,6344.0,2026-07-02 00:00,"7/348, 7/349, 1/166, 2/166 от 02.07.2026",Махачкала,КМТФ,Сaspian Sea Crude Oil 08.09.26.xlsx
2026-07,2026-06-29 00:00,Тараз,,Titan Oil - Махачкала,нефть,6792.0,2026-07-02 00:00,"7/350, 7/351, 1/167, 2/167 от 02.07.2026",Махачкала,CIMS,Сaspian Sea Crude Oil 08.09.26.xlsx
2026-07,2026-07-01 00:00,Казахстан,,BB Energy-Б,Газовый конденсат,8776.761,2026-07-02 00:00,,Сангачал (нефтепродукты),Caspiy Shipping,Сaspian Sea Crude Oil 08.09.26.xlsx
2026-07,2026-06-28 00:00,ТК Актау,,TCO Baku,нефть,9100.0,2026-07-03 00:00,5/72 от 03.07.2026,Сангачал,КМТФ,Сaspian Sea Crude Oil 08.09.26.xlsx
2026-07,2026-07-03 00:00,Абай,,Titan Oil - Махачкала,нефть,6345.0,2026-07-04 00:00,"7/352, 7/353, 7/354, 7/ 355, 1/168, 2/168 от 04.07.26",Махачкала,Caspiy Shipping,Сaspian Sea Crude Oil 08.09.26.xlsx
2026-07,2026-07-04 00:00,Дж.Маммедгулузаде,,Titan Oil - Махачкала,нефть,5689.0,2026-07-05 00:00,"7/356,7/357, 1/169, 2/169 от 05.07.26",Махачкала,ASCO,Сaspian Sea Crude Oil 08.09.26.xlsx
2026-07,2026-07-05 00:00,Астана,,TCO Baku,нефть,9171.0,2026-07-06 00:00,5/73 от 06.07.2026,Сангачал,КМТФ,Сaspian Sea Crude Oil 08.09.26.xlsx
2026-07,2026-07-06 00:00,Лива,,Titan Oil - Махачкала,нефть,6796.0,2026-07-07 00:00,"7/358, 7/359, 1/170, 2/170 от 07.07.2026",Махачкала,CIMS,Сaspian Sea Crude Oil 08.09.26.xlsx
2026-07,2026-07-06 00:00,Тараз,,Titan Oil - Махачкала,нефть,6790.0,2026-07-07 00:00,"7/360, 7/361, 1/171, 2/171 от 07.07.2026",Махачкала,CIMS,Сaspian Sea Crude Oil 08.09.26.xlsx
2026-07,2026-07-05 00:00,Джаббар Гашимов,,TCO Baku,нефть,8614.0,2026-07-07 00:00,5/74 от 07.07.2026,Сангачал,ASCO,Сaspian Sea Crude Oil 08.09.26.xlsx
2026-07,2026-07-06 00:00,Казахстан,,Titan Oil - Махачкала,нефть,6335.0,2026-07-08 00:00,"7/362, 7/363, 1/172, 2/172 от 08.07.2026",Махачкала,Caspiy Shipping,Сaspian Sea Crude Oil 08.09.26.xlsx
2026-07,2026-07-08 00:00,Алматы,,Titan Oil - Махачкала,нефть,6332.0,2026-07-08 00:00,"7/364, 7/365, 1/173, 2/173 от 08.07.2026",Махачкала,КМТФ,Сaspian Sea Crude Oil 08.09.26.xlsx
2026-07,2026-07-07 00:00,ТК Актау,,TCO Baku,нефть,9166.0,2026-07-09 00:00,5/75 от 09.07.2026,Сангачал,КМТФ,Сaspian Sea Crude Oil 08.09.26.xlsx
2026-07,2026-07-09 00:00,Абай,,Titan Oil - Махачкала,нефть,6345.0,2026-07-09 00:00,"7/366, 7/377, 1/174, 2/174 от 09.07.2026",Махачкала,Caspiy Shipping,Сaspian Sea Crude Oil 08.09.26.xlsx
2026-07,2026-07-10 00:00,Дж.Маммедгулузаде,,Titan Oil - Махачкала,нефть,5684.0,2026-07-10 00:00,"7/368, 7/369, 1/175, 2/175 от 10.07.2026",Махачкала,ASCO,Сaspian Sea Crude Oil 08.09.26.xlsx
2026-07,2026-07-11 00:00,Тараз,,Titan Oil - Махачкала,нефть,6589.0,2026-07-12 00:00,"7/370, 7/371, 1/176, 2/176 от 12.07.2026",Махачкала,CIMS,Сaspian Sea Crude Oil 08.09.26.xlsx
2026-07,2026-07-10 00:00,Пр.Гейдар Алиев,,TCO Baku,нефть,9651.0,2026-07-12 00:00,5/76 от 12.07.2026,Махачкала,ASCO,Сaspian Sea Crude Oil 08.09.26.xlsx
2026-07,2026-07-12 00:00,Лива,,Titan Oil - Махачкала,нефть,6585.0,2026-07-13 00:00,"7/372, 7/373, 1/177,2/177 от 13.07.2026",Махачкала,CIMS,Сaspian Sea Crude Oil 08.09.26.xlsx
2026-07,2026-07-11 00:00,Астана,,KMG Kashagan B.V.,нефть,8857.0,2026-07-13 00:00,"8/16, 8/17 от 13.07.2026",Сангачал,КМТФ,Сaspian Sea Crude Oil 08.09.26.xlsx
2026-07,2026-07-12 00:00,Джаббар Гашимов,,TCO Baku,нефть,8647.0,2026-07-14 00:00,5/77 от 14.07.2026,Сангачал,ASCO,Сaspian Sea Crude Oil 08.09.26.xlsx
2026-07,2026-07-13 00:00,Казахстан,,BB Energy-Б,Газовый конденсат,8726.07,2026-07-15 00:00,,,,Сaspian Sea Crude Oil 08.09.26.xlsx
2026-07,2026-07-13 00:00,ТК Актау,,TCO Baku,нефть,9158.0,2026-07-16 00:00,5/78 от 16.07.2026,Сангачал,КМТФ,Сaspian Sea Crude Oil 08.09.26.xlsx
2026-07,2026-07-16 00:00,Алматы,,Titan Oil - Махачкала,нефть,6330.0,2026-07-17 00:00,"7/374, 7/375, 1/178, 2/178 от 17.07.2026",Махачкала,КМТФ,Сaspian Sea Crude Oil 08.09.26.xlsx
2026-07,2026-07-16 00:00,Дж.Маммедгулузаде,,Titan Oil - Махачкала,нефть,5674.0,2026-07-17 00:00,"7/376, 7/377, 1/179, 2/179 от 17.07.2026",Махачкала,ASCO,Сaspian Sea Crude Oil 08.09.26.xlsx
2026-07,2026-07-16 00:00,Абай,,Titan Oil - Махачкала,нефть,6335.0,2026-07-18 00:00,"7/378, 7/379, 1/180, 2/180 от 18.07.2026",Махачкала,Caspiy Shipping,Сaspian Sea Crude Oil 08.09.26.xlsx
2026-07,2026-07-18 00:00,Тараз,,Titan Oil - Махачкала,нефть,6590.0,2026-07-19 00:00,"7/380, 7/381, 1/181, 2/181 от 19.07.2026",Махачкала,CIMS,Сaspian Sea Crude Oil 08.09.26.xlsx
2026-07,2026-07-18 00:00,Пр.Гейдар Алиев,,TCO Baku,нефть,9727.0,2026-07-19 00:00,5/79 от 19.07.2026,Сангачал,ASCO,Сaspian Sea Crude Oil 08.09.26.xlsx
2026-07,2026-07-19 00:00,Лива,,Titan Oil - Махачкала,нефть,6592.0,2026-07-20 00:00,"7/382, 7/383, 1/182, 2/182 от 20.07.2026",Махачкала,CIMS,Сaspian Sea Crude Oil 08.09.26.xlsx
2026-07,2026-07-20 00:00,Астана,,TCO Baku,нефть,9165.0,2026-07-21 00:00,5/80 от 20.07.2026,Сангачал,КМТФ,Сaspian Sea Crude Oil 08.09.26.xlsx
2026-07,2026-07-20 00:00,Казахстан,,BB Energy-Б,Газовый конденсат,9071.858,2026-07-22 00:00,,Сангачал (нефтепродукты),Caspiy Shipping,Сaspian Sea Crude Oil 08.09.26.xlsx
2026-07,2026-07-22 00:00,ТК Актау,,TCO Baku,нефть,9168.0,2026-07-22 00:00,5/81 от 22.07.2026,Сангачал,КМТФ,Сaspian Sea Crude Oil 08.09.26.xlsx
2026-07,2026-07-22 00:00,Алматы,,Titan Oil - Махачкала,нефть,6348.0,2026-07-24 00:00,"7/384, 7/385, 1/183, 2/183 от 24.07.26",Махачкала,КМТФ,Сaspian Sea Crude Oil 08.09.26.xlsx
2026-07,2026-07-22 00:00,Дж.Маммедгулузаде,,Titan Oil - Махачкала,нефть,5702.0,2026-07-24 00:00,"7/386, 7/387, 1/184, 2/184 от 24.07.26",Махачкала,ASCO,Сaspian Sea Crude Oil 08.09.26.xlsx
2026-07,2026-07-22 00:00,Джаббар Гашимов,,KMG Kashagan B.V.,нефть,8703.0,2026-07-24 00:00,8/18 от 24.07.26,Сангачал,ASCO,Сaspian Sea Crude Oil 08.09.26.xlsx
2026-07,2026-07-24 00:00,Астана,,TCO Baku,нефть,9164.0,2026-07-25 00:00,5/82 от 25.07.26,Сангачал,КМТФ,Сaspian Sea Crude Oil 08.09.26.xlsx
2026-07,2026-07-24 00:00,Куруш,,Titan Oil - Махачкала,нефть,6476.0,2026-07-25 00:00,"7/388, 7/399, 1/185, 2/185, 4/7 от 25.07.26",Махачкала,AB Fleet,Сaspian Sea Crude Oil 08.09.26.xlsx
2026-07,2026-07-25 00:00,Тараз,,Titan Oil - Махачкала,нефть,6594.0,2026-07-25 00:00,"7/390, 7/391, 1/186, 2/186 от 25.07.2026",Махачкала,CIMS,Сaspian Sea Crude Oil 08.09.26.xlsx
2026-07,2026-07-25 00:00,Лива,,Titan Oil - Махачкала,нефть,6593.0,2026-07-26 00:00,"7/392,7/393, 1/187,2/187 от 26.07.26",Махачкала,CIMS,Сaspian Sea Crude Oil 08.09.26.xlsx
2026-07,2026-07-26 00:00,ТК Актау,,TCO Baku,нефть,9161.0,2026-07-27 00:00,5/83 от 27.07.2026,Сангачал,КМТФ,Сaspian Sea Crude Oil 08.09.26.xlsx
2026-07,2026-07-23 00:00,Абай,,Titan Oil - Махачкала,нефть,6331.0,2026-07-29 00:00,"7/394, 7/395, 1/188, 2/188, 4/8 от 29.07.2026",Махачкала,Caspiy Shipping,Сaspian Sea Crude Oil 08.09.26.xlsx
2026-07,2026-07-29 00:00,Алматы,,Titan Oil - Махачкала,нефть,6333.0,2026-07-30 00:00,"7/396, 7/397, 1/189, 2/189 от 30.07.2026",Махачкала,КМТФ,Сaspian Sea Crude Oil 08.09.26.xlsx
2026-07,2026-07-30 00:00,Джаббар Гашимов,,TCO Baku,нефть,9058.0,2026-07-30 00:00,5/84 от 30.07.2026,Сангачал,ASCO,Сaspian Sea Crude Oil 08.09.26.xlsx
2026-07,2026-07-30 00:00,Дж.Маммедгулузаде,,Titan Oil - Махачкала,нефть,5773.0,2026-07-31 00:00,"7/398, 7/399,1/190,2/190 от 31.07.2026",Махачкала,ASCO,Сaspian Sea Crude Oil 08.09.26.xlsx
2026-07,2026-07-26 00:00,Казахстан,,BB Energy-Б,Газовый конденсат,9089.566,2026-07-31 00:00,,Сангачал (нефтепродукты),Caspiy Shipping,Сaspian Sea Crude Oil 08.09.26.xlsx
2026-07,2026-07-31 00:00,ТК Актау,,TCO Baku,нефть,9156.0,2026-07-31 00:00,5/85 от 31.07.2026,Сангачал,КМТФ,Сaspian Sea Crude Oil 08.09.26.xlsx
2026-08,2026-07-31 00:00,Лива,,Titan Oil - Махачкала,нефть,6603.0,2026-08-01 00:00,"7/400, 7/401, 1/191, 2/191 от 01.08.2026",Махачкала,CIMS,Сaspian Sea Crude Oil 08.09.26.xlsx
2026-08,2026-08-01 00:00,Куруш,,Titan Oil - Махачкала,нефть,6478.0,2026-08-01 00:00,"7/402, 7/403, 1/192, 2/192 от 01.08.2026",Махачкала,AB Fleet,Сaspian Sea Crude Oil 08.09.26.xlsx
2026-08,2026-08-01 00:00,Астана,,TCO Baku,нефть,9169.0,2026-08-02 00:00,5/86 от 02.08.26,Сангачал,КМТФ,Сaspian Sea Crude Oil 08.09.26.xlsx
2026-08,2026-08-01 00:00,Тараз,,Titan Oil - Махачкала,нефть,6579.0,2026-08-02 00:00,"7/404, 7/405, 1/193, 2/193 от 02.08.2026",Махачкала,CIMS,Сaspian Sea Crude Oil 08.09.26.xlsx
2026-08,2026-08-02 00:00,Абай,,Titan Oil - Махачкала,нефть,6340.0,2026-08-04 00:00,"7/406, 7/407, 1/194, 2/194 от 04.08.2026",Махачкала,Caspiy Shipping,Сaspian Sea Crude Oil 08.09.26.xlsx
2026-08,2026-08-04 00:00,Джаббар Гашимов,,TCO Baku,нефть,9044.0,2026-08-04 00:00,5/87 от 04.08.2026,Сангачал,ASCO,Сaspian Sea Crude Oil 08.09.26.xlsx
2026-08,2026-08-05 00:00,ТК Актау,,TCO Baku,нефть,9142.0,2026-08-05 00:00,5/88 от 05.08.2026,Сангачал,КМТФ,Сaspian Sea Crude Oil 08.09.26.xlsx
2026-08,2026-08-05 00:00,Алматы,,Titan Oil - Махачкала,нефть,6340.0,2026-08-05 00:00,"7/408, 7/409, 1/195, 2/195 от 05.08.2026",Махачкала,КМТФ,Сaspian Sea Crude Oil 08.09.26.xlsx
2026-08,2026-08-05 00:00,Дж.Маммедгулузаде,,Titan Oil - Махачкала,нефть,5691.0,2026-08-06 00:00,"7/410, 7/411, 1/196, 2/196 от 06.08.2026",Махачкала,ASCO,Сaspian Sea Crude Oil 08.09.26.xlsx
2026-08,2026-08-04 00:00,Казахстан,,Titan Oil - Махачкала,нефть,6345.0,2026-08-06 00:00,"7/412, 7/413, 1/197, 2/197 от 06.08.2026",Махачкала,Caspiy Shipping,Сaspian Sea Crude Oil 08.09.26.xlsx
2026-08,2026-08-06 00:00,Астана,,TCO Baku,нефть,9160.0,2026-08-07 00:00,5/89 от 07.08.2026,Сангачал,КМТФ,Сaspian Sea Crude Oil 08.09.26.xlsx
2026-08,2026-08-07 00:00,Лива,,Titan Oil - Махачкала,нефть,6591.0,2026-08-08 00:00,"7/414, 7/415, 7/416, 7/417, 1/198, 2/198 от 07.08.2026",Махачкала,CIMS,Сaspian Sea Crude Oil 08.09.26.xlsx
2026-08,2026-08-08 00:00,Тараз,,Titan Oil - Махачкала,нефть,6595.0,2026-08-09 00:00,"7/418, 7/419, 1/199, 2/199 от 09.08.2026",Махачкала,CIMS,Сaspian Sea Crude Oil 08.09.26.xlsx
2026-08,2026-08-09 00:00,Абай,,Titan Oil - Махачкала,нефть,6346.0,2026-08-10 00:00,"7/420, 7/421, 1/200, 2/200 от 10.08.2026",Махачкала,Caspiy Shipping,Сaspian Sea Crude Oil 08.09.26.xlsx
2026-08,2026-08-08 00:00,Пр.Гейдар Алиев,,TCO Baku,нефть,9738.0,2026-08-10 00:00,5/90 от 10.08.2026,Сангачал,ASCO,Сaspian Sea Crude Oil 08.09.26.xlsx
2026-08,2026-08-11 00:00,Дж.Маммедгулузаде,,Titan Oil - Махачкала,нефть,5697.0,2026-08-11 00:00,"7/422, 7/423, 2/201, 2/202 от 11.08.2026",Махачкала,ASCO,Сaspian Sea Crude Oil 08.09.26.xlsx
2026-08,2026-08-10 00:00,Алматы,,KMG Kashagan B.V.,нефть,8980.0,2026-08-12 00:00,"8/19, 8/20, 8/21 от 11.08.2026",Сангачал,КМТФ,Сaspian Sea Crude Oil 08.09.26.xlsx
2026-08,2026-08-11 00:00,Джаббар Гашимов,,TCO Baku,нефть,9067.0,2026-08-12 00:00,5/91 от 12.08.2026,Сангачал,ASCO,Сaspian Sea Crude Oil 08.09.26.xlsx
2026-08,2026-08-12 00:00,Лива,,Titan Oil - Махачкала,нефть,6590.0,2026-08-13 00:00,"7/424, 7/425, 1/202, 2/202 от 13.08.2026",Махачкала,CIMS,Сaspian Sea Crude Oil 08.09.26.xlsx
2026-08,2026-08-10 00:00,ТК Актау,,TCO Baku,нефть,9152.0,2026-08-14 00:00,5/92 от 13.08.2026,Сангачал,КМТФ,Сaspian Sea Crude Oil 08.09.26.xlsx
2026-08,2026-08-13 00:00,Казахстан,,BB Energy-Б,Газовый конденсат,9180.066,2026-08-14 00:00,,Сангачал,Caspiy Shipping,Сaspian Sea Crude Oil 08.09.26.xlsx
2026-08,2026-08-14 00:00,Абай,,Titan Oil - Махачкала,нефть,6342.0,2026-08-15 00:00,"7/426, 7/427, 1/203, 2/203 от 15.08.2026",Махачкала,Caspiy Shipping,Сaspian Sea Crude Oil 08.09.26.xlsx
2026-08,2026-08-14 00:00,Тараз,,Titan Oil - Махачкала,нефть,6590.0,2026-08-15 00:00,"7/428, 7/429, 1/204, 2/204 от 15.08.2026",Махачкала,CIMS,Сaspian Sea Crude Oil 08.09.26.xlsx
2026-08,2026-08-14 00:00,Пр.Гейдар Алиев,,TCO Baku,нефть,9743.0,2026-08-16 00:00,5/93 от 16.08.2026,Сангачал,ASCO,Сaspian Sea Crude Oil 08.09.26.xlsx
2026-08,2026-08-16 00:00,Алматы,,Titan Oil - Махачкала,нефть,6331.0,2026-08-16 00:00,"7/430, 7/431,1/205, 2/205 от 16.08.2026",Махачкала,КМТФ,Сaspian Sea Crude Oil 08.09.26.xlsx
2026-08,2026-08-17 00:00,Астана,,TCO Baku,нефть,9166.0,2026-08-18 00:00,5/94 от 18.08.2026,Сангачал,КМТФ,Сaspian Sea Crude Oil 08.09.26.xlsx
2026-08,2026-08-17 00:00,Дж.Маммедгулузаде,,Titan Oil - Махачкала,нефть,5681.0,2026-08-18 00:00,"7/432, 7/433, 1/206, 2/206 от 18.08.2026",Махачкала,ASCO,Сaspian Sea Crude Oil 08.09.26.xlsx
2026-08,2026-08-18 00:00,Лива,,Titan Oil - Махачкала,нефть,6584.0,2026-08-19 00:00,"7/434, 7/435, 1/207, 2/207 от 19.08.2026",Махачкала,CIMS,Сaspian Sea Crude Oil 08.09.26.xlsx
2026-08,2026-08-19 00:00,Джаббар Гашимов,,KMG Kashagan B.V.,нефть,9051.0,2026-08-19 00:00,8/22 от 19.08.2026,Сангачал,ASCO,Сaspian Sea Crude Oil 08.09.26.xlsx
2026-08,2026-08-19 00:00,Астана,,TCO Baku,нефть,9195.0,2026-08-20 00:00,5/95 от 20.08.2026,Сангачал,КМТФ,Сaspian Sea Crude Oil 08.09.26.xlsx
2026-08,2026-08-19 00:00,Тараз,,Titan Oil - Махачкала,нефть,6594.0,2026-08-20 00:00,"7/436, 7/437, 1/208, 2/208 от 20.08.2026",Махачкала,CIMS,Сaspian Sea Crude Oil 08.09.26.xlsx
2026-08,2026-08-20 00:00,Абай,,Titan Oil - Махачкала,нефть,6338.0,2026-08-21 00:00,"7/438, 7/439, 1/209, 2/209 от 21.08.2026",Махачкала,Caspiy Shipping,Сaspian Sea Crude Oil 08.09.26.xlsx
2026-08,2026-08-19 00:00,Казахстан,,BB Energy-Б,Газовый конденсат,9095.819,2026-08-21 00:00,,Сангачал,Caspiy Shipping,Сaspian Sea Crude Oil 08.09.26.xlsx
2026-08,2026-08-20 00:00,Пр.Гейдар Алиев,,TCO Baku,нефть,9743.0,2026-08-22 00:00,5/96 от 22.08.2026,Сангачал,ASCO,Сaspian Sea Crude Oil 08.09.26.xlsx
2026-08,2026-08-22 00:00,Астана,,TCO Baku,нефть,9166.0,2026-08-23 00:00,5/97 от 23.08.2026,Сангачал,КМТФ,Сaspian Sea Crude Oil 08.09.26.xlsx
2026-08,2026-08-24 00:00,Джаббар Гашимов,,TCO Baku,нефть,9043.0,2026-08-25 00:00,5/98 от 25.08.2026,Сангачал,ASCO,Сaspian Sea Crude Oil 08.09.26.xlsx
2026-08,2026-08-23 00:00,Ходжаванд,,ТОО «Потенциал Ойл»,нефть,4702.0,2026-08-24 00:00,,Дюбенди,ASCO,Сaspian Sea Crude Oil 08.09.26.xlsx
2026-08,2026-08-24 00:00,Дж.Маммедгулузаде,,Titan Oil - Махачкала,нефть,5826.0,2026-08-24 00:00,"7/440, 7/441, 1/210, 2/210 от 24.08.2026",Махачкала,ASCO,Сaspian Sea Crude Oil 08.09.26.xlsx
2026-08,2026-08-24 00:00,Лива,,Titan Oil - Махачкала,нефть,6629.0,2026-08-25 00:00,"7/442, 7/443, 1/211, 2/211 от 25.08.2026",Махачкала,CIMS,Сaspian Sea Crude Oil 08.09.26.xlsx
2026-08,2026-08-24 00:00,Тараз,,Titan Oil - Махачкала,нефть,6633.0,2026-08-25 00:00,"7/444, 7/445, 1/212, 2/212 от 25.08.2026",Махачкала,CIMS,Сaspian Sea Crude Oil 08.09.26.xlsx
2026-08,2026-08-25 00:00,Казахстан,,Titan Oil - Махачкала,нефть,6335.0,2026-08-26 00:00,"7/446, 7/447, 1/213, 2/213 от 26.08.2026",Махачкала,Caspiy Shipping,Сaspian Sea Crude Oil 08.09.26.xlsx
2026-08,2026-08-25 00:00,ТК Актау,,TCO Baku,нефть,9170.0,2026-08-26 00:00,5/99 от 26.08.2026,Сангачал,КМТФ,Сaspian Sea Crude Oil 08.09.26.xlsx
2026-08,2026-08-23 00:00,Алматы,,KMG Kashagan B.V.,нефть,8977.0,2026-08-27 00:00,8/23 от 27.08.2026,Сангачал,КМТФ,Сaspian Sea Crude Oil 08.09.26.xlsx
2026-08,2026-08-27 00:00,Абай,,Titan Oil - Махачкала,нефть,6340.0,2026-08-27 00:00,"7/448, 7/449, 1/214, 2/214 от 27.08.2026",Махачкала,Caspiy Shipping,Сaspian Sea Crude Oil 08.09.26.xlsx
2026-08,2026-08-26 00:00,Пр.Гейдар Алиев,,TCO Baku,нефть,9747.0,2026-08-28 00:00,5/100 от 28.08.2026,Сангачал,ASCO,Сaspian Sea Crude Oil 08.09.26.xlsx
2026-08,2026-08-28 00:00,Астана,,TCO Baku,нефть,9167.0,2026-08-29 00:00,5/101 от 29.08.2026,Сангачал,КМТФ,Сaspian Sea Crude Oil 08.09.26.xlsx
2026-08,2026-08-28 00:00,Лива,,Titan Oil - Махачкала,нефть,6585.0,2026-08-29 00:00,"7/450, 7/451, 1/215, 2/215 от 29.08.2026",Махачкала,CIMS,Сaspian Sea Crude Oil 08.09.26.xlsx
2026-08,2026-08-28 00:00,Дж.Маммедгулузаде,,Titan Oil - Махачкала,нефть,5681.0,2026-08-29 00:00,"7/452, 7/453, 1/216, 2/216 от 29.08.2026",Махачкала,ASCO,Сaspian Sea Crude Oil 08.09.26.xlsx
2026-08,2026-08-29 00:00,Тараз,,Titan Oil - Махачкала,нефть,3566.0,2026-09-01 00:00,"7/454, 7/455, 1/217, 2/217 от 31.08.2026",Махачкала,CIMS,Сaspian Sea Crude Oil 08.09.26.xlsx
2026-09,2026-08-29 00:00,Тараз,,Titan Oil - Махачкала,нефть,3014.0,2026-09-01 00:00,"7/456, 7/457 от 01.09.2026",Махачкала,CIMS,Сaspian Sea Crude Oil 08.09.26.xlsx
2026-09,2026-09-03 00:00,Джаббар Гашимов,,TCO Baku,нефть,9051.0,2026-09-04 00:00,5/102 от 04.09.2026,Сангачал,ASCO,Сaspian Sea Crude Oil 08.09.26.xlsx
2026-09,2026-09-04 00:00,ТК Актау,,TCO Baku,нефть,9162.0,2026-09-05 00:00,5/103 от 05.09.2026,Сангачал,КМТФ,Сaspian Sea Crude Oil 08.09.26.xlsx
2026-09,2026-09-05 00:00,Алматы,,Titan Oil - Махачкала,нефть,6344.0,2026-09-06 00:00,"7/458, 7/459, 1/218, 2/218 от 05.09.2026",Махачкала,КМТФ,Сaspian Sea Crude Oil 08.09.26.xlsx
2026-09,2026-09-05 00:00,Лива,,Titan Oil - Махачкала,нефть,6788.0,2026-09-06 00:00,"7/460, 7/461, 1/219, 2/219 от 06.09.2026",Махачкала,CIMS,Сaspian Sea Crude Oil 08.09.26.xlsx
2026-09,2026-09-06 00:00,Пр.Гейдар Алиев,,TCO Baku,нефть,9743.0,2026-09-07 00:00,5/104 от 07.09.2026,Сангачал,ASCO,Сaspian Sea Crude Oil 08.09.26.xlsx
