idx,charterer,ship,type,fleet,loaded,delivered,bl,year,month,load_port,disch_port,region,distance,src
02-2011 ALA,Cotunav,Alatau,Alatau-Aframax,Own fleet,59853.752,,2012-01-03,2012,1,La Skhirra,Bizerta,Med-Med,Short,2026-08-12
01-2012 ALT,Acontium,Altai,Altai-Aframax,Own fleet,79986.0,,2012-01-05,2012,1,Novorossiysk,Burgas,Black-Black,Short,2026-08-12
01-2012 ALA,Cotunav,Alatau,Alatau-Aframax,Own fleet,74445.486,,2012-01-18,2012,1,La Skhirra,Bizerta,Med-Med,Short,2026-08-12
02-2012 ALT,Vector Energy AG,Altai,Altai-Aframax,Own fleet,79908.0,,2012-01-12,2012,1,Novorossiysk,Midia,Black-Black,Short,2026-08-12
03-2012 ALT,Acontium,Altai,Altai-Aframax,Own fleet,79716.0,,2012-01-20,2012,1,Novorossiysk,Burgas,Black-Black,Short,2026-08-12
04-2012 ALT,Acontium,Altai,Altai-Aframax,Own fleet,79928.0,,2012-01-30,2012,1,Novorossiysk,Midia,Black-Black,Short,2026-08-12
02-2012 ALA,SAMIR,Alatau,Alatau-Aframax,Own fleet,100746.335,,2012-02-15,2012,2,Sidi Kerir,Mohammedia,Med-East Africa,Long,2026-08-12
06-2012 ALT,Acontium,Altai,Altai-Aframax,Own fleet,81104.0,,2012-02-26,2012,2,Novorossiysk,Burgas,Black-Black,Short,2026-08-12
05-2012 ALT,Acontium,Altai,Altai-Aframax,Own fleet,79927.0,,2012-02-13,2012,2,Novorossiysk,Burgas,Black-Black,Short,2026-08-12
03-2012 ALA,Morgan Stanley,Alatau,Alatau-Aframax,Own fleet,83782.288,,2012-03-02,2012,3,Arzew,Coryton,Med-UK,Long,2026-08-12
07-2012 ALT,Acontium,Altai,Altai-Aframax,Own fleet,79952.0,,2012-03-03,2012,3,Novorossiysk,Burgas,Black-Black,Short,2026-08-12
08-2012 ALT,Acontium,Altai,Altai-Aframax,Own fleet,80037.0,,2012-03-10,2012,3,Novorossiysk,Burgas,Black-Black,Short,2026-08-12
09-2012 ALT,Acontium,Altai,Altai-Aframax,Own fleet,80500.0,,2012-03-16,2012,3,Novorossiysk,Burgas,Black-Black,Short,2026-08-12
10-2012 ALT,Vector Energy AG,Altai,Altai-Aframax,Own fleet,79159.0,,2012-03-22,2012,3,Novorossiysk,Midia,Black-Black,Short,2026-08-12
04-2012 ALA,Clearlake Shipping Pte Ltd,Alatau,Alatau-Aframax,Own fleet,99879.547,,2012-03-14,2012,3,Southwold,Santa Panagia,UK-Med,Long,2026-08-12
11-2012 ALT-1,Acontium,Altai,Altai-Aframax,Own fleet,33465.766,,2012-03-31,2012,3,Sevastopol,Tarragona,Black-Med,Middle,2026-08-12
11-2012 ALT-2,Acontium,Altai,Altai-Aframax,Own fleet,48699.687,,2012-04-03,2012,4,Kerch,Cartagena,Black-Med,Middle,2026-08-12
11-2012 ALT-3,Acontium,Altai,Altai-Aframax,Own fleet,29717.798,,2012-04-05,2012,4,Kerch,Cartagena,Black-Med,Middle,2026-08-12
05-2012 ALA,Acontium,Alatau,Alatau-Aframax,Own fleet,79949.0,,2012-04-09,2012,4,Novorossiysk,Burgas,Black-Black,Short,2026-08-12
06-2012 ALA,Acontium,Alatau,Alatau-Aframax,Own fleet,79801.0,,2012-04-16,2012,4,Novorossiysk,Burgas,Black-Black,Short,2026-08-12
12-2012 ALT,Petraco Oil Company Ltd,Altai,Altai-Aframax,Own fleet,80125.9,,2012-04-27,2012,4,Bouri,Lavera,Med-Med,Short,2026-08-12
07-2012 ALA,Acontium,Alatau,Alatau-Aframax,Own fleet,90978.0,,2012-04-25,2012,4,Novorossiysk,Augusta,Black-Med,Middle,2026-08-12
13-2012 ALT,SARAS SPA,Altai,Altai-Aframax,Own fleet,82571.091,,2012-05-07,2012,5,Farwah,Sarroch,Middle East-Med,Long,2026-08-12
08-2012 ALA,Vector Energy AG,Alatau,Alatau-Aframax,Own fleet,79885.0,,2012-05-10,2012,5,Novorossiysk,Midia,Black-Black,Short,2026-08-12
09-2012 ALA,Acontium,Alatau,Alatau-Aframax,Own fleet,83206.0,,2012-05-20,2012,5,Novorossiysk,Burgas,Black-Black,Short,2026-08-12
10-2012 ALA,Acontium,Alatau,Alatau-Aframax,Own fleet,79991.0,,2012-06-02,2012,6,Novorossiysk,Burgas,Black-Black,Short,2026-08-12
14-2012 ALT,Chevron Tankers Ltd,Altai,Altai-Aframax,Own fleet,93425.0,,2012-05-21,2012,5,Novorossiysk,Augusta,Black-Med,Middle,2026-08-12
15-2012 ALT,SOCAR,Altai,Altai-Aframax,Own fleet,63991.868,,2012-06-04,2012,6,Ceyhan,Bizerta,Med-Med,Short,2026-08-12
11-2012 ALA,Acontium,Alatau,Alatau-Aframax,Own fleet,80176.0,,2012-06-13,2012,6,Novorossiysk,Burgas,Black-Black,Short,2026-08-12
16-2012 ALT,Vector Energy AG,Altai,Altai-Aframax,Own fleet,93490.0,,2012-06-29,2012,6,Novorossiysk,Le Havre,Black-Continent,Long,2026-08-12
12-2012 ALA,Vitol SA,Alatau,Alatau-Aframax,Own fleet,93493.0,,2012-06-22,2012,6,Novorossiysk,FOS,Black-Med,Middle,2026-08-12
13-2012 ALA,Vector Energy AG,Alatau,Alatau-Aframax,Own fleet,93485.0,,2012-07-25,2012,7,Novorossiysk,FOS,Black-Med,Middle,2026-08-12
17-2012 ALT,Vitol SA,Altai,Altai-Aframax,Own fleet,77622.363,,2012-07-29,2012,7,Zawia,FOS,Med-Med,Short,2026-08-12
14-2012 ALA,Transway,Alatau,Alatau-Aframax,Own fleet,80026.0,,2012-08-15,2012,8,Novorossiysk,Burgas,Black-Black,Short,2026-08-12
18-2012 ALT,Vector Energy AG,Altai,Altai-Aframax,Own fleet,93490.0,,2012-08-16,2012,8,Novorossiysk,Midia,Black-Black,Short,2026-08-12
15-2012 ALA,Vector Energy AG,Alatau,Alatau-Aframax,Own fleet,93494.0,,2012-08-25,2012,8,Novorossiysk,Trieste,Black-Med,Middle,2026-08-12
19-2012 ALT,Vector Energy AG,Altai,Altai-Aframax,Own fleet,93482.0,,2012-08-28,2012,8,Novorossiysk,FOS,Black-Med,Middle,2026-08-12
16-2012 ALA,Vector Energy AG,Alatau,Alatau-Aframax,Own fleet,84981.0,,2012-09-16,2012,9,Novorossiysk,FOS,Black-Med,Middle,2026-08-12
20-2012 ALT,Africa Marine Company A.M.C.,Altai,Altai-Aframax,Own fleet,64890.4,,2012-09-10,2012,9,La Skhirra,Bizerta,Med-Med,Short,2026-08-12
21-2012 ALT,Vector Energy AG,Altai,Altai-Aframax,Own fleet,93476.0,,2012-09-23,2012,9,Novorossiysk,Trieste,Black-Med,Middle,2026-08-12
17-2012 ALA,Vector Energy AG,Alatau,Alatau-Aframax,Own fleet,79775.0,,2012-10-04,2012,10,Novorossiysk,Midia,Black-Black,Short,2026-08-12
18-2012 ALA,Vector Energy AG,Alatau,Alatau-Aframax,Own fleet,80052.0,,2012-10-13,2012,10,Novorossiysk,Midia,Black-Black,Short,2026-08-12
22-2012 ALT,Vector Energy AG,Altai,Altai-Aframax,Own fleet,84981.0,,2012-10-16,2012,10,Novorossiysk,FOS,Black-Med,Middle,2026-08-12
19-2012 ALA,Vector Energy AG,Alatau,Alatau-Aframax,Own fleet,84981.0,,2012-10-26,2012,10,Novorossiysk,FOS,Black-Med,Middle,2026-08-12
23-2012 ALT,Vector Energy AG,Altai,Altai-Aframax,Own fleet,80008.0,,2012-11-09,2012,11,Novorossiysk,Burgas,Black-Black,Short,2026-08-12
20-2012 ALA,Vector Energy AG,Alatau,Alatau-Aframax,Own fleet,93485.0,,2012-11-21,2012,11,Novorossiysk,Taranto,Black-Med,Middle,2026-08-12
24-2012 ALT,Vector Energy AG,Altai,Altai-Aframax,Own fleet,93480.0,,2012-11-18,2012,11,Novorossiysk,FOS,Black-Med,Middle,2026-08-12
25-2012 ALT,Kuwait Petroleum Corporation,Altai,Altai-Aframax,Own fleet,66270.8,,2012-12-06,2012,12,Ras Lanuf,Milazzo,Med-Med,Short,2026-08-12
21-2012 ALA,Vector Energy AG,Alatau,Alatau-Aframax,Own fleet,89480.0,,2012-12-31,2012,12,Novorossiysk,Ashkelon,Black-Med,Middle,2026-08-12
26-2012 ALT,Solal Shipping S.A.,Altai,Altai-Aframax,Own fleet,84684.0,,2012-12-22,2012,12,Novorossiysk,Constanta,Black-Black,Short,2026-08-12
27-2012 ALT,Solal Shipping S.A.,Altai,Altai-Aframax,Own fleet,80287.0,,2012-12-28,2012,12,Novorossiysk,Burgas,Black-Black,Short,2026-08-12
01-2013 ALT,Vector Energy AG,Altai,Altai-Aframax,Own fleet,84811.0,,2013-01-05,2013,1,Novorossiysk,Midia,Black-Black,Short,2026-08-12
02-2013 ALT,Vector Energy AG,Altai,Altai-Aframax,Own fleet,85262.0,,2013-01-15,2013,1,Novorossiysk,Trieste,Black-Med,Middle,2026-08-12
01-2013 ALA,Vector Energy AG,Alatau,Alatau-Aframax,Own fleet,83774.0,,2013-01-27,2013,1,Novorossiysk,Burgas,Black-Black,Short,2026-08-12
03-2013 ALT,Chartering and Shipping Services S.A. (CSS SA),Altai,Altai-Aframax,Own fleet,80778.8,,2013-02-04,2013,2,Mellitah,FOS,Med-Med,Short,2026-08-12
02-2013 ALA,Vector Energy AG,Alatau,Alatau-Aframax,Own fleet,85802.0,,2013-02-02,2013,2,Novorossiysk,Midia,Black-Black,Short,2026-08-12
04-2013 ALT,SARAS SPA,Altai,Altai-Aframax,Own fleet,85635.7,,2013-02-14,2013,2,Bouri,Sarroch,Med-Med,Short,2026-08-12
03-2013 ALA,Vector Energy AG,Alatau,Alatau-Aframax,Own fleet,84928.0,,2013-02-14,2013,2,Novorossiysk,Midia,Black-Black,Short,2026-08-12
04-2013 ALA,Vector Energy AG,Alatau,Alatau-Aframax,Own fleet,84936.0,,2013-02-23,2013,2,Novorossiysk,Le Havre,Black-Continent,Long,2026-08-12
05-2013 ALT,Solal Shipping S.A.,Altai,Altai-Aframax,Own fleet,87722.229,,2013-03-05,2013,3,Sevastopol,Tarragona,Black-Med,Middle,2026-08-12
05-2013 ALA,Philliphs 66 Limited,Alatau,Alatau-Aframax,Own fleet,83710.27,,2013-03-26,2013,3,Es Sider,Trieste,Med-Med,Short,2026-08-12
06-2013 ALT,Unipec Asia Company Ltd,Altai,Altai-Aframax,Own fleet,80098.2,,2013-04-13,2013,4,Es Sider,Trieste,Med-Med,Short,2026-08-12
06-2013 ALA,ENI Trading and Shipping SpA,Alatau,Alatau-Aframax,Own fleet,84976.0,,2013-04-15,2013,4,Novorossiysk,Trieste,Black-Med,Middle,2026-08-12
07-2013 ALA,Vector Energy AG,Alatau,Alatau-Aframax,Own fleet,80140.0,,2013-05-11,2013,5,Novorossiysk,Burgas,Black-Black,Short,2026-08-12
07-2013 ALT,Vitol SA,Altai,Altai-Aframax,Own fleet,80073.061,,2013-05-17,2013,5,Ceyhan,Augusta,Med-Med,Short,2026-08-12
08-2013 ALA,Vector Energy AG,Alatau,Alatau-Aframax,Own fleet,79942.0,,2013-05-19,2013,5,Novorossiysk,Midia,Black-Black,Short,2026-08-12
09-2013 ALA,Vector Energy AG,Alatau,Alatau-Aframax,Own fleet,79990.0,,2013-05-29,2013,5,Novorossiysk,Taranto,Black-Med,Middle,2026-08-12
08-2013 ALT,Vector Energy AG,Altai,Altai-Aframax,Own fleet,79872.0,,2013-06-05,2013,6,Novorossiysk,Midia,Black-Black,Short,2026-08-12
09-2013 ALT,Vector Energy AG,Altai,Altai-Aframax,Own fleet,79865.0,,2013-06-13,2013,6,Novorossiysk,Burgas,Black-Black,Short,2026-08-12
10-2013 ALA,Vector Energy AG,Alatau,Alatau-Aframax,Own fleet,84994.0,,2013-06-14,2013,6,Novorossiysk,Trieste,Black-Med,Middle,2026-08-12
10-2013 ALT,Vitol SA,Altai,Altai-Aframax,Own fleet,80176.0,,2013-06-21,2013,6,Novorossiysk,Trieste,Black-Med,Middle,2026-08-12
11-2013 ALA,Vector Energy AG,Alatau,Alatau-Aframax,Own fleet,80078.0,,2013-07-07,2013,7,Novorossiysk,Midia,Black-Black,Short,2026-08-12
11-2013 ALT,SARAS SPA,Altai,Altai-Aframax,Own fleet,84287.8,,2013-07-09,2013,7,Farwah,Sarroch,Middle East-Med,Long,2026-08-12
12-2013 ALA,ST Shipping,Alatau,Alatau-Aframax,Own fleet,84997.0,,2013-07-19,2013,7,Novorossiysk,Pachi Megara,Black-Med,Middle,2026-08-12
12-2013 ALT,Transway,Altai,Altai-Aframax,Own fleet,84104.0,,2013-07-24,2013,7,Novorossiysk,Burgas,Black-Black,Short,2026-08-12
13-2013 ALA,Vector Energy AG,Alatau,Alatau-Aframax,Own fleet,84929.0,,2013-07-29,2013,7,Novorossiysk,Antwerp,Black-Continent,Long,2026-08-12
13-2013 ALT,Vector Energy AG,Altai,Altai-Aframax,Own fleet,79791.0,,2013-07-31,2013,7,Novorossiysk,Haifa,Black-Med,Middle,2026-08-12
14-2013 ALT,Vector Energy AG,Altai,Altai-Aframax,Own fleet,84980.0,,2013-08-16,2013,8,Novorossiysk,Midia,Black-Black,Short,2026-08-12
15-2013 ALT,ST Shipping,Altai,Altai-Aframax,Own fleet,84993.0,,2013-08-24,2013,8,Novorossiysk,Tarragona,Black-Med,Middle,2026-08-12
14-2013 ALA,Vector Energy AG,Alatau,Alatau-Aframax,Own fleet,80035.0,,2013-09-07,2013,9,Novorossiysk,Midia,Black-Black,Short,2026-08-12
15-2013 ALA,Vector Energy AG,Alatau,Alatau-Aframax,Own fleet,80003.0,,2013-09-13,2013,9,Novorossiysk,Midia,Black-Black,Short,2026-08-12
16-2013 ALT,Vector Energy AG,Altai,Altai-Aframax,Own fleet,93481.0,,2013-09-30,2013,9,Novorossiysk,Ashkelon,Black-Med,Middle,2026-08-12
16-2013 ALA,Vector Energy AG,Alatau,Alatau-Aframax,Own fleet,84982.0,,2013-09-20,2013,9,Novorossiysk,Ashkelon,Black-Med,Middle,2026-08-12
17-2013 ALA,Vector Energy AG,Alatau,Alatau-Aframax,Own fleet,79988.0,,2013-10-08,2013,10,Novorossiysk,Burgas,Black-Black,Short,2026-08-12
17-2013 ALT,Vector Energy AG,Altai,Altai-Aframax,Own fleet,79939.0,,2013-10-14,2013,10,Novorossiysk,Midia,Black-Black,Short,2026-08-12
18-2013 ALT,Vector Energy AG,Altai,Altai-Aframax,Own fleet,80100.0,,2013-10-20,2013,10,Novorossiysk,Midia,Black-Black,Short,2026-08-12
18-2013 ALA,Vector Energy AG,Alatau,Alatau-Aframax,Own fleet,93492.0,,2013-10-16,2013,10,Novorossiysk,Midia,Black-Black,Short,2026-08-12
19-2013 ALA,Vector Energy AG,Alatau,Alatau-Aframax,Own fleet,93491.0,,2013-10-27,2013,10,Novorossiysk,Omisalj,Black-Med,Middle,2026-08-12
19-2013 ALT,Vector Energy AG,Altai,Altai-Aframax,Own fleet,79784.0,,2013-11-08,2013,11,Novorossiysk,Midia,Black-Black,Short,2026-08-12
20-2013 ALT,Vector Energy AG,Altai,Altai-Aframax,Own fleet,79904.0,,2013-11-14,2013,11,Novorossiysk,Midia,Black-Black,Short,2026-08-12
20-2013 ALA,Vector Energy AG,Alatau,Alatau-Aframax,Own fleet,93483.0,,2013-11-16,2013,11,Novorossiysk,Le Havre,Black-Continent,Long,2026-08-12
21-2013 ALT,Vector Energy AG,Altai,Altai-Aframax,Own fleet,80183.0,,2013-11-21,2013,11,Novorossiysk,Midia,Black-Black,Short,2026-08-12
22-2013 ALT,Vector Energy AG,Altai,Altai-Aframax,Own fleet,80087.0,,2013-12-05,2013,12,Novorossiysk,Midia,Black-Black,Short,2026-08-12
23-2013 ALT,Vector Energy AG,Altai,Altai-Aframax,Own fleet,80154.0,,2013-12-12,2013,12,Novorossiysk,Constanta,Black-Black,Short,2026-08-12
21-2013 ALA,Vitol SA,Alatau,Alatau-Aframax,Own fleet,99858.6,,2013-12-16,2013,12,Primorsk,Genoa,Baltic-Med,Long,2026-08-12
24-2013 ALT,Vector Energy AG,Altai,Altai-Aframax,Own fleet,80076.0,,2013-12-21,2013,12,Novorossiysk,Midia,Black-Black,Short,2026-08-12
01-2014 ALT,Vector Energy AG,Altai,Altai-Aframax,Own fleet,84855.0,,2014-01-05,2014,1,Novorossiysk,Midia,Black-Black,Short,2026-08-12
02-2014 ALT,Vector Energy AG,Altai,Altai-Aframax,Own fleet,84902.0,,2014-01-11,2014,1,Novorossiysk,Midia,Black-Black,Short,2026-08-12
03-2014 ALT,Vector Energy AG,Altai,Altai-Aframax,Own fleet,79989.0,,2014-01-16,2014,1,CPC,Midia,Black-Black,Short,2026-08-12
04-2014 ALT,Vector Energy AG,Altai,Altai-Aframax,Own fleet,85066.0,,2014-01-23,2014,1,Novorossiysk,Midia,Black-Black,Short,2026-08-12
01-2014 ALA,Vector Energy AG,Alatau,Alatau-Aframax,Own fleet,79979.0,,2014-01-28,2014,1,CPC,Haifa,Black-Med,Middle,2026-08-12
05-2014 ALT,Vector Energy AG,Altai,Altai-Aframax,Own fleet,75011.0,,2014-02-08,2014,2,Novorossiysk,Midia,Black-Black,Short,2026-08-12
06-2014 ALT,Vector Energy AG,Altai,Altai-Aframax,Own fleet,75146.0,,2014-02-18,2014,2,Novorossiysk,Midia,Black-Black,Short,2026-08-12
07-2014 ALT,Vector Energy AG,Altai,Altai-Aframax,Own fleet,93467.0,,2014-02-26,2014,2,CPC,Pachi Megara,Black-Med,Middle,2026-08-12
02-2014 ALA,Vector Energy AG,Alatau,Alatau-Aframax,Own fleet,80017.0,,2014-03-04,2014,3,Novorossiysk,Midia,Black-Black,Short,2026-08-12
08-2014 ALT,Transway,Altai,Altai-Aframax,Own fleet,79926.0,,2014-03-13,2014,3,Novorossiysk,Castellon,Black-Med,Middle,2026-08-12
03-2014 ALA,Vector Energy AG,Alatau,Alatau-Aframax,Own fleet,93493.0,,2014-03-20,2014,3,CPC,Midia,Black-Black,Short,2026-08-12
04-2014 ALA,Vector Energy AG,Alatau,Alatau-Aframax,Own fleet,93481.0,,2014-03-27,2014,3,CPC,FOS,Black-Med,Middle,2026-08-12
09-2014 ALT,Vector Energy AG,Altai,Altai-Aframax,Own fleet,80022.0,,2014-04-04,2014,4,Novorossiysk,Midia,Black-Black,Short,2026-08-12
10-2014 ALT,Vector Energy AG,Altai,Altai-Aframax,Own fleet,80069.0,,2014-04-12,2014,4,Novorossiysk,Midia,Black-Black,Short,2026-08-12
05-2014 ALA,Vector Energy AG,Alatau,Alatau-Aframax,Own fleet,79999.0,,2014-04-16,2014,4,CPC,Pachi Megara,Black-Med,Middle,2026-08-12
11-2014 ALT,Vector Energy AG,Altai,Altai-Aframax,Own fleet,80005.0,,2014-04-19,2014,4,Novorossiysk,Midia,Black-Black,Short,2026-08-12
06-2014 ALA,Standard Tankers LLC,Alatau,Alatau-Aframax,Own fleet,96721.206,,2014-04-27,2014,4,Sidi Kerir,Augusta,Med-Med,Short,2026-08-12
12-2014 ALT,Vector Energy AG,Altai,Altai-Aframax,Own fleet,83110.0,,2014-04-24,2014,4,Novorossiysk,Midia,Black-Black,Short,2026-08-12
13-2014 ALT,Vector Energy AG,Altai,Altai-Aframax,Own fleet,80137.0,,2014-05-06,2014,5,Novorossiysk,Midia,Black-Black,Short,2026-08-12
14-2014 ALT,Vector Energy AG,Altai,Altai-Aframax,Own fleet,80005.0,,2014-05-12,2014,5,Novorossiysk,Midia,Black-Black,Short,2026-08-12
07-2014 ALA,Vector Energy AG,Alatau,Alatau-Aframax,Own fleet,94992.0,,2014-05-16,2014,5,CPC,Midia,Black-Black,Short,2026-08-12
15-2014 ALT,Vector Energy AG,Altai,Altai-Aframax,Own fleet,80005.0,,2014-05-19,2014,5,Novorossiysk,Midia,Black-Black,Short,2026-08-12
08-2014 ALA,Vector Energy AG,Alatau,Alatau-Aframax,Own fleet,84992.0,,2014-05-24,2014,5,CPC,Ashkelon,Black-Med,Middle,2026-08-12
16-2014 ALT,Vector Energy AG,Altai,Altai-Aframax,Own fleet,80063.0,,2014-05-28,2014,5,Novorossiysk,Midia,Black-Black,Short,2026-08-12
17-2014 ALT,Vector Energy AG,Altai,Altai-Aframax,Own fleet,80076.0,,2014-06-06,2014,6,Novorossiysk,Midia,Black-Black,Short,2026-08-12
09-2014 ALA,Vector Energy AG,Alatau,Alatau-Aframax,Own fleet,80150.0,,2014-06-13,2014,6,Novorossiysk,Midia,Black-Black,Short,2026-08-12
18-2014 ALT,Vector Energy AG,Altai,Altai-Aframax,Own fleet,89939.0,,2014-06-16,2014,6,CPC,Pachi Megara,Black-Med,Middle,2026-08-12
10-2014 ALA,Vector Energy AG,Alatau,Alatau-Aframax,Own fleet,80052.0,,2014-06-19,2014,6,Novorossiysk,Midia,Black-Black,Short,2026-08-12
19-2014 ALT,Vector Energy AG,Altai,Altai-Aframax,Own fleet,84969.0,,2014-06-30,2014,6,CPC,Thessaloniki,Black-Med,Middle,2026-08-12
11-2014 ALA,Vector Energy AG,Alatau,Alatau-Aframax,Own fleet,80012.0,,2014-06-25,2014,6,Novorossiysk,Midia,Black-Black,Short,2026-08-12
12-2014 ALA,Vector Energy AG,Alatau,Alatau-Aframax,Own fleet,80035.0,,2014-07-04,2014,7,Novorossiysk,Midia,Black-Black,Short,2026-08-12
20-2014 ALT,Vector Energy AG,Altai,Altai-Aframax,Own fleet,93440.0,,2014-07-16,2014,7,CPC,Aliaga,Black-Med,Middle,2026-08-12
13-2014 ALA,Vector Energy AG,Alatau,Alatau-Aframax,Own fleet,80027.0,,2014-07-12,2014,7,Novorossiysk,Midia,Black-Black,Short,2026-08-12
14-2014 ALA,Vector Energy AG,Alatau,Alatau-Aframax,Own fleet,79849.0,,2014-07-17,2014,7,Novorossiysk,Midia,Black-Black,Short,2026-08-12
15-2014 ALA,Vector Energy AG,Alatau,Alatau-Aframax,Own fleet,80240.0,,2014-07-25,2014,7,Novorossiysk,Burgas,Black-Black,Short,2026-08-12
21-2014 ALT,Vector Energy AG,Altai,Altai-Aframax,Own fleet,85984.0,,2014-07-30,2014,7,CPC,Trieste,Black-Med,Middle,2026-08-12
16-2014 ALA,Vector Energy AG,Alatau,Alatau-Aframax,Own fleet,80124.0,,2014-08-05,2014,8,Novorossiysk,Midia,Black-Black,Short,2026-08-12
17-2014 ALA,Vector Energy AG,Alatau,Alatau-Aframax,Own fleet,79953.0,,2014-08-13,2014,8,Novorossiysk,Midia,Black-Black,Short,2026-08-12
22-2014 ALT,OMV Supply and Trading AG of ZUG,Altai,Altai-Aframax,Own fleet,83202.8,,2014-08-13,2014,8,Marsa El Hariga,Trieste,Med-Med,Short,2026-08-12
18-2014 ALA,Vector Energy AG,Alatau,Alatau-Aframax,Own fleet,80041.0,,2014-08-20,2014,8,Novorossiysk,Midia,Black-Black,Short,2026-08-12
19-2014 ALA,Vector Energy AG,Alatau,Alatau-Aframax,Own fleet,80140.0,,2014-08-24,2014,8,Novorossiysk,Midia,Black-Black,Short,2026-08-12
23-2014 ALT,Litasco,Altai,Altai-Aframax,Own fleet,80983.0,,2014-09-02,2014,9,Mellitah,Santa Panagia,Med-Med,Short,2026-08-12
20-2014 ALA,Vector Energy AG,Alatau,Alatau-Aframax,Own fleet,80099.0,,2014-09-07,2014,9,Novorossiysk,Midia,Black-Black,Short,2026-08-12
21-2014 ALA,Litasco,Alatau,Alatau-Aframax,Own fleet,80003.0,,2014-09-14,2014,9,Novorossiysk,Burgas,Black-Black,Short,2026-08-12
24-2014 ALT,Vector Energy AG,Altai,Altai-Aframax,Own fleet,87944.0,,2014-09-16,2014,9,CPC,Trieste,Black-Med,Middle,2026-08-12
22-2014 ALA,Vector Energy AG,Alatau,Alatau-Aframax,Own fleet,80057.0,,2014-09-23,2014,9,Novorossiysk,Midia,Black-Black,Short,2026-08-12
23-2014 ALA,Vector Energy AG,Alatau,Alatau-Aframax,Own fleet,80062.0,,2014-10-03,2014,10,Novorossiysk,Midia,Black-Black,Short,2026-08-12
24-2014 ALA,Vector Energy AG,Alatau,Alatau-Aframax,Own fleet,80046.0,,2014-10-09,2014,10,Novorossiysk,Midia,Black-Black,Short,2026-08-12
25-2014 ALT,Vector Energy AG,Altai,Altai-Aframax,Own fleet,80055.0,,2014-10-13,2014,10,Novorossiysk,Midia,Black-Black,Short,2026-08-12
25-2014 ALA,Vector Energy AG,Alatau,Alatau-Aframax,Own fleet,84990.0,,2014-10-16,2014,10,CPC,Midia,Black-Black,Short,2026-08-12
26-2014 ALT,Vector Energy AG,Altai,Altai-Aframax,Own fleet,80113.0,,2014-10-21,2014,10,Novorossiysk,Midia,Black-Black,Short,2026-08-12
26-2014 ALA,Vector Energy AG,Alatau,Alatau-Aframax,Own fleet,84981.0,,2014-10-25,2014,10,CPC,FOS,Black-Med,Middle,2026-08-12
27-2014 ALT,Vector Energy AG,Altai,Altai-Aframax,Own fleet,80091.0,,2014-11-04,2014,11,Novorossiysk,Midia,Black-Black,Short,2026-08-12
27-2014 ALA,Vitol SA,Alatau,Alatau-Aframax,Own fleet,81132.1,,2014-11-11,2014,11,Mellitah,Santa Panagia,Med-Med,Short,2026-08-12
28-2014 ALT,Vector Energy AG,Altai,Altai-Aframax,Own fleet,70195.0,,2014-11-11,2014,11,Novorossiysk,Midia,Black-Black,Short,2026-08-12
29-2014 ALT,Vector Energy AG,Altai,Altai-Aframax,Own fleet,79943.0,,2014-11-16,2014,11,CPC,Trieste,Black-Med,Middle,2026-08-12
28-2014 ALA,Vector Energy AG,Alatau,Alatau-Aframax,Own fleet,80112.0,,2014-12-02,2014,12,Novorossiysk,Midia,Black-Black,Short,2026-08-12
30-2014 ALT,Vector Energy AG,Altai,Altai-Aframax,Own fleet,80025.0,,2014-12-14,2014,12,Novorossiysk,Midia,Black-Black,Short,2026-08-12
29-2014 ALA,Vector Energy AG,Alatau,Alatau-Aframax,Own fleet,84944.0,,2014-12-15,2014,12,CPC,Livorno,Black-Med,Middle,2026-08-12
31-2014 ALT,Vector Energy AG,Altai,Altai-Aframax,Own fleet,80154.0,,2014-12-20,2014,12,Novorossiysk,Midia,Black-Black,Short,2026-08-12
01-2015 ALA,Vector Energy AG,Alatau,Alatau-Aframax,Own fleet,84335.0,,2015-01-16,2015,1,CPC,Livorno,Black-Med,Middle,2026-08-12
32-2014 ALT,Vector Energy AG,Altai,Altai-Aframax,Own fleet,79984.0,,2015-01-17,2015,1,Novorossiysk,Midia,Black-Black,Short,2026-08-12
01-2015 ALT,Vector Energy AG,Altai,Altai-Aframax,Own fleet,80487.0,,2015-01-27,2015,1,Novorossiysk,Midia,Black-Black,Short,2026-08-12
02-2015 ALT,Vector Energy AG,Altai,Altai-Aframax,Own fleet,80045.0,,2015-02-14,2015,2,Novorossiysk,Constanta,Black-Black,Short,2026-08-12
02-2015 ALA,Vitol SA,Alatau,Alatau-Aframax,Own fleet,85471.523,,2015-02-17,2015,2,Sidi Kerir,Livorno,Med-Med,Short,2026-08-12
03-2015 ALT,Vector Energy AG,Altai,Altai-Aframax,Own fleet,80095.0,,2015-03-02,2015,3,Novorossiysk,Midia,Black-Black,Short,2026-08-12
03-2015 ALA,Vitol SA,Alatau,Alatau-Aframax,Own fleet,83341.207,,2015-03-06,2015,3,Farwah,Agio Theodoroi,Middle East-Med,Long,2026-08-12
04-2015 ALT,Vector Energy AG,Altai,Altai-Aframax,Own fleet,80245.0,,2015-03-11,2015,3,Novorossiysk,Midia,Black-Black,Short,2026-08-12
04-2015 ALA,Vector Energy AG,Alatau,Alatau-Aframax,Own fleet,80172.0,,2015-03-21,2015,3,Novorossiysk,Midia,Black-Black,Short,2026-08-12
05-2015 ALT,Vector Energy AG,Altai,Altai-Aframax,Own fleet,79942.0,,2015-03-19,2015,3,CPC,Haifa,Black-Med,Middle,2026-08-12
05-2015 ALA,Solal Shipping S.A.,Alatau,Alatau-Aframax,Own fleet,82960.0,,2015-03-29,2015,3,Novorossiysk,Midia,Black-Black,Short,2026-08-12
06-2015 ALT,ST Shipping,Altai,Altai-Aframax,Own fleet,84991.0,,2015-04-06,2015,4,CPC,Pachi Megara,Black-Med,Middle,2026-08-12
06-2015 ALA,Vector Energy AG,Alatau,Alatau-Aframax,Own fleet,80175.0,,2015-04-10,2015,4,Novorossiysk,Midia,Black-Black,Short,2026-08-12
07-2015 ALT,Vector Energy AG,Altai,Altai-Aframax,Own fleet,79987.0,,2015-04-22,2015,4,CPC,FOS,Black-Med,Middle,2026-08-12
07-2015 ALA,Vector Energy AG,Alatau,Alatau-Aframax,Own fleet,80063.0,,2015-04-19,2015,4,Novorossiysk,Midia,Black-Black,Short,2026-08-12
08-2015 ALA,Vector Energy AG,Alatau,Alatau-Aframax,Own fleet,79992.0,,2015-04-29,2015,4,CPC,Pachi Megara,Black-Med,Middle,2026-08-12
08-2015 ALT,Vector Energy AG,Altai,Altai-Aframax,Own fleet,80061.0,,2015-05-24,2015,5,Novorossiysk,Midia,Black-Black,Short,2026-08-12
09-2015 ALA,Vector Energy AG,Alatau,Alatau-Aframax,Own fleet,84989.0,,2015-05-23,2015,5,CPC,Midia,Black-Black,Short,2026-08-12
10-2015 ALA,Vector Energy AG,Alatau,Alatau-Aframax,Own fleet,84991.0,,2015-05-30,2015,5,CPC,Le Havre,Black-Continent,Long,2026-08-12
09-2015 ALT,Vector Energy AG,Altai,Altai-Aframax,Own fleet,80097.0,,2015-06-11,2015,6,Novorossiysk,Constanta,Black-Black,Short,2026-08-12
1P,Vector Energy AG,Panagia Armata,Aframax,3rd party,79744.998,,2015-06-16,2015,6,Novorossiysk,Midia,Black-Black,Short,2026-08-12
10-2015 ALT,Vector Energy AG,Altai,Altai-Aframax,Own fleet,84987.0,,2015-06-22,2015,6,CPC,Tarragona,Black-Med,Middle,2026-08-12
11-2015 ALA,ENI Trading and Shipping SpA,Alatau,Alatau-Aframax,Own fleet,80403.583,,2015-06-24,2015,6,Bejaja,Milazzo,Med-Med,Short,2026-08-12
12-2015 ALA,Chevron Tankers Ltd,Alatau,Alatau-Aframax,Own fleet,97972.0,,2015-07-14,2015,7,CPC,Santa Panagia,Black-Med,Middle,2026-08-12
11-2015 ALT,SARAS SPA,Altai,Altai-Aframax,Own fleet,84048.002,,2015-07-14,2015,7,Farwah,Sarroch,Middle East-Med,Long,2026-08-12
1S,Vector Energy AG,Seasong,Aframax,3rd party,79827.0,,2015-07-15,2015,7,Novorossiysk,Constanta,Black-Black,Short,2026-08-12
1C,Vector Energy AG,Ce-Breeze,Aframax,3rd party,80264.0,,2015-07-22,2015,7,Novorossiysk,Constanta,Black-Black,Short,2026-08-12
13-2015 ALA,TRAFIGURA MARITIME LOGISTICS PTE LTD,Alatau,Alatau-Aframax,Own fleet,79905.056,,2015-07-31,2015,7,CPC,Trieste,Black-Med,Middle,2026-08-12
12-2015 ALT,Vitol SA,Altai,Altai-Aframax,Own fleet,98958.4,,2015-08-04,2015,8,Sidi Kerir,Trieste,Med-Med,Short,2026-08-12
2P,Vector Energy AG,Panagia Armata,Aframax,3rd party,80113.0,,2015-08-06,2015,8,Novorossiysk,Midia,Black-Black,Short,2026-08-12
3P,Vector Energy AG,Panagia Armata,Aframax,3rd party,84880.387,,2015-08-16,2015,8,Supsa,Midia,Black-Black,Short,2026-08-12
14-2015 ALA,BP Shpping Ltd,Alatau,Alatau-Aframax,Own fleet,91602.915,,2015-08-23,2015,8,Ceyhan,Ashkelon,Med-Med,Short,2026-08-12
13-2015 ALT,ST Shipping,Altai,Altai-Aframax,Own fleet,79917.0,,2015-08-23,2015,8,Novorossiysk,Trieste,Black-Med,Middle,2026-08-12
15-2015 ALA,Vector Energy AG,Alatau,Alatau-Aframax,Own fleet,79960.0,,2015-09-07,2015,9,Novorossiysk,Burgas,Black-Black,Short,2026-08-12
14-2015 ALT,Chartering and Shipping Services S.A. (CSS SA),Altai,Altai-Aframax,Own fleet,87859.079,,2015-09-11,2015,9,Farwah,Omisalj,Middle East-Med,Long,2026-08-12
1CEM,Vector Energy AG,Ce-Merapi,Aframax,3rd party,80142.0,,2015-09-15,2015,9,Novorossiysk,Midia,Black-Black,Short,2026-08-12
16-2015 ALA,URSA,Alatau,Alatau-Aframax,Own fleet,85003.0,,2015-09-21,2015,9,Novorossiysk,Trieste,Black-Med,Middle,2026-08-12
4P,Vector Energy AG,Panagia Armata,Aframax,3rd party,80112.0,,2015-09-24,2015,9,Novorossiysk,Midia,Black-Black,Short,2026-08-12
15-2015 ALT,Chevron Tankers Ltd,Altai,Altai-Aframax,Own fleet,84979.0,,2015-09-27,2015,9,CPC,FOS,Black-Med,Middle,2026-08-12
2CEM,Vector Energy AG,Ce-Merapi,Aframax,3rd party,80025.0,,2015-10-09,2015,10,Novorossiysk,Midia,Black-Black,Short,2026-08-12
16-2015 ALT,Vector Energy AG,Altai,Altai-Aframax,Own fleet,80222.0,,2015-10-21,2015,10,Novorossiysk,Burgas,Black-Black,Short,2026-08-12
17-2015 ALA,Vector Energy AG,Alatau,Alatau-Aframax,Own fleet,93476.0,,2015-10-29,2015,10,CPC,Rotterdam,Black-Continent,Long,2026-08-12
17-2015 ALT,Vector Energy AG,Altai,Altai-Aframax,Own fleet,84978.0,,2015-11-01,2015,11,CPC,Ashkelon,Black-Med,Middle,2026-08-12
1B,Vector Energy AG,Bonita,Aframax,3rd party,80172.0,,2015-11-16,2015,11,Novorossiysk,Midia,Black-Black,Short,2026-08-12
18-2015 ALA,TRAFIGURA MARITIME LOGISTICS PTE LTD,Alatau,Alatau-Aframax,Own fleet,82972.0,,2015-11-22,2015,11,Flotta,Milford Haven,UK-UK,Short,2026-08-12
2C,Vector Energy AG,Ce-Breeze,Aframax,3rd party,80056.0,,2015-11-25,2015,11,Novorossiysk,Midia,Black-Black,Short,2026-08-12
18-2015 ALT,Vector Energy AG,Altai,Altai-Aframax,Own fleet,84977.0,,2015-11-27,2015,11,CPC,Omisalj,Black-Med,Middle,2026-08-12
19-2015 ALA,Chartering and Shipping Services S.A. (CSS SA),Alatau,Alatau-Aframax,Own fleet,83590.0,,2015-12-09,2015,12,Sullom Voe,Immingham,UK-UK,Short,2026-08-12
3CEM,Vector Energy AG,Ce-Merapi,Aframax,3rd party,80111.0,,2015-12-15,2015,12,Novorossiysk,Midia,Black-Black,Short,2026-08-12
1GF,Vector Energy AG,RBD Gino Ferretti,Aframax,3rd party,79917.0,,2015-12-21,2015,12,Novorossiysk,Midia,Black-Black,Short,2026-08-12
19-2015 ALT,Vector Energy AG,Altai,Altai-Aframax,Own fleet,84494.0,,2015-12-30,2015,12,CPC,Ceyhan,Black-Med,Middle,2026-08-12
4CEM,Vector Energy AG,Ce-Merapi,Aframax,3rd party,80110.0,,2015-12-29,2015,12,Novorossiysk,Midia,Black-Black,Short,2026-08-12
20-2015 ALA,ST Shipping,Alatau,Alatau-Aframax,Own fleet,79185.7,,2016-01-04,2016,1,Marsa El Hariga,Trieste,Med-Med,Short,2026-08-12
1-2016CEB,Vector Energy AG,Ce-Breeze,Aframax,3rd party,80208.0,,2016-01-10,2016,1,Novorossiysk,Midia,Black-Black,Short,2026-08-12
1-2016CEM,Vector Energy AG,Ce-Merapi,Aframax,3rd party,80105.0,,2016-01-16,2016,1,Novorossiysk,Midia,Black-Black,Short,2026-08-12
2-2016CEB,Vector Energy AG,Ce-Breeze,Aframax,3rd party,80102.0,,2016-01-21,2016,1,Novorossiysk,Midia,Black-Black,Short,2026-08-12
01-2016 ALT,Vector Energy AG,Altai,Altai-Aframax,Own fleet,84997.0,,2016-02-03,2016,2,CPC,Midia,Black-Black,Short,2026-08-12
3-2016CEB,Vector Energy AG,Ce-Breeze,Aframax,3rd party,80077.0,,2016-02-13,2016,2,Novorossiysk,Midia,Black-Black,Short,2026-08-12
02-2016 ALT,Vitol SA,Altai,Altai-Aframax,Own fleet,79942.0,,2016-02-16,2016,2,Novorossiysk,Constanta,Black-Black,Short,2026-08-12
01-2016 ALA,Vitol SA,Alatau,Alatau-Aframax,Own fleet,79955.0,,2016-02-22,2016,2,Novorossiysk,Trieste,Black-Med,Middle,2026-08-12
4-2016CEB,Vector Energy AG,Ce-Breeze,Aframax,3rd party,80089.0,,2016-02-21,2016,2,Novorossiysk,Midia,Black-Black,Short,2026-08-12
5-2016CEB,Vector Energy AG,Ce-Breeze,Aframax,3rd party,80177.0,,2016-03-08,2016,3,Novorossiysk,Midia,Black-Black,Short,2026-08-12
03-2016 ALT,Vitol SA,Altai,Altai-Aframax,Own fleet,80600.0,,2016-03-18,2016,3,Novorossiysk,Genoa,Black-Med,Middle,2026-08-12
02-2016 ALA,Vector Energy AG,Alatau,Alatau-Aframax,Own fleet,84934.0,,2016-03-25,2016,3,CPC,FOS,Black-Med,Middle,2026-08-12
01-2016 ALEX,Vector Energy AG,Alexia,Aframax,3rd party,80108.0,,2016-03-28,2016,3,Novorossiysk,Midia,Black-Black,Short,2026-08-12
01-2016 P,Vector Energy AG,Panagia Armata,Aframax,3rd party,80140.0,,2016-04-07,2016,4,Novorossiysk,Midia,Black-Black,Short,2026-08-12
03-2016 ALA,Vector Energy AG,Alatau,Alatau-Aframax,Own fleet,80094.0,,2016-04-20,2016,4,Novorossiysk,Burgas,Black-Black,Short,2026-08-12
04-2016 ALT,Vector Energy AG,Altai,Altai-Aframax,Own fleet,79977.0,,2016-04-13,2016,4,Novorossiysk,Burgas,Black-Black,Short,2026-08-12
05-2016 ALT,Vitol SA,Altai,Altai-Aframax,Own fleet,79972.0,,2016-04-26,2016,4,Novorossiysk,Pachi Megara,Black-Med,Middle,2026-08-12
04-2016 ALA,Vitol SA,Alatau,Alatau-Aframax,Own fleet,80001.0,,2016-05-03,2016,5,Novorossiysk,Burgas,Black-Black,Short,2026-08-12
06-2016 ALT,Vector Energy AG,Altai,Altai-Aframax,Own fleet,88623.4,,2016-05-14,2016,5,CPC,Omisalj,Black-Med,Middle,2026-08-12
02-2016 P,Vector Energy AG,Panagia Armata,Aframax,3rd party,80072.0,,2016-05-11,2016,5,Novorossiysk,Midia,Black-Black,Short,2026-08-12
05-2016 ALA,Vector Energy AG,Alatau,Alatau-Aframax,Own fleet,80011.0,,2016-05-18,2016,5,Novorossiysk,Burgas,Black-Black,Short,2026-08-12
06-2016 ALA,Vector Energy AG,Alatau,Alatau-Aframax,Own fleet,79989.0,,2016-05-30,2016,5,CPC,Pachi Megara,Black-Med,Middle,2026-08-12
07-2016 ALT,Vector Energy AG,Altai,Altai-Aframax,Own fleet,80089.0,,2016-06-05,2016,6,Novorossiysk,Midia,Black-Black,Short,2026-08-12
08-2016 ALT,Vector Energy AG,Altai,Altai-Aframax,Own fleet,80030.0,,2016-06-14,2016,6,Novorossiysk,Midia,Black-Black,Short,2026-08-12
07-2016 ALA,Vector Energy AG,Alatau,Alatau-Aframax,Own fleet,80179.0,,2016-06-16,2016,6,CPC,Tarragona,Black-Med,Middle,2026-08-12
09-2016 ALT,Vector Energy AG,Altai,Altai-Aframax,Own fleet,79956.1,,2016-06-21,2016,6,Novorossiysk,Midia,Black-Black,Short,2026-08-12
10-2016 ALT,Vector Energy AG,Altai,Altai-Aframax,Own fleet,80483.0,,2016-06-30,2016,6,CPC,Trieste,Black-Med,Middle,2026-08-12
2-2016CEM,Vector Energy AG,Ce-Merapi,Aframax,3rd party,80080.0,,2016-07-06,2016,7,Novorossiysk,Midia,Black-Black,Short,2026-08-12
08-2016 ALA,Vector Energy AG,Alatau,Alatau-Aframax,Own fleet,80112.0,,2016-07-12,2016,7,Novorossiysk,Midia,Black-Black,Short,2026-08-12
09-2016 ALA,Vector Energy AG,Alatau,Alatau-Aframax,Own fleet,80151.0,,2016-07-21,2016,7,Novorossiysk,Midia,Black-Black,Short,2026-08-12
11-2016 ALT,Vector Energy AG,Altai,Altai-Aframax,Own fleet,80476.0,,2016-07-24,2016,7,CPC,Midia,Black-Black,Short,2026-08-12
10-2016 ALA,Vector Energy AG,Alatau,Alatau-Aframax,Own fleet,80475.0,,2016-07-30,2016,7,CPC,Augusta,Black-Med,Middle,2026-08-12
12-2016 ALT,Vector Energy AG,Altai,Altai-Aframax,Own fleet,80009.0,,2016-08-06,2016,8,Novorossiysk,Midia,Black-Black,Short,2026-08-12
13-2016 ALT,Vector Energy AG,Altai,Altai-Aframax,Own fleet,80036.0,,2016-08-12,2016,8,Novorossiysk,Midia,Black-Black,Short,2026-08-12
14-2016 ALT,Vector Energy AG,Altai,Altai-Aframax,Own fleet,80003.0,,2016-08-20,2016,8,Novorossiysk,Midia,Black-Black,Short,2026-08-12
11-2016 ALA,Vector Energy AG,Alatau,Alatau-Aframax,Own fleet,80174.0,,2016-08-24,2016,8,CPC,Midia,Black-Black,Short,2026-08-12
15-2016 ALT,Vector Energy AG,Altai,Altai-Aframax,Own fleet,84929.0,,2016-09-01,2016,9,CPC,Trieste,Black-Med,Middle,2026-08-12
03-2016 P,Vector Energy AG,Panagia Armata,Aframax,3rd party,80103.0,,2016-09-14,2016,9,Novorossiysk,Midia,Black-Black,Short,2026-08-12
04-2016 P,Vector Energy AG,Panagia Armata,Aframax,3rd party,80108.0,,2016-10-07,2016,10,Novorossiysk,Midia,Black-Black,Short,2026-08-12
16-2016 ALT,Vitol SA,Altai,Altai-Aframax,Own fleet,80193.0,,2016-10-16,2016,10,Novorossiysk,Burgas,Black-Black,Short,2026-08-12
12-2016 ALA,Vector Energy AG,Alatau,Alatau-Aframax,Own fleet,80015.0,,2016-10-15,2016,10,Novorossiysk,Midia,Black-Black,Short,2026-08-12
13-2016 ALA,Vector Energy AG,Alatau,Alatau-Aframax,Own fleet,80059.0,,2016-10-23,2016,10,Novorossiysk,Midia,Black-Black,Short,2026-08-12
17-2016 ALT,Vector Energy AG,Altai,Altai-Aframax,Own fleet,84989.0,,2016-10-27,2016,10,CPC,Trieste,Black-Med,Middle,2026-08-12
14-2016 ALA,Vector Energy AG,Alatau,Alatau-Aframax,Own fleet,80155.0,,2016-11-07,2016,11,Novorossiysk,Midia,Black-Black,Short,2026-08-12
01-2016 S,Vector Energy AG,Saetta,Aframax,3rd party,79997.0,,2016-11-14,2016,11,Novorossiysk,Midia,Black-Black,Short,2026-08-12
18-2016 ALT,Vector Energy AG,Altai,Altai-Aframax,Own fleet,80076.0,,2016-11-19,2016,11,Novorossiysk,Burgas,Black-Black,Short,2026-08-12
15-2016 ALA,Vitol SA,Alatau,Alatau-Aframax,Own fleet,80545.0,,2016-11-23,2016,11,Novorossiysk,Aliaga,Black-Med,Middle,2026-08-12
19-2016 ALT,Vector Energy AG,Altai,Altai-Aframax,Own fleet,93470.0,,2016-11-30,2016,11,CPC,Trieste,Black-Med,Middle,2026-08-12
,Vector Energy AG,Aegean Power,Aframax,3rd party,80104.0,,2016-12-05,2016,12,Novorossiysk,Midia,Black-Black,Short,2026-08-12
,Vector Energy AG,Ce-Breeze,Aframax,3rd party,79998.0,,2016-12-15,2016,12,Novorossiysk,Midia,Black-Black,Short,2026-08-12
,Vector Energy AG,Ce-Breeze,Aframax,3rd party,80042.0,,2016-12-25,2016,12,Novorossiysk,Midia,Black-Black,Short,2026-08-12
16-2016 ALA,ST Shipping,Alatau,Alatau-Aframax,Own fleet,80089.0,,2016-12-30,2016,12,CPC,Pachi Megara,Black-Med,Middle,2026-08-12
01-2017 ALT,Vitol SA,Altai,Altai-Aframax,Own fleet,79982.0,,2017-01-04,2017,1,CPC,Trieste,Black-Med,Middle,2026-08-12
01-2017 CEB,Vector Energy AG,Ce-Breeze,Aframax,3rd party,80115.0,,2017-01-11,2017,1,Novorossiysk,Midia,Black-Black,Short,2026-08-12
01-2017 P,Vector Energy AG,Panagia Armata,Aframax,3rd party,79902.0,,2017-01-24,2017,1,Novorossiysk,Burgas,Black-Black,Short,2026-08-12
01-2017 ALA,Vector Energy AG,Alatau,Alatau-Aframax,Own fleet,93435.0,,2017-01-29,2017,1,CPC,FOS,Black-Med,Middle,2026-08-12
02-2017 CEB,Vector Energy AG,Ce-Breeze,Aframax,3rd party,80291.0,,2017-02-03,2017,2,Novorossiysk,Midia,Black-Black,Short,2026-08-12
01-2017 ALT,Vector Energy AG,Altai,Altai-Aframax,Own fleet,80021.0,,2017-02-14,2017,2,Novorossiysk,Midia,Black-Black,Short,2026-08-12
01-2017 DYN,Vector Energy AG,Dynasty,Aframax,3rd party,80066.0,,2017-02-14,2017,2,Novorossiysk,Midia,Black-Black,Short,2026-08-12
02-2017 ALA,Vector Energy AG,Alatau,Alatau-Aframax,Own fleet,79990.0,,2017-03-01,2017,3,CPC,Midia,Black-Black,Short,2026-08-12
02-2017 ALT,Vector Energy AG,Altai,Altai-Aframax,Own fleet,80002.0,,2017-03-04,2017,3,Novorossiysk,Midia,Black-Black,Short,2026-08-12
03-2017 ALA,Vector Energy AG,Alatau,Alatau-Aframax,Own fleet,84993.0,,2017-03-03,2017,3,CPC,Pachi Megara,Black-Med,Middle,2026-08-12
03-2017 ALT,Vector Energy AG,Altai,Altai-Aframax,Own fleet,79973.0,,2017-03-16,2017,3,Novorossiysk,Midia,Black-Black,Short,2026-08-12
04-2017 ALT,Vector Energy AG,Altai,Altai-Aframax,Own fleet,80010.0,,2017-03-29,2017,3,Novorossiysk,Constanta,Black-Black,Short,2026-08-12
04-2017 ALA,Vitol SA,Alatau,Alatau-Aframax,Own fleet,80001.0,,2017-04-06,2017,4,Novorossiysk,Burgas,Black-Black,Short,2026-08-12
03-2017 CEB,Vector Energy AG,Ce-Breeze,Aframax,3rd party,80107.0,,2017-04-05,2017,4,Novorossiysk,Midia,Black-Black,Short,2026-08-12
01-2017 SEAD,Vector Energy AG,Seadelta,Aframax,3rd party,80094.0,,2017-04-12,2017,4,Novorossiysk,Midia,Black-Black,Short,2026-08-12
05-2017 ALA,Vector Energy AG,Alatau,Alatau-Aframax,Own fleet,80006.0,,2017-04-20,2017,4,Novorossiysk,Augusta,Black-Med,Middle,2026-08-12
06-2017 ALA,Vector Energy AG,Alatau,Alatau-Aframax,Own fleet,80021.0,,2017-05-06,2017,5,Novorossiysk,Midia,Black-Black,Short,2026-08-12
05-2017 ALT,Vitol SA,Altai,Altai-Aframax,Own fleet,79980.0,,2017-05-03,2017,5,Novorossiysk,Santa Panagia,Black-Med,Middle,2026-08-12
07-2017 ALA,Vector Energy AG,Alatau,Alatau-Aframax,Own fleet,93469.0,,2017-05-16,2017,5,CPC,Omisalj,Black-Med,Middle,2026-08-12
06-2017 ALT,Transway,Altai,Altai-Aframax,Own fleet,79861.0,,2017-05-21,2017,5,Novorossiysk,Trieste,Black-Med,Middle,2026-08-12
08-2017 ALA,Vector Energy AG,Alatau,Alatau-Aframax,Own fleet,79856.0,,2017-06-05,2017,6,Novorossiysk,Burgas,Black-Black,Short,2026-08-12
07-2017 ALT,Vector Energy AG,Altai,Altai-Aframax,Own fleet,82102.0,,2017-06-13,2017,6,Novorossiysk,Midia,Black-Black,Short,2026-08-12
08-2017 ALT,Vector Energy AG,Altai,Altai-Aframax,Own fleet,80100.4,,2017-06-19,2017,6,Novorossiysk,Midia,Black-Black,Short,2026-08-12
09-2017 ALA,Vector Energy AG,Alatau,Alatau-Aframax,Own fleet,84965.0,,2017-06-25,2017,6,CPC,Omisalj/Trieste,Black-Med,Middle,2026-08-12
09-2017 ALT,Standard Tankers LLC,Altai,Altai-Aframax,Own fleet,93493.0,,2017-06-29,2017,6,CPC,FOS,Black-Med,Middle,2026-08-12
01-2017 CEN,Vector Energy AG,Ce-Niriis,Aframax,3rd party,78107.0,,2017-07-08,2017,7,Novorossiysk,Burgas,Black-Black,Short,2026-08-12
02-2017 P,Vector Energy AG,Panagia Armata,Aframax,3rd party,80026.0,,2017-07-05,2017,7,Novorossiysk,Burgas,Black-Black,Short,2026-08-12
03-2017 P,Vector Energy AG,Panagia Armata,Aframax,3rd party,82088.0,,2017-07-15,2017,7,Novorossiysk,Midia,Black-Black,Short,2026-08-12
10-2017 ALA,Vector Energy AG,Alatau,Alatau-Aframax,Own fleet,84943.0,,2017-07-18,2017,7,CPC,Ashkelon,Black-Med,Middle,2026-08-12
10-2017 ALT,Vector Energy AG,Altai,Altai-Aframax,Own fleet,80009.0,,2017-07-31,2017,7,Novorossiysk,Burgas,Black-Black,Short,2026-08-12
11-2017 ALA,Vector Energy AG,Alatau,Alatau-Aframax,Own fleet,80056.0,,2017-08-05,2017,8,Novorossiysk,Midia,Black-Black,Short,2026-08-12
11-2017 ALT,Vector Energy AG,Altai,Altai-Aframax,Own fleet,80061.0,,2017-08-09,2017,8,Novorossiysk,tutunciftlik,Black-Med,Middle,2026-08-12
12-207 ALA,Vector Energy AG,Alatau,Alatau-Aframax,Own fleet,80114.0,,2017-08-14,2017,8,Novorossiysk,Midia,Black-Black,Short,2026-08-12
12-2017 ALT,Vector Energy AG,Altai,Altai-Aframax,Own fleet,80137.0,,2017-08-21,2017,8,Novorossiysk,Midia,Black-Black,Short,2026-08-12
13-2017 ALA,Vector Energy AG,Alatau,Alatau-Aframax,Own fleet,84950.0,,2017-08-27,2017,8,CPC,FOS,Black-Med,Middle,2026-08-12
13-2017 ALT,Vector Energy AG,Altai,Altai-Aframax,Own fleet,80032.0,,2017-09-06,2017,9,Novorossiysk,Midia,Black-Black,Short,2026-08-12
14-2017 ALT,Vector Energy AG,Altai,Altai-Aframax,Own fleet,80057.0,,2017-09-12,2017,9,Novorossiysk,Burgas,Black-Black,Short,2026-08-12
14-2017 ALA,Vector Energy AG,Alatau,Alatau-Aframax,Own fleet,80300.0,,2017-09-18,2017,9,Novorossiysk,Constanta,Black-Black,Short,2026-08-12
01-2017 AH,Vector Energy AG,Aegean Horizon,Suezmax,3rd party,139913.0,,2017-09-17,2017,9,Novorossiysk,Midia,Black-Black,Short,2026-08-12
15-2017 ALT,Vector Energy AG,Altai,Altai-Aframax,Own fleet,84981.0,,2017-09-30,2017,9,CPC,Trieste,Black-Med,Middle,2026-08-12
15-2017 ALA,Vitol SA,Alatau,Alatau-Aframax,Own fleet,80152.0,,2017-10-02,2017,10,CPC,FOS,Black-Med,Middle,2026-08-12
01-2017 AF,Vector Energy AG,Aegean Freedom,Aframax,3rd party,80025.0,,2017-10-11,2017,10,Novorossiysk,Midia,Black-Black,Short,2026-08-12
04-2017 P,Vector Energy AG,Panagia Armata,Aframax,3rd party,79876.0,,2017-10-14,2017,10,Novorossiysk,Burgas,Black-Black,Short,2026-08-12
16-2017 ALA,Vector Energy AG,Alatau,Alatau-Aframax,Own fleet,93432.0,,2017-10-27,2017,10,CPC,Ashkelon,Black-Med,Middle,2026-08-12
16-2017 ALT,Vector Energy AG,Altai,Altai-Aframax,Own fleet,80316.0,,2017-11-08,2017,11,Novorossiysk,Midia,Black-Black,Short,2026-08-12
01-2017 TIG,Vector Energy AG,Tigani,Aframax,3rd party,79811.0,,2017-11-12,2017,11,Novorossiysk,Midia,Black-Black,Short,2026-08-12
17-2017 ALT,Vector Energy AG,Altai,Altai-Aframax,Own fleet,80463.0,,2017-11-18,2017,11,Novorossiysk,Burgas,Black-Black,Short,2026-08-12
17-2017 ALA,Vector Energy AG,Alatau,Alatau-Aframax,Own fleet,83506.0,,2017-11-24,2017,11,CPC,Ceyhan,Black-Med,Middle,2026-08-12
02-2017 DYN,Vector Energy AG,Dynasty,Aframax,3rd party,80112.0,,2017-11-30,2017,11,Novorossiysk,Midia,Black-Black,Short,2026-08-12
18-2017 ALT,TRAFIGURA MARITIME LOGISTICS PTE LTD,Altai,Altai-Aframax,Own fleet,79950.0,,2017-12-03,2017,12,Novorossiysk,Burgas,Black-Black,Short,2026-08-12
19-2017 ALT,Vector Energy AG,Altai,Altai-Aframax,Own fleet,80210.0,,2017-12-15,2017,12,Novorossiysk,Midia,Black-Black,Short,2026-08-12
02-2017 AF,Vector Energy AG,Aegean Freedom,Aframax,3rd party,79781.0,,2017-12-08,2017,12,Novorossiysk,Midia,Black-Black,Short,2026-08-12
18-2017 ALA,Vector Energy AG,Alatau,Alatau-Aframax,Own fleet,84948.0,,2017-12-24,2017,12,CPC,FOS,Black-Med,Middle,2026-08-12
20-2017 ALT,Vector Energy AG,Altai,Altai-Aframax,Own fleet,79957.0,,2017-12-30,2017,12,Novorossiysk,Midia,Black-Black,Short,2026-08-12
01-2018 ALT,KMG Trading AG,Altai,Altai-Aframax,Own fleet,84927.0,84927.0,2018-01-15,2018,1,CPC,Midia,Black-Black,Short,2026-08-12
02-2018 ALT,KMG Trading AG,Altai,Altai-Aframax,Own fleet,80049.0,80049.0,2018-01-25,2018,1,CPC,Trieste,Black-Med,Middle,2026-08-12
01-2018 ALA,Litasco,Alatau,Alatau-Aframax,Own fleet,83160.301,83160.301,2018-01-31,2018,1,Sidi Kerir,Burgas,Med-Black,Middle,2026-08-12
03-2018 ALT,KMG Trading AG,Altai,Altai-Aframax,Own fleet,79863.0,79863.0,2018-02-28,2018,2,Novorossiysk,Ashkelon,Black-Med,Middle,2026-08-12
02-2018 ALA,KMG Trading AG,Alatau,Alatau-Aframax,Own fleet,80273.0,80273.0,2018-02-19,2018,2,Novorossiysk,Midia,Black-Black,Short,2026-08-12
03-2018 ALA,KMG Trading AG,Alatau,Alatau-Aframax,Own fleet,79897.0,79897.0,2018-03-10,2018,3,Novorossiysk,Midia,Black-Black,Short,2026-08-12
04-2018 ALT,Petroineos Trading Limited,Altai,Altai-Aframax,Own fleet,84990.0,84990.0,2018-03-24,2018,3,CPC,Trieste,Black-Med,Middle,2026-08-12
04-2018 ALA,KMG Trading AG,Alatau,Alatau-Aframax,Own fleet,80281.0,80281.0,2018-03-19,2018,3,Novorossiysk,Midia,Black-Black,Short,2026-08-12
05-2018 ALA,KMG Trading AG,Alatau,Alatau-Aframax,Own fleet,80689.0,80689.0,2018-03-27,2018,3,Novorossiysk,Haifa,Black-Med,Middle,2026-08-12
05-2018 ALT,Vector Energy AG,Altai,Altai-Aframax,Own fleet,93433.0,93433.0,2018-04-19,2018,4,CPC,Santa Panagia,Black-Med,Middle,2026-08-12
06-2018 ALA,Vector Energy AG,Alatau,Alatau-Aframax,Own fleet,93473.0,93473.0,2018-04-24,2018,4,CPC,Trieste,Black-Med,Middle,2026-08-12
07-2018 ALA,ST Shipping,Alatau,Alatau-Aframax,Own fleet,80034.838,80034.838,2018-05-13,2018,5,Novorossiysk,Genoa,Black-Med,Middle,2026-08-12
06-2018 ALT,Vector Energy AG,Altai,Altai-Aframax,Own fleet,80050.613,80050.613,2018-05-15,2018,5,Novorossiysk,Constanta,Black-Black,Short,2026-08-12
07-2018 ALT,Vector Energy AG,Altai,Altai-Aframax,Own fleet,80222.0,80222.0,2018-05-31,2018,5,Novorossiysk,Midia,Black-Black,Short,2026-08-12
08-2018 ALA,Vector Energy AG,Alatau,Alatau-Aframax,Own fleet,80128.0,80128.0,2018-06-05,2018,6,Novorossiysk,Burgas,Black-Black,Short,2026-08-12
08-2018 ALT,Vitol SA,Altai,Altai-Aframax,Own fleet,85225.0,85225.0,2018-06-06,2018,6,CPC,FOS,Black-Med,Middle,2026-08-12
D1-2018,Vector Energy AG,Dynasty,Aframax,3rd party,81981.0,81981.0,2018-06-01,2018,6,Novorossiysk,Genoa,Black-Med,Middle,2026-08-12
09-2018 ALA,Vector Energy AG,Alatau,Alatau-Aframax,Own fleet,86365.349,86365.349,2018-06-27,2018,6,Novorossiysk,Omisalj/Augusta,Black-Med,Middle,2026-08-12
09-2018 ALT,Vector Energy AG,Altai,Altai-Aframax,Own fleet,80084.0,80084.0,2018-06-28,2018,6,Novorossiysk,Haifa,Black-Med,Middle,2026-08-12
M1-2018,Vector Energy AG,Maratha,Aframax,3rd party,80093.0,80093.0,2018-06-26,2018,6,Novorossiysk,Midia,Black-Black,Short,2026-08-12
Ce-Nir 01-2018,Vector Energy AG,Ce-Niriis,Aframax,3rd party,79967.0,79967.0,2018-07-05,2018,7,Novorossiysk,Midia,Black-Black,Short,2026-08-12
D 02-2018,Vector Energy AG,Dynasty,Aframax,3rd party,80093.0,80093.0,2018-07-09,2018,7,Novorossiysk,Midia,Black-Black,Short,2026-08-12
10-2018 ALT,Chevron Tankers Ltd,Altai,Altai-Aframax,Own fleet,97957.0,97957.0,2018-07-19,2018,7,CPC,Thessaloniki,Black-Med,Middle,2026-08-12
Ce-Nir 02-2018,Vector Energy AG,Ce-Niriis,Aframax,3rd party,79960.0,79960.0,2018-07-21,2018,7,Novorossiysk,Midia,Black-Black,Short,2026-08-12
10-2018 ALA,Vector Energy AG,Alatau,Alatau-Aframax,Own fleet,79822.0,79822.0,2018-07-26,2018,7,Novorossiysk,Haifa,Black-Med,Middle,2026-08-12
11-2018 ALT,Vector Energy AG,Altai,Altai-Aframax,Own fleet,79905.0,79905.0,2018-08-06,2018,8,Novorossiysk,Burgas,Black-Black,Short,2026-08-12
11-2018 ALA,Vector Energy AG,Alatau,Alatau-Aframax,Own fleet,80308.6,80308.6,2018-08-17,2018,8,Novorossiysk,Midia,Black-Black,Short,2026-08-12
12-2018 ALT,Vector Energy AG,Altai,Altai-Aframax,Own fleet,84933.0,84933.0,2018-08-16,2018,8,CPC,Aliaga/Ceyhan,Black-Med,Middle,2026-08-12
12-2018 ALA,Vector Energy AG,Alatau,Alatau-Aframax,Own fleet,80274.0,80274.0,2018-08-28,2018,8,Novorossiysk,Midia,Black-Black,Short,2026-08-12
13-2018 ALT,Vitol SA,Altai,Altai-Aframax,Own fleet,93331.0,93331.0,2018-09-10,2018,9,CPC,Trieste,Black-Med,Middle,2026-08-12
13-2018 ALA,Vector Energy AG,Alatau,Alatau-Aframax,Own fleet,80274.0,80274.0,2018-09-14,2018,9,Novorossiysk,Midia,Black-Black,Short,2026-08-12
14-2018 ALA,Vector Energy AG,Alatau,Alatau-Aframax,Own fleet,80104.0,80104.0,2018-09-21,2018,9,Novorossiysk,Burgas,Black-Black,Short,2026-08-12
14-2018 ALT,Vector Energy AG,Altai,Altai-Aframax,Own fleet,80000.0,80000.0,2018-10-04,2018,10,Novorossiysk,Burgas,Black-Black,Short,2026-08-12
15-2018 ALT,Vector Energy AG,Altai,Altai-Aframax,Own fleet,89910.0,89910.0,2018-10-20,2018,10,CPC,Tarragona,Black-Med,Middle,2026-08-12
15-2018 ALA,Litasco,Alatau,Alatau-Aframax,Own fleet,84987.0,84987.0,2018-10-02,2018,10,CPC,Ashkelon/Haifa,Black-Med,Middle,2026-08-12
16-2018 ALA,Vector Energy AG,Alatau,Alatau-Aframax,Own fleet,80049.0,80049.0,2018-10-27,2018,10,Novorossiysk,Aliaga,Black-Med,Middle,2026-08-12
16-2018 ALT,Petroineos Trading Limited,Altai,Altai-Aframax,Own fleet,98422.0,98422.0,2018-11-22,2018,11,CPC,Trieste,Black-Med,Middle,2026-08-12
17-2018 ALA,Chevron Tankers Ltd,Alatau,Alatau-Aframax,Own fleet,93985.0,93985.0,2018-11-17,2018,11,CPC,Fos,Black-Med,Middle,2026-08-12
01-2018-S,KMG TRADING AG,Panagia Armata,Aframax,3rd party,80295.0,80295.0,2018-11-19,2018,11,Novorossiysk,Constanta,Black-Black,Short,2026-08-12
04-2018-S,KMG TRADING AG,Delta Commander,Suezmax,3rd party,133693.0,133693.0,2018-11-26,2018,11,CPC,Rotterdam,Black-Continent,Long,2026-08-12
05-2018-S,KMG TRADING AG,Captain A. Stellatos,Aframax,3rd party,89992.0,89992.0,2018-12-03,2018,12,Novorossiysk,Midia,Black-Black,Short,2026-08-12
03-2018-S,KMG TRADING AG,Kriti Diamond,Suezmax,3rd party,134992.0,134992.0,2018-12-04,2018,12,CPC,Trieste,Black-Med,Middle,2026-08-12
07-2018-S,KMG TRADING AG,Lovina,Aframax,3rd party,84967.0,84967.0,2018-12-08,2018,12,CPC,Trieste,Black-Med,Middle,2026-08-12
06-2018-S,KMG TRADING AG,Panagia Armata,Aframax,3rd party,80083.0,80083.0,2018-12-06,2018,12,Novorossiysk,Midia,Black-Black,Short,2026-08-12
08-2018-S,KMG TRADING AG,Oilmeda,Aframax,3rd party,89986.0,89986.0,2018-12-17,2018,12,CPC,FOS,Black-Med,Middle,2026-08-12
10-2018-S,KMG TRADING AG,Ce-Niriis,Aframax,3rd party,80077.0,80077.0,2018-12-19,2018,12,Novorossiysk,Midia,Black-Black,Short,2026-08-12
09-2018-S,KMG TRADING AG,Reliable Warrior,Suezmax,3rd party,131391.0,131391.0,2018-12-26,2018,12,CPC,Bilbau,Black-Med,Middle,2026-08-12
12-2018-S,KMG TRADING AG,Libra Sun,Aframax,3rd party,89773.0,89773.0,2018-12-28,2018,12,Novorossiysk,Tutunciftlik,Black-Med,Middle,2026-08-12
11-2018-S,KMG TRADING AG,Panagia Armata,Aframax,3rd party,79943.0,79943.0,2018-12-31,2018,12,Novorossiysk,Burgas,Black-Black,Short,2026-08-12
18-2018 ALA,KMG TRADING AG,Alatau,Alatau-Aframax,Own fleet,84021.0,84021.0,2018-12-31,2018,12,CPC,Midia,Black-Black,Short,2026-08-12
17-2018 ALT,KMG TRADING AG,Altai,Altai-Aframax,Own fleet,84948.0,84948.0,2019-01-03,2019,1,CPC,Trieste,Black-Med,Middle,2026-08-12
01-2019-S,KMG TRADING AG,Ohio,Aframax,3rd party,72740.0,72740.0,2019-01-08,2019,1,Novorossiysk,Burgas,Black-Black,Short,2026-08-12
02-2019-S,KMG TRADING AG,Signal Puma,Aframax,3rd party,84924.0,84924.0,2019-01-08,2019,1,CPC,Trieste,Black-Med,Middle,2026-08-12
04-2019-S,KMG TRADING AG,Ce-Niriis,Aframax,3rd party,83612.0,83612.0,2019-01-17,2019,1,Novorossiysk,Midia,Black-Black,Short,2026-08-12
05-2019-S,KMG TRADING AG,Leo Sun,Aframax,3rd party,84938.0,84938.0,2019-01-17,2019,1,CPC,Tarragona,Black-Med,Middle,2026-08-12
01-2019 ALA,KMG TRADING AG,Alatau,Alatau-Aframax,Own fleet,83826.0,83826.0,2019-01-17,2019,1,Novorossiysk,Midia,Black-Black,Short,2026-08-12
06-2019-S,KMG TRADING AG,NS Captain,Aframax,3rd party,84976.0,84976.0,2019-01-25,2019,1,CPC,Trieste-Tarragona,Black-Med,Middle,2026-08-12
09-2019-S,KMG TRADING AG,Myrtos,Aframax,3rd party,80973.0,80973.0,2019-01-26,2019,1,CPC,Trieste,Black-Med,Middle,2026-08-12
10-2019-S,KMG TRADING AG,Alexia,Aframax,3rd party,84988.0,84988.0,2019-01-29,2019,1,CPC,Midia,Black-Black,Short,2026-08-12
16-2019-S,KMG TRADING AG,Minerva Libra,Aframax,3rd party,99891.9,99891.9,2019-01-28,2019,1,Ust-Luga,Antwerp,Baltic-Continent,#N/A,2026-08-12
07-2019-S,KMG TRADING AG,Minerva NouNou,Aframax,3rd party,80099.751,80200.0,2019-02-01,2019,2,Novorossiysk,Midia,Black-Black,Short,2026-08-12
02-2019 ALA,Chevron Tankers Ltd,Alatau,Alatau-Aframax,Own fleet,93974.0,93974.0,2019-02-02,2019,2,CPC,Omisalj,Black-Med,Middle,2026-08-12
13-2019-S,KMG TRADING AG,Stamos,Aframax,3rd party,84981.0,84981.0,2019-02-03,2019,2,CPC,Trieste,Black-Med,Middle,2026-08-12
11-2019-S,KMG TRADING AG,Zarifa Aliyeva,Aframax,3rd party,84982.0,84982.0,2019-02-05,2019,2,CPC,Gdansk,Black-Baltic,Short,2026-08-12
14-2019-S,KMG TRADING AG,Ce-Niriis,Aframax,3rd party,80187.0,80187.0,2019-02-09,2019,2,Novorossiysk,Midia,Black-Black,Short,2026-08-12
15-2019-S,KMG TRADING AG,Stemnitsa,Aframax,3rd party,84974.0,84974.0,2019-02-10,2019,2,CPC,FOS,Black-Med,Middle,2026-08-12
20-2019-S,KMG TRADING AG,Albanel,Aframax,3rd party,79938.95,80039.0,2019-02-17,2019,2,Novorossiysk,Midia,Black-Black,Short,2026-08-12
23-2019-S,KMG TRADING AG,Ce-Niriis,Aframax,3rd party,79934.96,80035.0,2019-02-19,2019,2,Novorossiysk,Aliaga,Black-Med,Middle,2026-08-12
22-2019-S,KMG Trading AG,Dynasty,Aframax,3rd party,79941.0,79941.0,2019-02-22,2019,2,Novorossiysk,Tutunciftlik,Black-Med,Middle,2026-08-12
19-2019-S,KMG Trading AG,Delta Spirit,Suezmax,3rd party,134930.0,134930.0,2019-02-22,2019,2,CPC,Tutunciftlik/Ceyhan,Black-Med,Middle,2026-08-12
21-2019-S,KMG Trading AG,Aries Sun,Aframax,3rd party,95930.0,95930.0,2019-02-23,2019,2,CPC,FOS,Black-Med,Middle,2026-08-12
01-2019 ALT,KMG Trading AG,Altai,Altai-Aframax,Own fleet,84918.0,84918.0,2019-03-04,2019,3,CPC,Omisalj,Black-Med,Middle,2026-08-12
24-2019-S,KMG Trading AG,Panagia Armata,Aframax,3rd party,80139.0,80139.0,2019-03-08,2019,3,Novorossiysk,Midia,Black-Black,Short,2026-08-12
25-2019-S,KMG Trading AG,Ohio,Aframax,3rd party,84952.0,84952.0,2019-03-08,2019,3,CPC,Pachi Megara,Black-Med,Middle,2026-08-12
26-2019-S,KMG Trading AG,Aegean Harmony,Aframax,3rd party,84927.0,84927.0,2019-03-14,2019,3,CPC,Ceyhan,Black-Med,Middle,2026-08-12
27-2019-S,KMG Trading AG,Ns Captain,Aframax,3rd party,91990.0,91990.0,2019-03-16,2019,3,CPC,Aliaga,Black-Med,Middle,2026-08-12
28-2019-S,KMG Trading AG,Estrella,Aframax,3rd party,84984.0,84984.0,2019-03-16,2019,3,CPC,Omisalj,Black-Med,Middle,2026-08-12
29-2019-S,KMG Trading AG,Aegean Freedom,Aframax,3rd party,79805.119,79905.0,2019-03-17,2019,3,Novorossiysk,Midia,Black-Black,Short,2026-08-12
30-2019-S,KMG Trading AG,Panagia Armata,Aframax,3rd party,80137.0,80137.0,2019-03-20,2019,3,Novorossiysk,Midia/Constantza,Black-Black,Short,2026-08-12
31-2019-S,KMG Trading AG,NordPenguin,Aframax,3rd party,93418.0,93418.0,2019-03-23,2019,3,CPC,Omisalj,Black-Med,Middle,2026-08-12
04-2019 ALA,KMG Trading AG,Alatau,Alatau-Aframax,Own fleet,79998.0,79998.0,2019-03-27,2019,3,Novorossiysk,Haifa,Black-Med,Middle,2026-08-12
32-2019-S,KMG Trading AG,Delta Spirit,Suezmax,3rd party,206808.86,206808.86,2019-04-03,2019,4,Novorossiysk,Linggi,Black-Far East,Long,2026-08-12
35-2019-S,KMG Trading AG,Ryman,Aframax,3rd party,99881.11,99881.11,2019-04-08,2019,4,Ust-Luga,Butinge,Baltic-Continent,#N/A,2026-08-12
02-2019 ALT,KMG Trading AG,Altai,Altai-Aframax,Own fleet,80095.0,80095.0,2019-04-09,2019,4,Novorossiysk,Midia,Black-Black,Short,2026-08-12
34-2019-S,KMG Trading AG,NordPenguin,Aframax,3rd party,84916.0,84916.0,2019-04-13,2019,4,CPC,Trieste,Black-Med,Middle,2026-08-12
33-2019-S,KMG Trading AG,Heydar Aliyev,Aframax,3rd party,79777.154,79877.0,2019-04-14,2019,4,Novorossiysk,Midia,Black-Black,Short,2026-08-12
36-2019-S,KMG Trading AG,Merbabu,Aframax,3rd party,90914.0,90914.0,2019-04-21,2019,4,CPC,Antwerp,Black-Continent,Long,2026-08-12
05-2019 ALA,Vitol SA,Alatau,Alatau-Aframax,Own fleet,86988.0,86988.0,2019-04-19,2019,4,CPC,Pachi Megara,Black-Med,Middle,2026-08-12
03-2019 ALT,KMG Trading AG,Altai,Altai-Aframax,Own fleet,72355.0,72355.0,2019-04-22,2019,4,Novorossiysk,Midia,Black-Black,Short,2026-08-12
37-2019-S,KMG Trading AG,Aegean Angel,Suezmax,3rd party,134174.0,134174.0,2019-04-27,2019,4,CPC,Rotterdam,Black-Continent,Long,2026-08-12
04-2019 ALT,KMG Trading AG,Altai,Altai-Aframax,Own fleet,80128.0,80128.0,2019-04-30,2019,4,Novorossiysk,Midia,Black-Black,Short,2026-08-12
38-2019-S,KMG Trading AG,Sonangol Kassanje,Suezmax,3rd party,133826.0,133826.0,2019-05-08,2019,5,Novorossiysk,Daesan (South Korea),Black-Far East,Long,2026-08-12
39-2019-S,KMG Trading AG,Panagia Armata,Aframax,3rd party,79992.0,79992.0,2019-05-06,2019,5,Novorossiysk,Midia,Black-Black,Short,2026-08-12
06-2019 ALA,Vitol SA,Alatau,Alatau-Aframax,Own fleet,79931.0,79931.0,2019-05-07,2019,5,CPC,Aliaga/Ceyhan,Black-Med,Middle,2026-08-12
05-2019 ALT,KMG Trading AG,Altai,Altai-Aframax,Own fleet,79909.0,79909.0,2019-05-09,2019,5,Novorossiysk,Midia,Black-Black,Short,2026-08-12
40-2019-S,KMG Trading AG,Semeru,Aframax,3rd party,87873.0,87873.0,2019-05-16,2019,5,CPC,Algeciras (Spain),Black-Med,Middle,2026-08-12
41-2019-S,KMG Trading AG,Rivera,Aframax,3rd party,91966.0,91966.0,2019-05-18,2019,5,CPC,FOS,Black-Med,Middle,2026-08-12
06-2019 ALT,KMG Trading AG,Altai,Altai-Aframax,Own fleet,80311.0,80311.0,2019-05-18,2019,5,Novorossiysk,Midia,Black-Black,Short,2026-08-12
42-2019-S,KMG Trading AG,Minerva Sophia,Aframax,3rd party,84925.106,84925.106,2019-05-21,2019,5,CPC,Sarroch,Black-Med,Middle,2026-08-12
43-2019-S,KMG Trading AG,Aegean Blue,Aframax,3rd party,98924.0,98924.0,2019-05-24,2019,5,CPC,Haifa,Black-Med,Middle,2026-08-12
44-2019-S,KMG Trading AG,Ce-Niriis,Aframax,3rd party,80019.0,80019.0,2019-05-23,2019,5,Novorossiysk,Midia,Black-Black,Short,2026-08-12
07-2019 ALA,KMG Trading AG,Alatau,Alatau-Aframax,Own fleet,84991.0,84991.0,2019-06-01,2019,6,CPC,Ashkelon,Black-Med,Middle,2026-08-12
45-2019-S,KMG Trading AG,Aegean Myth,Aframax,3rd party,84971.0,84971.0,2019-06-05,2019,6,CPC,Thessaloniki,Black-Med,Middle,2026-08-12
07-2019 ALT,KMG Trading AG,Altai,Altai-Aframax,Own fleet,80015.0,80015.0,2019-06-04,2019,6,Novorossiysk,Midia,Black-Black,Short,2026-08-12
46-2019-S,KMG Trading AG,Semeru,Aframax,3rd party,84943.0,84943.0,2019-06-12,2019,6,CPC,Castellon,Black-Med,Middle,2026-08-12
08-2019 ALT,KMG Trading AG,Altai,Altai-Aframax,Own fleet,79968.0,79968.0,2019-06-13,2019,6,Novorossiysk,Midia,Black-Black,Short,2026-08-12
08-2019 ALA,KMG Trading AG,Alatau,Alatau-Aframax,Own fleet,84951.0,84951.0,2019-06-22,2019,6,CPC,FOS,Black-Med,Middle,2026-08-12
47-2019-S,KMG Trading AG,Dolviken,Suezmax,3rd party,132297.0,132297.0,2019-06-23,2019,6,Novorossiysk,Ulsan (South Korea),Black-Far East,Long,2026-08-12
09-2019 ALT,KMG Trading AG,Altai,Altai-Aframax,Own fleet,79968.0,79968.0,2019-06-27,2019,6,Novorossiysk,Midia,Black-Black,Short,2026-08-12
48-2019-S,KMG Trading AG,Libra Sun,Aframax,3rd party,90972.0,90972.0,2019-06-27,2019,6,CPC,Tarragona,Black-Med,Middle,2026-08-12
10-2019 ALT,KMG Trading AG,Altai,Altai-Aframax,Own fleet,93443.0,93443.0,2019-07-04,2019,7,CPC,Antwerp/Rotterdam,Black-Continent,Long,2026-08-12
49-2019-S,KMG Trading AG,Signal Maya,Aframax,3rd party,84980.0,84980.0,2019-07-06,2019,7,CPC,Le Havre,Black-Continent,Long,2026-08-12
50-2019-S,KMG Trading AG,Green Aura,Aframax,3rd party,80078.0,80078.0,2019-07-08,2019,7,Novorossiysk,Midia,Black-Black,Short,2026-08-12
51-2019-S,KMG Trading AG,Green Aura,Aframax,3rd party,93432.0,93432.0,2019-07-16,2019,7,Novorossiysk,Fos,Black-Med,Middle,2026-08-12
09-2019 ALA,KMG Trading AG,Alatau,Alatau-Aframax,Own fleet,84972.0,84972.0,2019-07-22,2019,7,CPC,Haifa,Black-Med,Middle,2026-08-12
52-2019-S,KMG Trading AG,Stena Sunrise,Suezmax,3rd party,132697.0,132697.0,2019-07-23,2019,7,CPC,Rotterdam,Black-Continent,Long,2026-08-12
53-2019-S,KMG TRADING AG,Maran Hermione,Suezmax,3rd party,140010.0,140010.0,2019-07-26,2019,7,Novorossiysk,Constanta,Black-Black,Short,2026-08-12
11-2019 ALT,Vitol SA,Altai,Altai-Aframax,Own fleet,87132.29,87132.29,2019-07-29,2019,7,Teesport,Augusta,UK-Med,Long,2026-08-12
54-2019-S,KMG TRADING AG,Azerbaijan,Aframax,3rd party,80053.0,80053.0,2019-07-31,2019,7,Novorossiysk,Haifa,Black-Med,Middle,2026-08-12
55-2019-S,KMG TRADING AG,Merbabu,Aframax,3rd party,84942.0,84942.0,2019-08-02,2019,8,CPC,Rotterdam,Black-Continent,Long,2026-08-12
57-2019-S,KMG TRADING AG,Alexia,Aframax,3rd party,84827.0,84827.0,2019-08-14,2019,8,CPC,Rotterdam,Black-Continent,Long,2026-08-12
12-2019 ALT,Vitol SA,Altai,Altai-Aframax,Own fleet,87772.0,87772.0,2019-08-23,2019,8,CPC,Trieste,Black-Med,Middle,2026-08-12
58-2019-S,KMG TRADING AG,Nicolaos,Suezmax,3rd party,136941.0,136941.0,2019-08-24,2019,8,Novorossiysk,Shuldong (China),Black-Far East,Long,2026-08-12
10-2019 ALA,KMG TRADING AG,Alatau,Alatau-Aframax,Own fleet,80225.0,80225.0,2019-08-09,2019,8,Novorossiysk,Midia,Black-Black,Short,2026-08-12
59-2019-S,KMG TRADING AG,Ligurian Sea,Aframax,3rd party,79911.0,79911.0,2019-08-15,2019,8,Novorossiysk,Burgas,Black-Black,Short,2026-08-12
11-2019 ALA,KMG TRADING AG,Alatau,Alatau-Aframax,Own fleet,80158.0,80158.0,2019-08-18,2019,8,Novorossiysk,Midia,Black-Black,Short,2026-08-12
59-2019-S,KMG TRADING AG,NS Creation,Aframax,3rd party,84989.0,84989.0,2019-08-26,2019,8,CPC,Tutunciftlik/Izmit,Black-Med,Middle,2026-08-12
12-2019 ALA,KMG TRADING AG,Alatau,Alatau-Aframax,Own fleet,79972.37,79972.37,2019-09-01,2019,9,Novorossiysk,Midia,Black-Black,Short,2026-08-12
13-2019 ALA,Vitol SA,Alatau,Alatau-Aframax,Own fleet,79953.0,79953.0,2019-09-10,2019,9,CPC,Trieste,Black-Med,Middle,2026-08-12
61-2019-S,KMG TRADING AG,Mars Sun,Aframax,3rd party,91981.0,91981.0,2019-09-11,2019,9,CPC,FOS,Black-Med,Middle,2026-08-12
60-2019-S,KMG TRADING AG,Aegean Nobility,Aframax,3rd party,79981.897,79981.897,2019-09-12,2019,9,Novorossiysk,Constanta,Black-Black,Short,2026-08-12
62-2019-S,KMG TRADING AG,Ligurian Sea,Aframax,3rd party,79847.0,79847.0,2019-09-17,2019,9,Novorossiysk,Constanta,Black-Black,Short,2026-08-12
64-2019-S,KMG TRADING AG,Gstaad Grace,Aframax,3rd party,84918.0,84918.0,2019-09-20,2019,9,Novorossiysk,Midia,Black-Black,Short,2026-08-12
63-2019-S,KMG TRADING AG,Ligovsky Prospect,Aframax,3rd party,80197.0,80197.0,2019-09-21,2019,9,Novorossiysk,Midia,Black-Black,Short,2026-08-12
13-2019 ALT,Petroineos Trading,Altai,Altai-Aframax,Own fleet,98789.0,98789.0,2019-09-23,2019,9,CPC,Rotterdam,Black-Continent,Long,2026-08-12
65-2019-S,KMG TRADING AG,Seavision,Suezmax,3rd party,131545.0,131545.0,2019-09-24,2019,9,CPC,Aliaga/Ceyhan,Black-Med,Middle,2026-08-12
66-2019-S,KMG TRADING AG,Seamagic,Aframax,3rd party,80126.0,80126.0,2019-09-29,2019,9,Novorossiysk,Midia,Black-Black,Short,2026-08-12
67-2019-S,KMG TRADING AG,Gstaad Grace,Aframax,3rd party,80016.05,80016.05,2019-10-05,2019,10,Novorossiysk,Midia,Black-Black,Short,2026-08-12
68-2019-S,KMG TRADING AG,Seaborn,Aframax,3rd party,79799.0,79799.0,2019-10-12,2019,10,Novorossiysk,Midia,Black-Black,Short,2026-08-12
69-2019-S,KMG TRADING AG,Mars Sun,Aframax,3rd party,84934.0,84934.0,2019-10-13,2019,10,CPC,Pachi Megara,Black-Med,Middle,2026-08-12
14-2019 ALT,Petraco Oil Company Ltd,Altai,Altai-Aframax,Own fleet,74751.23,74751.23,2019-10-16,2019,10,Rotterdam,Genoa/Ashkelon,Continent-Med,Middle,2026-08-12
14-2019 ALA,KMG TRADING AG,Alatau,Alatau-Aframax,Own fleet,80032.0,80032.0,2019-10-17,2019,10,Novorossiysk,Aliaga,Black-Med,Middle,2026-08-12
70-2019-S,KMG TRADING AG,Nordindependence,Aframax,3rd party,80432.0,80432.0,2019-10-18,2019,10,Novorossiysk,Midia,Black-Black,Short,2026-08-12
71-2019-S,KMG TRADING AG,Scorpio,Aframax,3rd party,79950.0,79950.0,2019-10-21,2019,10,CPC,Ashkelon,Black-Med,Middle,2026-08-12
72-2019-S,KMG TRADING AG,Delta Mariner,Suezmax,3rd party,134541.0,134541.0,2019-10-23,2019,10,CPC,Trieste,Black-Med,Middle,2026-08-12
73-2019-S,KMG TRADING AG,Captain A. Stellatos,Aframax,3rd party,79937.0,79937.0,2019-10-25,2019,10,CPC,Thessaloniki,Black-Med,Middle,2026-08-12
74-2019-S,KMG TRADING AG,Mars Sun,Aframax,3rd party,84953.0,84953.0,2019-11-07,2019,11,CPC,Castellon,Black-Med,Middle,2026-08-12
15-2019 ALA,KMG TRADING AG,Alatau,Alatau-Aframax,Own fleet,79903.0,79903.0,2019-11-09,2019,11,Novorossiysk,Midia,Black-Black,Short,2026-08-12
75-2019-S,KMG TRADING AG,Crude Centurion,Aframax,3rd party,84993.0,84993.0,2019-11-11,2019,11,CPC,Trieste,Black-Med,Middle,2026-08-12
15-2019 ALT,KMG TRADING AG,Altai,Altai-Aframax,Own fleet,79882.0,79882.0,2019-11-16,2019,11,Novorossiysk,Midia,Black-Black,Short,2026-08-12
16-2019 ALA,KMG TRADING AG,Alatau,Alatau-Aframax,Own fleet,84991.0,84991.0,2019-11-18,2019,11,CPC,Haifa,Black-Med,Middle,2026-08-12
76-2019-S,KMG TRADING AG,Folegandros,Suezmax,3rd party,131563.0,131563.0,2019-11-20,2019,11,Novorossiysk,Yeosu (Korea),Black-Far East,Long,2026-08-12
78-2019-S,KMG TRADING AG,Panagia Armata,Aframax,3rd party,80256.0,80256.0,2019-11-25,2019,11,CPC,Burgas,Black-Black,Short,2026-08-12
16-2019 ALT,KMG TRADING AG,Altai,Altai-Aframax,Own fleet,84902.0,79882.0,2019-11-27,2019,11,Novorossiysk,Constanta,Black-Black,Short,2026-08-12
77-2019-S,KMG TRADING AG,Gemini Sun,Aframax,3rd party,84998.0,84998.0,2019-11-24,2019,11,CPC,Midia,Black-Black,Short,2026-08-12
17-2019 ALA,Litasco SA,Alatau,Alatau-Aframax,Own fleet,83771.136,83771.136,2019-12-07,2019,12,Sidi Kerir,Burgas,Med-Black,Middle,2026-08-12
79-2019-S,KMG TRADING AG,Dynasty,Aframax,3rd party,77749.0,77749.0,2019-12-08,2019,12,Novorossiysk,Burgas,Black-Black,Short,2026-08-12
80-2019-S,KMG TRADING AG,Aegean Myth,Aframax,3rd party,79977.0,79977.0,2019-12-12,2019,12,CPC,Trieste,Black-Med,Middle,2026-08-12
17-2019 ALT,KMG TRADING AG,Altai,Altai-Aframax,Own fleet,82170.0,82170.0,2019-12-16,2019,12,Novorossiysk,Midia,Black-Black,Short,2026-08-12
81-2019-S,KMG TRADING AG,Agios Gerasimos,Aframax,3rd party,79940.0,79940.0,2019-12-16,2019,12,CPC,Haifa,Black-Med,Middle,2026-08-12
84-2019-S,KMG TRADING AG,Cobalt Sun,Aframax,3rd party,98971.0,98971.0,2019-12-23,2019,12,CPC,Thessaloniki,Black-Med,Middle,2026-08-12
82-2019-S,KMG TRADING AG,Minerva Gloria,Aframax,3rd party,80176.654,80176.654,2019-12-27,2019,12,Novorossiysk,Midia,Black-Black,Short,2026-08-12
83-2019-S,KMG TRADING AG,Kythira Warrior,Aframax,3rd party,79976.0,79976.0,2019-12-28,2019,12,CPC,Castellon,Black-Med,Middle,2026-08-12
18-2019 ALT,KMG TRADING AG,Altai,Altai-Aframax,Own fleet,80163.0,80163.0,2019-12-30,2019,12,Novorossiysk,Midia,Black-Black,Short,2026-08-12
01-2020 ALA,KMG TRADING AG,Alatau,Aframax,Own fleet,79800.0,79800.0,2020-01-05,2020,1,Novorossiysk,Midia,Black-Black,Short,2026-08-12
01-2020-S,KMG TRADING AG,Panagia Armata,Aframax,3rd party,80001.0,80001.0,2020-01-04,2020,1,Novorossiysk,Ceyhan,Black-Med,Middle,2026-08-12
02-2020-S,KMG TRADING AG,Merbabu,Aframax,3rd party,91281.0,91281.0,2020-01-11,2020,1,Novorossiysk,Midia,Black-Black,Short,2026-08-12
02-2020 ALA,Vitol SA,Alatau,Alatau-Aframax,Own fleet,87456.0,87456.0,2020-01-14,2020,1,CPC,Trieste,Black-Med,Middle,2026-08-12
01-2020 ALT,KMG TRADING AG,Altai,Altai-Aframax,Own fleet,80071.0,80071.0,2020-01-13,2020,1,Novorossiysk,Trieste,Black-Med,Middle,2026-08-12
05-2020-S,KMG TRADING AG,Alexia,Aframax,3rd party,80281.0,80281.0,2020-01-16,2020,1,Novorossiysk,Midia,Black-Black,Short,2026-08-12
03-2020-S,KMG TRADING AG,Loire,Suezmax,3rd party,132488.0,132488.0,2020-01-20,2020,1,Novorossiysk,Sakai,Black-Far East,Long,2026-08-12
04-2020-S,KMG TRADING AG,Aegean Myth,Aframax,3rd party,91931.0,91931.0,2020-01-24,2020,1,CPC,Thessaloniki,Black-Med,Middle,2026-08-12
08-2020-S,KMG TRADING AG,Dynasty,Aframax,3rd party,80055.0,80055.0,2020-01-27,2020,1,Novorossiysk,Midia,Black-Black,Short,2026-08-12
07-2020-S,KMG TRADING AG,Merbabu,Aframax,3rd party,91071.0,91071.0,2020-01-28,2020,1,CPC,Tutunciftlik,Black-Med,Middle,2026-08-12
09-2020-S,KMG TRADING AG,Aegean Harmony,Aframax,3rd party,93428.0,93428.0,2020-02-01,2020,2,CPC,Bilbau,Black-Med,Middle,2026-08-12
10-2020-S,KMG TRADING AG,Minerva Coralia,Aframax,3rd party,92898.0,92898.0,2020-02-07,2020,2,CPC,Omisalj,Black-Med,Middle,2026-08-12
12-2020-S,KMG TRADING AG,Matilda,Aframax,3rd party,89977.0,89977.0,2020-02-14,2020,2,CPC,Trieste,Black-Med,Middle,2026-08-12
02-2020 ALT,KMG TRADING AG,Altai,Altai-Aframax,Own fleet,84668.0,84668.0,2020-02-17,2020,2,CPC,Constanta,Black-Black,Short,2026-08-12
11-2020-S,KMG TRADING AG,Libra sun,Aframax,3rd party,79800.0,79800.0,2020-02-17,2020,2,Novorossiysk,Midia,Black-Black,Short,2026-08-12
13-2020-S,KMG TRADING AG,Merbabu,Aframax,3rd party,80054.0,80054.0,2020-02-20,2020,2,Novorossiysk,Midia,Black-Black,Short,2026-08-12
14-2020-S,KMG TRADING AG,Summit Spirit,Suezmax,3rd party,131955.0,131955.0,2020-02-23,2020,2,Novorossiysk,Oita,Black-Far East,Long,2026-08-12
03-2020 ALT,KMG TRADING AG,Altai,Altai-Aframax,Own fleet,89981.0,89981.0,2020-02-29,2020,2,CPC,Tutunciftlik,Black-Med,Middle,2026-08-12
03-2020 ALA,KMG TRADING AG,Alatau,Alatau-Aframax,Own fleet,80853.0,80853.0,2020-02-28,2020,2,Novorossiysk,Burgas/Omisalj,Black-Med,Middle,2026-08-12
15-2020-S,KMG TRADING AG,Libra Sun,Aframax,3rd party,94904.0,94904.0,2020-03-07,2020,3,CPC,Rotterdam,Black-Continent,Long,2026-08-12
16-2020-S,KMG TRADING AG,Dynasty,Aframax,3rd party,79933.0,79933.0,2020-03-07,2020,3,Novorossiysk,Midia,Black-Black,Short,2026-08-12
17-2020-S,KMG TRADING AG,Zarifa Aliyeva,Aframax,3rd party,94985.0,94985.0,2020-03-12,2020,3,CPC,Pachi Megara,Black-Med,Middle,2026-08-12
04-2020 ALT,KMG TRADING AG,Altai,Altai-Aframax,Own fleet,80102.0,80102.0,2020-03-13,2020,3,Novorossiysk,Yuzhnyj,Black-Black,Short,2026-08-12
18-2020-S,KMG TRADING AG,SYROS WARRIOR,Aframax,3rd party,94969.0,94969.0,2020-03-18,2020,3,CPC,Rotterdam,Black-Continent,Long,2026-08-12
04-2020 ALA,KMG TRADING AG,Alatau,Alatau-Aframax,Own fleet,80288.0,80288.0,2020-03-21,2020,3,Novorossiysk,Santa Panagia,Black-Med,Middle,2026-08-12
19-2020-S,KMG TRADING AG,DELTA MED,Suezmax,3rd party,136978.0,136978.0,2020-03-27,2020,3,Novorossiysk,Rotterdam,Black-Continent,Long,2026-08-12
05-2020 ALT,KMG TRADING AG,Altai,Altai-Aframax,Own fleet,79908.0,79908.0,2020-03-30,2020,3,Novorossiysk,Trieste,Black-Med,Middle,2026-08-12
20-2020-S,KMG TRADING AG,Aegean Harmony,Aframax,3rd party,94875.0,94875.0,2020-04-02,2020,4,CPC,Sarroch,Black-Med,Middle,2026-08-12
21-2020-S,KMG TRADING AG,IRIDESCENT,Aframax,3rd party,84936.0,84936.0,2020-04-06,2020,4,CPC,Ashkelon,Black-Med,Middle,2026-08-12
22-2020-S,KMG TRADING AG,Ligovsky Prospect,Aframax,3rd party,79903.0,79903.0,2020-04-04,2020,4,Novorossiysk,Burgas,Black-Black,Short,2026-08-12
05-2020 ALA,KMG TRADING AG,Alatau,Alatau-Aframax,Own fleet,80006.0,80006.0,2020-04-12,2020,4,Novorossiysk,Constanta,Black-Black,Short,2026-08-12
24-2020-S,KMG TRADING AG,Ligovsky Prospect,Aframax,3rd party,80234.0,80234.0,2020-04-15,2020,4,Novorossiysk,Batumi,Black-Black,Short,2026-08-12
23-2020-S,KMG TRADING AG,ELANDRA ANGEL,Aframax,3rd party,80025.0,80025.0,2020-04-16,2020,4,CPC,Ashkelon,Black-Med,Middle,2026-08-12
06-2020 ALA,KMG TRADING AG,Alatau,Alatau-Aframax,Own fleet,86970.0,86970.0,2020-04-22,2020,4,CPC,Sarroch,Black-Med,Middle,2026-08-12
25-2020-S,KMG TRADING AG,PROMETHEUS LIGHT,Aframax,3rd party,93439.0,93439.0,2020-04-24,2020,4,CPC,Pachi Megara,Black-Med,Middle,2026-08-12
26-2020-S,KMG TRADING AG,HEYDAR ALIYEV,Aframax,3rd party,80096.0,80096.0,2020-04-25,2020,4,CPC,OPL Piraeus,Black-Med,Middle,2026-08-12
06-2020 ALT,KMG TRADING AG,Altai,Altai-Aframax,Own fleet,79981.0,79981.0,2020-04-24,2020,4,Novorossiysk,Aliaga,Black-Med,Middle,2026-08-12
27-2020-S,KMG TRADING AG,Alexia,Aframax,3rd party,99928.72,99928.72,2020-04-26,2020,4,Ust-Luga,Pachi Megara,Baltic-Med,Long,2026-08-12
28-2020-S,KMG TRADING AG,Merbabu,Aframax,3rd party,79917.0,79917.0,2020-05-05,2020,5,Novorossiysk,Midia,Black-Black,Short,2026-08-12
29-2020-S,KMG TRADING AG,Ligurian Sea,Aframax,3rd party,93935.0,93935.0,2020-05-08,2020,5,CPC,Ashkelon,Black-Med,Middle,2026-08-12
07-2020 ALA,Litasco SA,Alatau,Alatau-Aframax,Own fleet,75345.43,75345.43,2020-05-08,2020,5,Kalamata,Burgas,Med-Black,Middle,2026-08-12
30-2020-S,KMG TRADING AG,Ligovsky Prospect,Aframax,3rd party,79773.0,79773.0,2020-05-10,2020,5,Novorossiysk,Midia,Black-Black,Short,2026-08-12
07-2020 ALT,KMG TRADING AG,Altai,Altai-Aframax,Own fleet,80479.996,80479.996,2020-05-17,2020,5,Novorossiysk,Midia,Black-Black,Short,2026-08-12
31-2020-S,KMG TRADING AG,Merbabu,Aframax,3rd party,91079.0,91079.0,2020-05-19,2020,5,CPC,Ashkelon,Black-Med,Middle,2026-08-12
08-2020 ALA,KMG TRADING AG,Alatau,Alatau-Aframax,Own fleet,93980.0,93980.0,2020-05-28,2020,5,CPC,Thessaloniki,Black-Med,Middle,2026-08-12
08-2020 ALT,KMG TRADING AG,Altai,Altai-Aframax,Own fleet,79983.0,79983.0,2020-05-30,2020,5,Novorossiysk,Midia,Black-Black,Short,2026-08-12
09-2020 ALT,KMG TRADING AG,Altai,Altai-Aframax,Own fleet,79930.0,79930.0,2020-06-09,2020,6,CPC,Thessaloniki,Black-Med,Middle,2026-08-12
32-2020-S,KMG TRADING AG,Panagia Armata,Aframax,3rd party,79846.0,79846.0,2020-06-09,2020,6,Novorossiysk,Burgas,Black-Black,Short,2026-08-12
33-2020-S,KMG TRADING AG,Capricorn Sun,Aframax,3rd party,79878.0,79878.0,2020-06-12,2020,6,Novorossiysk,Midia,Black-Black,Short,2026-08-12
34-2020-S,KMG TRADING AG,Panagia Armata,Aframax,3rd party,80193.0,80193.0,2020-06-24,2020,6,Novorossiysk,Midia,Black-Black,Short,2026-08-12
09-2020 ALA,Vitol SA,Alatau,Alatau-Aframax,Own fleet,90086.0,90086.0,2020-06-24,2020,6,CPC,Santa Panagia,Black-Med,Middle,2026-08-12
35-2020-S,KMG TRADING AG,Gemini Sun,Aframax,3rd party,80396.0,80396.0,2020-06-27,2020,6,CPC,FOS,Black-Med,Middle,2026-08-12
36-2020-S,KMG TRADING AG,Ligurian Sea,Aframax,3rd party,79944.0,79944.0,2020-06-29,2020,6,Novorossiysk,Midia,Black-Black,Short,2026-08-12
10-2020 ALT,KMG TRADING AG,Altai,Altai-Aframax,Own fleet,79895.0,79895.0,2020-07-03,2020,7,Novorossiysk,Midia,Black-Black,Short,2026-08-12
37-2020-S,KMG TRADING AG,JUPITER SUN,Aframax,3rd party,80915.0,80915.0,2020-07-05,2020,7,CPC,Santa Panagia,Black-Med,Middle,2026-08-12
11-2020 ALT,KMG TRADING AG,Altai,Altai-Aframax,Own fleet,80911.0,80911.0,2020-07-12,2020,7,CPC,Ashkelon,Black-Med,Middle,2026-08-12
38-2020-S,KMG TRADING AG,Panagia Armata,Aframax,3rd party,79921.0,79921.0,2020-07-09,2020,7,Novorossiysk,Midia,Black-Black,Short,2026-08-12
10-2020 ALA,KMG TRADING AG,Alatau,Alatau-Aframax,Own fleet,80080.0,80080.0,2020-07-17,2020,7,Novorossiysk,Burgas,Black-Black,Short,2026-08-12
39-2020-S,KMG TRADING AG,Semeru,Aframax,3rd party,80988.0,80988.0,2020-07-21,2020,7,CPC,Ashkelon,Black-Med,Middle,2026-08-12
40-2020-S,KMG TRADING AG,PROMETHEUS LIGHT,Aframax,3rd party,80901.0,80901.0,2020-07-29,2020,7,CPC,Ashkelon,Black-Med,Middle,2026-08-12
12-2020 ALT,KMG TRADING AG,Altai,Altai-Aframax,Own fleet,89930.0,89930.0,2020-07-31,2020,7,Novorossiysk,Midia,Black-Black,Short,2026-08-12
11-2020 ALA,KMG TRADING AG,Alatau,Alatau-Aframax,Own fleet,79852.0,79852.0,2020-08-04,2020,8,Novorossiysk,Midia,Black-Black,Short,2026-08-12
13-2020 ALT,KMG TRADING AG,Altai,Altai-Aframax,Own fleet,80207.0,80207.0,2020-08-07,2020,8,Novorossiysk,Midia,Black-Black,Short,2026-08-12
41-2020-S,KMG TRADING AG,Nissos Paros,Aframax,3rd party,81856.0,81856.0,2020-08-08,2020,8,CPC,Genoa/Livorno,Black-Med,Middle,2026-08-12
12-2020 ALA,KMG TRADING AG,Alatau,Alatau-Aframax,Own fleet,80329.0,80329.0,2020-08-14,2020,8,Novorossiysk,Midia,Black-Black,Short,2026-08-12
14-2020 ALT,Litasco SA,Altai,Altai-Aframax,Own fleet,81944.0,81944.0,2020-08-18,2020,8,CPC,Cartagena,Black-Med,Middle,2026-08-12
13-2020 ALA,KMG TRADING AG,Alatau,Alatau-Aframax,Own fleet,89985.0,89985.0,2020-08-23,2020,8,CPC,FOS,Black-Med,Middle,2026-08-12
42-2020-S,KMG TRADING AG,Panagia Armata,Aframax,3rd party,80002.0,80002.0,2020-08-28,2020,8,Novorossiysk,Midia,Black-Black,Short,2026-08-12
43-2020-S,KMG TRADING AG,New Amorgos,Aframax,3rd party,89981.0,89981.0,2020-09-02,2020,9,CPC,Sarroch,Black-Med,Middle,2026-08-12
44-2020-S,KMG TRADING AG,Aegean Nobility,Aframax,3rd party,89941.0,89941.0,2020-09-04,2020,9,CPC,Rotterdam,Black-Continent,Long,2026-08-12
15-2020 ALT,KMG TRADING AG,Altai,Altai-Aframax,Own fleet,79901.0,79901.0,2020-09-08,2020,9,Novorossiysk,Midia,Black-Black,Short,2026-08-12
45-2020-S,KMG TRADING AG,Semeru,Aframax,3rd party,89957.0,89957.0,2020-09-13,2020,9,CPC,Aliaga,Black-Med,Middle,2026-08-12
46-2020-S,KMG TRADING AG,Baku,Aframax,3rd party,79979.0,79979.0,2020-09-13,2020,9,Novorossiysk,Genoa,Black-Med,Middle,2026-08-12
14-2020 ALA,Litasco SA,Alatau,Alatau-Aframax,Own fleet,52898.77,52898.77,2020-09-12,2020,9,Sidi Kerir,Burgas,Med-Black,Middle,2026-08-12
16-2020 ALT,KMG TRADING AG,Altai,Altai-Aframax,Own fleet,80002.0,80002.0,2020-09-18,2020,9,Novorossiysk,Midia,Black-Black,Short,2026-08-12
47-2020-S,KMG TRADING AG,Songa Coral,Aframax,3rd party,79946.3,79946.3,2020-09-23,2020,9,Novorossiysk,Omisalj,Black-Med,Middle,2026-08-12
15-2020 ALA,Litasco SA,Alatau,Alatau-Aframax,Own fleet,94987.0,94987.0,2020-09-24,2020,9,CPC,Santa Panagia,Black-Med,Middle,2026-08-12
17-2020 ALT,KMG TRADING AG,Altai,Altai-Aframax,Own fleet,89983.0,89983.0,2020-09-25,2020,9,CPC,Tarragona,Black-Med,Middle,2026-08-12
48-2020-S,KMG TRADING AG,Panagia Armata,Aframax,3rd party,79859.0,79859.0,2020-10-05,2020,10,Novorossiysk,Midia,Black-Black,Short,2026-08-12
16-2020 ALA,KMG TRADING AG,Alatau,Alatau-Aframax,Own fleet,89970.0,89970.0,2020-10-14,2020,10,CPC,Haifa/Ashkelon,Black-Med,Middle,2026-08-12
18-2020 ALT,KMG TRADING AG,Altai,Altai-Aframax,Own fleet,79992.0,79992.0,2020-10-19,2020,10,Novorossiysk,Midia,Black-Black,Short,2026-08-12
49-2020-S,KMG TRADING AG,WHITE MOON,Suezmax,3rd party,140300.0,140300.0,2020-10-24,2020,10,Novorossiysk,Midia,Black-Black,Short,2026-08-12
50-2020-S,KMG TRADING AG,Stemnitsa,Aframax,3rd party,89985.0,89985.0,2020-10-26,2020,10,CPC,Trieste,Black-Med,Middle,2026-08-12
19-2020 ALT,KMG TRADING AG,Altai,Altai-Aframax,Own fleet,90130.0,90130.0,2020-11-06,2020,11,CPC,Ashkelon,Black-Med,Middle,2026-08-12
17-2020 ALA,KMG TRADING AG,Alatau,Alatau-Aframax,Own fleet,79891.0,79891.0,2020-11-13,2020,11,Novorossiysk,Constanta,Black-Black,Short,2026-08-12
51-2020-S,KMG TRADING AG,Panagia Armata,Aframax,3rd party,80150.0,80150.0,2020-11-15,2020,11,Novorossiysk,Midia,Black-Black,Short,2026-08-12
52-2020-S,KMG TRADING AG,New Amorgos,Aframax,3rd party,79879.0,79879.0,2020-11-18,2020,11,Novorossiysk,Midia,Black-Black,Short,2026-08-12
18-2020 ALA,KMG TRADING AG,Alatau,Alatau-Aframax,Own fleet,89966.0,89966.0,2020-11-21,2020,11,CPC,Ashkelon,Black-Med,Middle,2026-08-12
53-2020-S,KMG TRADING AG,VALFOGLIA,Aframax,3rd party,80203.0,80203.0,2020-11-23,2020,11,Novorossiysk,Tutunciftlik,Black-Med,Middle,2026-08-12
20-2020 ALT,KMG TRADING AG,Altai,Altai-Aframax,Own fleet,89943.0,89943.0,2020-11-26,2020,11,CPC,Tutunciftlik/Aliaga,Black-Med,Middle,2026-08-12
54-2020-S,KMG TRADING AG,Dynasty,Aframax,3rd party,79792.0,79792.0,2020-12-05,2020,12,Novorossiysk,Midia,Black-Black,Short,2026-08-12
19-2020 ALA,KMG TRADING AG,Alatau,Alatau-Aframax,Own fleet,85004.0,85004.0,2020-12-14,2020,12,Novorossiysk,Midia,Black-Black,Short,2026-08-12
55-2020-S,KMG TRADING AG,Alexia,Aframax,3rd party,86957.0,86957.0,2020-12-15,2020,12,CPC,Tutunciftlik/Ceyhan,Black-Med,Middle,2026-08-12
56-2020-S,KMG TRADING AG,Gstaad Grace,Aframax,3rd party,80277.0,80277.0,2020-12-16,2020,12,Novorossiysk,Burgas,Black-Black,Short,2026-08-12
21-2020 ALT,KMG TRADING AG,Altai,Altai-Aframax,Own fleet,93910.0,93910.0,2020-12-19,2020,12,CPC,Fos,Black-Med,Middle,2026-08-12
57-2020-S,KMG TRADING AG,Patmos Warrior,Aframax,3rd party,80082.0,80082.0,2020-12-20,2020,12,Novorossiysk,Midia,Black-Black,Short,2026-08-12
20-2020 ALA,KMG TRADING AG,Alatau,Alatau-Aframax,Own fleet,83977.0,83977.0,2020-12-22,2020,12,CPC,Haifa,Black-Med,Middle,2026-08-12
58-2020-S,KMG TRADING AG,Patmos Warrior,Aframax,3rd party,85938.0,85938.0,2021-01-02,2021,1,CPC,Ashkelon,Black-Med,Middle,2026-08-12
59-2020-S,KMG TRADING AG,Iblea,Aframax,3rd party,79793.0,79793.0,2021-01-04,2021,1,Novorossiysk,Midia,Black-Black,Short,2026-08-12
60-2020-S,KMG TRADING AG,KORO SEA,Aframax,3rd party,85994.0,85994.0,2021-01-06,2021,1,CPC,Haifa,Black-Med,Middle,2026-08-12
62-2020-S,KMG TRADING AG,Semeru,Aframax,3rd party,79972.0,79972.0,2021-01-11,2021,1,Novorossiysk,Midia,Black-Black,Short,2026-08-12
63-2020-S,KMG TRADING AG,PROMETHEUS ENERGY,Aframax,3rd party,85963.0,85963.0,2021-01-13,2021,1,CPC,Fos,Black-Med,Middle,2026-08-12
61-2020-S,KMG TRADING AG,Gstaad Grace,Aframax,3rd party,80116.0,80116.0,2021-01-14,2021,1,Novorossiysk,Constanta,Black-Black,Short,2026-08-12
01-2021 ALT,KMG TRADING AG,Altai,Altai-Aframax,Own fleet,80287.0,80827.0,2021-01-19,2021,1,Novorossiysk,Midia,Black-Black,Short,2026-08-12
01-2021 ALA,KMG TRADING AG,Alatau,Alatau-Aframax,Own fleet,85928.0,85928.0,2021-01-21,2021,1,CPC,Thessaloniki,Black-Med,Middle,2026-08-12
02-2021 ALT,KMG TRADING AG,Altai,Altai-Aframax,Own fleet,84938.0,84938.0,2021-02-03,2021,2,CPC,Cartagena,Black-Med,Middle,2026-08-12
02-2021-S,KMG TRADING AG,Green Warrior,Aframax,3rd party,84899.0,84899.0,2021-02-04,2021,2,CPC,Sarroch,Black-Med,Middle,2026-08-12
03-2021-S,KMG TRADING AG,Minerva Sophia,Aframax,3rd party,84979.0,84979.0,2021-02-08,2021,2,CPC,Aliaga,Black-Med,Middle,2026-08-12
04-2021-S,KMG TRADING AG,Alfa Alandia,Aframax,3rd party,84961.0,84961.0,2021-02-12,2021,2,CPC,Fos,Black-Med,Middle,2026-08-12
01-2021-S,KMG TRADING AG,Dynasty,Aframax,3rd party,80080.0,80080.0,2021-02-14,2021,2,Novorossiysk,Midia,Black-Black,Short,2026-08-12
05-2021-S,KMG TRADING AG,Panagia Armata,Aframax,3rd party,79925.0,79925.0,2021-02-15,2021,2,Novorossiysk,Midia,Black-Black,Short,2026-08-12
06-2021-S,KMG TRADING AG,Alexia,Aframax,3rd party,80080.0,80080.0,2021-02-19,2021,2,Novorossiysk,Midia,Black-Black,Short,2026-08-12
02-2021 ALA,KMG TRADING AG,Alatau,Alatau-Aframax,Own fleet,84835.0,84835.0,2021-02-22,2021,2,CPC,Constanta,Black-Black,Short,2026-08-12
08-2021-S,KMG TRADING AG,Koro Sea,Aframax,3rd party,84890.0,84890.0,2021-02-23,2021,2,CPC,Ashkelon,Black-Med,Middle,2026-08-12
07-2021-S,KMG TRADING AG,Merbabu,Aframax,3rd party,80908.0,80908.0,2021-02-24,2021,2,CPC,Thessaloniki,Black-Med,Middle,2026-08-12
09-2021-S,KMG TRADING AG,Alexia,Aframax,3rd party,85923.0,85923.0,2021-02-27,2021,2,CPC,Butinge,Black-Continent,Long,2026-08-12
10-2021-S,KMG TRADING AG,Panagia Armata,Aframax,3rd party,80066.0,80066.0,2021-03-04,2021,3,Novorossiysk,Midia,Black-Black,Short,2026-08-12
03-2021 ALT,Chevron Tankers Ltd,Altai,Altai-Aframax,Own fleet,94964.0,94964.0,2021-03-05,2021,3,CPC,FOS,Black-Med,Middle,2026-08-12
03-2021 ALA,KMG TRADING AG,Alatau,Alatau-Aframax,Own fleet,85970.0,85970.0,2021-03-05,2021,3,CPC,Trieste,Black-Med,Middle,2026-08-12
11-2021-S,KMG TRADING AG,NISSOS THERASSIA,Aframax,3rd party,85971.0,85971.0,2021-03-13,2021,3,CPC,Rotterdam,Black-Continent,Long,2026-08-12
13-2021-S,KMG TRADING AG,Nordbay,Aframax,3rd party,79811.0,79811.0,2021-03-13,2021,3,Novorossiysk,Midia,Black-Black,Short,2026-08-12
12-2021-S,KMG TRADING AG,Dynasty,Aframax,3rd party,80340.0,80340.0,2021-03-16,2021,3,Novorossiysk,Midia,Black-Black,Short,2026-08-12
14-2021-S,KMG TRADING AG,Green Warrior,Aframax,3rd party,85978.0,85978.0,2021-03-20,2021,3,CPC,Ashkelon,Black-Med,Middle,2026-08-12
15-2021-S,KMG TRADING AG,HEYDAR ALIYEV,Aframax,3rd party,80280.0,80280.0,2021-03-21,2021,3,Novorossiysk,Midia,Black-Black,Short,2026-08-12
04-2021 ALA,KMG TRADING AG,Alatau,Alatau-Aframax,Own fleet,85965.0,85965.0,2021-03-29,2021,3,CPC,Tarragona,Black-Med,Middle,2026-08-12
16-2021-S,KMG TRADING AG,ANAFI WARRIOR,Aframax,3rd party,86950.0,86950.0,2021-04-02,2021,4,CPC,FOS,Black-Med,Middle,2026-08-12
18-2021-S,KMG TRADING AG,DONG-A MAIA,Aframax,3rd party,80084.43,80084.43,2021-04-09,2021,4,Novorossiysk,Midia,Black-Black,Short,2026-08-12
17-2021-S,KMG TRADING AG,Minerva Sophia,Aframax,3rd party,86975.0,86975.0,2021-04-10,2021,4,CPC,Thessaloniki,Black-Med,Middle,2026-08-12
20-2021-S,KMG TRADING AG,KRITI BASTION,Aframax,3rd party,80032.0,80032.0,2021-04-12,2021,4,Novorossiysk,Midia,Black-Black,Short,2026-08-12
19-2021-S,KMG TRADING AG,SYROS WARRIOR,Aframax,3rd party,86896.0,86896.0,2021-04-15,2021,4,CPC,Ashkelon,Black-Med,Middle,2026-08-12
21-2021-S,KMG TRADING AG,Nordbay,Aframax,3rd party,79790.0,79790.0,2021-04-19,2021,4,Novorossiysk,Midia,Black-Black,Short,2026-08-12
05-2021 ALA,KMG TRADING AG,Alatau,Alatau-Aframax,Own fleet,76305.0,76305.0,2021-04-23,2021,4,Novorossiysk,Midia,Black-Black,Short,2026-08-12
22-2021-S,KMG TRADING AG,Aegean Vision,Suezmax,3rd party,132499.0,132499.0,2021-04-24,2021,4,CPC,Pachi Megara,Black-Med,Middle,2026-08-12
06-2021 ALA,KMG TRADING AG,Alatau,Alatau-Aframax,Own fleet,96521.0,96521.0,2021-05-03,2021,5,CPC,Cartagena,Black-Med,Middle,2026-08-12
23-2021-S,KMG TRADING AG,Banda Sea,Aframax,3rd party,90287.0,90287.0,2021-05-08,2021,5,CPC,Haifa,Black-Med,Middle,2026-08-12
04-2021 ALT,KMG TRADING AG,Altai,Altai-Aframax,Own fleet,80080.0,80080.0,2021-05-08,2021,5,Novorossiysk,Midia,Black-Black,Short,2026-08-12
24-2021-S,KMG TRADING AG,SYROS WARRIOR,Aframax,3rd party,84934.0,84934.0,2021-05-10,2021,5,CPC,Ashkelon,Black-Med,Middle,2026-08-12
25-2021-S,KMG TRADING AG,Maratha,Aframax,3rd party,79996.0,79996.0,2021-05-16,2021,5,Novorossiysk,Midia,Black-Black,Short,2026-08-12
05-2021 ALT,KMG TRADING AG,Altai,Altai-Aframax,Own fleet,86683.0,86683.0,2021-05-18,2021,5,Novorossiysk,Midia,Black-Black,Short,2026-08-12
26-2021-S,KMG TRADING AG,NISSOS SERIFOS,Aframax,3rd party,87930.0,87930.0,2021-05-18,2021,5,CPC,Ashkelon,Black-Med,Middle,2026-08-12
27-2021-S,KMG TRADING AG,ANAFI WARRIOR,Aframax,3rd party,96703.0,96703.0,2021-05-25,2021,5,CPC,Aliaga,Black-Med,Middle,2026-08-12
06-2021 ALT,KMG TRADING AG,Altai,Altai-Aframax,Own fleet,80108.0,80108.0,2021-05-27,2021,5,Novorossiysk,Burgas,Black-Black,Short,2026-08-12
07-2021 ALA,Litasco SA,Alatau,Alatau-Aframax,Own fleet,87929.0,87929.0,2021-05-27,2021,5,CPC,Midia,Black-Black,Short,2026-08-12
08-2021 ALA,KMG TRADING AG,Alatau,Alatau-Aframax,Own fleet,84702.0,84702.0,2021-06-07,2021,6,CPC,Aliaga,Black-Med,Middle,2026-08-12
07-2021 ALT,KMG TRADING AG,Altai,Altai-Aframax,Own fleet,79980.0,79980.0,2021-06-08,2021,6,Novorossiysk,Burgas,Black-Black,Short,2026-08-12
28-2021-S,KMG TRADING AG,Semeru,Aframax,3rd party,79798.0,79798.0,2021-06-11,2021,6,Novorossiysk,Midia,Black-Black,Short,2026-08-12
29-2021-S,KMG TRADING AG,Minerva Sophia,Aframax,3rd party,84944.0,84944.0,2021-06-13,2021,6,CPC,Omisalj,Black-Med,Middle,2026-08-12
31-2021-S,KMG TRADING AG,Aegean Nobility,Aframax,3rd party,93400.0,93400.0,2021-06-16,2021,6,CPC,Omisalj,Black-Med,Middle,2026-08-12
30-2021-S,KMG TRADING AG,Merbabu,Aframax,3rd party,84954.0,84954.0,2021-06-19,2021,6,CPC,Aliaga,Black-Med,Middle,2026-08-12
33-2021-S,KMG TRADING AG,Semeru,Aframax,3rd party,84956.0,84956.0,2021-06-21,2021,6,CPC,Aliaga/Ceyhan,Black-Med,Middle,2026-08-12
08-2021 ALT,KMG TRADING AG,Altai,Altai-Aframax,Own fleet,80298.0,80298.0,2021-06-21,2021,6,Novorossiysk,Midia,Black-Black,Short,2026-08-12
32-2021-S,KMG TRADING AG,New Amorgos,Aframax,3rd party,79951.0,79951.0,2021-06-22,2021,6,Novorossiysk,Midia,Black-Black,Short,2026-08-12
09-2021 ALA,Chevron Tankers Ltd,Alatau,Alatau-Aframax,Own fleet,93940.0,93940.0,2021-06-23,2021,6,CPC,Ashkelon,Black-Med,Middle,2026-08-12
09-2021 ALT,KMG TRADING AG,Altai,Altai-Aframax,Own fleet,84985.0,84985.0,2021-07-01,2021,7,CPC,Constanta,Black-Black,Short,2026-08-12
35-2021-S,KMG TRADING AG,HEYDAR ALIYEV,Aframax,3rd party,81794.0,81794.0,2021-07-05,2021,7,CPC,Ashkelon,Black-Med,Middle,2026-08-12
34-2021-S,KMG TRADING AG,New Amorgos,Aframax,3rd party,79982.0,79982.0,2021-07-05,2021,7,Novorossiysk,Midia,Black-Black,Short,2026-08-12
10-2021 ALA,KMG TRADING AG,Alatau,Alatau-Aframax,Own fleet,79852.0,79852.0,2021-07-12,2021,7,Novorossiysk,Pachi Megara,Black-Med,Middle,2026-08-12
36-2021-S,KMG TRADING AG,VALLESINA,Aframax,3rd party,81897.0,81897.0,2021-07-09,2021,7,CPC,Tutunciftlik/Aliaga,Black-Med,Middle,2026-08-12
10-2021 ALT,KMG TRADING AG,Altai,Altai-Aframax,Own fleet,72637.0,72637.0,2021-07-16,2021,7,Novorossiysk,Burgas,Black-Black,Short,2026-08-12
37-2021-S,KMG TRADING AG,FREE SPIRIT,Aframax,3rd party,81986.0,81986.0,2021-07-17,2021,7,CPC,Trieste,Black-Med,Middle,2026-08-12
39-2021-S,KMG TRADING AG,NISSOS DELOS,Aframax,3rd party,81984.0,81984.0,2021-07-21,2021,7,CPC,Ashkelon,Black-Med,Middle,2026-08-12
38-2021-S,KMG TRADING AG,Nordbay,Aframax,3rd party,80209.0,80209.0,2021-07-22,2021,7,Novorossiysk,Constanta,Black-Black,Short,2026-08-12
11-2021 ALT,KMG TRADING AG,Altai,Altai-Aframax,Own fleet,81906.0,81906.0,2021-07-24,2021,7,CPC,Tutunciftlik/Ceyhan,Black-Med,Middle,2026-08-12
42-2021-S,KMG TRADING AG,DUGI OTOK,Aframax,3rd party,84899.0,84899.0,2021-08-04,2021,8,CPC,Trieste,Black-Med,Middle,2026-08-12
40-2021-S,KMG TRADING AG,Nordbay,Aframax,3rd party,80009.0,80009.0,2021-08-05,2021,8,Novorossiysk,Burgas,Black-Black,Short,2026-08-12
41-2021-S,KMG TRADING AG,ANAFI WARRIOR,Aframax,3rd party,85002.0,85002.0,2021-08-06,2021,8,CPC,Haifa,Black-Med,Middle,2026-08-12
11-2021 ALA,KMG TRADING AG,Alatau,Alatau-Aframax,Own fleet,84998.0,84998.0,2021-08-10,2021,8,CPC,Trieste,Black-Med,Middle,2026-08-12
43-2021-S,KMG TRADING AG,New Amorgos,Aframax,3rd party,79651.0,79651.0,2021-08-12,2021,8,Novorossiysk,Burgas,Black-Black,Short,2026-08-12
44-2021-S,KMG TRADING AG,FOS PICASSO,Aframax,3rd party,73517.0,73517.0,2021-08-15,2021,8,Novorossiysk,Burgas,Black-Black,Short,2026-08-12
12-2021 ALT,UML MIDDLE EAST DMCC,Altai,Altai-Aframax,Own fleet,84755.0,84755.0,2021-08-15,2021,8,Ceyhan,Milazzo,Med-Med,Short,2026-08-12
45-2021-S,KMG TRADING AG,Banda Sea,Aframax,3rd party,93358.0,93358.0,2021-08-18,2021,8,CPC,Trieste,Black-Med,Middle,2026-08-12
46-2021-S,KMG TRADING AG,Rava,Aframax,3rd party,79852.0,79852.0,2021-08-20,2021,8,Novorossiysk,Trieste,Black-Med,Middle,2026-08-12
47-2021-S,KMG TRADING AG,Nissos Delos,Aframax,3rd party,84895.0,84895.0,2021-08-23,2021,8,CPC,Thessaloniki,Black-Med,Middle,2026-08-12
48-2021-S,KMG TRADING AG,SYROS WARRIOR,Aframax,3rd party,80287.0,80287.0,2021-08-23,2021,8,CPC,Cartagena,Black-Med,Middle,2026-08-12
49-2021-S,KMG TRADING AG,ANAFI WARRIOR,Aframax,3rd party,84954.0,84954.0,2021-08-28,2021,8,CPC,Ashkelon,Black-Med,Middle,2026-08-12
13-2021 ALT,Vitol SA,Altai,Altai-Aframax,Own fleet,93407.0,93407.0,2021-09-03,2021,9,CPC,Tutunciftlik/Aliaga,Black-Med,Middle,2026-08-12
12-2021 ALA,KMG TRADING AG,Alatau,Alatau-Aframax,Own fleet,84947.0,84947.0,2021-09-05,2021,9,CPC,Haifa,Black-Med,Middle,2026-08-12
50-2021-S,KMG TRADING AG,Aristofanis,Aframax,3rd party,79813.0,79813.0,2021-09-07,2021,9,Novorossiysk,Trieste,Black-Med,Middle,2026-08-12
52-2021-S,KMG TRADING AG,Free Spirit,Aframax,3rd party,80179.0,80179.0,2021-09-16,2021,9,Novorossiysk,Pachi Megara,Black-Med,Middle,2026-08-12
51-2021-S,KMG TRADING AG,Alexia,Aframax,3rd party,80858.0,80858.0,2021-09-11,2021,9,CPC,Aliaga,Black-Med,Middle,2026-08-12
14-2021 ALT,KMG TRADING AG,Altai,Altai-Aframax,Own fleet,80907.0,80907.0,2021-09-21,2021,9,CPC,Omisalj,Black-Med,Middle,2026-08-12
13-2021 ALA,KMG TRADING AG,Alatau,Alatau-Aframax,Own fleet,83085.0,83085.0,2021-09-26,2021,9,Novorossiysk,Midia,Black-Black,Short,2026-08-12
53-2021-S,KMG TRADING AG,Banda Sea,Aframax,3rd party,81000.0,81000.0,2021-09-30,2021,9,CPC,Thessaloniki,Black-Med,Middle,2026-08-12
54-2021-S,KMG TRADING AG,SEAVOYAGER,Aframax,3rd party,79993.0,79993.0,2021-10-11,2021,10,Novorossiysk,Midia,Black-Black,Short,2026-08-12
14-2021 ALA,KMG TRADING AG,Alatau,Alatau-Aframax,Own fleet,89716.0,89716.0,2021-10-12,2021,10,CPC,Aliaga,Black-Med,Middle,2026-08-12
15-2021 ALT,OILMAR SHIPPING AND CHARTERING DMCC,Altai,Altai-Aframax,Own fleet,91939.91,91939.91,2021-10-14,2021,10,Supsa,Augusta/Bizerte,Black-Med,Middle,2026-08-12
57-2021-S,KMG TRADING AG,NORDORCHID,Aframax,3rd party,87400.0,87400.0,2021-10-17,2021,10,CPC,Trieste,Black-Med,Middle,2026-08-12
55-2021-S,KMG TRADING AG,NEVSKIY PROSPECT,Aframax,3rd party,79797.0,79797.0,2021-10-18,2021,10,Novorossiysk,Midia,Black-Black,Short,2026-08-12
56-2021-S,KMG TRADING AG,DUGI OTOK,Aframax,3rd party,84946.0,84946.0,2021-10-21,2021,10,CPC,Tutunciftlik/Botas,Black-Med,Middle,2026-08-12
59-2021-S,KMG TRADING AG,SEAVOYAGER,Aframax,3rd party,84951.0,84951.0,2021-10-26,2021,10,CPC,Trieste,Black-Med,Middle,2026-08-12
60-2021-S,KMG TRADING AG,LIGOVSKY PROSPECT,Aframax,3rd party,78617.0,78617.0,2021-10-26,2021,10,Novorossiysk,Midia,Black-Black,Short,2026-08-12
58-2021-S,KMG TRADING AG,FREE SPIRIT,Aframax,3rd party,84930.0,84930.0,2021-10-29,2021,10,CPC,Midia,Black-Black,Short,2026-08-12
62-2021-S,KMG TRADING AG,LIGOVSKY PROSPECT,Aframax,3rd party,80079.0,80079.0,2021-11-06,2021,11,Novorossiysk,Midia,Black-Black,Short,2026-08-12
61-2021-S,KMG TRADING AG,NEVSKIY PROSPECT,Aframax,3rd party,79906.0,79906.0,2021-11-13,2021,11,Novorossiysk,Trieste,Black-Med,Middle,2026-08-12
63-2021-S,KMG TRADING AG,NISSOS CHRISTIANA,Aframax,3rd party,80077.0,80077.0,2021-11-13,2021,11,CPC,Haifa/Ashkelon,Black-Med,Middle,2026-08-12
65-2021-S,KMG TRADING AG,BANDA SEA,Aframax,3rd party,80091.0,80091.0,2021-11-22,2021,11,Novorossiysk,Midia,Black-Black,Short,2026-08-12
64-2021-S,KMG TRADING AG,MINERVA CORALIA,Aframax,3rd party,83965.0,83965.0,2021-11-24,2021,11,CPC,Tarragona,Black-Med,Middle,2026-08-12
16-2021 ALT,KMG TRADING AG,Altai,Altai-Aframax,Own fleet,93448.0,93448.0,2021-11-24,2021,11,CPC,Aliaga,Black-Med,Middle,2026-08-12
15-2021 ALA,KMG TRADING AG,Alatau,Alatau-Aframax,Own fleet,79080.0,79080.0,2021-12-11,2021,12,Novorossiysk,Midia,Black-Black,Short,2026-08-12
66-2021-S,KMG TRADING AG,BANDA SEA,Aframax,3rd party,81941.0,81941.0,2021-12-07,2021,12,CPC,Trieste,Black-Med,Middle,2026-08-12
67-2021-S,KMG TRADING AG,DUGI OTOK,Aframax,3rd party,80008.0,80008.0,2021-12-17,2021,12,Novorossiysk,Midia,Black-Black,Short,2026-08-12
68-2021-S,KMG TRADING AG,Syra,Aframax,3rd party,81953.0,81953.0,2021-12-14,2021,12,CPC,Trieste,Black-Med,Middle,2026-08-12
69-2021-S,KMG TRADING AG,Nordbay,Aframax,3rd party,80081.0,80081.0,2021-12-20,2021,12,Novorossiysk,Midia,Black-Black,Short,2026-08-12
70-2021-S,KMG TRADING AG,Leo Sun,Aframax,3rd party,81972.0,81972.0,2021-12-17,2021,12,CPC,Gdansk,Black-Baltic,Short,2026-08-12
17-2021 ALT,UML MIDDLE EAST DMCC,Altai,Altai-Aframax,Own fleet,83145.13,83145.13,2021-12-18,2021,12,Ceyhan,Milazzo,Med-Med,Short,2026-08-12
71-2021-S,KMG TRADING AG,Abliani,Aframax,3rd party,81893.0,81893.0,2021-12-24,2021,12,CPC,Omisalj,Black-Med,Middle,2026-08-12
72-2021-S,KMG TRADING AG,Matilda,Aframax,3rd party,92972.0,92972.0,2021-12-27,2021,12,CPC,Midia,Black-Black,Short,2026-08-12
73-2021-S,KMG TRADING AG,Gold,Aframax,3rd party,80106.0,80106.0,2021-12-30,2021,12,Novorossiysk,Midia,Black-Black,Short,2026-08-12
74-2021-S,KMG TRADING AG,DUGI OTOK,Aframax,3rd party,94984.0,94984.0,2022-01-02,2022,1,CPC,Israel,Black-Med,Middle,2026-08-12
76-2021-S,KMG TRADING AG,Gold,Aframax,3rd party,94997.0,94997.0,2022-01-10,2022,1,CPC,Trieste,Black-Med,Middle,2026-08-12
16-2021 ALA,OILMAR SHIPPING AND CHARTERING DMCC,Alatau,Alatau-Aframax,Own fleet,79979.0,79979.0,2022-01-08,2022,1,Novorossiysk,Tutunciftlik,Black-Med,Middle,2026-08-12
77-2021-S,KMG TRADING AG,STEALTH HARALAMBOS,Aframax,3rd party,94950.0,94950.0,2022-01-12,2022,1,CPC,Pachi Megara,Black-Med,Middle,2026-08-12
75-2021-S,KMG TRADING AG,FREE SPIRIT,Aframax,3rd party,76816.0,76816.0,2022-01-13,2022,1,Novorossiysk,Midia,Black-Black,Short,2026-08-12
01-2022-S,KMG TRADING AG,PROMETHEUS ENERGY,Aframax,3rd party,94985.0,94985.0,2022-01-20,2022,1,CPC,Ashkelon,Black-Med,Middle,2026-08-12
01-2022 ALT,KMG TRADING AG,Altai,Altai-Aframax,Own fleet,75399.0,75399.0,2022-01-25,2022,1,Novorossiysk,Burgas,Black-Black,Short,2026-08-12
01-2022 ALA,KMG TRADING AG,Alatau,Alatau-Aframax,Own fleet,72003.0,72003.0,2022-01-26,2022,1,Novorossiysk,Midia,Black-Black,Short,2026-08-12
02-2022-S,KMG TRADING AG,IRIDESCENT,Aframax,3rd party,67700.0,67700.0,2022-01-27,2022,1,Novorossiysk,Midia,Black-Black,Short,2026-08-12
03-2022-S,KMG TRADING AG,JUPITER SUN,Aframax,3rd party,94977.0,94977.0,2022-01-28,2022,1,CPC,Trieste,Black-Med,Middle,2026-08-12
04-2022-S,KMG TRADING AG,VALLESINA,Aframax,3rd party,89944.0,89944.0,2022-02-05,2022,2,CPC,Haifa,Black-Med,Middle,2026-08-12
05-2022-S,KMG TRADING AG,NS AFRICA,Aframax,3rd party,89896.0,89896.0,2022-02-06,2022,2,CPC,Ashkelon,Black-Med,Middle,2026-08-12
02-2022 ALT,KMG TRADING AG,Altai,Altai-Aframax,Own fleet,89979.0,89979.0,2022-02-04,2022,2,CPC,Trieste,Black-Med,Middle,2026-08-12
06-2022-S,KMG TRADING AG,IRIDESCENT,Aframax,3rd party,89983.0,89983.0,2022-02-11,2022,2,CPC,Trieste,Black-Med,Middle,2026-08-12
02-2022 ALA,KMG TRADING AG,Alatau,Alatau-Aframax,Own fleet,80002.0,80002.0,2022-02-16,2022,2,Novorossiysk,Midia,Black-Black,Short,2026-08-12
08-2022-S,KMG TRADING AG,SYROS WARRIOR,Aframax,3rd party,84971.0,84971.0,2022-02-19,2022,2,CPC,Castellon,Black-Med,Middle,2026-08-12
09-2022-S,KMG TRADING AG,NISSOS SERIFOS,Aframax,3rd party,80352.0,80352.0,2022-02-23,2022,2,CPC,Trieste,Black-Med,Middle,2026-08-12
07-2022-S,KMG TRADING AG,New Amorgos,Aframax,3rd party,80080.0,80080.0,2022-02-23,2022,2,Novorossiysk,Midia,Black-Black,Short,2026-08-12
10-2022-S,KMG TRADING AG,Agios Gerasimos,Aframax,3rd party,89981.0,89981.0,2022-02-26,2022,2,CPC,Aliaga,Black-Med,Middle,2026-08-12
11-2022-S,KMG TRADING AG,Aries Sun,Aframax,3rd party,79879.0,79879.0,2022-02-28,2022,2,Novorossiysk,Midia,Black-Black,Short,2026-08-12
03-2022 ALA,Litasco SA,Alatau,Alatau-Aframax,Own fleet,80083.0,80083.0,2022-03-01,2022,3,CPC,Haifa,Black-Med,Middle,2026-08-12
03-2022 ALT,KMG TRADING AG,Altai,Altai-Aframax,Own fleet,85893.0,85893.0,2022-03-06,2022,3,CPC,Aliaga,Black-Med,Middle,2026-08-12
12-2022-S,KMG TRADING AG,Semeru,Aframax,3rd party,85897.0,85897.0,2022-03-10,2022,3,CPC,Trieste,Black-Med,Middle,2026-08-12
13-2022-S,KMG TRADING AG,Merbabu,Aframax,3rd party,85973.0,85973.0,2022-03-13,2022,3,CPC,Trieste,Black-Med,Middle,2026-08-12
14-2022-S,KMG TRADING AG,ANAFI WARRIOR,Aframax,3rd party,93472.0,93472.0,2022-03-16,2022,3,CPC,FOS,Black-Med,Middle,2026-08-12
15-2022-S,KMG TRADING AG,Captain A. Stellatos,Aframax,3rd party,85971.0,85971.0,2022-03-29,2022,3,CPC,Thessaloniki,Black-Med,Middle,2026-08-12
04-2022 ALT,KMG TRADING AG,Altai,Altai-Aframax,Own fleet,89985.0,89985.0,2022-04-01,2022,4,CPC,Trieste,Black-Med,Middle,2026-08-12
17-2022-S,KMG TRADING AG,NISSOS SERIFOS,Aframax,3rd party,80080.0,80080.0,2022-04-04,2022,4,Novorossiysk,Midia,Black-Black,Short,2026-08-12
16-2022-S,KMG TRADING AG,STEALTH HARALAMBOS,Aframax,3rd party,98074.0,98074.0,2022-04-08,2022,4,CPC,Tutunciftlik/Aliaga,Black-Med,Middle,2026-08-12
04-2022 ALA,KMG TRADING AG,Alatau,Alatau-Aframax,Own fleet,93412.0,93412.0,2022-04-09,2022,4,CPC,Midia,Black-Black,Short,2026-08-12
19-2022-S,KMG TRADING AG,New Amorgos,Aframax,3rd party,100069.44,100069.44,2022-04-23,2022,4,Ust-Luga,Midia,Baltic-Black,Long,2026-08-12
18-2022-S,KMG TRADING AG,Delta Commander,Suezmax,3rd party,132011.0,132011.0,2022-04-24,2022,4,CPC,Thessaloniki,Black-Med,Middle,2026-08-12
20-2022-S,KMG TRADING AG,Melodia,Suezmax,3rd party,132264.0,132264.0,2022-04-28,2022,4,CPC,Trieste,Black-Med,Middle,2026-08-12
05-2022 ALA,KMG TRADING AG,Alatau,Alatau-Aframax,Own fleet,80289.0,80289.0,2022-05-01,2022,5,Novorossiysk,Midia,Black-Black,Short,2026-08-12
05-2022 ALT,KMG TRADING AG,Altai,Altai-Aframax,Own fleet,94935.0,94935.0,2022-05-03,2022,5,CPC,Sarroch,Black-Med,Middle,2026-08-12
21-2022-S,KMG TRADING AG,Agios Gerasimos,Aframax,3rd party,98743.0,98743.0,2022-05-07,2022,5,CPC,FOS,Black-Med,Middle,2026-08-12
22-2022-S,KMG TRADING AG,NISSOS CHRISTIANA,Aframax,3rd party,92902.0,92902.0,2022-05-15,2022,5,CPC,Pachi Megara,Black-Med,Middle,2026-08-12
06-2022 ALA,KMG TRADING AG,Alatau,Alatau-Aframax,Own fleet,84901.0,84901.0,2022-05-17,2022,5,CPC,Midia,Black-Black,Short,2026-08-12
23-2022-S,KMG TRADING AG,Minerva Kythnos,Suezmax,3rd party,93900.0,93900.0,2022-05-21,2022,5,CPC,Ashkelon,Black-Med,Middle,2026-08-12
07-2022 ALA,KMG TRADING AG,Alatau,Alatau-Aframax,Own fleet,96991.0,96991.0,2022-05-24,2022,5,CPC,Trieste,Black-Med,Middle,2026-08-12
24-2022-S,KMG TRADING AG,New Amorgos,Aframax,3rd party,79979.0,79979.0,2022-05-26,2022,5,Novorossiysk,Midia,Black-Black,Short,2026-08-12
06-2022 ALT,KMG TRADING AG,Altai,Altai-Aframax,Own fleet,84952.0,84952.0,2022-05-30,2022,5,CPC,Midia,Black-Black,Short,2026-08-12
25-2022-S,KMG TRADING AG,SEATRIBUTE,Aframax,3rd party,85965.0,85965.0,2022-06-04,2022,6,CPC,NEW MALGALORE,Black-India,Long,2026-08-12
07-2022 ALT,KMG TRADING AG,Altai,Altai-Aframax,Own fleet,94953.0,94953.0,2022-06-12,2022,6,CPC,Aliaga/Ceyhan,Black-Med,Middle,2026-08-12
08-2022 ALA,KMG TRADING AG,Alatau,Alatau-Aframax,Own fleet,89952.0,89952.0,2022-06-16,2022,6,CPC,Midia,Black-Black,Short,2026-08-12
27-2022-S,KMG TRADING AG,Vallesina,Aframax,3rd party,94481.618,94481.618,2022-06-20,2022,6,CPC,Ashkelon,Black-Med,Middle,2026-08-12
09-2022 ALA,KMG TRADING AG,Alatau,Alatau-Aframax,Own fleet,94956.0,94956.0,2022-06-22,2022,6,CPC,Pachi Megara,Black-Med,Middle,2026-08-12
26-2022-S,KMG TRADING AG,New Amorgos,Aframax,3rd party,79903.0,79903.0,2022-06-21,2022,6,Novorossiysk,Midia,Black-Black,Short,2026-08-12
28-2022-S,KMG TRADING AG,PROMETHEUS ENERGY,Aframax,3rd party,86899.053,86899.053,2022-06-28,2022,6,CPC,Constanta,Black-Black,Short,2026-08-12
29-2022-S,KMG TRADING AG,Delta Star,Aframax,3rd party,80703.0,80703.0,2022-06-30,2022,6,CPC,Tutunciftlik,Black-Med,Middle,2026-08-12
30-2022-S,KMG TRADING AG,SEA URCHIN,Aframax,3rd party,94971.0,94971.0,2022-07-02,2022,7,CPC,Sarroch,Black-Med,Middle,2026-08-12
08-2022 ALT,KMG TRADING AG,Altai,Altai-Aframax,Own fleet,92989.0,92989.0,2022-07-05,2022,7,CPC,Midia,Black-Black,Short,2026-08-12
31-2022-S,KMG TRADING AG,New Amorgos,Aframax,3rd party,79715.0,79715.0,2022-07-08,2022,7,Novorossiysk,Midia,Black-Black,Short,2026-08-12
09-2022 ALT,KMG TRADING AG,Altai,Altai-Aframax,Own fleet,90897.0,90897.0,2022-07-17,2022,7,CPC,Aliaga,Black-Med,Middle,2026-08-12
32-2022-S,KMG TRADING AG,MINERVA ELEFTHERIA,Aframax,3rd party,91826.0,91826.0,2022-07-18,2022,7,CPC,Haifa/Ashkelon,Black-Med,Middle,2026-08-12
10-2022 ALA,KMG TRADING AG,Alatau,Alatau-Aframax,Own fleet,80429.0,80429.0,2022-07-19,2022,7,Novorossiysk,Midia,Black-Black,Short,2026-08-12
33-2022-S,KMG TRADING AG,New Amorgos,Aframax,3rd party,80001.0,80001.0,2022-07-23,2022,7,Novorossiysk,Midia,Black-Black,Short,2026-08-12
11-2022 ALA,KMG TRADING AG,Alatau,Alatau-Aframax,Own fleet,80081.0,80081.0,2022-07-26,2022,7,Novorossiysk,Midia,Black-Black,Short,2026-08-12
34-2022-S,KMG TRADING AG,Flavin,Aframax,3rd party,80033.0,80033.0,2022-07-28,2022,7,CPC,NEW MALGALORE,Black-India,Long,2026-08-12
10-2022 ALT,KMG TRADING AG,Altai,Altai-Aframax,Own fleet,79782.0,79782.0,2022-08-04,2022,8,CPC,Aliaga,Black-Med,Middle,2026-08-12
12-2022 ALA,KMG TRADING AG,Alatau,Alatau-Aframax,Own fleet,80059.0,80059.0,2022-08-08,2022,8,CPC,Midia,Black-Black,Short,2026-08-12
35-2022-S,KMG TRADING AG,New Amorgos,Aframax,3rd party,79772.0,79772.0,2022-08-09,2022,8,Novorossiysk,Midia,Black-Black,Short,2026-08-12
13-2022 ALA,KMG TRADING AG,Alatau,Alatau-Aframax,Own fleet,80022.0,80022.0,2022-08-18,2022,8,CPC,Constanta,Black-Black,Short,2026-08-12
11-2022 ALT,KMG TRADING AG,Altai,Altai-Aframax,Own fleet,80352.0,80352.0,2022-08-19,2022,8,Novorossiysk,Midia,Black-Black,Short,2026-08-12
36-2022-S,KMG TRADING AG,New Amorgos,Aframax,3rd party,80176.0,80176.0,2022-08-23,2022,8,Novorossiysk,Midia,Black-Black,Short,2026-08-12
14-2022 ALA,KMG TRADING AG,Alatau,Alatau-Aframax,Own fleet,97483.0,97483.0,2022-08-30,2022,8,CPC,Haifa,Black-Med,Middle,2026-08-12
37-2022-S,KMG TRADING AG,Minerva Gloria,Aframax,3rd party,96235.0,96235.0,2022-09-02,2022,9,CPC,Haifa,Black-Med,Middle,2026-08-12
38-2022-S,KMG TRADING AG,Syra,Aframax,3rd party,88941.0,88941.0,2022-09-07,2022,9,CPC,FOS,Black-Med,Middle,2026-08-12
12-2022 ALT,KMG TRADING AG,Altai,Altai-Aframax,Own fleet,79771.0,79771.0,2022-09-07,2022,9,Novorossiysk,Midia,Black-Black,Short,2026-08-12
13-2022 ALT,KMG TRADING AG,Altai,Altai-Aframax,Own fleet,79753.0,79753.0,2022-09-13,2022,9,Novorossiysk,Midia,Black-Black,Short,2026-08-12
39-2022-S,KMG TRADING AG,New Amorgos,Aframax,3rd party,80154.0,80154.0,2022-09-18,2022,9,Novorossiysk,Midia,Black-Black,Short,2026-08-12
14-2022 ALT,KMG TRADING AG,Altai,Altai-Aframax,Own fleet,83916.0,83916.0,2022-09-23,2022,9,CPC,Midia,Black-Black,Short,2026-08-12
15-2022 ALA,OILMAR SHIPPING AND CHARTERING DMCC,Alatau,Alatau-Aframax,Own fleet,97132.151,97132.151,2022-09-26,2022,9,Ceyhan,Omisalj,Med-Med,Short,2026-08-12
15-2022 ALT,KMG TRADING AG,Altai,Altai-Aframax,Own fleet,79700.0,79700.0,2022-10-05,2022,10,Novorossiysk,Midia,Black-Black,Short,2026-08-12
16-2022 ALA,OILMAR SHIPPING AND CHARTERING DMCC,Alatau,Alatau-Aframax,Own fleet,90360.508,90360.508,2022-10-10,2022,10,Ceyhan,Milazzo,Med-Med,Short,2026-08-12
41-2022-S,KMG TRADING AG,TRIDENT HOPE,Aframax,3rd party,80200.0,80200.0,2022-10-11,2022,10,Novorossiysk,Midia,Black-Black,Short,2026-08-12
16-2022 ALT,KMG TRADING AG,Altai,Altai-Aframax,Own fleet,80085.0,80085.0,2022-10-21,2022,10,Novorossiysk,Midia,Black-Black,Short,2026-08-12
40-2022-S,KMG TRADING AG,SEAVIGOUR,Suezmax,3rd party,131959.0,131959.0,2022-10-22,2022,10,CPC,Limasol/Ashkelon,Black-Med,Middle,2026-08-12
42-2022-S,KMG TRADING AG,NEW VISION,Suezmax,3rd party,131132.0,131132.0,2022-10-26,2022,10,CPC,Midia,Black-Black,Short,2026-08-12
17-2022 ALA,OILMAR SHIPPING AND CHARTERING DMCC,Alatau,Alatau-Aframax,Own fleet,90402.217,90402.217,2022-10-27,2022,10,Ceyhan,Genoa,Med-Med,Short,2026-08-12
17-2022 ALT,Vitol SA,Altai,Altai-Aframax,Own fleet,98990.0,98990.0,2022-11-04,2022,11,CPC,Haifa,Black-Med,Middle,2026-08-12
43-2022-S,KMG TRADING AG,ADVANTAGE ANGEL,Aframax,3rd party,79700.0,79700.0,2022-11-06,2022,11,Novorossiysk,Midia,Black-Black,Short,2026-08-12
45-2022-S,KMG TRADING AG,MINERVA LISA,Aframax,3rd party,80365.0,80365.0,2022-11-13,2022,11,CPC,Midia,Black-Black,Short,2026-08-12
44-2022-S,KMG TRADING AG,MIKELA P,Suezmax,3rd party,132614.0,132614.0,2022-11-14,2022,11,CPC,Ulsan (South Korea),Black-Far East,Long,2026-08-12
18-2022 ALA,OILMAR SHIPPING AND CHARTERING DMCC,Alatau,Alatau-Aframax,Own fleet,83569.81,83569.81,2022-11-16,2022,11,Ceyhan,Milazzo,Med-Med,Short,2026-08-12
49-2022-S,KMG TRADING AG,Flavin,Aframax,3rd party,101284.0,101284.0,2022-11-24,2022,11,CPC,Trieste,Black-Med,Middle,2026-08-12
46-2022-S,KMG TRADING AG,ADVANTAGE ANGEL,Aframax,3rd party,79975.0,79975.0,2022-11-25,2022,11,Novorossiysk,Midia,Black-Black,Short,2026-08-12
48-2022-S,KMG TRADING AG,Aegean Nobility,Aframax,3rd party,98383.0,98383.0,2022-11-28,2022,11,CPC,Lavera,Black-Med,Middle,2026-08-12
18-2022 ALT,OILMAR SHIPPING AND CHARTERING DMCC,Altai,Altai-Aframax,Own fleet,90147.332,90147.332,2022-11-29,2022,11,Ceyhan,Genoa,Med-Med,Short,2026-08-12
47-2022-S,KMG TRADING AG,MINERVA LISA,Aframax,3rd party,79899.0,79899.0,2022-12-01,2022,12,Novorossiysk,Midia,Black-Black,Short,2026-08-12
51-2022-S,KMG TRADING AG,MINERVA BALTICA,Aframax,3rd party,96874.0,96874.0,2022-12-09,2022,12,CPC,Omisalj,Black-Med,Middle,2026-08-12
50-2022-S,KMG TRADING AG,NEW TRUST,Suezmax,3rd party,79812.0,79812.0,2022-12-15,2022,12,Novorossiysk,Midia,Black-Black,Short,2026-08-12
19-2022 ALA,KMG TRADING AG,Alatau,Alatau-Aframax,Own fleet,96933.0,96933.0,2022-12-18,2022,12,CPC,Pachi Megara,Black-Med,Middle,2026-08-12
19-2022 ALT,OILMAR SHIPPING AND CHARTERING DMCC,Altai,Altai-Aframax,Own fleet,86100.885,86100.885,2022-12-20,2022,12,Ceyhan,Trieste,Med-Med,Short,2026-08-12
53-2022-S,KMG TRADING AG,Silver,Aframax,3rd party,96140.0,96140.0,2022-12-22,2022,12,CPC,Trieste,Black-Med,Middle,2026-08-12
52-2022-S,KMG TRADING AG,Safeen Baroness,Aframax,ADP fleet,80221.0,80221.0,2022-12-24,2022,12,Novorossiysk,Midia,Black-Black,Short,2026-08-12
54-2022-S,KMG TRADING AG,NEW TRUST,Suezmax,3rd party,75529.471,75529.471,2022-12-29,2022,12,Novorossiysk,Midia,Black-Black,Short,2026-08-12
55-2022-S,KMG TRADING AG,Minerva NouNou,Aframax,3rd party,96956.0,96956.0,2022-12-29,2022,12,CPC,Omisalj,Black-Med,Middle,2026-08-12
02-2023-S,KMG TRADING AG,Green Adventure,Aframax,3rd party,84986.0,84986.0,2023-01-08,2023,1,CPC,Trieste,Black-Med,Middle,2026-08-12
03-2023-S,KMG TRADING AG,Safeen Baroness,Aframax,ADP fleet,79701.0,79701.0,2023-01-08,2023,1,Novorossiysk,Midia,Black-Black,Short,2026-08-12
01-2023 ALT,Rostneft,Altai,Altai-Aframax,Own fleet,66738.067,66738.067,2023-01-08,2023,1,Malta,Rostok,Med-Continent,Middle,2026-08-12
01-2023-S,KMG TRADING AG,VALFOGLIA,Aframax,3rd party,81787.219,81787.219,2023-01-11,2023,1,CPC,FOS,Black-Med,Middle,2026-08-12
05-2023-S,KMG TRADING AG,NEW TRUST,Suezmax,3rd party,79929.0,79929.0,2023-01-16,2023,1,Novorossiysk,Midia,Black-Black,Short,2026-08-12
01-2023 ALA,KMG TRADING AG,Alatau,Alatau-Aframax,Own fleet,84906.0,84906.0,2023-01-19,2023,1,CPC,Omisalj,Black-Med,Middle,2026-08-12
04-2023-S,KMG TRADING AG,SEARUNNER,Aframax,3rd party,84949.0,84949.0,2023-01-22,2023,1,CPC,Ashkelon,Black-Med,Middle,2026-08-12
06-2023-S,KMG TRADING AG,SAFEEN BARONESS,Aframax,ADP fleet,80109.0,80109.0,2023-01-22,2023,1,Novorossiysk,Midia,Black-Black,Short,2026-08-12
02-2023 ALT,CSSSA,Altai,Altai-Aframax,Own fleet,82833.313,82833.313,2023-02-02,2023,2,Teesport,Le Havre,UK-Continent,Middle,2026-08-12
07-2023-S,KMG TRADING AG,Scorpio,Aframax,3rd party,87937.0,87937.0,2023-02-03,2023,2,CPC,Pachi Megara,Black-Med,Middle,2026-08-12
08-2023-S,KMG TRADING AG,MINERVA ASTRA,Aframax,3rd party,87949.942,87949.942,2023-02-05,2023,2,CPC,Midia,Black-Black,Short,2026-08-12
09-2023-S,KMG TRADING AG,NEW TRUST,Suezmax,3rd party,79750.0,79750.0,2023-02-11,2023,2,Novorossiysk,Midia,Black-Black,Short,2026-08-12
10-2023-S,KMG TRADING AG,MINERVA ELEFTHERIA,Aframax,3rd party,87989.0,87989.0,2023-02-17,2023,2,CPC,Midia,Black-Black,Short,2026-08-12
11-2023-S,KMG TRADING AG,Aegean Nobility,Aframax,3rd party,84955.0,84955.0,2023-02-18,2023,2,CPC,Ashkelon,Black-Med,Middle,2026-08-12
03-2023 ALT,BP SHIPPING LTD,Altai,Altai-Aframax,Own fleet,91359.0,91359.0,2023-02-19,2023,2,Sullom Voe,Rotterdam,UK-Continent,Middle,2026-08-12
12-2023-S,KMG TRADING AG,ALYARMOUK,Aframax,3rd party,87994.0,87994.0,2023-02-25,2023,2,CPC,Trieste/Savonia,Black-Med,Middle,2026-08-12
13-2023-S,KMG TRADING AG,SAFEEN BARONESS,Aframax,ADP fleet,80057.0,80057.0,2023-02-28,2023,2,Novorossiysk,Midia,Black-Black,Short,2026-08-12
04-2023 ALT,BP SHIPPING LTD,Altai,Altai-Aframax,Own fleet,82852.69,82852.69,2023-02-28,2023,2,Teesport,Liverpool,UK-UK,Short,2026-08-12
14-2023-S,KMG TRADING AG,NEW TRUST,Suezmax,3rd party,74212.0,74212.0,2023-03-02,2023,3,Novorossiysk,Midia,Black-Black,Short,2026-08-12
02-2023 ALA,KMG TRADING AG,Alatau,Alatau-Aframax,Own fleet,84876.0,84876.0,2023-03-04,2023,3,CPC,CASTELLON,Black-Med,Middle,2026-08-12
05-2023 ALT,Vitol SA,Altai,Altai-Aframax,Own fleet,78706.251,78706.251,2023-03-12,2023,3,Houndpoint,Genoa,UK-Med,Long,2026-08-12
16-2023-S,KMG TRADING AG,SAFEEN BARONESS,Aframax,ADP fleet,84901.0,84901.0,2023-03-14,2023,3,CPC,Haifa,Black-Med,Middle,2026-08-12
15-2023-S,KMG TRADING AG,NEW TRUST,Suezmax,3rd party,79678.0,79678.0,2023-03-15,2023,3,Novorossiysk,Midia,Black-Black,Short,2026-08-12
17-2023-S,KMG TRADING AG,VALFOGLIA,Aframax,3rd party,84992.0,84992.0,2023-03-19,2023,3,CPC,Trieste,Black-Med,Middle,2026-08-12
18-2023-S,KMG TRADING AG,Belmar,Aframax,3rd party,84728.0,84728.0,2023-03-25,2023,3,CPC,Ashkelon,Black-Med,Middle,2026-08-12
19-2023-S,KMG TRADING AG,STEALTH HARALAMBOS,Aframax,3rd party,80050.0,80050.0,2023-03-27,2023,3,CPC,Agio Theodoroi,Black-Med,Middle,2026-08-12
20-2023-S,KMG TRADING AG,TRIDENT HOPE,Aframax,3rd party,80291.0,80291.0,2023-03-28,2023,3,Novorossiysk,Midia,Black-Black,Short,2026-08-12
24-2023-S,KMG TRADING AG,NEW TRUST,Suezmax,3rd party,79773.622,79773.622,2023-04-05,2023,4,Novorossiysk,Midia,Black-Black,Short,2026-08-12
21-2023-S,KMG TRADING AG,MINERVA SOPHIA,Aframax,3rd party,99823.943,99823.943,2023-04-04,2023,4,CPC,Santa Panagia,Black-Med,Middle,2026-08-12
22-2023-S,KMG TRADING AG,AEGEAN HARMONY,Aframax,3rd party,86954.0,86954.0,2023-04-05,2023,4,CPC,Omisalj,Black-Med,Middle,2026-08-12
03-2023 ALA,KMG TRADING AG,Alatau,Alatau-Aframax,Own fleet,86977.0,86977.0,2023-04-08,2023,4,CPC,Midia,Black-Black,Short,2026-08-12
25-2023-S,KMG TRADING AG,MINERVA ASTRA,Aframax,3rd party,99948.879,99948.879,2023-04-10,2023,4,Ust-Luga,Midia,Baltic-Black,Long,2026-08-12
04-2023 ALA,KMG TRADING AG,Alatau,Alatau-Aframax,Own fleet,89320.3,89320.3,2023-04-22,2023,4,Ceyhan,Midia,Med-Black,Middle,2026-08-12
29-2023-S,KMG TRADING AG,New Vision,Suezmax,3rd party,80699.0,80699.0,2023-04-16,2023,4,Novorossiysk,Midia,Black-Black,Short,2026-08-12
06-2023 ALT,OILMAR SHIPPING AND CHARTERING DMCC,Altai,Altai-Aframax,Own fleet,90559.942,90559.942,2023-04-16,2023,4,Ceyhan,Santa Panagia,Med-Med,Short,2026-08-12
27-2023-S,KMG TRADING AG,MINERVA SOPHIA,Aframax,3rd party,86969.0,86969.0,2023-04-27,2023,4,CPC,FOS,Black-Med,Middle,2026-08-12
26-2023-S,KMG TRADING AG,SAFEEN BARONESS,Aframax,ADP fleet,81992.0,81992.0,2023-04-26,2023,4,CPC,Ashkelon,Black-Med,Middle,2026-08-12
28-2023-S,KMG TRADING AG,Valfoglia,Aframax,3rd party,86971.0,86971.0,2023-04-20,2023,4,CPC,Haifa,Black-Med,Middle,2026-08-12
07-2023 ALT,OILMAR SHIPPING AND CHARTERING DMCC,Altai,Altai-Aframax,Own fleet,90538.229,90538.229,2023-04-29,2023,4,Ceyhan,Genoa,Med-Med,Short,2026-08-12
05-2023 ALA,KMG TRADING AG,Alatau,Alatau-Aframax,Own fleet,80100.0,80100.0,2023-05-07,2023,5,Novorossiysk,Midia,Black-Black,Short,2026-08-12
30-2023-S,KMG TRADING AG,MINERVA ASTRA,Aframax,3rd party,84935.0,84935.0,2023-05-06,2023,5,CPC,Thessaloniki,Black-Med,Middle,2026-08-12
31-2023-S,KMG TRADING AG,Belmar,Aframax,3rd party,100071.15,100073.15,2023-05-10,2023,5,Ust-Luga,Midia,Baltic-Black,Long,2026-08-12
32-2023-S,KMG TRADING AG,SAFEEN BARONESS,Aframax,ADP fleet,84936.0,84936.0,2023-05-14,2023,5,CPC,Haifa,Black-Med,Middle,2026-08-12
06-2023 ALA,KMG TRADING AG,Alatau,Alatau-Aframax,Own fleet,80006.0,80006.0,2023-05-15,2023,5,Novorossiysk,Midia,Black-Black,Short,2026-08-12
08-2023 ALT,KMG TRADING AG,Altai,Altai-Aframax,Own fleet,92345.746,92345.746,2023-05-20,2023,5,Ceyhan,Ashkelon,Med-Med,Short,2026-08-12
33-2023-S,KMG TRADING AG,MINERVA ASTRA,Aframax,3rd party,84963.0,84963.0,2023-05-21,2023,5,CPC,Trieste,Black-Med,Middle,2026-08-12
07-2023 ALA,KMG TRADING AG,Alatau,Alatau-Aframax,Own fleet,84956.0,84956.0,2023-05-23,2023,5,CPC,Haifa,Black-Med,Middle,2026-08-12
09-2023 ALT,OILMAR SHIPPING AND CHARTERING DMCC,Altai,Altai-Aframax,Own fleet,96893.52,96893.52,2023-05-31,2023,5,Ceyhan,Ashkelon,Med-Med,Short,2026-08-12
37-2023-S,KMG TRADING AG,SAFEEN BARONESS,Aframax,ADP fleet,81971.266,81971.266,2023-06-03,2023,6,Ceyhan,Midia,Med-Black,Middle,2026-08-12
34-2023-S,KMG TRADING AG,Belmar,Aframax,3rd party,83783.0,83783.0,2023-06-05,2023,6,CPC,Pachi Megara,Black-Med,Middle,2026-08-12
08-2023 ALA,OILMAR SHIPPING AND CHARTERING DMCC,Alatau,Alatau-Aframax,Own fleet,64032.027,64032.027,2023-06-07,2023,6,Ceyhan,Bizerta,Med-Med,Short,2026-08-12
36-2023-S,KMG TRADING AG,Vallesina,Aframax,3rd party,80002.0,80002.0,2023-06-08,2023,6,Novorossiysk,Midia,Black-Black,Short,2026-08-12
35-2023-S,KMG TRADING AG,Lovina,Aframax,3rd party,100070.256,100070.256,2023-06-09,2023,6,Ust-Luga,Midia,Baltic-Black,Long,2026-08-12
38-2023-S,KMG TRADING AG,VALFOGLIA,Aframax,3rd party,83473.0,83473.0,2023-06-14,2023,6,CPC,Haifa,Black-Med,Middle,2026-08-12
10-2023 ALT,OILMAR SHIPPING AND CHARTERING DMCC,Altai,Altai-Aframax,Own fleet,89934.821,89934.821,2023-06-10,2023,6,Ceyhan,Augusta,Med-Med,Short,2026-08-12
39-2023-S,KMG TRADING AG,Vallesina,Aframax,3rd party,80076.0,80076.0,2023-06-17,2023,6,Novorossiysk,Midia,Black-Black,Short,2026-08-12
40-2023-S,KMG TRADING AG,DUGI OTOK,Aframax,3rd party,83464.0,83464.0,2023-06-20,2023,6,CPC,Omisalj,Black-Med,Middle,2026-08-12
11-2023 ALT,KMG TRADING AG,Altai,Altai-Aframax,Own fleet,99229.75,99229.75,2023-06-25,2023,6,Ceyhan,Immingham,Med-UK,Long,2026-08-12
09-2023 ALA,KMG TRADING AG,Alatau,Alatau-Aframax,Own fleet,84932.0,84932.0,2023-06-30,2023,6,CPC,Pachi Megara,Black-Med,Middle,2026-08-12
42-2023-S,KMG TRADING AG,Vallesina,Aframax,3rd party,89948.0,89948.0,2023-07-02,2023,7,CPC,FOS,Black-Med,Middle,2026-08-12
43-2023-S,KMG TRADING AG,MINERVA NOUNOU,Aframax,3rd party,79979.0,78879.026,2023-07-07,2023,7,Novorossiysk,Midia,Black-Black,Short,2026-08-12
45-2023-S,KMG TRADING AG,DUGI OTOK,Aframax,3rd party,93003.0,93003.0,2023-07-07,2023,7,CPC,Ashkelon,Black-Med,Middle,2026-08-12
44-2023-S,Chevron Tankers Ltd,SAFEEN BARONESS,Aframax,ADP fleet,87100.0,87100.0,2023-07-10,2023,7,CPC,Santa Panagia,Black-Med,Middle,2026-08-12
46-2023-S,KMG TRADING AG,NEW LEGEND,Suezmax,3rd party,80108.0,80108.0,2023-07-12,2023,7,Novorossiysk,Midia,Black-Black,Short,2026-08-12
10-2023 ALA,KMG TRADING AG,Alatau,Alatau-Aframax,Own fleet,84932.0,84932.0,2023-07-18,2023,7,CPC,Constanta/Bourgas,Black-Black,Short,2026-08-12
47-2023-S,KMG TRADING AG,MINERVA NOUNOU,Aframax,3rd party,98398.0,98398.0,2023-07-21,2023,7,CPC,Aliaga,Black-Med,Middle,2026-08-12
48-2023-S,KMG TRADING AG,DUGI OTOK,Aframax,3rd party,87800.72,87800.72,2023-07-24,2023,7,Ceyhan,Ashkelon,Med-Med,Short,2026-08-12
49-2023-S,KMG TRADING AG,AEGEAN MYTH,Aframax,3rd party,92950.0,92950.0,2023-07-24,2023,7,CPC,Ashkelon,Black-Med,Middle,2026-08-12
53-2023-S,KMG TRADING AG,NEW LEGEND,Suezmax,3rd party,79520.0,79520.0,2023-07-25,2023,7,Novorossiysk,Midia,Black-Black,Short,2026-08-12
50-2023-S,KMG TRADING AG,Olib,Aframax,3rd party,80988.0,80988.0,2023-07-31,2023,7,CPC,Trieste,Black-Med,Middle,2026-08-12
11-2023 ALA,KMG TRADING AG,Alatau,Alatau-Aframax,Own fleet,83432.0,83432.0,2023-08-08,2023,8,CPC,Trieste,Black-Med,Middle,2026-08-12
54-2023-S,KMG TRADING AG,NEW LEGEND,Suezmax,3rd party,80000.0,80000.0,2023-08-10,2023,8,Novorossiysk,Midia,Black-Black,Short,2026-08-12
12-2023 ALT,OILMAR SHIPPING AND CHARTERING DMCC,Altai,Altai-Aframax,Own fleet,90321.163,90321.163,2023-08-13,2023,8,Ceyhan,Genoa,Med-Med,Short,2026-08-12
56-2023-S,KMG TRADING AG,Vallesina,Aframax,3rd party,83440.0,83440.0,2023-08-13,2023,8,CPC,Haifa,Black-Med,Middle,2026-08-12
55-2023-S,Chevron Tankers Ltd,SAFEEN BARONESS,Aframax,ADP fleet,87104.0,87104.0,2023-08-18,2023,8,CPC,Trieste,Black-Med,Middle,2026-08-12
57-2023-S,KMG TRADING AG,Trident Hope,Aframax,3rd party,80170.689,80170.689,2023-08-22,2023,8,Novorossiysk,Midia,Black-Black,Short,2026-08-12
58-2023-S,KMG TRADING AG,SAFEEN ELONA,Aframax,ADP fleet,83458.0,83458.0,2023-08-25,2023,8,CPC,Constanta/Bourgas,Black-Black,Short,2026-08-12
13-2023 ALT,OILMAR SHIPPING AND CHARTERING DMCC,Altai,Altai-Aframax,Own fleet,90472.32,90472.32,2023-08-27,2023,8,Ceyhan,Trieste,Med-Med,Short,2026-08-12
59-2023-S,KMG TRADING AG,New Vision,Suezmax,3rd party,80080.0,80080.0,2023-08-25,2023,8,Novorossiysk,Midia,Black-Black,Short,2026-08-12
60-2023-S,KMG TRADING AG,Vallesina,Aframax,3rd party,79968.46,79968.46,2023-08-31,2023,8,CPC,Trieste,Black-Med,Middle,2026-08-12
61-2023-S,KMG TRADING AG,MINERVA NOUNOU,Aframax,3rd party,94971.0,94971.0,2023-09-01,2023,9,CPC,TUTUNCIFLICK/ALIAGA/STS LAKONIKOS BAY,Black-Med,Middle,2026-08-12
12-2023 ALA,KMG TRADING AG,Alatau,Alatau-Aframax,Own fleet,84949.0,84949.0,2023-09-05,2023,9,CPC,Constanta/Bourgas,Black-Black,Short,2026-08-12
62-2023-S,KMG TRADING AG,SAFEEN ELONA,Aframax,ADP fleet,89852.0,89852.0,2023-09-13,2023,9,CPC,Trieste,Black-Med,Middle,2026-08-12
14-2023 ALT,OILMAR SHIPPING AND CHARTERING DMCC,Altai,Altai-Aframax,Own fleet,86224.056,86224.056,2023-09-14,2023,9,Ceyhan,Augusta,Med-Med,Short,2026-08-12
63-2023-S,KMG TRADING AG,NEW LEGEND,Suezmax,3rd party,79940.0,79940.0,2023-09-15,2023,9,Novorossiysk,Midia,Black-Black,Short,2026-08-12
64-2023-S,KMG TRADING AG,SAFEEN BARONESS,Aframax,ADP fleet,87802.0,87802.0,2023-09-20,2023,9,CPC,Ashkelon,Black-Med,Middle,2026-08-12
66-2023-S,KMG TRADING AG,Vallesina,Aframax,3rd party,89967.0,89967.0,2023-09-25,2023,9,CPC,Ashkelon,Black-Med,Middle,2026-08-12
13-2023 ALA,Chevron Tankers Ltd,Alatau,Alatau-Aframax,Own fleet,93961.0,93961.0,2023-09-24,2023,9,CPC,Trieste,Black-Med,Middle,2026-08-12
67-2023-S,KMG TRADING AG,NEW LEGEND,Suezmax,3rd party,80007.0,80007.0,2023-09-24,2023,9,Novorossiysk,Midia,Black-Black,Short,2026-08-12
65-2023-S,KMG TRADING AG,SEAVELVET,Aframax,3rd party,84988.0,84988.0,2023-09-27,2023,9,CPC,Cartagena,Black-Med,Middle,2026-08-12
69-2023-S,KMG TRADING AG,PROMITHEAS,Aframax,3rd party,84958.0,84958.0,2023-09-27,2023,9,CPC,TUTUNCIFLICK/ALIAGA/STS LAKONIKOS BAY,Black-Med,Middle,2026-08-12
15-2023 ALT,OILMAR SHIPPING AND CHARTERING DMCC,Altai,Altai-Aframax,Own fleet,90255.021,90255.021,2023-10-03,2023,10,Ceyhan,Bizerta,Med-Med,Short,2026-08-12
70-2023-S,KMG TRADING AG,NEW LEGEND,Suezmax,3rd party,80104.0,80104.0,2023-10-06,2023,10,Novorossiysk,Midia,Black-Black,Short,2026-08-12
72-2023-S,KMG TRADING AG,SAFEEN ELONA,Aframax,ADP fleet,79906.0,79906.0,2023-10-14,2023,10,Novorossiysk,Midia,Black-Black,Short,2026-08-12
71-2023-S,KMG TRADING AG,SAFEEN BARONESS,Aframax,ADP fleet,86897.0,86897.0,2023-10-13,2023,10,CPC,Trieste,Black-Med,Middle,2026-08-12
14-2023 ALA,Chevron Tankers Ltd,Alatau,Alatau-Aframax,Own fleet,93942.0,93942.0,2023-10-15,2023,10,CPC,Trieste,Black-Med,Middle,2026-08-12
16-2023 ALT,OILMAR SHIPPING AND CHARTERING DMCC,Altai,Altai-Aframax,Own fleet,90011.53,90011.53,2023-10-18,2023,10,Ceyhan,Sarroch,Med-Med,Short,2026-08-12
73-2023-S,KMG TRADING AG,SAFEEN ELONA,Aframax,ADP fleet,93735.0,93735.0,2023-10-25,2023,10,CPC,Constanta,Black-Black,Short,2026-08-12
68-2023-S,KMG TRADING AG,SEAGRACE,Suezmax,3rd party,129045.0,129045.0,2023-10-29,2023,10,CPC,Rotterdam,Black-Continent,Long,2026-08-12
74-2023-S,KMG TRADING AG,NEW LEGEND,Suezmax,3rd party,80117.0,80117.0,2023-10-30,2023,10,Novorossiysk,Midia,Black-Black,Short,2026-08-12
77-2023-S,KMG TRADING AG,Rivera,Aframax,3rd party,93921.0,93921.0,2023-11-02,2023,11,CPC,Santa Panagia,Black-Med,Middle,2026-08-12
17-2023 ALT,KMG TRADING AG,Altai,Altai-Aframax,Own fleet,85840.566,85840.566,2023-11-05,2023,11,Ceyhan,Omisalj,Med-Med,Short,2026-08-12
74-2023-S,KMG TRADING AG,NEW DISCOVERY,Suezmax,3rd party,80000.0,80000.0,2023-11-06,2023,11,Novorossiysk,Midia,Black-Black,Short,2026-08-12
76-2023-S,KMG TRADING AG,Montego,Aframax,3rd party,85558.636,85558.636,2023-11-10,2023,11,Ceyhan,Sarroch,Med-Med,Short,2026-08-12
15-2023 ALA,KMG TRADING AG,Alatau,Alatau-Aframax,Own fleet,80997.0,80997.0,2023-11-15,2023,11,CPC,Trieste,Black-Med,Middle,2026-08-12
79-2023-S,KMG TRADING AG,SAFEEN ELONA,Aframax,ADP fleet,84931.0,84931.0,2023-11-18,2023,11,CPC,FOS,Black-Med,Middle,2026-08-12
78-2023-S,KMG TRADING AG,NEW LEGEND,Suezmax,3rd party,79991.0,79991.0,2023-11-18,2023,11,Novorossiysk,Midia,Black-Black,Short,2026-08-12
18-2023 ALT,OILMAR SHIPPING AND CHARTERING DMCC,Altai,Altai-Aframax,Own fleet,65894.578,65894.578,2023-11-20,2023,11,Ceyhan,Bizerta,Med-Med,Short,2026-08-12
80-2023-S,KMG TRADING AG,AEGEAN DREAM,Suezmax,3rd party,130951.0,130951.0,2023-12-01,2023,12,CPC,Omisalj,Black-Med,Middle,2026-08-12
84-2023-S,KMG TRADING AG,SAFEEN BARONESS,Aframax,ADP fleet,93341.25,93341.25,2023-12-01,2023,12,Ceyhan,Sarroch,Med-Med,Short,2026-08-12
81-2023-S,KMG TRADING AG,OLYMPIC FRIENDSHIP,Suezmax,3rd party,129920.0,129920.0,2023-12-05,2023,12,CPC,TUTUNCIFLICK/ALIAGA/STS LAKONIKOS BAY,Black-Med,Middle,2026-08-12
83-2023-S,KMG TRADING AG,Rava,Aframax,3rd party,90952.0,90952.0,2023-12-07,2023,12,CPC,Limasol,Black-Med,Middle,2026-08-12
82-2023-S,KMG TRADING AG,NEW DISCOVERY,Suezmax,3rd party,79989.0,79989.0,2023-12-08,2023,12,Novorossiysk,Midia,Black-Black,Short,2026-08-12
19-2023 ALT,OILMAR SHIPPING AND CHARTERING DMCC,Altai,Altai-Aframax,Own fleet,65894.578,65894.578,2023-12-10,2023,12,Ceyhan,Bizerta,Med-Med,Short,2026-08-12
85-2023-S,KMG TRADING AG,NEW LEGEND,Suezmax,3rd party,80004.0,80004.0,2023-12-11,2023,12,Novorossiysk,Midia,Black-Black,Short,2026-08-12
87-2023-S,KMG TRADING AG,MINERVA ELEFTHERIA,Aframax,3rd party,79911.985,79911.985,2023-12-25,2023,12,Novorossiysk,Midia,Black-Black,Short,2026-08-12
20-2023 ALT,OILMAR SHIPPING AND CHARTERING DMCC,Altai,Altai-Aframax,Own fleet,65805.961,65805.961,2023-12-25,2023,12,Ceyhan,Bizerta,Med-Med,Short,2026-08-12
86-2023-S,KMG TRADING AG,MINERVA KARTERIA,Aframax,3rd party,90934.0,90934.0,2023-12-22,2023,12,CPC,Aliaga/Omisalj,Black-Med,Middle,2026-08-12
16-2023 ALA,KMG TRADING AG,Alatau,Alatau-Aframax,Own fleet,94948.0,94948.0,2023-12-31,2023,12,CPC,Midia,Black-Black,Short,2026-08-12
91-2023-S,Litasco SA,SAFEEN BARONESS,Aframax,ADP fleet,73843.371,73843.371,2024-01-02,2024,1,STS/Greece,Burgas,Med-Black,Middle,2026-08-12
92-2023-S,KMG TRADING AG,NEW LEGEND,Suezmax,3rd party,80180.0,80180.0,2024-01-07,2024,1,Novorossiysk,Midia,Black-Black,Short,2026-08-12
88-2023-S,KMG TRADING AG,Minerva Libra,Aframax,3rd party,98940.0,98940.0,2024-01-07,2024,1,CPC,Haifa,Black-Med,Middle,2026-08-12
90-2023-S,KMG TRADING AG,Safeen Elona,Aframax,ADP fleet,93935.0,93935.0,2024-01-14,2024,1,Novorossiysk,Constanta,Black-Black,Short,2026-08-12
01-2024 ALT,OILMAR SHIPPING AND CHARTERING DMCC,Altai,Altai-Aframax,Own fleet,83434.846,83434.846,2024-01-16,2024,1,Ceyhan,Bizerta,Med-Med,Short,2026-08-12
93-2023-S,KMG TRADING AG,Alicante,Aframax,3rd party,98997.0,98997.0,2024-01-17,2024,1,CPC,Ashkelon,Black-Med,Middle,2026-08-12
01-2024 ALA,KMG TRADING AG,Alatau,Alatau-Aframax,Own fleet,98898.0,98898.0,2024-01-18,2024,1,CPC,FOS,Black-Med,Middle,2026-08-12
94-2023-S,KMG TRADING AG,Nissos Delos,Aframax,3rd party,98895.0,98895.0,2024-01-21,2024,1,CPC,Santa Panagia,Black-Med,Middle,2026-08-12
03-2024-S,KMG TRADING AG,NEW LEGEND,Suezmax,3rd party,79866.0,79866.0,2024-01-24,2024,1,Novorossiysk,Midia,Black-Black,Short,2026-08-12
01-2024-S,KMG TRADING AG,Safeen Elona,Aframax,ADP fleet,93895.0,93895.0,2024-01-28,2024,1,CPC,Trieste,Black-Med,Middle,2026-08-12
02-2024-S,KMG TRADING AG,SAFEEN BARONESS,Aframax,ADP fleet,80096.0,80096.0,2024-01-29,2024,1,Novorossiysk,Midia,Black-Black,Short,2026-08-12
02-2024 ALT,KMG TRADING AG,Altai,Altai-Aframax,Own fleet,89427.645,89427.645,2024-01-30,2024,1,Ceyhan,Sarroch,Med-Med,Short,2026-08-12
04-2024-S,KMG TRADING AG,GREEN AZURE,Aframax,3rd party,96398.0,96398.0,2024-02-03,2024,2,CPC,Limasol,Black-Med,Middle,2026-08-12
07-2024-S,KMG TRADING AG,NEW LEGEND,Suezmax,3rd party,80000.0,80000.0,2024-02-08,2024,2,Novorossiysk,Midia,Black-Black,Short,2026-08-12
06-2024-S,KMG TRADING AG,SAFEEN BARONESS,Aframax,ADP fleet,87930.0,87930.0,2024-02-12,2024,2,CPC,Aliaga/Laconia,Black-Med,Middle,2026-08-12
05-2024-S,KMG TRADING AG,Ohio,Aframax,3rd party,89932.0,89932.0,2024-02-14,2024,2,CPC,Midia,Black-Black,Short,2026-08-12
08-2024-S,KMG TRADING AG,Searuby,Aframax,3rd party,98928.0,98928.0,2024-02-16,2024,2,CPC,Gdansk,Black-Baltic,Short,2026-08-12
02-2024 ALA,TUPRAS,Alatau,Alatau-Aframax,Own fleet,83751.52,83751.52,2024-02-17,2024,2,Es Sider,Aliaga,Med-Med,Short,2026-08-12
12-2024-S,KMG TRADING AG,MINERVA LISA,Aframax,3rd party,94467.968,94467.968,2024-02-17,2024,2,Ceyhan,Trieste,Med-Med,Short,2026-08-12
03-2024 ALT,HERITAGE,Altai,Altai-Aframax,Own fleet,89549.177,89549.177,2024-02-18,2024,2,Ceyhan,Trieste,Med-Med,Short,2026-08-12
09-2024-S,KMG TRADING AG,Stamos,Aframax,3rd party,84894.0,84894.0,2024-02-21,2024,2,CPC,Laconia/Aliaga,Black-Med,Middle,2026-08-12
11-2024-S,KMG TRADING AG,NEW LEGEND,Suezmax,3rd party,80112.671,80112.671,2024-02-23,2024,2,Novorossiysk,Midia,Black-Black,Short,2026-08-12
10-2024-S,KMG TRADING AG,SEAVIGOUR,Suezmax,3rd party,130396.0,130396.0,2024-02-27,2024,2,CPC,Pachi Megara,Black-Med,Middle,2026-08-12
13-2024-S,KMG TRADING AG,Ohio,Aframax,3rd party,91452.0,91452.0,2024-02-28,2024,2,CPC,Limasol,Black-Med,Middle,2026-08-12
03-2024 ALA,Litasco SA,Alatau,Alatau-Aframax,Own fleet,71101.6,71101.6,2024-02-28,2024,2,Kalamata,Burgas,Med-Black,Middle,2026-08-12
15-2024-S,Eni Trade & Biofuel,SAFEEN BARONESS,Aframax,ADP fleet,79674.58,79674.58,2024-03-05,2024,3,Es Sider,Augusta,Med-Med,Short,2026-08-12
14-2024-S,KMG TRADING AG,Safeen Elona,Aframax,ADP fleet,93951.0,93951.0,2024-03-06,2024,3,CPC,Santa Panagia,Black-Med,Middle,2026-08-12
04-2024 ALT,HERITAGE,Altai,Altai-Aframax,Own fleet,89810.324,89810.324,2024-03-08,2024,3,Ceyhan,Sines,Med-Continent,Middle,2026-08-12
04-2024 ALA,KMG TRADING AG,Alatau,Alatau-Aframax,Own fleet,98963.0,98963.0,2024-03-15,2024,3,CPC,Laconia/Aliaga,Black-Med,Middle,2026-08-12
16-2024-S,KMG TRADING AG,MINERVA ELEFTHERIA,Aframax,3rd party,98954.0,98954.0,2024-03-17,2024,3,CPC,Omisalj,Black-Med,Middle,2026-08-12
18-2024-S,KMG TRADING AG,NEW VISION,Suezmax,3rd party,133099.0,133099.0,2024-03-25,2024,3,CPC,TUTUNCIFLICK/ALIAGA/STS LAKONIKOS BAY,Black-Med,Middle,2026-08-12
19-2024-S,KMG TRADING AG,Seastar,Aframax,3rd party,96400.0,96400.0,2024-03-25,2024,3,CPC,Sarroch,Black-Med,Middle,2026-08-12
05-2024 ALT,HERITAGE,Altai,Altai-Aframax,Own fleet,90000.815,90000.815,2024-04-06,2024,4,Ceyhan,Sarroch,Med-Med,Short,2026-08-12
05-2024 ALA,KMG TRADING AG,Alatau,Alatau-Aframax,Own fleet,98932.0,98932.0,2024-04-06,2024,4,CPC,Trieste,Black-Med,Middle,2026-08-12
22-2024-S,Chevron Tankers Ltd,SAFEEN ELONA,Aframax,ADP fleet,93531.0,93531.0,2024-04-16,2024,4,CPC,Fos,Black-Med,Middle,2026-08-12
23-2024-S,KMG TRADING AG,SEARANGER,Aframax,3rd party,97274.0,97274.0,2024-04-16,2024,4,CPC,Big Stone Anchorage/USA,Black-USA East Coast,Long,2026-08-12
21-2024-S,KMG TRADING AG,SAFEEN BARONESS,Aframax,ADP fleet,79895.0,79895.0,2024-04-18,2024,4,Novorossiysk,Midia,Black-Black,Short,2026-08-12
24-2024-S,KMG TRADING AG,SEAVIOLET,Suezmax,3rd party,132217.0,132217.0,2024-04-17,2024,4,CPC,Ashkelon,Black-Med,Middle,2026-08-12
26-2024-S,KMG TRADING AG,AGIOS GERASIMOS,Aframax,3rd party,98866.0,98866.0,2024-04-23,2024,4,CPC,Omisalj,Black-Med,Middle,2026-08-12
25-2024-S,KMG TRADING AG,New Vision,Suezmax,3rd party,130879.0,130879.0,2024-04-25,2024,4,CPC,Trieste,Black-Med,Middle,2026-08-12
06-2024 ALT,HERITAGE,Altai,Altai-Aframax,Own fleet,89631.24,89631.24,2024-04-26,2024,4,Ceyhan,Santa Panagia,Med-Med,Short,2026-08-12
28-2024-S,KMG TRADING AG,MINERVA ZENOBIA,Aframax,3rd party,84697.0,84967.0,2024-05-03,2024,5,CPC,Thessaloniki,Black-Med,Middle,2026-08-12
07-2024 ALT,BGN,Altai,Altai-Aframax,Own fleet,83842.24,83842.24,2024-05-11,2024,5,Es Sider,Midia,Med-Black,Middle,2026-08-12
29-2024-S,KMG TRADING AG,SAFEEN ELONA,Aframax,ADP fleet,93432.0,84967.0,2024-05-11,2024,5,CPC,Fos,Black-Med,Middle,2026-08-12
30-2024-S,KMG TRADING AG,NEW FRIENDSHIP,Aframax,3rd party,79992.0,79992.0,2024-05-12,2024,5,Novorossiysk,Midia,Black-Black,Short,2026-08-12
31-2024-S,KMG TRADING AG,AGIOS GERASIMOS,Aframax,3rd party,98936.0,98936.0,2024-05-14,2024,5,CPC,Trieste,Black-Med,Middle,2026-08-12
32-2024-S,KMG TRADING AG,SAFEEN BARONESS,Aframax,ADP fleet,80092.895,80092.895,2024-05-20,2024,5,Novorossiysk,Midia,Black-Black,Short,2026-08-12
34-2024-S,KMG TRADING AG,Ohio,Aframax,3rd party,88984.0,88984.0,2024-05-18,2024,5,CPC,Omisalj,Black-Med,Middle,2026-08-12
35-2024-S,KMG TRADING AG,Rava,Aframax,3rd party,93434.0,93434.0,2024-05-22,2024,5,CPC,Trieste,Black-Med,Middle,2026-08-12
36-2024-S,KMG TRADING AG,New Legend,Suezmax,3rd party,79905.0,79905.0,2024-05-27,2024,5,Novorossiysk,Midia,Black-Black,Short,2026-08-12
33-2024-S,KMG TRADING AG,Seavelvet,Aframax,3rd party,98249.0,98249.0,2024-05-28,2024,5,CPC,Delaware/Freeport,Black-USA East Coast,Long,2026-08-12
37-2024-S,KMG TRADING AG,NEW FRIENDSHIP,Aframax,3rd party,79905.0,79905.0,2024-05-31,2024,5,Novorossiysk,Midia,Black-Black,Short,2026-08-12
38-2024-S,Chevron Tankers Ltd,SAFEEN ELONA,Aframax,ADP fleet,93461.0,93461.0,2024-06-03,2024,6,CPC,Fos,Black-Med,Middle,2026-08-12
06-2024 ALA,KMG TRADING AG,Alatau,Alatau-Aframax,Own fleet,80122.0,80122.0,2024-06-12,2024,6,Novorossiysk,Midia,Black-Black,Short,2026-08-12
39-2024-S,KMG TRADING AG,SAFEEN BARONESS,Aframax,ADP fleet,87456.0,87456.0,2024-06-12,2024,6,CPC,Tutunsiftlik/STS port Said,Black-Med,Middle,2026-08-12
08-2024 ALT,BP SHIPPING LTD,Altai,Altai-Aframax,Own fleet,82165.0,82165.0,2024-06-21,2024,6,Mellitah,Castellon,Med-Med,Short,2026-08-12
40-2024-S,KMG TRADING AG,Minerva Alice,Aframax,3rd party,84931.0,84931.0,2024-06-22,2024,6,CPC,Trieste,Black-Med,Middle,2026-08-12
42-2024-S,KMG TRADING AG,Aegean Harmony,Aframax,3rd party,92932.0,92932.0,2024-06-22,2024,6,CPC,Midia,Black-Black,Short,2026-08-12
07-2024 ALA,KMG TRADING AG,Alatau,Alatau-Aframax,Own fleet,80041.0,80041.0,2024-06-28,2024,6,Novorossiysk,Midia,Black-Black,Short,2026-08-12
43-2024-S,KMG TRADING AG,Valfoglia,Aframax,3rd party,84931.0,84931.0,2024-06-29,2024,6,CPC,Tutunciftlik/Aliaga,Black-Med,Middle,2026-08-12
46-2024-S,KMG TRADING AG,NEW FRIENDSHIP,Aframax,3rd party,80040.0,80040.0,2024-07-06,2024,7,Novorossiysk,Midia,Black-Black,Short,2026-08-12
44-2024-S,KMG TRADING AG,SAFEEN ELONA,Aframax,ADP fleet,93239.0,93239.0,2024-07-06,2024,7,CPC,Constanta,Black-Black,Short,2026-08-12
45-2024-S,KMG TRADING AG,SAFEEN BARONESS,Aframax,ADP fleet,81137.0,81137.0,2024-07-09,2024,7,CPC,Pachi Megara,Black-Med,Middle,2026-08-12
47-2024-S,KMG TRADING AG,Minerva Alice,Aframax,3rd party,81155.0,81155.0,2024-07-11,2024,7,CPC,Sarroch,Black-Med,Middle,2026-08-12
09-2024 ALT,INPEX,Altai,Altai-Aframax,Own fleet,89421.029,89421.029,2024-07-12,2024,7,Ceyhan,Omisalj,Med-Med,Short,2026-08-12
08-2024 ALA,KMG TRADING AG,Alatau,Alatau-Aframax,Own fleet,79200.0,79200.0,2024-07-18,2024,7,Novorossiysk,Midia,Black-Black,Short,2026-08-12
49-2024-S,KMG TRADING AG,SAFEEN ELONA,Aframax,ADP fleet,86757.0,86757.0,2024-07-18,2024,7,CPC,Trieste,Black-Med,Middle,2026-08-12
48-2024-S,KMG TRADING AG,AEGEAN UNITY,Suezmax,3rd party,130919.0,130919.0,2024-07-22,2024,7,CPC,Trieste,Black-Med,Middle,2026-08-12
50-2024-S,KMG TRADING AG,NEW FRIENDSHIP,Aframax,3rd party,81055.0,81055.0,2024-07-24,2024,7,Novorossiysk,Midia,Black-Black,Short,2026-08-12
09-2024 ALA,Chevron Tankers Ltd,Alatau,Alatau-Aframax,Own fleet,89951.0,89951.0,2024-07-26,2024,7,CPC,Trieste,Black-Med,Middle,2026-08-12
51-2024-S,KMG TRADING AG,Agios Gerasimos,Aframax,3rd party,97396.0,97396.0,2024-07-28,2024,7,CPC,Trieste,Black-Med,Middle,2026-08-12
10-2024 ALT,SEARIVER MARITIME LLC,Altai,Altai-Aframax,Own fleet,79827.95,79827.95,2024-07-28,2024,7,Ras Lanuf,Fawley,Med-UK,Long,2026-08-12
53-2024-S,KMG TRADING AG,Sealeo,Aframax,3rd party,88005.0,88005.0,2024-07-30,2024,7,CPC,Haifa,Black-Med,Middle,2026-08-12
54-2024-S,KMG TRADING AG,NEW AMORGOS,Aframax,3rd party,84947.0,84947.0,2024-08-02,2024,8,CPC,Midia,Black-Black,Short,2026-08-12
56-2024-S,KMG TRADING AG,NEW LEGEND,Suezmax,3rd party,80010.0,80010.0,2024-08-07,2024,8,Novorossiysk,Midia,Black-Black,Short,2026-08-12
57-2024-S,KMG TRADING AG,Fontana,Suezmax,3rd party,82898.0,82898.0,2024-08-05,2024,8,CPC,Rotterdam,Black-Continent,Long,2026-08-12
58-2024-S,Chevron Tankers Ltd,SAFEEN ELONA,Aframax,ADP fleet,89956.0,89956.0,2024-08-13,2024,8,CPC,Cartagena,Black-Med,Middle,2026-08-12
59-2024-S,KMG TRADING AG,NEW FRIENDSHIP,Aframax,3rd party,80005.0,80005.0,2024-08-12,2024,8,Novorossiysk,Midia,Black-Black,Short,2026-08-12
60-2024-S,KMG TRADING AG,SAFEEN BARONESS,Aframax,ADP fleet,80044.0,80044.0,2024-08-19,2024,8,Novorossiysk,Midia,Black-Black,Short,2026-08-12
61-2024-S,KMG TRADING AG,NEW AMORGOS,Aframax,3rd party,81157.0,81157.0,2024-08-16,2024,8,CPC,Pachi Megara,Black-Med,Middle,2026-08-12
10-2024 ALA,KMG TRADING AG,Alatau,Alatau-Aframax,Own fleet,84701.0,84701.0,2024-08-21,2024,8,CPC,Trieste,Black-Med,Middle,2026-08-12
11-2024 ALT,HERITAGE,Altai,Altai-Aframax,Own fleet,64979.696,64979.696,2024-08-27,2024,8,Ceyhan,Bizerta,Med-Med,Short,2026-08-12
63-2024-S,KMG TRADING AG,Minerva Alice,Aframax,3rd party,80031.0,80031.0,2024-08-31,2024,8,CPC,Midia,Black-Black,Short,2026-08-12
62-2024-S,KMG TRADING AG,Saga,Aframax,3rd party,82903.0,82903.0,2024-08-30,2024,8,CPC,Trieste,Black-Med,Middle,2026-08-12
64-2024-S,KMG TRADING AG,SAFEEN ELONA,Aframax,ADP fleet,91958.0,91958.0,2024-09-05,2024,9,CPC,Thessaloniki,Black-Med,Middle,2026-08-12
66-2024-S,KMG TRADING AG,SAFEEN BARONESS,Aframax,ADP fleet,80000.0,80000.0,2024-09-07,2024,9,Novorossiysk,Midia,Black-Black,Short,2026-08-12
65-2024-S,KMG TRADING AG,Rava,Aframax,3rd party,91951.0,91951.0,2024-09-10,2024,9,CPC,Agio Theodoroi,Black-Med,Middle,2026-08-12
12-2024 ALT,HERITAGE,Altai,Altai-Aframax,Own fleet,81961.976,81961.976,2024-09-12,2024,9,Ceyhan,Savona,Med-Med,Short,2026-08-12
11-2024 ALA,Chevron Tankers Ltd,Alatau,Alatau-Aframax,Own fleet,97894.0,97894.0,2024-09-13,2024,9,CPC,Thessaloniki,Black-Med,Middle,2026-08-12
67-2024-S,KMG TRADING AG,SAFEEN BARONESS,Aframax,ADP fleet,80080.0,80080.0,2024-09-16,2024,9,Novorossiysk,Midia,Black-Black,Short,2026-08-12
68-2024-S,KMG TRADING AG,NEW AMORGOS,Aframax,3rd party,86436.0,86436.0,2024-09-20,2024,9,CPC,Constanta,Black-Black,Short,2026-08-12
69-2024-S,Chevron Tankers Ltd,SAFEEN ELONA,Aframax,ADP fleet,93462.0,93462.0,2024-09-23,2024,9,CPC,Trieste,Black-Med,Middle,2026-08-12
70-2024-S,KMG TRADING AG,NEW FRIENDSHIP,Aframax,3rd party,79882.0,79882.0,2024-09-25,2024,9,Novorossiysk,Midia,Black-Black,Short,2026-08-12
12-2024 ALA,Litasco SA,Alatau,Alatau-Aframax,Own fleet,81457.28,81457.28,2024-09-30,2024,9,Sidi Kerir,Burgas,Med-Black,Middle,2026-08-12
71-2024-S,KMG TRADING AG,SEAMUSIC,Aframax,3rd party,85935.0,85935.0,2024-09-29,2024,9,CPC,Midia,Black-Black,Short,2026-08-12
13-2024 ALT,HERITAGE,Altai,Altai-Aframax,Own fleet,90023.28,90023.28,2024-09-29,2024,9,Ceyhan,Savona,Med-Med,Short,2026-08-12
72-2024-S,KMG TRADING AG,SAFEEN BARONESS,Aframax,ADP fleet,86432.0,86432.0,2024-10-01,2024,10,CPC,Limasol,Black-Med,Middle,2026-08-12
74-2024-S,KMG TRADING AG,NEW LEGEND,Suezmax,3rd party,80059.0,80059.0,2024-10-05,2024,10,Novorossiysk,Midia,Black-Black,Short,2026-08-12
73-2024-S,KMG TRADING AG,NEW AMORGOS,Aframax,3rd party,82981.0,82981.0,2024-10-10,2024,10,CPC,Trieste,Black-Med,Middle,2026-08-12
75-2024-S,KMG TRADING AG,NEW FRIENDSHIP,Aframax,3rd party,80000.0,81457.28,2024-10-12,2024,10,Novorossiysk,Midia,Black-Black,Short,2026-08-12
13-2024 ALA,KMG TRADING AG,Alatau,Alatau-Aframax,Own fleet,82902.0,82902.0,2024-10-22,2024,10,CPC,Santa Panagia,Black-Med,Middle,2026-08-12
78-2024-S,KMG TRADING AG,Seliger,Aframax,3rd party,81938.0,81938.0,2024-10-23,2024,10,CPC,Aliaga/Port Said,Black-Med,Middle,2026-08-12
77-2024-S,Chevron Tankers Ltd,SAFEEN ELONA,Aframax,ADP fleet,93360.0,93360.0,2024-10-22,2024,10,CPC,Castellon,Black-Med,Middle,2026-08-12
14-2024 ALT,KMG TRADING AG,Altai,Altai-Aframax,Own fleet,80000.0,80000.0,2024-10-24,2024,10,Novorossiysk,Midia,Black-Black,Short,2026-08-12
76-2024-S,KMG TRADING AG,SAFEEN BARONESS,Aframax,ADP fleet,82958.0,82958.0,2024-10-25,2024,10,CPC,Tutunsiftlik/STS port Said,Black-Med,Middle,2026-08-12
79-2024-S,KMG TRADING AG,Minerva Karteria,Aframax,3rd party,81939.0,81939.0,2024-10-29,2024,10,CPC,Midia,Black-Black,Short,2026-08-12
80-2024-S,KMG TRADING AG,Rava,Aframax,3rd party,98959.0,98959.0,2024-11-02,2024,11,CPC,Fos,Black-Med,Middle,2026-08-12
81-2024-S,KMG TRADING AG,Seamusic,Aframax,3rd party,98639.0,98639.0,2024-11-07,2024,11,CPC,Fos,Black-Med,Middle,2026-08-12
15-2024 ALT,KMG TRADING AG,Altai,Altai-Aframax,Own fleet,79960.0,79960.0,2024-11-07,2024,11,CPC,Midia,Black-Black,Short,2026-08-12
82-2024-S,KMG TRADING AG,Minerva Karteria,Aframax,3rd party,89940.0,89940.0,2024-11-13,2024,11,CPC,Omisalj,Black-Med,Middle,2026-08-12
84-2024-S,KMG TRADING AG,Safeen Baroness,Aframax,ADP fleet,80000.0,80000.0,2024-11-20,2024,11,Novorossiysk,Midia,Black-Black,Short,2026-08-12
85-2024-S,KMG TRADING AG,Ryman,Aframax,3rd party,89897.0,89897.0,2024-11-19,2024,11,CPC,Trieste,Black-Med,Middle,2026-08-12
16-2024 ALT,KMG TRADING AG,Altai,Altai-Aframax,Own fleet,80102.0,80102.0,2024-11-14,2024,11,Novorossiysk,Midia,Black-Black,Short,2026-08-12
14-2024 ALA,Chevron Tankers Ltd,Alatau,Alatau-Aframax,Own fleet,89949.0,89949.0,2024-11-14,2024,11,CPC,FOS,Black-Med,Middle,2026-08-12
17-2024 ALT,KMG TRADING AG,Altai,Altai-Aframax,Own fleet,84948.0,84948.0,2024-11-23,2024,11,CPC,Castellon,Black-Med,Middle,2026-08-12
83-2024-S,Chevron Tankers Ltd,SAFEEN ELONA,Aframax,ADP fleet,84898.0,84898.0,2024-11-25,2024,11,CPC,Cartagena,Black-Med,Middle,2026-08-12
86-2024-S,KMG TRADING AG,Safeen Baroness,Aframax,ADP fleet,88278.0,88278.0,2024-12-03,2024,12,CPC,Trieste,Black-Med,Middle,2026-08-12
87-2024-S,KMG TRADING AG,NEW FRIENDSHIP,Aframax,3rd party,80100.0,80100.0,2024-12-05,2024,12,Novorossiysk,Midia,Black-Black,Short,2026-08-12
89-2024-S,KMG TRADING AG,YPAPANTI,Aframax,3rd party,79899.001,79899.001,2024-12-08,2024,12,Novorossiysk,Midia,Black-Black,Short,2026-08-12
88-2024-S,KMG TRADING AG,Sealeo,Aframax,3rd party,89454.0,89454.0,2024-12-12,2024,12,CPC,Trieste,Black-Med,Middle,2026-08-12
15-2024 ALA,Litasco SA,Alatau,Alatau-Aframax,Own fleet,89749.245,89749.245,2024-12-14,2024,12,Ceyhan,Genoa,Med-Med,Short,2026-08-12
90-2024-S,KMG TRADING AG,Minerva Libra,Aframax,3rd party,80029.0,80029.0,2024-12-19,2024,12,Novorossiysk,Midia,Black-Black,Short,2026-08-12
91-2024-S,KMG TRADING AG,ATHENS VOYAGER,Aframax,3rd party,92996.0,92996.0,2024-12-21,2024,12,CPC,Trieste,Black-Med,Middle,2026-08-12
92-2024-S,KMG TRADING AG,Aegean Harmony,Aframax,3rd party,98942.0,98942.0,2024-12-22,2024,12,CPC,Santa Panagia,Black-Med,Middle,2026-08-12
93-2024-S,KMG TRADING AG,Calypso,Aframax,3rd party,92344.0,92344.0,2024-12-25,2024,12,CPC,Midia,Black-Black,Short,2026-08-12
01-2025 ALT,Chevron Tankers Ltd,Altai,Altai-Aframax,Own fleet,84939.0,84939.0,2024-12-31,2024,12,CPC,Trieste,Black-Med,Middle,2026-08-12
01-2025-S,KMG TRADING AG,Minerva Libra,Aframax,3rd party,80033.0,81148.0,2025-01-05,2025,1,Novorossiysk,Midia,Black-Black,Short,2026-08-12
02-2025-S,KMG TRADING AG,SAFEEN ELONA,Aframax,ADP fleet,93540.0,93540.0,2025-01-05,2025,1,CPC,FOS,Black-Med,Middle,2026-08-12
01-2025 ALA,Equinor,Alatau,Alatau-Aframax,Own fleet,81106.3,81106.3,2025-01-08,2025,1,Zawia,Constanta,Med-Black,Middle,2026-08-12
03-2025-S,KMG TRADING AG,YPAPANTI,Aframax,3rd party,81148.0,81148.0,2025-01-09,2025,1,CPC,Trieste,Black-Med,Middle,2026-08-12
04-2025-S,KMG TRADING AG,SAFEEN BARONESS,Aframax,ADP fleet,80040.0,80040.0,2025-01-10,2025,1,Novorossiysk,Midia,Black-Black,Short,2026-08-12
05-2025-S,KMG TRADING AG,Minerva Karteria,Aframax,3rd party,98951.0,98951.0,2025-01-18,2025,1,CPC,Trieste,Black-Med,Middle,2026-08-12
06-2025-S,KMG TRADING AG,Minerva Libra,Aframax,3rd party,80375.151,80375.151,2025-01-19,2025,1,Novorossiysk,Midia,Black-Black,Short,2026-08-12
07-2025-S,KMG TRADING AG,SAFEEN BARONESS,Aframax,ADP fleet,84948.0,84948.0,2025-01-23,2025,1,CPC,Midia,Black-Black,Short,2026-08-12
08-2025-S,KMG TRADING AG,AGIOS GERASIMOS,Aframax,3rd party,98158.0,98158.0,2025-01-25,2025,1,CPC,Santa Panagia,Black-Med,Middle,2026-08-12
02-2025 ALT,HERITAGE,Altai,Altai-Aframax,Own fleet,102101.35,102101.35,2025-01-29,2025,1,Ceyhan,Midia,Med-Black,Middle,2026-08-12
02-2025 ALA,KMG TRADING AG,Alatau,Alatau-Aframax,Own fleet,79974.0,79974.0,2025-02-03,2025,2,Novorossiysk,Midia,Black-Black,Short,2026-08-12
09-2025-S,KMG TRADING AG,Ghibli,Aframax,3rd party,97972.0,97972.0,2025-02-11,2025,2,CPC,Castellon,Black-Med,Middle,2026-08-12
10-2025-S,KMG TRADING AG,SAFEEN BARONESS,Aframax,ADP fleet,80001.0,80001.0,2025-02-12,2025,2,Novorossiysk,Midia,Black-Black,Short,2026-08-12
11-2025-S,KMG TRADING AG,SAFEEN ELONA,Aframax,ADP fleet,92944.0,92944.0,2025-02-12,2025,2,CPC,Genoa,Black-Med,Middle,2026-08-12
03-2025 ALT,KMG TRADING AG,Altai,Altai-Aframax,Own fleet,80042.0,80042.0,2025-02-17,2025,2,Novorossiysk,Midia,Black-Black,Short,2026-08-12
03-2025 ALA,KMG TRADING AG,Alatau,Alatau-Aframax,Own fleet,84934.0,84934.0,2025-02-17,2025,2,CPC,Sarroch,Black-Med,Middle,2026-08-12
12-2025-S,KMG TRADING AG,SAFEEN BARONESS,Aframax,ADP fleet,82987.0,82987.0,2025-02-23,2025,2,CPC,Midia,Black-Black,Short,2026-08-12
13-2025-S,KMG TRADING AG,Minerva Libra,Aframax,3rd party,95247.0,95247.0,2025-02-24,2025,2,CPC,Constanta,Black-Black,Short,2026-08-12
04-2025 ALT,KMG TRADING AG,Altai,Altai-Aframax,Own fleet,92950.0,92950.0,2025-02-28,2025,2,CPC,Constanta,Black-Black,Short,2026-08-12
14-2025-S,KMG TRADING AG,Stamos,Aframax,3rd party,80004.0,80004.0,2025-03-04,2025,3,Novorossiysk,Midia,Black-Black,Short,2026-08-12
16-2025-S,KMG TRADING AG,SAFEEN BARONESS,Aframax,ADP fleet,80017.0,80017.0,2025-03-09,2025,3,Novorossiysk,Midia,Black-Black,Short,2026-08-12
15-2025-S,KMG TRADING AG,Rava,Aframax,3rd party,98963.0,98963.0,2025-03-10,2025,3,CPC,Fawley,Black-UK,Long,2026-08-12
17-2025-S,KMG TRADING AG,Sealeo,Aframax,3rd party,95968.0,95968.0,2025-03-19,2025,3,CPC,Tutunciftlik/Aliaga,Black-Med,Middle,2026-08-12
05-2025 ALT,KMG TRADING AG,Altai,Altai-Aframax,Own fleet,79999.0,79999.0,2025-03-20,2025,3,Novorossiysk,Midia,Black-Black,Short,2026-08-12
04-2025 ALA,HERITAGE,Alatau,Alatau-Aframax,Own fleet,96554.568,96554.568,2025-03-22,2025,3,Ceyhan,Midia,Med-Black,Middle,2026-08-12
18-2025-S,KMG TRADING AG,Green Aura,Aframax,3rd party,98146.46,98146.46,2025-03-29,2025,3,CPC,Fos,Black-Med,Middle,2026-08-12
06-2025 ALT,KMG TRADING AG,Altai,Altai-Aframax,Own fleet,98595.0,98595.0,2025-03-31,2025,3,CPC,Millazzo/Genoa,Black-Med,Middle,2026-08-12
21-2025-S,KMG TRADING AG,Safeen Elona,Aframax,ADP fleet,80015.0,80015.0,2025-04-04,2025,4,Novorossiysk,Midia,Black-Black,Short,2026-08-12
19-2025-S,KMG TRADING AG,Safeen Baroness,Aframax,ADP fleet,86902.0,86902.0,2025-04-05,2025,4,CPC,Midia,Black-Black,Short,2026-08-12
20-2025-S,KMG TRADING AG,Nissos Paros,Aframax,3rd party,98444.0,98444.0,2025-04-10,2025,4,CPC,Haifa,Black-Med,Middle,2026-08-12
05-2025 ALA,KMG TRADING AG,Alatau,Alatau-Aframax,Own fleet,80024.0,80024.0,2025-04-10,2025,4,Novorossiysk,Midia,Black-Black,Short,2026-08-12
21-2025-S,KMG TRADING AG,Rava,Aframax,3rd party,95899.0,95899.0,2025-04-17,2025,4,CPC,Trieste,Black-Med,Middle,2026-08-12
06-2025 ALA,KMG TRADING AG,Alatau,Alatau-Aframax,Own fleet,80060.0,80060.0,2025-04-20,2025,4,Novorossiysk,Midia,Black-Black,Short,2026-08-12
27-2025-S,KMG TRADING AG,Green Anax,Aframax,3rd party,80024.0,80024.0,2025-05-04,2025,5,Novorossiysk,Midia,Black-Black,Short,2026-08-12
07-2025 ALA,KMG TRADING AG,Alatau,Alatau-Aframax,Own fleet,98272.0,98272.0,2025-05-04,2025,5,CPC,Sarroch,Black-Med,Middle,2026-08-12
25-2025-S,KMG TRADING AG,Olib,Aframax,3rd party,95157.0,95157.0,2025-05-07,2025,5,CPC,Trieste,Black-Med,Middle,2026-08-12
26-2025-S,KMG TRADING AG,SAFEEN BARONESS,Aframax,ADP fleet,79905.0,79905.0,2025-05-07,2025,5,Novorossiysk,Midia,Black-Black,Short,2026-08-12
30-2025-S,KMG TRADING AG,SAFEEN BARONESS,Aframax,ADP fleet,87153.0,87153.0,2025-05-15,2025,5,CPC,Midia,Black-Black,Short,2026-08-12
29-2025-S,KMG TRADING AG,Ohio,Aframax,3rd party,90779.0,90779.0,2025-05-16,2025,5,CPC,FOS,Black-Med,Middle,2026-08-12
28-2025-S,KMG TRADING AG,DUGI OTOK,Aframax,3rd party,94882.0,94882.0,2025-05-19,2025,5,CPC,Haifa,Black-Med,Middle,2026-08-12
31-2025-S,KMG TRADING AG,Green Anax,Aframax,3rd party,80011.0,80011.0,2025-05-23,2025,5,Novorossiysk,Midia,Black-Black,Short,2026-08-12
08-2025 ALA,Litasco SA,Alatau,Alatau-Aframax,Own fleet,90363.042,90363.042,2025-05-28,2025,5,Zawia,Trieste,Med-Med,Short,2026-08-12
33-2025-S,KMG TRADING AG,Olib,Aframax,3rd party,95026.0,95026.0,2025-06-03,2025,6,CPC,Haifa,Black-Med,Middle,2026-08-12
07-2025 ALT,KMG TRADING AG,Altai,Altai-Aframax,Own fleet,80030.0,80030.0,2025-06-05,2025,6,Novorossiysk,Midia,Black-Black,Short,2026-08-12
35-2025-S,KMG TRADING AG,SAFEEN ELONA,Aframax,ADP fleet,79915.97,79915.97,2025-06-11,2025,6,Novorossiysk,Midia,Black-Black,Short,2026-08-12
08-2025 ALT,KMG TRADING AG,Altai,Altai-Aframax,Own fleet,96806.0,96806.0,2025-06-13,2025,6,CPC,Trieste,Black-Med,Middle,2026-08-12
09-2025 ALA,KMG TRADING AG,Alatau,Alatau-Aframax,Own fleet,81951.0,81951.0,2025-06-16,2025,6,CPC,Midia,Black-Black,Short,2026-08-12
36-2025-S,KMG TRADING AG,SAFEEN BARONESS,Aframax,ADP fleet,80161.0,80161.0,2025-06-24,2025,6,Novorossiysk,Midia,Black-Black,Short,2026-08-12
37-2025-S,KMG TRADING AG,Nissos Paros,Aframax,3rd party,98331.0,98331.0,2025-06-23,2025,6,CPC,Sarroch,Black-Med,Middle,2026-08-12
09-2025 ALT,HERITAGE,Altai,Altai-Aframax,Own fleet,89806.46,89806.46,2025-06-30,2025,6,Ceyhan,Sarroch,Med-Med,Short,2026-08-12
10-2025 ALA,KMG TRADING AG,Alatau,Alatau-Aframax,Own fleet,80003.0,80003.0,2025-07-05,2025,7,Novorossiysk,Midia,Black-Black,Short,2026-08-12
39-2025-S,KMG TRADING AG,SAFEEN BARONESS,Aframax,ADP fleet,87153.0,87153.0,2025-07-04,2025,7,CPC,Fawley,Black-UK,Long,2026-08-12
40-2025-S,KMG TRADING AG,Wave,Aframax,3rd party,80003.0,80003.0,2025-07-12,2025,7,Novorossiysk,Midia,Black-Black,Short,2026-08-12
41-2025-S,KMG TRADING AG,ELANDRA SWIFT,Aframax,3rd party,83698.0,83698.0,2025-07-12,2025,7,CPC,Trieste,Black-Med,Middle,2026-08-12
11-2025 ALA,KMG TRADING AG,Alatau,Alatau-Aframax,Own fleet,79939.0,79939.0,2025-07-16,2025,7,CPC,Midia,Black-Black,Short,2026-08-12
42-2025-S,KMG TRADING AG,Wave,Aframax,3rd party,86952.0,86952.0,2025-07-26,2025,7,CPC,Midia,Black-Black,Short,2026-08-12
43-2025-S,KMG TRADING AG,Rava,Aframax,3rd party,84901.0,84901.0,2025-07-28,2025,7,CPC,Castellon,Black-Med,Middle,2026-08-12
45-2025-S,KMG TRADING AG,Prometheus Energy,Aframax,3rd party,94948.0,94948.0,2025-07-29,2025,7,CPC,Constanta,Black-Black,Short,2026-08-12
12-2025 ALA,KMG TRADING AG,Alatau,Alatau-Aframax,Own fleet,84932.0,84932.0,2025-07-27,2025,7,CPC,Omisalj,Black-Med,Middle,2026-08-12
10-2025 ALT,KMG TRADING AG,Altai,Altai-Aframax,Own fleet,80100.0,80100.0,2025-07-25,2025,7,Novorossiysk,Midia,Black-Black,Short,2026-08-12
11-2025 ALT,KMG TRADING AG,Altai,Altai-Aframax,Own fleet,79897.0,79897.0,2025-08-04,2025,8,Novorossiysk,Midia,Black-Black,Short,2026-08-12
46-2025-S,KMG TRADING AG,SAFEEN ELONA,Aframax,ADP fleet,92656.0,92656.0,2025-08-09,2025,8,CPC,Agio Theodoroi,Black-Med,Middle,2026-08-12
47-2025-S,KMG TRADING AG,Prometheus Energy,Aframax,3rd party,80100.0,80100.0,2025-08-12,2025,8,Novorossiysk,Midia,Black-Black,Short,2026-08-12
13-2025 ALA,SEARIVER MARITIME LLC,Alatau,Alatau-Aframax,Own fleet,89947.0,89947.0,2025-08-15,2025,8,CPC,Castellon,Black-Med,Middle,2026-08-12
12-2025 ALT,KMG TRADING AG,Altai,Altai-Aframax,Own fleet,84944.0,84944.0,2025-08-16,2025,8,CPC,Midia,Black-Black,Short,2026-08-12
50-2025-S,KMG TRADING AG,Rava,Aframax,3rd party,80000.0,80000.0,2025-08-20,2025,8,Novorossiysk,Midia,Black-Black,Short,2026-08-12
51-2025-S,KMG TRADING AG,Malibu,Suezmax,3rd party,131893.0,131893.0,2025-09-01,2025,9,CPC,FOS,Black-Med,Middle,2026-08-12
52-2025-S,KMG TRADING AG,Toska,Suezmax,3rd party,131951.0,131951.0,2025-09-05,2025,9,CPC,Pachi Megara,Black-Med,Middle,2026-08-12
13-2025 ALT,KMG TRADING AG,Altai,Altai-Aframax,Own fleet,79887.0,79887.0,2025-09-06,2025,9,Novorossiysk,Midia,Black-Black,Short,2026-08-12
55-2025-S,KMG TRADING AG,Nissos Paros,Aframax,3rd party,79907.0,79907.0,2025-09-09,2025,9,Novorossiysk,Midia,Black-Black,Short,2026-08-12
14-2025 ALT,KMG TRADING AG,Altai,Altai-Aframax,Own fleet,80007.0,80007.0,2025-09-15,2025,9,Novorossiysk,Midia,Black-Black,Short,2026-08-12
14-2025 ALA,Repsol,Alatau,Alatau-Aframax,Own fleet,94748.08,94748.08,2025-09-19,2025,9,Zawia,Constanta,Med-Black,Middle,2026-08-12
56-2025-S,KMG TRADING AG,Samsara,Suezmax,3rd party,131679.0,131679.0,2025-09-22,2025,9,CPC,Trieste,Black-Med,Middle,2026-08-12
58-2025-S,KMG TRADING AG,SAFEEN BARONESS,Aframax,ADP fleet,81462.0,81462.0,2025-09-23,2025,9,CPC,Midia,Black-Black,Short,2026-08-12
57-2025-S,KMG TRADING AG,Matala,Suezmax,3rd party,131949.0,131949.0,2025-09-30,2025,9,CPC,Tutunciftlik/Aliaga,Black-Med,Middle,2026-08-12
60-2025-S,KMG TRADING AG,Nissos Paros,Aframax,3rd party,97517.0,97517.0,2025-10-05,2025,10,CPC,Castellon,Black-Med,Middle,2026-08-12
15-2025 ALT,KMG TRADING AG,Altai,Altai-Aframax,Own fleet,80155.0,80155.0,2025-10-07,2025,10,Novorossiysk,Midia,Black-Black,Short,2026-08-12
61-2025-S,KMG TRADING AG,SAFEEN ELONA,Aframax,ADP fleet,80003.0,80003.0,2025-10-14,2025,10,Novorossiysk,Midia,Black-Black,Short,2026-08-12
16-2025 ALT,Chevron Tankers Ltd,Altai,Altai-Aframax,Own fleet,89898.0,89898.0,2025-10-18,2025,10,CPC,FOS,Black-Med,Middle,2026-08-12
62-2025-S,KMG TRADING AG,Prometheus Energy,Aframax,3rd party,90094.0,90094.0,2025-10-22,2025,10,CPC,Trieste,Black-Med,Middle,2026-08-12
15-2025 ALA,KMG TRADING AG,Alatau,Alatau-Aframax,Own fleet,80200.0,80200.0,2025-10-23,2025,10,Novorossiysk,Midia,Black-Black,Short,2026-08-12
63-2025-S,KMG TRADING AG,SAFEEN ELONA,Aframax,ADP fleet,80014.0,80014.0,2025-10-25,2025,10,CPC,Midia,Black-Black,Short,2026-08-12
65-2025-S,KMG TRADING AG,Valfoglia,Aframax,3rd party,84894.0,84894.0,2025-10-29,2025,10,CPC,Haifa,Black-Med,Middle,2026-08-12
64-2025-S,KMG TRADING AG,NISSOS CHRISTIANA,Aframax,3rd party,89895.0,89895.0,2025-10-29,2025,10,CPC,Pachi Megara,Black-Med,Middle,2026-08-12
16-2025 ALA,KMG TRADING AG,Alatau,Alatau-Aframax,Own fleet,80100.0,80100.0,2025-11-04,2025,11,Novorossiysk,Midia,Black-Black,Short,2026-08-12
66-2025-S,KMG TRADING AG,SAFEEN ELONA,Aframax,ADP fleet,84929.0,84929.0,2025-11-08,2025,11,CPC,Trieste,Black-Med,Middle,2026-08-12
69-2025-S,KMG TRADING AG,SAFEEN BARONESS,Aframax,ADP fleet,80000.0,80000.0,2025-11-11,2025,11,Novorossiysk,Midia,Black-Black,Short,2026-08-12
67-2025-S,KMG TRADING AG,MARAN ATLAS,Aframax,3rd party,84951.0,84951.0,2025-11-12,2025,11,CPC,Castellon,Black-Med,Middle,2026-08-12
68-2025-S,KMG TRADING AG,DELTA STAR,Aframax,3rd party,84954.0,84954.0,2025-11-18,2025,11,CPC,Haifa,Black-Med,Middle,2026-08-12
17-2025 ALA,KMG TRADING AG,Alatau,Alatau-Aframax,Own fleet,82871.0,82871.0,2025-11-20,2025,11,CPC,Trieste,Black-Med,Middle,2026-08-12
71-2025-S,KMG TRADING AG,SAFEEN BARONESS,Aframax,ADP fleet,80089.0,80089.0,2025-11-22,2025,11,Novorossiysk,Midia,Black-Black,Short,2026-08-12
70-2025-S,KMG TRADING AG,NISSOS CHRISTIANA,Aframax,3rd party,80896.0,80896.0,2025-11-23,2025,11,CPC,Agio Theodoroi,Black-Med,Middle,2026-08-12
73-2025-S,KMG TRADING AG,SAFEEN BARONESS,Aframax,ADP fleet,79901.0,79901.0,2025-12-06,2025,12,Novorossiysk,Midia,Black-Black,Short,2026-08-12
75-2025-S,KMG TRADING AG,NISSOS SERIFOS,Aframax,3rd party,80091.76,80091.76,2025-12-17,2025,12,Novorossiysk,Midia,Black-Black,Short,2026-08-12
78-2025-S,KMG TRADING AG,Amalthea,Aframax,3rd party,90627.0,90627.0,2025-12-19,2025,12,Novorossiysk,Midia,Black-Black,Short,2026-08-12
17-2025 ALT,KMG TRADING AG,Altai,Altai-Aframax,Own fleet,84894.0,84894.0,2025-12-24,2025,12,CPC,Aliaga/Ceyhan,Black-Med,Middle,2026-08-12
01-2026 ALA,Sonatrach,Alatau,Alatau-Aframax,Own fleet,105556.044,105556.044,2026-01-08,2026,1,Sidi Kerir,Augusta,Med-Med,Short,2026-08-12
74-2025-S,KMG TRADING AG,Seacalm,Aframax,3rd party,89952.0,89952.0,2026-01-13,2026,1,CPC,Trieste,Black-Med,Middle,2026-08-12
81-2025-S,KMG TRADING AG,AMALTHEA,Aframax,3rd party,79679.0,105556.044,2026-01-12,2026,1,Novorossiysk,Midia,Black-Black,Short,2026-08-12
76-2025-S,KMG TRADING AG,SAFEEN BARONESS,Aframax,ADP fleet,86897.0,86897.0,2026-01-15,2026,1,CPC,Midia,Black-Black,Short,2026-08-12
72-2025-S,KMG TRADING AG,SAFEEN ELONA,Aframax,ADP fleet,92945.0,92945.0,2026-01-18,2026,1,CPC,Trieste,Black-Med,Middle,2026-08-12
01-2026 ALT,Mar Int DMCC,Altai,Altai-Aframax,Own fleet,79245.92,79245.92,2026-01-18,2026,1,Es Sider,Midia,Med-Black,Middle,2026-08-12
02-2026 ALA,Equinor,Alatau,Alatau-Aframax,Own fleet,81201.569,81201.569,2026-01-19,2026,1,Zawia,Trieste,Med-Med,Short,2026-08-12
79-2025-S,KMG TRADING AG,SEAFAITH,Aframax,3rd party,92949.0,92949.0,2026-01-22,2026,1,CPC,Tutunciftlik/Aliaga,Black-Med,Middle,2026-08-12
03-2026-S,KMG TRADING AG,SEAMUSIC,Aframax,3rd party,88123.0,88123.0,2026-01-25,2026,1,Novorossiysk,Midia,Black-Black,Short,2026-08-12
77-2025-S,KMG TRADING AG,Matilda,Aframax,3rd party,92898.0,92898.0,2026-01-24,2026,1,CPC,Sarroch,Black-Med,Middle,2026-08-12
02-2026-S,KMG TRADING AG,NISSOS SERIFOS,Aframax,3rd party,92766.0,92766.0,2026-01-26,2026,1,CPC,Haifa,Black-Med,Middle,2026-08-12
01-2026-S,KMG TRADING AG,DELTA IOS,Suezmax,3rd party,129964.0,129964.0,2026-01-27,2026,1,CPC,Aliaga,Black-Med,Middle,2026-08-12
03-2026 ALA,Phillips 66,Alatau,Alatau-Aframax,Own fleet,78273.65,78273.65,2026-02-05,2026,2,Es Sider,Trieste,Med-Med,Short,2026-08-12
04-2026-S,KMG TRADING AG,Minerva Karteria,Aframax,3rd party,99940.0,99940.0,2026-02-05,2026,2,CPC,Omisalj,Black-Med,Middle,2026-08-12
06-2026-S,KMG TRADING AG,SEAMUSIC,Aframax,3rd party,79650.0,79650.0,2026-02-12,2026,2,Novorossiysk,Midia,Black-Black,Short,2026-08-12
02-2026 ALT,Sonatrach,Altai,Altai-Aframax,Own fleet,96358.586,96358.586,2026-02-22,2026,2,Sidi Kerir,Augusta,Med-Med,Short,2026-08-12
09-2026-S,KMG TRADING AG,Milos,Suezmax,3rd party,129895.0,129895.0,2026-02-25,2026,2,CPC,Santa Panagia,Black-Med,Middle,2026-08-12
04-2026 ALA,CSSA,Alatau,Alatau-Aframax,Own fleet,81388.831,81388.831,2026-02-25,2026,2,MARSA EL BREGA,Castellon,Med-Med,Short,2026-08-12
10-2026-S,KMG TRADING AG,NISSOS SERIFOS,Aframax,3rd party,87934.0,87934.0,2026-02-27,2026,2,CPC,Haifa,Black-Med,Middle,2026-08-12
13-2026-S,KMG TRADING AG,Delta Ocean,Suezmax,3rd party,131899.0,131899.0,2026-03-03,2026,3,CPC,Ashkelon,Black-Med,Middle,2026-08-12
14-2026-S,KMG TRADING AG,PASCHALIS,Suezmax,3rd party,129953.0,129953.0,2026-03-08,2026,3,CPC,Ashkelon,Black-Med,Middle,2026-08-12
03-2026 ALT,KMG TRADING AG,Altai,Altai-Aframax,Own fleet,84441.0,84441.0,2026-03-15,2026,3,CPC,Trieste,Black-Med,Middle,2026-08-12
05-2026 ALA,CSSA,Alatau,Alatau-Aframax,Own fleet,79503.9,79503.9,2026-03-14,2026,3,Es Sider,Omisalj,Med-Med,Short,2026-08-12
15-2026-S,KMG TRADING AG,Poliegos,Suezmax,3rd party,130176.0,130176.0,2026-03-20,2026,3,CPC,Rotterdam,Black-Continent,Long,2026-08-12
06-2026 ALA,BP SHIPPING LTD,Alatau,Alatau-Aframax,Own fleet,95928.103,95928.103,2026-03-27,2026,3,Ceyhan,Sines,Med-Continent,Middle,2026-08-12
17-2026-S,KMG TRADING AG,SEAGRACE,Suezmax,3rd party,130794.0,130794.0,2026-03-28,2026,3,CPC,Trieste,Black-Med,Middle,2026-08-12
21-2026-S,KMG TRADING AG,SAFEEN BARONESS,Aframax,ADP fleet,79819.332,79819.332,2026-03-31,2026,3,Novorossiysk,Midia,Black-Black,Short,2026-08-12
22-2026-S,KMG TRADING AG,DELTA HARMONY,Suezmax,3rd party,133241.0,133241.0,2026-04-03,2026,4,CPC,Trieste,Black-Med,Middle,2026-08-12
23-2026-S,KMG TRADING AG,Milos,Suezmax,3rd party,130559.0,130559.0,2026-04-10,2026,4,CPC,Trieste,Black-Med,Middle,2026-08-12
04-2026 ALT,KMG TRADING AG,Altai,Altai-Aframax,Own fleet,84441.0,84441.0,2026-04-11,2026,4,Novorossiysk,Midia,Black-Black,Short,2026-08-12
24-2026-S,KMG TRADING AG,DELTA IOS,Suezmax,3rd party,133639.0,133639.0,2026-04-14,2026,4,CPC,Trieste,Black-Med,Middle,2026-08-12
27-2026-S,Chevron Tankers Ltd,SAFEEN BARONESS,Aframax,ADP fleet,84845.335,84845.335,2026-04-23,2026,4,Batumi,FOS,Black-Med,Middle,2026-08-12
28-2026-S,KMG TRADING AG,DELTA COMMANDER,Suezmax,3rd party,133722.0,133722.0,2026-04-16,2026,4,CPC,Omisalj,Black-Med,Middle,2026-08-12
29-2026-S,KMG TRADING AG,DELTA EURYDICE,Suezmax,3rd party,131897.0,131897.0,2026-04-29,2026,4,CPC,Rotterdam,Black-Continent,Long,2026-08-12
31-2026-S,KMG TRADING AG,NISSOS CHRISTIANA,Aframax,3rd party,79939.0,79939.0,2026-04-20,2026,4,CPC,Midia,Black-Black,Short,2026-08-12
05-2026 ALT,Chevron Tankers Ltd,Altai,Altai-Aframax,Own fleet,93896.0,93896.0,2026-04-26,2026,4,CPC,Trieste,Black-Med,Middle,2026-08-12
07-2026 ALA,Vitol SA,Alatau,Alatau-Aframax,Own fleet,83708.324,83708.324,2026-05-06,2026,5,Novorossiysk,Burgas,Black-Black,Short,2026-08-12
34-2026-S,KMG TRADING AG,SEAGRACE,Suezmax,3rd party,129527.0,129527.0,2026-05-03,2026,5,CPC,FOS,Black-Med,Middle,2026-08-12
33-2026-S,KMG TRADING AG,SAFEEN ELIZABETH,Suezmax,ADP fleet,131952.0,131952.0,2026-05-14,2026,5,CPC,Trieste,Black-Med,Middle,2026-08-12
35-2026-S,KMG TRADING AG,PASCHALIS,Suezmax,3rd party,131948.0,131948.0,2026-05-18,2026,5,CPC,FOS,Black-Med,Middle,2026-08-12
36-2026-S,KMG TRADING AG,SAFEEN ELONA,Aframax,ADP fleet,85499.016,85499.016,2026-05-21,2026,5,Novorossiysk,Midia,Black-Black,Short,2026-08-12
08-2026 ALA,KMG TRADING AG,Alatau,Alatau-Aframax,Own fleet,89955.0,89955.0,2026-05-22,2026,5,CPC,Midia,Black-Black,Short,2026-08-12
38-2026-S,KMG TRADING AG,OTTOMAN INTEGRITY,Suezmax,3rd party,129435.0,129435.0,2026-05-22,2026,5,CPC,Trieste,Black-Med,Middle,2026-08-12
06-2026 ALT,Chevron Tankers Ltd,Altai,Altai-Aframax,Own fleet,93896.0,93896.0,2026-05-24,2026,5,CPC,Trieste,Black-Med,Middle,2026-08-12
37-2026-S,KMG TRADING AG,SAFEEN BARONESS,Aframax,ADP fleet,80090.246,80090.246,2026-05-26,2026,5,Novorossiysk,Midia,Black-Black,Short,2026-08-12
39-2026-S,KMG TRADING AG,OTTOMAN COURTESY,Suezmax,3rd party,126953.0,126953.0,2026-05-29,2026,5,CPC,Trieste,Black-Med,Middle,2026-08-12
40-2026-S,KMG TRADING AG,SAFEEN ELONA,Aframax,ADP fleet,85430.437,85430.437,2026-05-30,2026,5,Novorossiysk,Midia,Black-Black,Short,2026-08-12
41-2026-S,KMG TRADING AG,DELTA BLUE,Suezmax,3rd party,131949.0,131949.0,2026-06-03,2026,6,CPC,Aliaga,Black-Med,Middle,2026-08-12
09-2026 ALA,KMG TRADING AG,Alatau,Alatau-Aframax,Own fleet,79681.047,79681.047,2026-06-06,2026,6,Novorossiysk,Midia,Black-Black,Short,2026-08-12
43-2026-S,Eni Trade & Biofuel,AL HIYAR,Aframax,ADP fleet,94955.0,94955.0,2026-06-06,2026,6,CPC,Trieste,Black-Med,Middle,2026-08-12
42-2026-S,KMG TRADING AG,SAFEEN ELIZABETH,Suezmax,ADP fleet,131568.0,131568.0,2026-06-08,2026,6,CPC,Le Havre,Black-Continent,Long,2026-08-12
45-2026-S,KMG TRADING AG,OTTOMAN TENACITY,Suezmax,3rd party,130452.0,130452.0,2026-06-15,2026,6,CPC,FOS,Black-Med,Middle,2026-08-12
47-2026-S,KMG TRADING AG,DELTA IOS,Suezmax,3rd party,132055.0,132055.0,2026-06-21,2026,6,CPC,Trieste,Black-Med,Middle,2026-08-12
48-2026-S,Chevron Tankers Ltd,SAFEEN ELONA,Aframax,ADP fleet,92835.0,92835.0,2026-06-23,2026,6,CPC,Castellon,Black-Med,Middle,2026-08-12
49-2026-S,KMG TRADING AG,Minerva Alice,Aframax,3rd party,79712.639,79712.639,2026-06-23,2026,6,Novorossiysk,Midia,Black-Black,Short,2026-08-12
50-2026-S,KMG TRADING AG,Delta Supreme,Suezmax,3rd party,132122.0,132122.0,2026-06-29,2026,6,CPC,Santa Panagia,Black-Med,Middle,2026-08-12
51-2026-S,Chevron Tankers Ltd,SAFEEN BARONESS,Aframax,ADP fleet,86313.052,86313.052,2026-06-23,2026,6,Ceyhan,Trieste,Med-Med,Short,2026-08-12
10-2026 ALA,KMG TRADING AG,Alatau,Alatau-Aframax,Own fleet,89899.0,89899.0,2026-06-17,2026,6,CPC,Midia,Black-Black,Short,2026-08-12
11-2026 ALA,KMG TRADING AG,Alatau,Alatau-Aframax,Own fleet,79613.347,79613.347,2026-07-06,2026,7,Novorossiysk,Midia,Black-Black,Short,2026-08-12
52-2026-S,KMG TRADING AG,FOLEGANDROS,Suezmax,3rd party,131120.0,131120.0,2026-07-11,2026,7,CPC,Trieste,Black-Med,Middle,2026-08-12
57-2026-S,SEARIVER MARITIME LLC,SAFEEN BARONESS,Aframax,ADP fleet,89329.019,89329.019,2026-07-10,2026,7,Ceyhan,Trieste,Med-Med,Short,2026-08-12
53-2026-S,KMG TRADING AG,MINERVA KALLIRROI,Suezmax,3rd party,129027.0,129027.0,2026-07-14,2026,7,CPC,Trieste,Black-Med,Middle,2026-08-12
07-2026 ALT,KMG TRADING AG,Altai,Altai-Aframax,Own fleet,80235.242,80235.242,2026-07-13,2026,7,Novorossiysk,Midia,Black-Black,Short,2026-08-12
55-2026-S,KMG TRADING AG,OTTOMAN INTEGRITY,Suezmax,3rd party,130748.0,130748.0,2026-07-18,2026,7,CPC,Rotterdam,Black-Continent,Long,2026-08-12
56-2026-S,KMG TRADING AG,NISSOS IOS,Suezmax,3rd party,77846.0,,2026-07-19,2026,7,CPC,FOS,Black-Med,Middle,2026-08-12
60-2026-S,KMG TRADING AG,Delta Supreme,Suezmax,3rd party,131747.0,,2026-07-29,2026,7,CPC,FOS,Black-Med,Middle,2026-08-12
59-2026-S,KMG TRADING AG,DELTA IOS,Suezmax,3rd party,131898.0,,2026-07-29,2026,7,CPC,Castellon,Black-Med,Middle,2026-08-12
67-2026-S,KMG TRADING AG,ARCHELAOS,Suezmax,3rd party,87945.0,,2026-08-03,2026,8,CPC,Midia,Black-Black,Short,2026-08-12
61-2026-S,Chevron Tankers Ltd,SAFEEN ELIZABETH,Suezmax,ADP fleet,131563.0,,2026-08-04,2026,8,CPC,THESSALONIKI,Black-Med,Middle,2026-08-12
68-2026-S,KMG TRADING AG,Daytona,Aframax,3rd party,88455.93,,2026-08-05,2026,8,Novorossiysk,Midia,Black-Black,Short,2026-08-12
66-2026-S,KMG TRADING AG,MINERVA KALLIRROI,Suezmax,3rd party,129561.0,,2026-08-06,2026,8,CPC,ZHOUSHAN,Black-Far East,Long,2026-08-12
12-2026 ALA,INPEX ENERGY TRADING SINGAPORE PTE. LTD,Alatau,Alatau-Aframax,Own fleet,88648.63,,2026-08-09,2026,8,Ceyhan,Milazzo,Med-Med,Short,2026-08-12
72-2026-S,Eni Trade & Biofuel,AL HIYAR,Aframax,ADP fleet,92640.5,,2026-08-11,2026,8,Bouri,Sarroch,Med-Med,Short,2026-08-12
70-2026-S,KMG TRADING AG,Flavin,Aframax,3rd party,87648.897,,2026-08-08,2026,8,Novorossiysk,Midia,Black-Black,Short,2026-08-12
