vessel,shpr,terminal,berth,arr,berth_at,load_start,load_end,draft,cargo,dep,src
Абай,ЕАО-М,КТО,4,2021-12-29 00:30,2021-12-31 05:35,2021-12-31 11:30,2022-01-01 04:30,5.55,8289.0,2022-01-01 11:30,2023-09-12_0900_
Суздаль,ЕАО-М,КТО,5,2021-12-30 15:00,2021-12-31 19:25,2022-01-01 03:15,2022-01-01 09:10,3.73,5276.0,2022-01-01 17:40,2023-09-12_0900_
ТК Актау,ЕАО-М,КТО,4,2021-12-30 23:15,2022-01-01 17:20,2022-01-01 19:15,2022-01-02 04:30,5.55,8265.0,2022-01-02 13:45,2023-09-12_0900_
Казахстан,ЕАО-М,КТО,4,2022-01-03 19:00,2022-01-03 22:35,2022-12-04 00:45,2022-12-04 09:45,5.55,8280.0,2022-01-04 16:45,2023-09-12_0900_
Абай,ЕАО-М,КТО,5,2022-01-04 22:30,2022-01-05 01:20,2022-01-05 03:00,2022-01-05 14:30,5.55,8282.0,2022-01-06 00:55,2023-09-12_0900_
Суздаль,ЕАО-М,КТО,4,2022-01-05 01:30,2022-01-06 00:00,2022-01-06 05:10,2022-01-06 10:25,3.73,5284.0,2022-01-06 17:20,2023-09-12_0900_
ТК Актау,ЕАО-М,КТО,5,2022-01-05 14:00,2022-01-06 10:45,2022-01-06 15:30,2022-01-07 00:10,5.55,8279.0,2022-01-07 12:00,2023-09-12_0900_
Казахстан,ЕАО-М,КТО,4,2022-01-08 02:00,2022-01-08 03:10,2022-01-08 05:15,2022-01-08 14:00,5.55,8282.0,2022-01-08 21:05,2023-09-12_0900_
Абай,ЕАО-М,КТО,5,2022-01-08 23:10,2022-01-09 00:20,2022-01-09 02:05,2022-10-09 10:45,5.55,8279.0,2022-01-09 16:50,2023-09-12_0900_
ТК Актау,ЕАО-М,КТО,5,2022-01-11 08:50,2022-01-11 12:20,2022-01-11 13:45,2022-01-11 22:30,5.5,8263.0,2022-01-12 16:00,2023-09-12_0900_
Ростов Великий,ЕАО-М,КТО,4,2022-01-10 16:15,2022-01-11 11:25,2022-01-11 16:30,2022-01-11 23:30,3.73,5288.0,2022-01-12 16:55,2023-09-12_0900_
Казахстан,ЕАО-М,КТО,5,2022-01-12 15:30,2022-01-12 18:15,2022-01-12 20:45,2022-01-13 05:30,5.55,8287.0,2022-01-13 12:20,2023-09-12_0900_
Абай,ЕАО-М,КТО,4,2022-01-12 21:30,2022-01-13 10:15,2022-01-13 11:45,2022-01-13 21:20,5.55,8267.0,2022-01-17 04:40,2023-09-12_0900_
ТК Актау,ЕАО-М,КТО,5,2022-01-17 00:20,2022-01-17 05:20,2022-01-17 08:40,2022-01-17 17:50,5.55,8274.0,2022-01-18 00:00,2023-09-12_0900_
Ходжаванд,БНТ-Б,Артис,8,2022-01-14 21:30,2022-01-17 03:55,2022-01-17 08:20,2022-01-17 21:45,4.7,6558.647,2022-01-18 05:25,2023-09-12_0900_
Ростов Великий,ЕАО-М,КТО,4,2022-01-17 12:00,2022-01-17 13:10,2022-01-17 18:20,2022-01-18 01:30,3.73,5286.0,2022-01-18 07:05,2023-09-12_0900_
Казахстан,ЕАО-М,КТО,5,2022-01-18 08:00,2022-01-18 09:00,2022-01-18 12:00,2022-01-18 21:05,5.55,8272.0,2022-01-19 23:05,2023-09-12_0900_
Абай,ЕАО-М,КТО,4,2022-01-20 04:00,2022-01-20 05:20,2022-01-20 11:00,2022-01-20 20:30,5.55,8281.0,2022-01-21 13:50,2023-09-12_0900_
ТК Актау,ЕАО-М,КТО,5,2022-01-21 02:30,2022-01-21 12:45,2022-01-21 16:00,2022-01-22 00:45,5.55,8291.0,2022-01-22 07:45,2023-09-12_0900_
Arcturus Star,ЕАО-М,КТО,4,2022-01-20 23:50,2022-01-21 16:00,2022-01-22 01:50,2022-01-22 11:30,5.4,8479.0,2022-01-25 05:10,2023-09-12_0900_
Казахстан,ЕАО-М,КТО,4,2022-01-23 14:30,2022-01-25 15:00,2022-01-25 17:15,2022-01-26 02:10,5.55,8290.0,2022-01-26 08:10,2023-09-12_0900_
Абай,ЕАО-М,КТО,5,2022-01-23 12:30,2022-01-25 17:25,2022-01-25 19:45,2022-01-26 05:00,5.55,8287.0,2022-01-26 11:05,2023-09-12_0900_
Гильда,СУХОГРУЗ,,8,2022-01-12 11:35,2022-01-21 21:50,,,,,2022-01-29 15:00,2023-09-12_0900_
Казахстан,ЕАО-М,КТО,4,2022-01-29 08:00,2022-01-29 09:35,2022-01-29 11:30,2022-01-29 20:30,5.55,8277.0,2022-01-30 02:40,2023-09-12_0900_
Абай,ЕАО-М,КТО,5,2022-01-29 09:30,2022-01-29 10:50,2022-01-29 13:30,2022-01-29 22:45,5.55,8280.0,2022-01-30 04:45,2023-09-12_0900_
Джаббар Гашимов,ЕАО-Б,КТО,4,2022-01-29 17:00,2022-01-30 03:40,2022-01-30 07:50,2022-01-30 18:00,6.25,9985.0,2022-01-31 01:25,2023-09-12_0900_
Сарир,СУХОГРУЗ,,10,2022-01-12 14:10,2022-01-25 22:10,,,,,2022-02-01 15:30,2023-09-12_0900_
ТК Актау,ЕАО-М,КТО,5,2022-01-31 13:00,2022-01-31 14:15,2022-01-31 17:10,2022-02-01 07:25,5.55,8280.0,2022-02-01 16:00,2023-09-12_0900_
Казахстан,ЕАО-М,КТО,4,2022-02-02 01:00,2022-02-02 02:00,2022-02-02 03:45,2022-02-02 12:45,5.55,8277.0,2022-02-02 18:40,2023-09-12_0900_
Абай,ЕАО-М,КТО,5,2022-02-04 07:50,2022-02-04 10:50,2022-02-04 13:00,2022-02-04 22:00,5.55,8270.0,2022-02-06 15:00,2023-09-12_0900_
ТК Актау,ЕАО-М,КТО,4,2022-02-05 01:20,2022-02-05 02:25,2022-02-05 04:50,2022-02-05 13:00,5.55,8268.0,2022-02-06 15:55,2023-09-12_0900_
Clearwater,БНТ-Б,Артис,8,2022-02-01 16:00,2022-02-01 17:35,2022-02-02 11:05,2022-02-06 15:45,4.3,1786.962,2022-02-07 23:25,2023-09-12_0900_
Нардис,СУХОГРУЗ,,10,2022-02-02 10:00,2022-02-08 11:00,,,,,2022-02-08 16:30,2023-09-12_0900_
Казахстан,ЕАО-М,КТО,4,2022-02-07 09:30,2022-02-07 23:50,2022-02-08 02:40,2022-02-08 10:30,5.55,8288.0,2022-02-08 17:20,2023-09-12_0900_
Arcturus Star,ЕАО-М,КТО,5,2022-02-07 22:30,2022-02-08 05:25,2022-02-08 12:30,2022-02-08 21:50,5.4,8286.0,2022-02-10 02:10,2023-09-12_0900_
Астана,,,4,2022-02-10 00:30,2022-02-10 04:10,,,,,2022-02-10 17:35,2023-09-12_0900_
ТК Актау,ЕАО-М,КТО,5,2022-02-10 13:30,2022-02-10 14:45,2022-02-10 17:00,2022-02-11 01:30,5.55,8293.0,2022-02-11 07:55,2023-09-12_0900_
Абай,ЕАО-М,КТО,4,2022-02-11 16:10,2022-02-11 21:55,2022-02-11 23:35,2022-02-12 09:00,5.55,8275.0,2022-02-12 15:15,2023-09-12_0900_
Казахстан,ЕАО-М,КТО,5,2022-02-11 23:00,2022-02-11 23:45,2022-02-12 01:45,2022-02-12 11:00,5.55,8278.0,2022-02-12 16:00,2023-09-12_0900_
Алматы,ЕАО-М,КТО,4,2022-02-14 15:00,2022-02-14 16:00,2022-02-14 18:25,2022-02-15 03:00,5.55,8079.0,2022-02-15 11:05,2023-09-12_0900_
ТК Актау,ЕАО-М,КТО,5,2022-02-14 15:20,2022-02-14 16:30,2022-02-14 21:50,2022-02-15 06:15,5.45,8095.0,2022-02-15 18:30,2023-09-12_0900_
Абай,ЕАО-М,КТО,4,2022-02-16 14:00,2022-02-16 15:05,2022-02-16 16:40,2022-02-17 01:30,5.55,8278.0,2022-02-17 07:30,2023-09-12_0900_
Казахстан,ЕАО-М,КТО,4,2022-02-16 17:00,2022-02-17 10:50,2022-02-17 12:45,2022-02-17 21:30,5.55,8287.0,2022-02-18 05:00,2023-09-12_0900_
Леди Мария,БНТ-Б,Артис,8,2022-02-17 15:00,2022-02-18 21:40,2022-02-19 02:00,2022-02-19 16:10,4.2,6502.11,2022-02-20 01:15,2023-09-12_0900_
ТК Актау,ЕАО-М,КТО,4,2022-02-19 08:40,2022-02-19 09:50,2022-02-19 11:55,2022-02-19 21:00,5.55,8288.0,2022-02-20 02:45,2023-09-12_0900_
Абай,ЕАО-М,КТО,4,2022-02-20 14:30,2022-02-20 15:45,2022-02-20 17:30,2022-02-21 02:30,5.55,8279.0,2022-02-21 11:00,2023-09-12_0900_
Казахстан,ЕАО-М,КТО,4,2022-02-21 04:30,2022-02-21 14:25,2022-02-21 16:10,2022-02-22 01:30,5.55,8291.0,2022-02-22 11:00,2023-09-12_0900_
ТК Актау,ЕАО-М,КТО,5,2022-02-22 12:50,2022-02-23 10:15,2022-02-23 12:25,2022-02-23 21:30,5.55,8282.0,2022-02-24 04:20,2023-09-12_0900_
Тина,СУХОГРУЗ,,10,2022-02-22 13:15,2022-02-22 17:40,,,,,2022-02-24 22:50,2023-09-12_0900_
Абай,ЕАО-М,КТО,4,2022-02-24 10:00,2022-02-24 16:25,2022-02-24 18:30,2022-02-25 03:30,5.55,8288.0,2022-02-25 10:45,2023-09-12_0900_
Зенгезур,ЕАО-Б,КТО,5,2022-02-25 23:30,2022-02-27 01:35,2022-02-27 05:45,2022-02-27 16:00,5.6,8900.067,2022-02-28 11:30,2023-09-12_0900_
Казахстан,ЕАО-М,КТО,4,2022-02-25 17:00,2022-02-27 02:35,2022-02-28 14:00,2022-03-01 08:30,5.55,8281.0,2022-03-01 14:45,2023-09-12_0900_
ТК Актау,ЕАО-М,КТО,5,2022-02-28 09:25,2022-03-01 01:30,2022-03-01 03:30,2022-03-01 13:10,5.55,8285.0,2022-03-01 19:40,2023-09-12_0900_
Абай,ЕАО-М,КТО,5,2022-03-02 12:00,2022-03-02 13:15,2022-03-02 15:00,2022-03-03 00:05,5.55,8273.0,2022-03-03 05:40,2023-09-12_0900_
ТК Актау,ЕАО-М,КТО,5,2022-03-04 09:35,2022-03-07 11:20,2022-03-07 13:20,2022-03-07 21:30,5.3,7779.0,2022-03-08 04:35,2023-09-12_0900_
Казахстан,ЕАО-М,КТО,4,2022-03-04 14:00,2022-03-07 14:55,2022-03-07 16:40,2022-03-08 01:00,5.3,7780.0,2022-03-08 07:10,2023-09-12_0900_
Леди Мария,БНТ-Б,Артис,8,2022-03-03 12:40,2022-03-07 10:25,2022-03-07 15:00,2022-03-08 13:30,4.2,6416.904,2022-03-08 21:00,2023-09-12_0900_
Абай,ЕАО-М,КТО,4,2022-03-10 11:00,2022-03-10 12:30,2022-03-10 14:30,2022-03-10 23:30,5.5,8173.0,2022-03-11 08:00,2023-09-12_0900_
Невский берег,СУХОГРУЗ,,10,2022-03-07 11:20,2022-03-07 12:15,,,,,2022-03-11 14:35,2023-09-12_0900_
ТК Актау,ЕАО-М,КТО,5,2022-03-10 19:10,2022-03-11 13:45,2022-03-11 21:10,2022-03-12 05:30,5.5,8192.0,2022-03-12 13:45,2023-09-12_0900_
Казахстан,ЕАО-М,КТО,4,2022-03-11 20:00,2022-03-11 21:00,2022-03-12 06:45,2022-03-12 15:30,5.5,8185.0,2022-03-12 23:30,2023-09-12_0900_
Дж.Мамедгулузаде,БНТ-Б,Артис,8,2022-03-11 21:45,2022-03-12 22:50,2022-03-13 04:00,2022-03-13 16:40,3.95,4721.11,2022-03-14 01:40,2023-09-12_0900_
Абай,ЕАО-М,КТО,4,2022-03-14 04:00,2022-03-14 05:25,2022-03-14 07:15,2022-03-14 16:30,5.5,8285.0,2022-03-14 22:30,2023-09-12_0900_
ТК Актау,ЕАО-М,КТО,4,2022-03-15 05:45,2022-03-15 14:50,2022-03-16 00:15,2022-03-16 09:00,5.55,8286.0,2022-03-16 16:30,2023-09-12_0900_
Казахстан,ЕАО-М,КТО,5,2022-03-15 23:30,2022-03-16 11:45,2022-03-16 15:45,2022-03-17 01:20,5.55,8275.0,2022-03-17 11:20,2023-09-12_0900_
Абай,ЕАО-М,КТО,4,2022-03-17 20:00,2022-03-17 21:20,2022-03-17 23:15,2022-03-18 08:30,5.55,8278.0,2022-03-18 14:30,2023-09-12_0900_
ТК Актау,БНТ-Б,Артис,8,2022-03-19 08:10,2022-03-19 18:35,2022-03-19 22:10,2022-03-20 11:00,4.1,4168.867,2022-03-20 18:25,2023-09-12_0900_
Казахстан,ЕАО-М,КТО,4,2022-03-20 16:00,2022-03-20 17:50,2022-03-20 19:15,2022-03-21 04:00,5.55,8280.0,2022-03-21 10:30,2023-09-12_0900_
Абай,ЕАО-М,КТО,5,2022-03-22 04:30,2022-03-22 05:35,2022-03-22 07:30,2022-03-22 16:30,5.55,8273.0,2022-03-22 22:30,2023-09-12_0900_
Казахстан,ЕАО-М,КТО,4,2022-03-25 20:30,2022-03-25 21:15,2022-03-25 23:45,2022-03-26 09:15,5.55,8269.0,2022-03-26 17:00,2023-09-12_0900_
ТК Актау,ЕАО-М,КТО,5,2022-03-26 13:10,2022-03-26 15:25,2022-03-26 18:50,2022-03-27 03:15,5.55,8279.0,2022-03-27 10:50,2023-09-12_0900_
Clearwater,БНТ-Б,Артис,8,2022-03-23 14:00,2022-03-23 15:00,2022-03-25 04:00,2022-03-28 02:25,4.3,1547.972,2022-03-30 21:20,2023-09-12_0900_
Боско Гилан,СУХОГРУЗ,,10,2022-03-17 13:00,2022-03-22 03:10,,,,,2022-03-30 23:55,2023-09-12_0900_
Абай,ЕАО-М,КТО,4,2022-03-27 15:30,2022-03-30 22:20,2022-03-31 00:45,2022-03-31 10:30,5.55,8310.0,2022-03-31 17:30,2023-09-12_0900_
Джаббар Гашимов,ЕАО-Б,КТО,5,2022-03-30 00:15,2022-03-30 21:20,2022-03-31 01:10,2022-03-31 11:40,6.2,9974.0,2022-03-31 23:00,2023-09-12_0900_
Казахстан,ЕАО-М,КТО,4,2022-03-29 23:30,2022-04-01 00:55,2022-04-01 02:40,2022-04-01 10:45,5.55,8279.0,2022-04-01 19:10,2023-09-12_0900_
ТК Актау,ЕАО-М,КТО,5,2022-04-02 06:00,2022-04-02 06:55,2022-04-02 11:20,2022-04-02 20:00,5.55,8250.0,2022-04-03 02:10,2023-09-12_0900_
Абай,ЕАО-М,КТО,4,2022-04-03 14:30,2022-04-03 16:00,2022-04-03 18:00,2022-04-04 03:30,5.55,8289.0,2022-04-04 10:50,2023-09-12_0900_
Казахстан,ЕАО-М,КТО,4,2022-04-04 22:00,2022-04-05 00:30,2022-04-05 02:00,2022-04-05 11:00,5.55,8273.0,2022-04-05 17:15,2023-09-12_0900_
ТК Актау,ЕАО-М,КТО,5,2022-04-05 12:20,2022-04-05 13:25,2022-04-05 15:40,2022-04-06 00:10,5.55,8280.0,2022-04-06 05:35,2023-09-12_0900_
Абай,ЕАО-М,КТО,4,2022-04-07 18:30,2022-04-08 13:00,2022-04-08 15:30,2022-04-09 01:40,5.55,8275.0,2022-04-09 10:50,2023-09-12_0900_
Казахстан,ЕАО-М,КТО,5,2022-04-08 19:30,2022-04-08 23:10,2022-04-09 01:00,2022-04-09 09:45,5.55,8270.0,2022-04-09 16:40,2023-09-12_0900_
ТК Актау,ЕАО-М,КТО,4,2022-04-08 17:30,2022-04-09 11:45,2022-04-09 13:55,2022-04-09 22:10,5.55,8279.0,2022-04-10 04:25,2023-09-12_0900_
Абай,ЕАО-М,КТО,4,2022-04-12 09:30,2022-04-12 10:40,2022-04-12 13:00,2022-04-12 22:00,5.55,8282.0,2022-04-13 20:10,2023-09-12_0900_
Казахстан,ЕАО-М,КТО,5,2022-04-12 16:30,2022-04-13 21:35,2022-04-13 23:30,2022-04-14 08:30,5.55,8281.0,2022-04-14 18:45,2023-09-12_0900_
ТК Актау,ЕАО-М,КТО,4,2022-04-13 10:00,2022-04-14 01:50,2022-04-14 03:50,2022-04-14 12:15,5.55,8273.0,2022-04-14 19:30,2023-09-12_0900_
Абай,ЕАО-М,КТО,4,2022-04-16 15:00,2022-04-16 16:15,2022-04-16 18:30,2022-04-17 03:30,5.55,8269.0,2022-04-17 11:40,2023-09-12_0900_
ТК Актау,ЕАО-М,КТО,5,2022-04-17 06:00,2022-04-17 07:00,2022-04-17 11:10,2022-04-17 19:30,5.55,8284.0,2022-04-18 00:40,2023-09-12_0900_
Казахстан,ЕАО-М,КТО,4,2022-04-17 17:00,2022-04-17 18:35,2022-04-17 21:00,2022-04-18 06:00,5.55,8283.0,2022-04-18 14:40,2023-09-12_0900_
Абай,ЕАО-М,КТО,4,2022-04-21 10:30,2022-04-21 11:50,2022-04-21 14:00,2022-04-21 23:30,5.55,8279.0,2022-04-22 07:30,2023-09-12_0900_
ТК Актау,ЕАО-М,КТО,5,2022-04-22 01:30,2022-04-22 02:40,2022-04-22 06:30,2022-04-22 14:45,5.55,8268.0,2022-04-22 22:30,2023-09-12_0900_
Алматы,ЕАО-М,КТО,4,2022-04-22 06:40,2022-04-22 09:30,2022-04-22 11:35,2022-04-22 20:30,5.55,8277.0,2022-04-23 03:25,2023-09-12_0900_
Казахстан,ЕАО-М,КТО,5,2022-04-22 20:30,2022-04-22 23:20,2022-04-23 01:15,2022-04-23 10:00,5.55,8268.0,2022-04-23 16:10,2023-09-12_0900_
Абай,ЕАО-М,КТО,5,2022-04-25 04:00,2022-04-25 11:00,2022-04-25 13:00,2022-04-25 22:15,5.55,8275.0,2022-04-26 03:50,2023-09-12_0900_
ТК Актау,ЕАО-М,КТО,4,2022-04-25 14:15,2022-04-25 15:10,2022-04-25 17:30,2022-04-26 01:30,5.55,8282.0,2022-04-26 10:40,2023-09-12_0900_
Казахстан,ЕАО-М,КТО,4,2022-04-27 00:30,2022-04-27 01:30,2022-04-27 03:15,2022-04-27 12:00,5.55,8279.0,2022-04-27 18:30,2023-09-12_0900_
Алматы,ЕАО-Б,КТО,5,2022-04-28 12:15,2022-04-28 14:45,2022-04-28 18:00,2022-04-29 04:30,6.3,9983.0,2022-04-29 11:35,2023-09-12_0900_
Абай,ЕАО-М,КТО,4,2022-04-29 06:30,2022-04-29 21:25,2022-05-02 13:00,2022-05-02 22:00,5.55,8283.0,2022-05-03 12:10,2023-09-12_0900_
Казахстан,ЕАО-М,КТО,5,2022-04-30 14:30,2022-05-02 15:45,2022-05-02 21:00,2022-05-03 05:30,5.55,8279.0,2022-05-03 13:15,2023-09-12_0900_
ТК Актау,ЕАО-М,КТО,4,2022-05-01 07:35,2022-05-03 13:00,2022-05-03 15:15,2022-05-03 23:55,5.55,8276.0,2022-05-04 07:45,2023-09-12_0900_
Абай,ЕАО-М,КТО,4,2022-05-06 08:00,2022-05-06 09:25,2022-05-06 11:45,2022-05-20 20:45,5.55,8282.0,2022-05-07 14:00,2023-09-12_0900_
Казахстан,ЕАО-М,КТО,5,2022-05-06 12:00,2022-05-06 12:50,2022-05-06 18:00,2022-05-07 03:00,5.55,8271.0,2022-05-07 14:40,2023-09-12_0900_
ТК Актау,ЕАО-М,КТО,5,2022-05-08 06:40,2022-05-08 10:50,2022-05-08 13:30,2022-05-08 21:40,5.55,8279.0,2022-05-10 11:40,2023-09-12_0900_
Абай,ЕАО-М,КТО,4,2022-05-11 21:00,2022-05-11 22:20,2022-05-12 00:30,2022-05-12 10:00,5.55,8267.0,2022-05-12 16:30,2023-09-12_0900_
Казахстан,ЕАО-М,КТО,5,2022-05-11 23:00,2022-05-12 00:10,2022-05-12 01:45,2022-05-12 10:00,5.55,8277.0,2022-05-12 17:10,2023-09-12_0900_
ТК Актау,ЕАО-М,КТО,5,2022-05-13 00:20,2022-05-13 01:40,2022-05-13 03:45,2022-05-13 14:30,5.55,8274.0,2022-05-13 22:15,2023-09-12_0900_
Абай,ЕАО-М,КТО,4,2022-05-15 15:30,2022-05-15 16:50,2022-05-15 19:00,2022-05-16 04:00,5.55,8277.0,2022-05-16 10:45,2023-09-12_0900_
Казахстан,ЕАО-М,КТО,5,2022-05-15 19:30,2022-05-15 21:00,2022-05-15 22:45,2022-05-16 07:10,5.55,8275.0,2022-05-16 14:50,2023-09-12_0900_
ТК Актау,ЕАО-М,КТО,5,2022-05-16 11:15,2022-05-16 16:25,2022-05-16 19:35,2022-05-17 03:45,5.55,8274.0,2022-05-17 11:55,2023-09-12_0900_
Астана,ЕАО-М,КТО,4,2022-05-16 02:30,2022-05-16 11:55,2022-05-16 21:35,2022-05-17 06:45,5.55,8284.0,2022-05-17 20:10,2023-09-12_0900_
Абай,ЕАО-М,КТО,4,2022-05-19 05:30,2022-05-19 06:45,2022-05-19 09:00,2022-05-19 18:00,5.55,8272.0,2022-05-20 00:10,2023-09-12_0900_
Леди Мария,БНТ-Б,Артис,8,2022-05-18 23:20,2022-05-19 00:20,2022-05-19 05:35,2022-05-19 17:40,4.2,6405.119,2022-05-20 00:50,2023-09-12_0900_
Казахстан,ЕАО-М,КТО,5,2022-05-19 11:30,2022-05-19 12:40,2022-05-19 15:30,2022-05-20 00:45,5.55,8278.0,2022-05-21 18:15,2023-09-12_0900_
ТК Актау,ЕАО-М,КТО,4,2022-05-20 06:40,2022-05-21 21:15,2022-05-21 23:25,2022-05-22 07:30,5.55,8280.0,2022-05-23 08:05,2023-09-12_0900_
Астана,ЕАО-М,КТО,4,2022-05-22 15:30,2022-05-23 10:20,2022-05-23 12:20,2022-05-23 21:10,5.55,8282.0,2022-05-24 03:15,2023-09-12_0900_
Абай,ЕАО-М,КТО,5,2022-05-23 18:30,2022-05-23 19:50,2022-05-23 22:45,2022-05-24 08:15,5.55,8273.0,2022-05-24 23:30,2023-09-12_0900_
Казахстан,ЕАО-М,КТО,4,2022-05-24 16:30,2022-05-24 21:40,2022-05-24 23:45,2022-05-25 08:45,5.55,8278.0,2022-05-25 15:30,2023-09-12_0900_
Дж.Мамедгулузаде,БНТ-Б,Артис,8,2022-05-24 06:30,2022-05-24 22:35,2022-05-25 01:30,2022-05-25 18:20,4.6,6220.14,2022-05-26 03:05,2023-09-12_0900_
ТК Актау,ЕАО-М,КТО,5,2022-05-25 19:45,2022-05-25 21:10,2022-05-25 23:00,2022-05-26 07:40,5.55,8272.0,2022-05-26 15:05,2023-09-12_0900_
Arcturus Star,ЕАО-Б,КТО,5,2022-05-27 06:20,2022-05-27 12:05,2022-05-27 15:45,2022-05-28 01:45,6.0,9972.0,2022-05-28 11:40,2023-09-12_0900_
Астана,ЕАО-М,КТО,4,2022-05-26 21:00,2022-05-27 05:40,2022-05-28 13:20,2022-05-28 21:45,5.55,8085.0,2022-05-29 03:30,2023-09-12_0900_
Абай,ЕАО-М,КТО,5,2022-05-27 20:30,2022-05-30 01:20,2022-05-30 18:30,2022-05-31 03:30,5.45,8077.0,2022-05-31 10:50,2023-09-12_0900_
Казахстан,ЕАО-М,КТО,4,2022-05-28 15:00,2022-05-31 14:00,2022-05-31 15:45,2022-06-01 08:15,5.55,8289.0,2022-06-01 14:10,2023-09-12_0900_
ТК Актау,ЕАО-М,КТО,5,2022-05-29 07:00,2022-06-01 03:30,2022-06-01 05:45,2022-06-01 14:00,5.5,8176.0,2022-06-01 21:05,2023-09-12_0900_
Астана,ЕАО-М,КТО,4,2022-06-01 05:30,2022-06-01 16:45,2022-06-01 19:05,2022-06-02 03:35,5.55,8175.0,2022-06-02 11:00,2023-09-12_0900_
Абай,ЕАО-М,КТО,4,2022-06-03 06:00,2022-06-03 07:15,2022-06-03 11:00,2022-06-03 19:30,5.55,8282.0,2022-06-04 01:40,2023-09-12_0900_
Казахстан,ЕАО-М,КТО,4,2022-06-04 11:30,2022-06-05 01:45,2022-06-05 03:45,2022-06-05 12:30,5.55,8292.0,2022-06-05 18:30,2023-09-12_0900_
Абай,ЕАО-М,КТО,4,2022-06-06 20:00,2022-06-06 21:25,2022-06-06 23:30,2022-06-07 08:15,5.55,8267.0,2022-06-07 14:30,2023-09-12_0900_
ТК Актау,ЕАО-М,КТО,5,2022-06-07 23:20,2022-06-08 00:35,2022-06-08 02:35,2022-06-08 10:50,5.55,8278.0,2022-06-08 18:00,2023-09-12_0900_
Казахстан,ЕАО-М,КТО,4,2022-06-08 16:00,2022-06-08 21:30,2022-06-08 23:30,2022-06-09 08:30,5.55,8288.0,2022-06-09 15:00,2023-09-12_0900_
Абай,ЕАО-М,КТО,4,2022-06-10 10:30,2022-06-10 12:20,2022-06-10 14:30,2022-06-10 23:30,5.55,8292.0,2022-06-11 05:00,2023-09-12_0900_
ТК Актау,ЕАО-М,КТО,4,2022-06-11 10:00,2022-06-11 14:30,2022-06-11 23:00,2022-06-12 07:15,5.55,8276.0,2022-06-12 13:50,2023-09-12_0900_
Дж.Мамедгулузаде,БНТ-Б,Артис,8,2022-06-11 17:15,2022-06-11 23:05,2022-06-12 02:30,2022-06-12 15:20,4.8,6592.3,2022-06-12 23:10,2023-09-12_0900_
Казахстан,ЕАО-М,КТО,5,2022-06-12 10:30,2022-06-12 11:45,2022-06-12 13:40,2022-06-12 22:00,5.55,8278.0,2022-06-13 04:15,2023-09-12_0900_
Абай,ЕАО-М,КТО,4,2022-06-13 23:30,2022-06-14 00:40,2022-06-14 03:00,2022-06-14 12:00,5.55,8282.0,2022-06-14 18:00,2023-09-12_0900_
ТК Актау,ЕАО-М,КТО,4,2022-06-15 04:00,2022-06-15 19:20,2022-06-15 23:00,2022-06-16 07:00,5.55,8282.0,2022-06-16 14:50,2023-09-12_0900_
Arcturus Star,ЕАО-Б,КТО,4,2022-06-16 16:00,2022-06-16 18:15,2022-06-16 22:00,2022-06-17 08:45,6.0,9984.0,2022-06-17 15:40,2023-09-12_0900_
Казахстан,ЕАО-М,КТО,5,2022-06-16 01:30,2022-06-16 21:00,2022-06-16 23:15,2022-06-17 08:15,5.55,8280.0,2022-06-18 04:50,2023-09-12_0900_
Абай,ЕАО-М,КТО,4,2022-06-17 12:30,2022-06-18 04:35,2022-06-18 06:00,2022-06-18 15:00,5.55,8274.0,2022-06-18 21:10,2023-09-12_0900_
ТК Актау,ЕАО-М,КТО,5,2022-06-19 06:50,2022-06-20 12:35,2022-06-20 15:00,2022-06-20 23:10,5.55,8278.0,2022-06-21 06:00,2023-09-12_0900_
Казахстан,ЕАО-М,КТО,4,2022-06-21 02:30,2022-06-21 12:40,2022-06-21 14:55,2022-06-21 23:20,5.55,8282.0,2022-06-22 05:15,2023-09-12_0900_
Абай,ЕАО-М,КТО,4,2022-06-21 19:30,2022-06-22 18:25,2022-06-22 20:15,2022-06-23 04:45,5.55,8271.0,2022-06-23 11:15,2023-09-12_0900_
ТК Актау,ЕАО-М,КТО,5,2022-06-23 18:00,2022-06-24 21:20,2022-06-24 23:30,2022-06-25 09:00,5.55,8289.0,2022-06-25 15:55,2023-09-12_0900_
Леди Мария,БНТ-Б,Артис,8,2022-06-25 03:35,2022-06-25 05:10,2022-06-25 09:35,2022-06-26 00:15,4.2,6434.14,2022-06-26 07:30,2023-09-12_0900_
Казахстан,ЕАО-М,КТО,4,2022-06-25 18:30,2022-06-27 14:30,2022-06-27 17:10,2022-06-28 01:20,5.55,8271.0,2022-06-28 07:50,2023-09-12_0900_
Ш.И.Хатай,ЕАО-Б,КТО,5,2022-06-25 21:30,2022-06-27 15:30,2022-06-27 19:00,2022-06-28 05:30,6.15,9975.0,2022-06-28 17:15,2023-09-12_0900_
Абай,ЕАО-М,КТО,4,2022-06-26 09:30,2022-06-29 22:55,2022-06-30 01:45,2022-07-01 03:00,5.55,8294.0,2022-07-01 10:45,2023-09-12_0900_
ТК Актау,ЕАО-М,КТО,5,2022-06-28 14:00,2022-06-30 21:40,2022-07-01 03:00,2022-07-01 11:10,5.55,8280.0,2022-07-01 16:30,2023-09-12_0900_
Казахстан,ЕАО-М,КТО,4,2022-07-01 10:00,2022-07-01 11:50,2022-07-01 13:45,2022-07-01 23:00,5.55,8281.0,2022-07-02 04:45,2023-09-12_0900_
Леди Мария,БНТ-Б,Артис,8,2022-07-02 21:20,2022-07-02 22:20,2022-07-03 03:40,2022-07-03 19:00,4.2,6480.8,2022-07-04 02:00,2023-09-12_0900_
ТК Актау,ЕАО-М,КТО,5,2022-07-04 16:20,2022-07-04 17:20,2022-07-04 19:30,2022-07-05 03:45,5.55,8285.0,2022-07-05 11:00,2023-09-12_0900_
Абай,ЕАО-М,КТО,4,2022-07-04 19:30,2022-07-04 21:00,2022-07-05 00:00,2022-07-05 09:00,5.55,8283.0,2022-07-05 15:40,2023-09-12_0900_
Казахстан,ЕАО-М,КТО,4,2022-07-05 23:20,2022-07-06 00:30,2022-07-06 02:45,2022-07-06 11:00,5.55,8281.0,2022-07-06 16:50,2023-09-12_0900_
ТК Актау,ЕАО-М,КТО,5,2022-07-07 23:00,2022-07-08 00:45,2022-07-08 03:15,2022-07-08 11:30,5.55,8275.0,2022-07-08 17:25,2023-09-12_0900_
Абай,ЕАО-М,КТО,4,2022-07-08 17:30,2022-07-08 19:00,2022-07-08 21:30,2022-07-09 06:30,5.55,8270.0,2022-07-09 12:40,2023-09-12_0900_
Казахстан,ЕАО-М,КТО,4,2022-07-09 21:30,2022-07-09 22:35,2022-07-10 00:30,2022-07-10 10:00,5.55,8289.0,2022-07-10 16:05,2023-09-12_0900_
ТК Актау,ЕАО-М,КТО,5,2022-07-11 07:30,2022-07-11 11:35,2022-07-11 13:25,2022-07-11 21:35,5.55,8280.0,2022-07-12 04:00,2023-09-12_0900_
Абай,ЕАО-М,КТО,4,2022-07-12 12:30,2022-07-12 13:50,2022-07-12 16:30,2022-07-13 01:55,5.55,8271.0,2022-07-13 10:30,2023-09-12_0900_
Казахстан,ЕАО-М,КТО,4,2022-07-13 16:30,2022-07-13 17:35,2022-07-13 20:00,2022-07-14 04:30,5.55,8279.0,2022-07-14 10:50,2023-09-12_0900_
ТК Актау,ЕАО-М,КТО,5,2022-07-14 17:10,2022-07-14 18:10,2022-07-14 20:20,2022-07-15 04:30,5.55,8281.0,2022-07-15 11:35,2023-09-12_0900_
Абай,ЕАО-М,КТО,4,2022-07-16 07:00,2022-07-16 09:00,2022-07-16 11:00,2022-07-16 19:30,5.55,8273.0,2022-07-17 01:10,2023-09-12_0900_
Казахстан,ЕАО-М,КТО,5,2022-07-17 10:30,2022-07-18 09:30,2022-07-18 12:00,2022-07-18 20:20,5.55,8280.0,2022-07-19 02:00,2023-09-12_0900_
ТК Актау,ЕАО-М,КТО,4,2022-07-18 02:10,2022-07-18 13:15,2022-07-18 15:00,2022-07-18 23:10,5.55,8284.0,2022-07-19 04:10,2023-09-12_0900_
Нафталан,БНТ-Б,Артис,8,2022-07-05 02:15,2022-07-05 13:00,2022-07-05 18:45,2022-07-19 02:45,4.1,4018.352,2022-07-19 13:10,2023-09-12_0900_
Леди Мария,БНТ-Б,Артис,8,2022-07-18 17:55,2022-07-19 14:30,2022-07-19 17:30,2022-07-20 10:25,4.2,6371.023,2022-07-21 19:25,2023-09-12_0900_
Абай,ЕАО-М,КТО,4,2022-07-19 21:30,2022-07-21 18:55,2022-07-21 21:00,2022-07-22 06:00,5.55,8266.0,2022-07-23 00:45,2023-09-12_0900_
ТК Актау,ЕАО-М,КТО,5,2022-07-21 15:15,2022-07-23 00:15,2022-07-23 01:55,2022-07-23 10:00,5.55,8281.0,2022-07-23 15:10,2023-09-12_0900_
Казахстан,ЕАО-М,КТО,4,2022-07-22 02:00,2022-07-23 01:45,2022-07-23 03:30,2022-07-23 11:50,5.55,8274.0,2022-07-23 16:00,2023-09-12_0900_
Абай,ЕАО-М,КТО,5,2022-07-25 18:20,2022-07-25 19:25,2022-07-25 22:30,2022-07-26 07:15,5.55,8271.0,2022-07-26 14:35,2023-09-12_0900_
ТК Актау,ЕАО-М,КТО,4,2022-07-26 05:00,2022-07-26 06:15,2022-07-26 16:45,2022-07-27 01:15,5.55,8280.0,2022-07-27 07:35,2023-09-12_0900_
Казахстан,ЕАО-М,КТО,4,2022-07-26 21:30,2022-07-27 13:10,2022-07-27 15:10,2022-07-27 23:20,5.55,8269.0,2022-07-28 04:55,2023-09-12_0900_
Абай,ЕАО-М,КТО,4,2022-07-29 12:20,2022-07-29 13:35,2022-07-29 15:15,2022-07-29 23:40,5.55,8275.0,2022-07-30 05:35,2023-09-12_0900_
ТК Актау,ЕАО-М,КТО,5,2022-07-29 20:20,2022-07-31 01:15,2022-07-31 12:00,2022-08-01 04:00,5.5,8177.0,2022-08-01 10:45,2023-09-12_0900_
Казахстан,ЕАО-М,КТО,4,2022-07-31 01:30,2022-08-01 02:05,2022-08-01 04:00,2022-08-01 12:15,5.55,8172.0,2022-08-01 18:00,2023-09-12_0900_
Абай,ЕАО-М,КТО,4,2022-08-02 01:00,2022-08-02 02:30,2022-08-02 04:00,2022-08-02 13:00,5.55,8282.0,2022-08-02 19:00,2023-09-12_0900_
ТК Актау,ЕАО-М,КТО,5,2022-08-03 22:20,2022-08-03 23:30,2022-08-04 01:25,2022-08-04 10:00,5.55,8276.0,2022-08-04 16:10,2023-09-12_0900_
Казахстан,ЕАО-М,КТО,4,2022-08-04 14:00,2022-08-04 15:40,2022-08-04 17:05,2022-08-05 01:15,5.55,8288.0,2022-08-05 10:40,2023-09-12_0900_
Абай,ЕАО-М,КТО,4,2022-08-05 15:00,2022-08-05 20:55,2022-08-05 22:30,2022-08-06 06:30,5.55,8276.0,2022-08-06 13:45,2023-09-12_0900_
ТК Актау,ЕАО-М,КТО,5,2022-08-07 06:20,2022-08-07 09:20,2022-08-07 11:10,2022-08-07 19:30,5.55,8287.0,2022-08-08 01:05,2023-09-12_0900_
Казахстан,ЕАО-М,КТО,4,2022-08-08 10:30,2022-08-08 11:50,2022-08-08 13:45,2022-08-08 22:10,5.55,8274.0,2022-08-09 04:00,2023-09-12_0900_
Абай,ЕАО-М,КТО,4,2022-08-09 12:30,2022-08-09 13:50,2022-08-09 15:30,2022-08-09 23:45,5.55,8274.0,2022-08-10 05:40,2023-09-12_0900_
ТК Актау,ЕАО-М,КТО,5,2022-08-10 12:15,2022-08-10 13:15,2022-08-10 16:00,2022-08-11 00:30,5.55,8279.0,2022-08-11 06:55,2023-09-12_0900_
Казахстан,ЕАО-М,КТО,4,2022-08-12 01:00,2022-08-12 10:35,2022-08-12 12:15,2022-08-12 20:30,5.55,8284.0,2022-08-13 01:45,2023-09-12_0900_
Капитан Пшеницын,БНТ-Б,Артис,8,2022-08-12 06:15,2022-08-12 12:10,2022-08-12 18:00,2022-08-13 04:10,4.08,5200.0,2022-08-13 13:15,2023-09-12_0900_
Абай,ЕАО-М,КТО,5,2022-08-13 06:20,2022-08-13 07:40,2022-08-13 10:15,2022-08-13 19:00,5.55,8281.0,2022-08-14 00:35,2023-09-12_0900_
ТК Актау,ЕАО-М,КТО,5,2022-08-14 18:00,2022-08-15 10:50,2022-08-15 12:50,2022-08-15 21:00,5.55,8285.0,2022-08-16 03:00,2023-09-12_0900_
Казахстан,ЕАО-М,КТО,4,2022-08-16 00:00,2022-08-16 13:15,2022-08-16 14:50,2022-08-16 23:00,5.55,8275.0,2022-08-17 04:30,2023-09-12_0900_
Абай,ЕАО-М,КТО,4,2022-08-17 08:50,2022-08-17 19:10,2022-08-17 22:15,2022-08-18 06:30,5.55,8275.0,2022-08-18 13:30,2023-09-12_0900_
ТК Актау,ЕАО-М,КТО,5,2022-08-19 04:30,2022-08-19 11:30,2022-08-19 13:30,2022-08-19 21:40,5.55,8280.0,2022-08-21 16:10,2023-09-12_0900_
Джалил Мамедгулузадэ,БНТ-Б,Артис,8,2022-08-13 10:15,2022-08-13 15:10,2022-08-13 19:10,2022-08-20 05:10,4.2,5450.2,2022-08-21 16:45,2023-09-12_0900_
Казахстан,ЕАО-М,КТО,4,2022-08-21 14:30,2022-08-21 15:40,2022-08-21 17:10,2022-08-22 01:00,5.55,8278.0,2022-08-22 06:30,2023-09-12_0900_
Баку,БНТ-Б,Артис,8,2022-08-24 15:05,2022-08-24 18:25,2022-08-25 00:15,2022-08-25 13:15,4.6,6550.0,2022-08-25 19:45,2023-09-12_0900_
Абай,ЕАО-М,КТО,4,2022-08-25 06:50,2022-08-25 10:55,2022-08-25 12:30,2022-08-25 20:30,5.55,8283.0,2022-08-26 02:35,2023-09-12_0900_
ТК Актау,ЕАО-М,КТО,4,2022-08-27 04:40,2022-08-27 08:45,2022-08-27 11:30,2022-08-27 18:30,5.55,8272.0,2022-08-28 00:45,2023-09-12_0900_
Казахстан,ЕАО-М,КТО,4,2022-08-30 18:00,2022-08-30 19:20,2022-08-30 22:30,2022-08-31 06:20,5.55,8284.0,2022-08-31 12:40,2023-09-12_0900_
Абай,ЕАО-М,КТО,4,2022-08-31 15:30,2022-08-31 16:50,2022-08-31 18:30,2022-09-01 08:40,5.55,8284.0,2022-09-01 15:00,2023-09-12_0900_
ТК Актау,ЕАО-М,КТО,5,2022-08-31 17:00,2022-09-01 11:45,2022-09-01 14:10,2022-09-01 22:15,5.55,8282.0,2022-09-02 03:55,2023-09-12_0900_
Балакен,ПАРОМ,,8,2022-09-03 08:30,2022-09-03 09:30,,,,,2022-09-03 13:45,2023-09-12_0900_
Казахстан,ЕАО-М,КТО,4,2022-09-03 09:30,2022-09-03 10:30,2022-09-03 12:10,2022-09-03 20:30,5.55,8277.0,2022-09-04 02:35,2023-09-12_0900_
Абай,ЕАО-М,КТО,4,2022-09-04 11:20,2022-09-05 00:05,2022-09-05 02:10,2022-09-05 10:30,5.5,8278.0,2022-09-06 01:35,2023-09-12_0900_
ТК Актау,ЕАО-М,КТО,5,2022-09-04 16:10,2022-09-05 00:50,2022-09-05 03:00,2022-09-05 11:20,5.55,8282.0,2022-09-06 14:10,2023-09-12_0900_
Зенгезур,ЕАО-Б,КТО,4,2022-09-05 02:00,2022-09-06 13:10,2022-09-06 15:40,2022-09-07 02:15,6.0,9975.0,2022-09-07 11:30,2023-09-12_0900_
Казахстан,ЕАО-М,КТО,5,2022-09-06 23:30,2022-09-07 00:50,2022-09-07 03:00,2022-09-07 11:40,5.55,8279.0,2022-09-07 18:25,2023-09-12_0900_
Баку - 357,БНТ-Б,Артис,8,2022-09-04 22:00,2022-09-04 22:55,2022-09-05 01:15,2022-09-08 18:45,3.2,1999.922,2022-09-09 02:00,2023-09-12_0900_
Абай,ЕАО-М,КТО,4,2022-09-08 21:30,2022-09-08 22:50,2022-09-09 00:30,2022-09-09 09:00,5.55,8277.0,2022-09-09 15:15,2023-09-12_0900_
ТК Актау,ЕАО-М,КТО,5,2022-09-09 03:00,2022-09-09 10:20,2022-09-09 13:00,2022-09-09 21:30,5.55,8288.0,2022-09-10 04:40,2023-09-12_0900_
Азербайджан,БНТ-Б,Артис,8,2022-09-08 08:20,2022-09-09 03:30,2022-09-09 10:40,2022-09-10 02:50,4.67,6550.0,2022-09-10 13:40,2023-09-12_0900_
Казахстан,ЕАО-М,КТО,4,2022-09-10 14:00,2022-09-10 15:20,2022-09-10 17:05,2022-09-11 01:30,5.55,8279.0,2022-09-11 10:25,2023-09-12_0900_
Ш.И.Хатай,ЕАО-Б,КТО,4,2022-09-11 22:00,2022-09-11 22:20,2022-09-12 01:30,2022-09-12 11:30,6.1,9973.0,2022-09-13 00:05,2023-09-12_0900_
ТК Актау,ЕАО-М,КТО,5,2022-09-13 18:40,2022-09-13 19:50,2022-09-13 22:40,2022-09-14 06:50,5.55,8292.0,2022-09-14 19:10,2023-09-12_0900_
Абай,ЕАО-М,КТО,4,2022-09-13 23:10,2022-09-14 18:30,2022-09-14 20:00,2022-09-15 04:45,5.55,8267.0,2022-09-15 12:30,2023-09-12_0900_
Нафталан,БНТ-Б,Артис,8,2022-09-09 13:45,2022-09-12 23:15,2022-09-13 02:15,2022-09-15 05:30,4.15,4501.422,2022-09-15 13:20,2023-09-12_0900_
Казахстан,ЕАО-М,КТО,5,2022-09-14 18:30,2022-09-15 12:00,2022-09-15 14:00,2022-09-15 22:30,5.55,8282.0,2022-09-16 05:00,2023-09-12_0900_
Президент Г.Алиев,ЕАО-Б,КТО,4,2022-09-17 02:00,2022-09-17 03:10,2022-09-17 06:45,2022-09-17 18:00,6.0,9996.0,2022-09-18 00:50,2023-09-12_0900_
ТК Актау,ЕАО-М,КТО,5,2022-09-17 11:30,2022-09-17 12:45,2022-09-17 14:50,2022-09-17 23:40,5.55,8282.0,2022-09-18 05:30,2023-09-12_0900_
Абай,ЕАО-М,КТО,4,2022-09-18 09:10,2022-09-18 11:25,2022-09-18 13:00,2022-09-18 21:35,5.55,8282.0,2022-09-19 03:05,2023-09-12_0900_
Казахстан,ЕАО-М,КТО,5,2022-09-19 04:30,2022-09-19 12:35,2022-09-19 15:45,2022-09-20 00:45,5.55,8277.0,2022-09-20 11:10,2023-09-12_0900_
Шах Исмайл Хатай,ЕАО-Б,КТО,4,2022-09-18 14:45,2022-09-19 12:00,2022-09-19 15:10,2022-09-20 01:40,6.09,10100.0,2022-09-20 11:25,2023-09-12_0900_
Баку-357,БНТ-Б,Артис,8,2022-09-17 17:00,2022-09-17 18:15,2022-09-17 21:50,2022-09-21 21:25,3.2,2300.0,2022-09-22 03:30,2023-09-12_0900_
ТК Актау,ЕАО-М,КТО,5,2022-09-21 04:00,2022-09-21 13:20,2022-09-21 15:20,2022-09-21 23:50,5.55,8283.0,2022-09-22 06:15,2023-09-12_0900_
Абай,ЕАО-М,КТО,4,2022-09-21 23:20,2022-09-22 13:30,2022-09-22 14:45,2022-09-22 23:00,5.55,8280.0,2022-09-23 04:50,2023-09-12_0900_
Казахстан,ЕАО-М,КТО,5,2022-09-23 10:00,2022-09-26 05:40,2022-09-26 08:05,2022-09-26 16:30,5.55,8283.0,2022-09-26 22:45,2023-09-12_0900_
ТК Актау,ЕАО-М,КТО,4,2022-09-24 17:50,2022-09-26 12:15,2022-09-27 10:45,2022-09-27 18:10,5.25,7578.0,2022-09-28 01:35,2023-09-12_0900_
Баку,БНТ-Б,Артис,8,2022-09-23 10:00,2022-09-27 16:40,2022-09-27 22:00,2022-09-28 09:50,4.6,6533.842,2022-09-28 23:20,2023-09-12_0900_
Нафталан,ЕАО-Б,КТО,5,2022-09-27 21:30,2022-09-28 22:15,2022-09-29 02:00,2022-09-29 09:30,4.15,4573.0,2022-09-29 16:35,2023-09-12_0900_
Абай,ЕАО-М,КТО,4,2022-09-26 05:00,2022-09-28 22:55,2022-09-29 13:30,2022-09-29 21:00,5.25,7581.0,2022-09-30 02:45,2023-09-12_0900_
Джалил Мамедгулузаде,ЕАО-Б,КТО,4,2022-09-29 09:00,2022-09-30 11:05,2022-09-30 14:05,2022-09-30 21:35,4.8,6976.0,2022-10-01 05:40,2023-09-12_0900_
Астана,ЕАО-М,КТО,5,2022-09-30 10:15,2022-09-30 12:00,2022-09-30 17:20,2022-10-01 08:00,5.35,7736.0,2022-10-01 16:45,2023-09-12_0900_
Казахстан,ЕАО-М,КТО,4,2022-10-01 20:00,2022-10-01 21:15,2022-10-01 23:00,2022-10-02 07:15,5.5,8177.0,2022-10-04 07:50,2023-09-12_0900_
Абай,ЕАО-М,КТО,5,2022-10-02 23:40,2022-10-04 08:45,2022-10-04 11:45,2022-10-04 20:00,5.5,8164.0,2022-10-05 02:15,2023-09-12_0900_
Азербайджан,БНТ-Б,Артис,8,2022-10-02 02:25,2022-10-02 10:55,2022-10-02 14:30,2022-10-05 03:30,4.25,5502.821,2022-10-05 20:10,2023-09-12_0900_
Астана,ЕАО-М,КТО,4,2022-10-06 12:00,2022-10-06 13:15,2022-10-06 15:35,2022-10-06 23:25,5.5,8128.0,2022-10-07 06:55,2023-09-12_0900_
Балакен,ПАРОМ,,8,2022-10-07 23:00,2022-10-08 00:15,,,,,2022-10-08 05:40,2023-09-12_0900_
Казахстан,ЕАО-М,КТО,5,2022-10-07 09:30,2022-10-07 12:15,2022-10-07 14:45,2022-10-08 01:30,5.55,8279.0,2022-10-08 11:10,2023-09-12_0900_
Абай,ЕАО-М,КТО,4,2022-10-07 23:50,2022-10-08 01:10,2022-10-08 04:00,2022-10-08 12:30,5.55,8274.0,2022-10-08 18:30,2023-09-12_0900_
Астана,ЕАО-М,КТО,4,2022-10-11 09:00,2022-10-11 10:25,2022-10-11 12:45,2022-10-11 21:15,5.5,8210.0,2022-10-12 03:20,2023-09-12_0900_
Alcor Star,,,5,2022-10-09 13:10,2022-10-10 22:20,,,,,2022-10-12 18:00,2023-09-12_0900_
Alcor Star,,,5,2022-10-09 13:10,2022-10-10 22:20,,,,,2022-10-12 19:30,2023-09-12_0900_
Казахстан,ЕАО-М,КТО,4,2022-10-12 13:00,2022-10-12 16:00,2022-10-12 18:45,2022-10-13 01:55,5.55,8252.0,2022-10-13 10:50,2023-09-12_0900_
Абай,ЕАО-М,КТО,5,2022-10-12 15:50,2022-10-12 22:35,2022-10-13 00:45,2022-10-13 09:30,5.55,8283.0,2022-10-13 16:40,2023-09-12_0900_
Мелиана,БНТ-Б,Артис,8,2022-06-27 07:15,2022-06-27 17:15,2022-10-08 11:10,2022-10-11 11:30,4.6,1850.0,2022-10-13 22:55,2023-09-12_0900_
Бабек,ЕАО-Б,КТО,5,2022-10-14 19:00,2022-10-14 20:15,2022-10-15 00:10,2022-10-15 12:00,6.0,9979.0,2022-10-15 19:55,2023-09-12_0900_
Баку,БНТ-Б,Артис,8,2022-10-13 23:00,2022-10-14 23:05,2022-10-15 04:20,2022-10-15 18:15,4.6,6503.552,2022-10-16 00:35,2023-09-12_0900_
Казахстан,ЕАО-М,КТО,5,2022-10-16 11:30,2022-10-16 12:40,2022-10-16 16:00,2022-10-17 02:15,5.55,8284.0,2022-10-17 12:20,2023-09-12_0900_
Астана,ЕАО-М,КТО,4,2022-10-15 02:20,2022-10-16 08:50,2022-10-16 22:35,2022-10-17 07:00,5.5,8169.0,2022-10-17 13:25,2023-09-12_0900_
Абай,ЕАО-М,КТО,4,2022-10-16 15:00,2022-10-17 15:45,2022-10-17 17:30,2022-10-18 02:05,5.55,8277.0,2022-10-18 10:50,2023-09-12_0900_
Сильвер Стар,СУХОГРУЗ,,10,2022-10-15 04:30,2022-10-16 19:00,,,,,2022-10-22 17:00,2023-09-12_0900_
Шах Исмайл Хатай,ЕАО-Б,КТО,5,2022-10-19 16:00,2022-10-20 23:35,2022-10-21 03:00,2022-10-21 14:00,6.0,9981.0,2022-10-22 17:15,2023-09-12_0900_
Астана,ЕАО-М,КТО,4,2022-10-20 15:25,2022-10-21 01:35,2022-10-21 03:15,2022-10-21 11:30,5.5,8185.0,2022-10-22 17:45,2023-09-12_0900_
Мелиана,БНТ-Б,Артис,8,2022-10-18 10:00,2022-10-18 14:20,2022-10-18 17:15,2022-10-22 03:10,4.4,1800.0,2022-10-22 20:05,2023-09-12_0900_
Казахстан,ЕАО-М,КТО,4,2022-10-20 17:00,2022-10-22 18:55,2022-10-22 22:30,2022-10-23 07:00,5.45,7982.0,2022-10-23 12:45,2023-09-12_0900_
Абай,ЕАО-М,КТО,5,2022-10-21 13:30,2022-10-22 22:00,2022-10-22 23:30,2022-10-23 08:00,5.4,7984.0,2022-10-23 13:25,2023-09-12_0900_
Насими,ЕАО-М,КТО,4,2022-10-21 08:30,2022-10-23 14:00,2022-10-23 16:00,2022-10-24 00:15,5.1,7673.0,2022-10-24 07:15,2023-09-12_0900_
Джаббар Гашимов,ЕАО-Б,КТО,4,2022-10-23 22:00,2022-10-24 23:50,2022-10-25 03:30,2022-10-25 13:30,6.1,9456.0,2022-10-26 03:10,2023-09-12_0900_
Баку,БНТ-Б,Артис,8,2022-10-21 14:00,2022-10-23 02:10,2022-10-23 07:40,2022-10-26 10:00,4.2,5502.186,2022-10-26 16:25,2023-09-12_0900_
Насими,ЕАО-Б,КТО,5,2022-10-28 06:15,2022-10-28 10:25,2022-10-28 13:30,2022-10-29 00:45,6.0,10042.0,2022-10-29 21:30,2023-09-12_0900_
Казахстан,ЕАО-М,КТО,4,2022-10-29 15:00,2022-10-29 19:45,2022-10-29 22:15,2022-10-30 06:30,5.25,7773.0,2022-10-30 11:45,2023-09-12_0900_
П.Г.Алиев,ЕАО-М,КТО,5,2022-10-29 21:30,2022-10-29 23:35,2022-10-30 02:30,2022-10-30 11:00,5.1,7674.0,2022-10-30 17:05,2023-09-12_0900_
Абай,ЕАО-М,КТО,4,2022-10-29 18:30,2022-10-30 12:45,2022-10-30 16:15,2022-10-31 00:20,5.25,7776.0,2022-10-31 05:40,2023-09-12_0900_
Астана,ЕАО-М,КТО,5,2022-10-30 12:45,2022-10-31 11:55,2022-10-31 13:35,2022-10-31 22:05,5.25,7654.0,2022-11-03 14:50,2023-09-12_0900_
Казахстан,ЕАО-М,КТО,4,2022-11-03 12:00,2022-11-03 18:00,2022-11-03 20:15,2022-11-04 04:00,5.25,7687.0,2022-11-04 12:40,2023-09-12_0900_
Джалил Мамедгулузаде,ЕАО-M,КТО,5,2022-11-03 18:45,2022-11-03 21:30,2022-11-04 00:00,2022-11-04 09:45,4.05,6474.0,2022-11-04 17:00,2023-09-12_0900_
Азербайджан,БНТ-Б,Артис,8,2022-10-23 20:30,2022-11-03 17:45,2022-11-04 00:20,2022-11-04 10:00,4.65,6500.0,2022-11-04 17:50,2023-09-12_0900_
Абай,ЕАО-М,КТО,4,2022-11-03 19:30,2022-11-04 13:25,2022-11-04 15:15,2022-11-04 23:15,5.3,7678.0,2022-11-05 06:00,2023-09-12_0900_
Астана,ЕАО-M,КТО,5,2022-11-06 08:40,2022-11-06 18:05,2022-11-06 20:15,2022-11-07 04:45,5.25,7685.0,2022-11-07 11:50,2023-09-12_0900_
Казахстан,ЕАО-M,КТО,4,2022-11-07 14:00,2022-11-07 15:25,2022-11-07 17:20,2022-11-08 01:45,5.25,7678.0,2022-11-08 10:35,2023-09-12_0900_
Джалил Мамедгулузаде,ЕАО-M,КТО,5,2022-11-07 17:00,2022-11-07 18:25,2022-11-07 21:00,2022-11-08 08:00,4.65,6475.0,2022-11-08 16:20,2023-09-12_0900_
Абай,ЕАО-М,КТО,4,2022-11-08 14:30,2022-11-08 15:45,2022-11-08 17:30,2022-11-09 01:50,5.25,7678.0,2022-11-09 11:00,2023-09-12_0900_
Мелиана,БНТ-Б,Артис,8,2022-10-31 07:00,2022-11-04 06:00,2022-11-06 14:00,2022-11-09 19:40,4.55,1800.0,2022-11-10 03:00,2023-09-12_0900_
Астана,ЕАО-М,КТО,5,2022-11-10 12:30,2022-11-10 13:55,2022-11-10 16:05,2022-11-11 00:15,5.3,7690.0,2022-11-11 06:40,2023-09-12_0900_
Казахстан,ЕАО-М,КТО,4,2022-11-11 13:00,2022-11-11 14:50,2022-11-11 17:30,2022-11-12 01:30,5.25,7679.0,2022-11-12 07:00,2023-09-12_0900_
Балакен,ПАРОМ,,8,2022-11-12 09:00,2022-11-12 10:35,,,,,2022-11-12 16:30,2023-09-12_0900_
Абай,ЕАО-М,КТО,5,2022-11-12 10:30,2022-11-12 12:10,2022-11-12 14:00,2022-11-12 22:00,5.25,7671.0,2022-11-13 02:10,2023-09-12_0900_
Джалил Мамедгулузаде,ЕАО-М,КТО,4,2022-11-12 14:30,2022-11-12 15:15,2022-11-12 17:15,2022-11-13 02:20,4.65,6484.0,2022-11-15 23:00,2023-09-12_0900_
Ш.И.Хатай,ЕАО-М,КТО,5,2022-11-12 19:00,2022-11-13 03:10,2022-11-13 05:55,2022-11-13 14:30,5.1,7818.0,2022-11-16 00:00,2023-09-12_0900_
Казахстан,ЕАО-М,КТО,5,2022-11-16 09:00,2022-11-16 10:30,2022-11-16 12:25,2022-11-16 20:30,5.3,7682.0,2022-11-17 19:15,2023-09-12_0900_
Джаббар Гашимов,ЕАО-Б,КТО,4,2022-11-16 18:00,2022-11-17 20:10,2022-11-18 00:15,2022-11-18 09:30,5.8,9253.0,2022-11-18 17:00,2023-09-12_0900_
Абай,ЕАО-М,КТО,5,2022-11-18 10:30,2022-11-18 12:55,2022-11-18 14:30,2022-11-18 22:15,5.3,7691.0,2022-11-19 03:10,2023-09-12_0900_
Азербайджан,БНТ-Б,Артис,8,2022-11-11 01:00,2022-11-12 18:20,2022-11-12 22:00,2022-11-19 06:00,4.35,6001.155,2022-11-19 12:50,2023-09-12_0900_
Ш.И.Хатай,ЕАО-М,КТО,5,2022-11-20 09:50,2022-11-20 10:30,2022-11-20 12:45,2022-11-20 21:15,5.2,7976.0,2022-11-21 03:20,2023-09-12_0900_
Джалил Мамедгулузаде,ЕАО-М,КТО,4,2022-11-20 19:45,2022-11-20 23:50,2022-11-21 02:05,2022-11-21 10:30,4.65,6492.0,2022-11-21 18:40,2023-09-12_0900_
Зенгезур,ЕАО-Б,КТО,5,2022-11-21 09:30,2022-11-21 11:00,2022-11-21 14:00,2022-11-22 00:30,6.1,10072.0,2022-11-22 11:00,2023-09-12_0900_
Казахстан,ЕАО-М,КТО,4,2022-11-21 16:00,2022-11-21 19:25,2022-11-21 22:45,2022-11-22 07:15,5.25,7676.0,2022-11-22 15:10,2023-09-12_0900_
Баку,БНТ-Б,Артис,8,2022-11-12 01:30,2022-11-22 03:35,2022-11-22 09:30,2022-11-22 21:50,4.6,6518.0,2022-11-23 03:50,2023-09-12_0900_
Абай,ЕАО-М,КТО,5,2022-11-21 21:45,2022-11-22 11:50,2022-11-22 13:45,2022-11-22 22:10,5.25,7680.0,2022-11-23 05:00,2023-09-12_0900_
Алматы,ЕАО-М,КТО,4,2022-11-23 05:30,2022-11-23 06:30,2022-11-23 10:25,2022-11-23 19:00,5.25,7670.0,2022-11-24 01:00,2023-09-12_0900_
Ш.И.Хатай,ЕАО-М,КТО,4,2022-11-24 09:00,2022-11-24 10:00,2022-11-24 12:15,2022-11-24 21:00,5.2,7977.0,2022-11-25 03:55,2023-09-12_0900_
Джалил Мамедгулузаде,ЕАО-М,КТО,5,2022-11-24 15:30,2022-11-24 16:30,2022-11-24 18:45,2022-11-25 03:45,4.65,6484.0,2022-11-25 13:20,2023-09-12_0900_
Джаббар Гашимов,ЕАО-Б,КТО,4,2022-11-24 18:45,2022-11-25 05:15,2022-11-25 08:15,2022-11-25 17:30,6.1,9532.0,2022-11-27 15:15,2023-09-12_0900_
Деде Горгуд,ЕАО-Б,КТО,5,2022-11-25 14:00,2022-11-25 15:00,2022-11-25 17:20,2022-11-26 05:45,6.1,10084.0,2022-11-27 16:25,2023-09-12_0900_
Мелиана,БНТ-Б,Артис,8,2022-11-23 06:30,2022-11-23 07:20,2022-11-24 20:30,2022-11-27 18:50,4.4,1800.0,2022-11-28 01:20,2023-09-12_0900_
Казахстан,ЕАО-М,КТО,4,2022-11-26 09:30,2022-11-27 16:05,2022-11-27 18:30,2022-11-28 03:00,5.25,7672.0,2022-11-28 12:10,2023-09-12_0900_
Абай,ЕАО-М,КТО,5,2022-11-26 18:10,2022-11-27 19:30,2022-11-27 22:00,2022-11-28 06:40,5.3,7678.0,2022-11-28 16:20,2023-09-12_0900_
ТК Актау,ЕАО-М,КТО,5,2022-11-28 21:20,2022-11-28 22:40,2022-11-29 00:45,2022-11-29 09:15,5.3,7691.0,2022-11-29 16:35,2023-09-12_0900_
Азербайджан,ЕАО-Б,КТО,4,2022-11-23 22:30,2022-11-29 18:20,2022-11-30 02:45,2022-11-30 12:30,4.6,6459.0,2022-11-30 20:15,2023-09-12_0900_
Джалил Мамедгулузаде,ЕАО-М,КТО,5,2022-11-30 16:20,2022-11-30 17:15,2022-11-30 19:30,2022-12-01 05:00,4.65,6479.0,2022-12-01 12:50,2023-09-12_0900_
Казахстан,ЕАО-М,КТО,4,2022-12-01 17:30,2022-12-01 18:50,2022-12-01 22:45,2022-12-02 06:45,5.25,7683.0,2022-12-02 14:50,2023-09-12_0900_
Абай,ЕАО-М,КТО,5,2022-12-01 18:00,2022-12-01 19:20,2022-12-01 23:00,2022-12-02 07:45,5.3,7681.0,2022-12-02 15:15,2023-09-12_0900_
ТК Актау,ЕАО-М,КТО,4,2022-12-02 15:00,2022-12-02 16:20,2022-12-02 18:35,2022-12-03 02:45,5.3,7669.0,2022-12-03 10:45,2023-09-12_0900_
ВФ Танкер -18,БНТ-Б,Артис,8,2022-11-03 19:30,2022-12-04 02:20,2022-12-04 06:30,2022-12-04 21:00,4.2,6500.0,2022-12-05 02:50,2023-09-12_0900_
Алматы,ЕАО-М,КТО,4,2022-12-04 17:50,2022-12-04 19:00,2022-12-04 22:25,2022-12-05 07:30,5.25,7667.0,2022-12-05 14:45,2023-09-12_0900_
Казахстан,ЕАО-М,КТО,4,2022-12-06 15:00,2022-12-06 16:20,2022-12-06 18:45,2022-12-07 03:45,5.25,7681.0,2022-12-07 11:50,2023-09-12_0900_
ТК Актау,ЕАО-М,КТО,5,2022-12-07 12:20,2022-12-07 13:35,2022-12-07 15:35,2022-12-08 00:10,5.3,7672.0,2022-12-08 07:15,2023-09-12_0900_
Абай,ЕАО-М,КТО,4,2022-12-08 04:30,2022-12-08 05:45,2022-12-08 07:45,2022-12-08 16:45,5.3,7683.0,2022-12-09 19:20,2023-09-12_0900_
Баку,БНТ-Б,Артис,8,2022-12-06 17:30,2022-12-06 19:40,2022-12-07 01:00,2022-12-11 04:30,4.25,5504.75,2022-12-11 13:00,2023-09-12_0900_
Алматы,ЕАО-М,КТО,4,2022-12-11 22:45,2022-12-12 15:55,2022-12-12 18:30,2022-12-13 04:00,5.25,7686.0,2022-12-13 14:00,2023-09-12_0900_
Джаббар Гашимов,ЕАО-Б,КТО,5,2022-12-09 03:00,2022-12-12 15:00,2022-12-12 18:45,2022-12-13 05:30,5.8,9209.0,2022-12-13 15:00,2023-09-12_0900_
Астана,ЕАО-М,КТО,5,2022-12-13 09:00,2022-12-14 11:15,2022-12-14 12:45,2022-12-14 21:15,5.25,7677.0,2022-12-15 03:35,2023-09-12_0900_
Ш.И.Хатай,ЕАО-Б,КТО,4,2022-12-14 05:30,2022-12-14 11:30,2022-12-14 14:30,2022-12-15 00:10,5.8,9282.0,2022-12-15 06:15,2023-09-12_0900_
Азербайджан,БНТ-Б,Артис,8,2022-12-10 08:30,2022-12-14 14:20,2022-12-14 17:40,2022-12-15 07:00,4.6,6505.761,2022-12-15 14:05,2023-09-12_0900_
ТК Актау,ЕАО-М,КТО,4,2022-12-15 11:40,2022-12-15 12:50,2022-12-15 15:25,2022-12-15 23:30,5.3,7677.0,2022-12-16 05:45,2023-09-12_0900_
Казахстан,ЕАО-М,КТО,5,2022-12-15 17:00,2022-12-15 18:00,2022-12-15 20:00,2022-12-16 04:30,5.25,7680.0,2022-12-16 13:10,2023-09-12_0900_
Абай,ЕАО-М,КТО,4,2022-12-16 17:00,2022-12-16 19:00,2022-12-16 22:15,2022-12-17 06:50,5.25,7671.0,2022-12-17 13:30,2023-09-12_0900_
Алматы,ЕАО-М,КТО,5,2022-12-16 18:20,2022-12-16 19:30,2022-12-16 22:30,2022-12-17 07:00,5.25,7674.0,2022-12-17 18:15,2023-09-12_0900_
ТК Актау,ЕАО-М,КТО,5,2022-12-18 17:20,2022-12-18 18:30,2022-12-18 20:30,2022-12-19 05:20,5.3,7689.0,2022-12-19 13:30,2023-09-12_0900_
Казахстан,ЕАО-М,КТО,4,2022-12-19 20:00,2022-12-19 21:30,2022-12-19 23:45,2022-12-20 08:00,5.25,7684.0,2022-12-20 22:30,2023-09-12_0900_
Абай,ЕАО-М,КТО,5,2022-12-20 18:20,2022-12-21 07:15,2022-12-21 10:20,2022-12-21 19:00,5.2,7582.0,2022-12-22 01:15,2023-09-12_0900_
Мелиана,БНТ-Б,Артис,8,2022-12-12 16:45,2022-12-15 15:05,2022-12-15 17:50,2022-12-18 23:50,4.4,1800.0,2022-12-22 02:10,2023-09-12_0900_
Джалил Мамедгулузаде,ЕАО-Б,КТО,4,2022-12-20 22:45,2022-12-21 09:30,2022-12-21 13:00,2022-12-21 20:45,4.65,6522.0,2022-12-22 02:40,2023-09-12_0900_
Баку,БНТ-Б,Артис,8,2022-12-15 23:00,2022-12-22 03:30,2022-12-22 10:40,2022-12-23 01:10,4.6,6505.669,2022-12-23 11:30,2023-09-12_0900_
ТК Актау,ЕАО-М,КТО,5,2022-12-22 20:00,2022-12-22 21:10,2022-12-22 23:35,2022-12-23 08:30,5.3,7678.0,2022-12-23 16:50,2023-09-12_0900_
Шуша,ЕАО-Б,КТО,4,2022-12-22 23:20,2022-12-23 15:50,2022-12-23 19:50,2022-12-24 06:35,5.95,9975.0,2022-12-24 22:45,2023-09-12_0900_
Казахстан,ЕАО-М,КТО,5,2022-12-25 04:30,2022-12-25 05:50,2022-12-25 07:45,2022-12-25 16:30,5.25,7680.0,2022-12-25 23:10,2023-09-12_0900_
Абай,ЕАО-М,КТО,4,2022-12-26 11:00,2022-12-26 12:20,2022-12-26 14:15,2022-12-26 23:00,5.25,7591.0,2022-12-27 05:00,2023-09-12_0900_
Астана,ЕАО-М,КТО,5,2022-12-26 15:10,2022-12-26 16:40,2022-12-26 18:45,2022-12-27 03:40,5.2,7594.0,2022-12-27 12:00,2023-09-12_0900_
ТК Актау,ЕАО-М,КТО,4,2022-12-27 08:50,2022-12-27 10:00,2022-12-27 14:00,2022-12-27 22:15,5.25,7583.0,2022-12-28 03:45,2023-09-12_0900_
Азербайджан,БНТ-Б,Артис,8,2022-12-22 00:00,2022-12-23 12:45,2022-12-24 14:40,2022-12-28 02:00,3.8,4501.235,2022-12-28 10:10,2023-09-12_0900_
Казахстан,ЕАО-М,КТО,4,2022-12-28 19:30,2022-12-28 21:10,2022-12-28 23:30,2022-12-29 07:30,5.2,7592.0,2022-12-29 19:45,2023-09-12_0900_
Джаббар Гашимов,ЕАО-Б,КТО,5,2022-12-29 02:00,2022-12-29 02:35,2022-12-29 06:00,2022-12-29 17:45,6.1,9822.0,2022-12-30 01:15,2023-09-12_0900_
Мелиана,БНТ-Б,Артис,8,2022-12-28 04:00,2022-12-28 13:20,2022-12-28 16:00,2022-12-31 17:30,4.4,1800.0,2022-12-31 23:35,2023-09-12_0900_
Алматы,ЕАО-М,КТО,4,2022-12-30 23:30,2022-12-31 01:30,2022-12-31 12:00,2023-01-01 05:00,5.25,7676.0,2023-01-01 12:05,2024-02-19_0852_
Абай,ЕАО-М,КТО,5,2022-12-31 00:30,2022-12-31 14:30,2023-01-01 02:10,2023-01-01 10:45,5.25,7671.0,2023-01-01 17:05,2024-02-19_0852_
ВФ Танкер -18,,,8,2022-12-15 03:15,2023-01-01 04:40,,,,,2023-01-01 17:15,2024-02-19_0852_
ТК Актау,ЕАО-М,КТО,4,2022-12-31 20:15,2023-01-01 13:00,2023-01-01 14:50,2023-01-01 22:40,5.3,7678.0,2023-01-02 05:10,2024-02-19_0852_
Казахстан,ЕАО-М,КТО,5,2023-01-01 16:30,2023-01-01 18:00,2023-01-01 20:00,2023-01-02 04:15,5.25,7682.0,2023-01-02 12:30,2024-02-19_0852_
Баку,БНТ,Артис,8,2022-12-27 23:10,2023-01-01 23:30,2023-01-02 03:30,2023-01-02 17:00,4.6,6525.0,2023-01-03 11:20,2024-02-19_0852_
п.К.Рахманинов,,,8,2022-12-28 10:00,2022-12-30 17:50,,,,,2023-01-04 09:15,2024-02-19_0852_
Алматы,ЕАО-М,КТО,4,2023-01-04 08:50,2023-01-04 11:25,2023-01-04 13:10,2023-01-04 21:00,5.25,7683.0,2023-01-05 03:45,2024-02-19_0852_
Абай,ЕАО-М,КТО,5,2023-01-04 14:30,2023-01-04 15:45,2023-01-04 18:00,2023-01-05 02:50,5.25,7679.0,2023-01-05 11:30,2024-02-19_0852_
ТК Актау,ЕАО-М,КТО,5,2023-01-05 10:00,2023-01-05 13:20,2023-01-05 15:35,2023-01-06 00:30,5.3,7684.0,2023-01-06 07:20,2024-02-19_0852_
Джаббар Гашимов,ЕАО-Б,КТО,4,2023-01-04 20:00,2023-01-05 11:00,2023-01-05 14:00,2023-01-06 00:45,6.1,9840.0,2023-01-06 07:50,2024-02-19_0852_
Казахстан,ЕАО-М,КТО,4,2023-01-05 15:30,2023-01-07 10:00,2023-01-07 11:45,2023-01-07 20:00,5.25,7684.0,2023-01-08 13:00,2024-02-19_0852_
Астана,ЕАО-М,КТО,4,2023-01-08 17:15,2023-01-08 19:00,2023-01-08 22:35,2023-01-09 07:00,5.15,7478.0,2023-01-09 17:25,2024-02-19_0852_
Азербайджан,БНТ,Артис,8,2023-01-02 06:35,2023-01-04 10:25,2023-01-04 13:45,2023-01-09 21:30,4.05,5011.355,2023-01-10 05:00,2024-02-19_0852_
Абай,ЕАО-М,КТО,4,2023-01-09 18:30,2023-01-09 21:10,2023-01-10 00:00,2023-01-10 08:35,5.15,7480.0,2023-01-10 15:50,2024-02-19_0852_
ТК Актау,ЕАО-М,КТО,5,2023-01-09 14:45,2023-01-09 16:00,2023-01-09 18:10,2023-01-10 02:20,5.3,7476.0,2023-01-16 07:55,2024-02-19_0852_
Шуша,ЕАО-Б,КТО,4,2023-01-09 19:45,2023-01-10 19:35,2023-01-11 00:35,2023-01-11 12:20,6.0,10074.0,2023-01-16 16:25,2024-02-19_0852_
Мелиана,БНТ,Артис,4,2023-01-11 00:40,2023-01-11 01:45,2023-01-11 05:45,2023-01-14 17:30,4.5,1800.0,2023-01-17 23:05,2024-02-19_0852_
ВФ Танкер -18,,,8,2023-01-01 18:15,2023-01-17 11:10,,,,,2023-01-18 02:00,2024-02-19_0852_
ACRUX STAR,ЕАО-Б,КТО,5,2023-01-09 14:30,2023-01-17 13:30,2023-01-17 17:40,2023-01-18 05:20,6.0,9973.0,2023-01-18 14:05,2024-02-19_0852_
Казахстан,ЕАО-М,КТО,4,2023-01-17 17:00,2023-01-17 23:50,2023-01-18 01:30,2023-01-18 09:00,4.7,6448.0,2023-01-18 16:20,2024-02-19_0852_
Алматы,ЕАО-М,КТО,5,2023-01-18 12:45,2023-01-18 16:00,2023-01-18 17:45,2023-01-19 01:30,4.7,6437.0,2023-01-19 07:40,2024-02-19_0852_
Азербайджан,БНТ,Артис,8,2023-01-16 22:15,2023-01-19 00:00,2023-01-19 03:55,2023-01-19 14:30,4.6,6501.785,2023-01-19 20:15,2024-02-19_0852_
Астана,ЕАО-М,КТО,5,2023-01-19 10:30,2023-01-19 12:50,2023-01-19 14:35,2023-01-19 21:45,4.7,6317.0,2023-01-20 05:00,2024-02-19_0852_
Джаббар Гашимов,ЕАО-Б,КТО,4,2023-01-17 20:30,2023-01-19 10:50,2023-01-19 14:20,2023-01-20 00:05,5.8,9144.0,2023-01-20 07:30,2024-02-19_0852_
Ак.Гасан.Алиев,ПАРОМ,,8,2023-01-18 23:50,2023-01-19 22:30,,,,,2023-01-20 23:25,2024-02-19_0852_
Профессор Гюль,ПАРОМ,,8,2023-01-20 01:30,2023-01-21 00:35,,,,,2023-01-21 16:15,2024-02-19_0852_
Шеки,ПАРОМ,,8,2023-01-20 03:30,2023-01-21 17:00,,,,,2023-01-22 06:35,2024-02-19_0852_
Зарифа Алиева,ПАРОМ,,8,2023-01-21 16:30,2023-01-22 07:35,,,,,2023-01-23 02:40,2024-02-19_0852_
Азербайджан,ПАРОМ,,8,2023-01-21 19:00,2023-01-23 03:30,,,,,2023-01-24 04:10,2024-02-19_0852_
ВФ Танкер -21,,,4,2022-12-03 21:00,2023-01-10 03:50,,,,,2023-01-24 23:10,2023-09-12_0900_
ВФ Танкер-21,,,4,2022-12-03 21:00,2023-01-10 03:50,,,,,2023-01-24 23:10,2024-02-19_0852_
ТК Актау,ЕАО-М,КТО,4,2023-01-25 07:45,2023-01-25 10:55,,,,,2023-01-25 14:00,2024-02-19_0852_
Ходжаванд,ЕАО-М,КТО,5,2023-01-25 06:50,2023-01-25 07:40,2023-01-25 11:00,2023-01-25 21:20,4.65,6482.0,2023-01-26 03:45,2024-02-19_0852_
Абай,ЕАО-М,КТО,4,2023-01-25 11:00,2023-01-25 15:20,2023-01-25 17:30,2023-01-26 02:05,5.0,6992.0,2023-01-26 08:00,2024-02-19_0852_
ТК Актау,ЕАО-М,КТО,5,2023-01-25 14:50,2023-01-26 07:35,2023-01-26 08:45,2023-01-26 17:10,5.0,6971.0,2023-01-26 23:35,2024-02-19_0852_
Алматы,ЕАО-М,КТО,4,2023-01-26 08:40,2023-01-26 10:00,2023-01-26 13:15,2023-01-26 21:00,5.0,6985.0,2023-01-27 03:35,2024-02-19_0852_
Казахстан,ЕАО-М,КТО,5,2023-01-26 10:30,2023-01-27 00:10,2023-01-27 02:30,2023-01-27 10:40,5.0,6982.0,2023-01-27 15:35,2024-02-19_0852_
Мелиана,БНТ,Артис,8,2023-01-24 00:30,2023-01-24 05:45,2023-01-24 09:45,2023-01-27 11:00,4.5,1800.0,2023-01-27 23:10,2024-02-19_0852_
Шуша,ЕАО-Б,КТО,4,2023-01-26 04:30,2023-01-27 04:20,2023-01-27 08:20,2023-01-27 19:40,6.0,10081.0,2023-01-28 03:15,2024-02-19_0852_
Астана,ЕАО-М,КТО,5,2023-01-27 11:10,2023-01-27 20:00,2023-01-27 22:45,2023-01-28 06:45,5.0,6822.0,2023-01-28 12:20,2024-02-19_0852_
Профессор Азиз Алиев,TOTAL-Б,КТО,5,2023-01-29 02:00,2023-01-29 03:15,2023-01-29 09:30,2023-01-29 16:00,3.45,4714.0,2023-01-29 23:55,2024-02-19_0852_
Абай,ЕАО-М,КТО,4,2023-01-29 11:00,2023-01-29 12:15,2023-01-29 14:30,2023-01-29 22:30,5.0,6982.0,2023-01-30 03:15,2024-02-19_0852_
Нафталан,TOTAL-Б,КТО,5,2023-01-29 08:15,2023-01-30 11:50,2023-01-30 14:40,2023-01-30 18:30,3.4,2687.0,2023-01-31 01:35,2024-02-19_0852_
Ходжаванд,ЕАО-М,КТО,4,2023-01-30 00:00,2023-01-30 10:20,2023-01-30 12:45,2023-01-30 20:45,4.65,6483.0,2023-01-31 03:05,2024-02-19_0852_
Азербайджан,БНТ,Артис,8,2023-01-24 15:35,2023-01-28 00:10,2023-01-28 04:10,2023-01-31 23:40,3.8,4500.0,2023-02-01 06:40,2024-02-19_0852_
Алматы,ЕАО-М,КТО,5,2023-01-30 08:00,2023-01-31 12:50,2023-01-31 15:15,2023-02-01 07:00,5.0,6956.0,2023-02-01 15:30,2024-02-19_0852_
Казахстан,ЕАО-М,КТО,4,2023-01-30 18:00,2023-02-01 11:45,2023-02-01 13:30,2023-02-01 22:00,5.0,6984.0,2023-02-02 05:55,2024-02-19_0852_
Астана,ЕАО-М,КТО,5,2023-01-31 08:30,2023-02-01 16:10,2023-02-01 18:15,2023-02-02 02:30,5.0,6963.0,2023-02-02 10:40,2024-02-19_0852_
Абай,ЕАО-М,КТО,4,2023-02-02 00:30,2023-02-02 13:00,2023-02-02 15:30,2023-02-02 23:30,5.0,6977.0,2023-02-03 06:20,2024-02-19_0852_
Ходжаванд,TOTAL-Б,КТО,5,2023-02-03 03:45,2023-02-03 11:30,2023-02-03 15:00,2023-02-03 23:00,4.6,6479.0,2023-02-04 18:05,2024-02-19_0852_
Алматы,ЕАО-М,КТО,4,2023-02-04 13:00,2023-02-04 19:00,2023-02-04 22:35,2023-02-05 06:00,5.0,6983.0,2023-02-05 13:00,2024-02-19_0852_
Казахстан,ЕАО-М,КТО,5,2023-02-05 19:30,2023-02-05 21:00,2023-02-05 23:15,2023-02-06 07:00,5.0,6983.0,2023-02-06 14:35,2024-02-19_0852_
Астана,ЕАО-М,КТО,4,2023-02-05 22:30,2023-02-05 23:45,2023-02-06 02:35,2023-02-06 10:30,5.0,6973.0,2023-02-06 17:30,2024-02-19_0852_
Абай,ЕАО-М,КТО,4,2023-02-07 05:30,2023-02-07 06:30,2023-02-07 08:30,2023-02-07 16:00,5.0,6974.0,2023-02-08 00:25,2024-02-19_0852_
ВФ Танкер -18,,,8,2023-01-01 18:15,2023-02-08 05:40,,,,,2023-02-09 10:50,2024-02-19_0852_
Алматы,ЕАО-М,КТО,4,2023-02-08 15:15,2023-02-08 16:30,2023-02-08 19:00,2023-02-09 04:00,5.0,6992.0,2023-02-09 12:20,2024-02-19_0852_
ТК Актау,ЕАО-М,КТО,5,2023-01-29 17:10,2023-02-07 12:50,2023-02-09 00:15,2023-02-09 08:30,5.0,6841.0,2023-02-09 15:15,2024-02-19_0852_
Азербайджан,БНТ,Артис,8,2023-02-06 00:50,2023-02-09 11:50,2023-02-09 15:20,2023-02-10 06:10,4.6,6504.803,2023-02-10 13:40,2024-02-19_0852_
Ш.И.Хатай,БУЗАЧИ НЕФТЬ,КТО,4,2023-02-07 23:30,2023-02-09 16:50,2023-02-09 20:00,2023-02-10 08:30,6.05,9981.0,2023-02-10 16:00,2024-02-19_0852_
Казахстан,ЕАО-М,КТО,4,2023-02-11 05:00,2023-02-11 06:10,2023-02-11 08:15,2023-02-11 15:40,5.0,6981.0,2023-02-11 22:00,2024-02-19_0852_
Астана,ЕАО-М,КТО,4,2023-02-13 16:20,2023-02-13 17:30,2023-02-13 19:45,2023-02-14 04:00,5.0,6971.0,2023-02-16 01:40,2024-02-19_0852_
Абай,ЕАО-М,КТО,5,2023-02-15 05:00,2023-02-16 23:55,2023-02-17 02:00,2023-02-17 10:00,5.0,6986.0,2023-02-17 16:15,2024-02-19_0852_
Алматы,ЕАО-М,КТО,4,2023-02-15 22:00,2023-02-17 01:40,2023-02-17 05:30,2023-02-17 13:30,5.0,6986.0,2023-02-17 22:35,2024-02-19_0852_
ТК Актау,ЕАО-М,КТО,5,2023-02-16 02:20,2023-02-17 21:25,2023-02-17 23:15,2023-02-18 06:40,5.0,6849.0,2023-02-18 14:30,2024-02-19_0852_
Казахстан,ЕАО-М,КТО,4,2023-02-16 20:00,2023-02-17 23:30,2023-02-18 01:30,2023-02-18 09:20,5.0,6983.0,2023-02-18 16:20,2024-02-19_0852_
Ш.И.Хатай,TOTAL-Б,КТО,5,2023-02-17 13:30,2023-02-18 15:50,2023-02-18 19:30,2023-02-19 06:30,6.1,10085.0,2023-02-19 16:00,2024-02-19_0852_
Ходжаванд,TOTAL-Б,КТО,4,2023-02-17 19:00,2023-02-18 17:10,2023-02-18 20:10,2023-02-19 09:00,4.6,6481.0,2023-02-19 17:30,2024-02-19_0852_
Мелиана,,,8,2023-02-02 14:30,2023-02-13 15:40,,,,,2023-02-19 23:40,2024-02-19_0852_
Астана,ЕАО-М,КТО,5,2023-02-19 04:50,2023-02-19 17:20,2023-02-19 19:05,2023-02-20 02:50,5.0,6989.0,2023-02-20 10:55,2024-02-19_0852_
Алматы,ЕАО-М,КТО,4,2023-02-20 10:50,2023-02-20 12:05,2023-02-20 14:30,2023-02-20 22:30,5.0,6991.0,2023-02-21 19:50,2024-02-19_0852_
Абай,ЕАО-М,КТО,5,2023-02-20 20:00,2023-02-20 21:25,2023-02-20 23:45,2023-02-21 07:30,5.0,6979.0,2023-02-21 21:25,2024-02-19_0852_
ТК Актау,ЕАО-М,КТО,5,2023-02-21 13:10,2023-02-21 22:25,2023-02-22 00:40,2023-02-22 08:15,5.0,6853.0,2023-02-22 19:40,2024-02-19_0852_
Казахстан,ЕАО-М,КТО,4,2023-02-22 16:00,2023-02-22 16:00,2023-02-22 23:15,2023-02-23 08:00,5.0,6975.0,2023-02-23 19:40,2024-02-19_0852_
Астана,ЕАО-М,КТО,5,2023-02-23 19:00,2023-02-23 21:25,2023-02-24 01:20,2023-02-24 09:30,5.0,6970.0,2023-02-24 16:20,2024-02-19_0852_
Джаббар Гашимов,TOTAL-Б,КТО,4,2023-02-23 21:45,2023-02-24 01:15,2023-02-24 04:45,2023-02-24 15:00,5.95,9151.0,2023-02-25 01:10,2024-02-19_0852_
Алматы,ЕАО-М,КТО,5,2023-02-24 12:00,2023-02-24 17:20,2023-02-24 19:45,2023-02-25 03:30,5.0,6974.0,2023-02-26 23:15,2024-02-19_0852_
Абай,ЕАО-М,КТО,4,2023-02-24 22:00,2023-02-25 02:00,2023-02-25 04:00,2023-02-25 11:30,5.0,6978.0,2023-02-26 23:45,2024-02-19_0852_
Шуша,TOTAL-Б,КТО,5,2023-02-27 22:20,2023-02-27 23:30,2023-02-28 02:30,2023-02-28 11:45,5.1,7815.0,2023-02-28 18:25,2024-02-19_0852_
Казахстан,ЕАО-М,КТО,4,2023-02-27 06:00,2023-02-27 22:40,2023-02-28 17:20,2023-03-01 00:00,5.0,6987.0,2023-03-01 08:10,2024-02-19_0852_
Астана,ЕАО-М,КТО,5,2023-02-27 15:20,2023-03-01 05:00,2023-03-01 07:20,2023-03-01 14:40,5.0,6981.0,2023-03-01 22:30,2024-02-19_0852_
ТК Актау,ЕАО-М,КТО,4,2023-02-25 11:00,2023-03-01 09:10,2023-03-01 11:10,2023-03-01 18:30,5.0,6853.0,2023-03-02 00:40,2024-02-19_0852_
Костанай,,,8,2022-11-29 22:15,2023-01-25 00:15,,,,,2023-03-02 01:05,2024-02-19_0852_
Алматы,ЕАО-М,КТО,5,2023-03-02 10:15,2023-03-02 12:00,2023-03-02 15:15,2023-03-02 23:00,5.0,6981.0,2023-03-03 06:05,2024-02-19_0852_
Абай,ЕАО-М,КТО,4,2023-03-02 12:30,2023-03-02 14:00,2023-03-02 16:30,2023-03-03 00:00,5.0,6984.0,2023-03-03 07:10,2024-02-19_0852_
Казахстан,ЕАО-М,КТО,4,2023-03-04 08:00,2023-03-04 09:50,2023-03-04 12:05,2023-03-04 20:00,5.0,6984.0,2023-03-05 03:05,2024-02-19_0852_
Астана,ЕАО-М,КТО,4,2023-03-05 09:20,2023-03-05 10:40,2023-03-05 12:40,2023-03-05 20:30,5.0,6921.0,2023-03-06 02:15,2024-02-19_0852_
Алматы,ЕАО-М,КТО,5,2023-03-05 18:20,2023-03-05 19:20,2023-03-05 23:00,2023-03-06 06:30,5.0,6980.0,2023-03-07 18:40,2024-02-19_0852_
Абай,ЕАО-М,КТО,4,2023-03-06 14:30,2023-03-06 19:20,2023-03-06 22:30,2023-03-07 06:00,5.0,6981.0,2023-03-07 23:50,2024-02-19_0852_
ТК Актау,БУЗАЧИ НЕФТЬ -Б,КТО,5,2023-03-04 13:00,2023-03-07 19:45,2023-03-07 23:40,2023-03-08 07:30,5.05,6986.0,2023-03-08 20:20,2024-02-19_0852_
Казахстан,ЕАО-М,КТО,4,2023-03-08 12:30,2023-03-08 14:00,2023-03-08 15:45,2023-03-08 23:00,5.0,6988.0,2023-03-09 05:30,2024-02-19_0852_
Астана,ЕАО-М,КТО,4,2023-03-09 17:30,2023-03-09 18:50,2023-03-09 23:05,2023-03-10 06:30,5.0,6992.0,2023-03-10 13:25,2024-02-19_0852_
Алматы,ЕАО-М,КТО,4,2023-03-10 15:00,2023-03-10 16:10,2023-03-10 20:00,2023-03-11 05:00,5.0,6989.0,2023-03-11 14:45,2024-02-19_0852_
Ш.И.Хатай,BB ENERGY-Б,Терминалекс,5,2023-03-10 07:45,2023-03-10 09:15,2023-03-10 12:00,2023-03-11 07:30,6.1,10112.807,2023-03-11 18:30,2024-02-19_0852_
Абай,ЕАО-М,КТО,4,2023-03-10 20:30,2023-03-11 16:00,2023-03-11 19:15,2023-03-12 03:00,5.0,6972.0,2023-03-13 21:30,2024-02-19_0852_
Караганда,,,10,2022-12-03 21:00,2023-02-20 01:30,,,,,2023-03-13 23:50,2024-02-19_0852_
ТК Актау,TOTAL-Б,КТО,5,2023-03-12 03:00,2023-03-13 11:50,2023-03-13 15:15,2023-03-14 02:15,6.1,9387.0,2023-03-14 16:55,2024-02-19_0852_
Казахстан,ЕАО-М,КТО,4,2023-03-12 19:00,2023-03-13 23:00,2023-03-14 01:35,2023-03-14 09:00,5.0,6972.0,2023-03-14 18:55,2024-02-19_0852_
Костанай,,,,2022-11-29 22:15,,,,,,2023-03-16 21:50,2024-02-19_0852_
Караганда,,,,2022-12-03 21:00,,,,,,2023-03-16 22:00,2024-02-19_0852_
Астана,ЕАО-М,КТО,5,2023-03-13 17:10,2023-03-14 17:40,2023-03-14 22:30,2023-03-15 06:40,5.0,6980.0,2023-03-17 18:15,2024-02-19_0852_
Алматы,ЕАО-М,КТО,4,2023-03-15 10:05,2023-03-15 11:30,2023-03-15 13:45,2023-03-15 21:45,5.0,6985.0,2023-03-17 19:20,2024-02-19_0852_
Азербайджан,БНТ-Б,Артис,8,2023-03-01 22:20,2023-03-02 02:20,2023-03-02 06:35,2023-03-02 20:30,4.6,6511.05,2023-03-17 22:15,2024-02-19_0852_
ВФ Танкер -18,,,10,2023-01-01 18:15,2023-03-14 00:35,,,,,2023-03-18 16:35,2024-02-19_0852_
Абай,ЕАО-М,КТО,4,2023-03-18 10:30,2023-03-18 11:45,2023-03-18 15:00,2023-03-18 23:00,5.0,6967.0,2023-03-19 06:20,2024-02-19_0852_
Ак.Хошбахт Юсифзаде,INCS-Б,КТО,5,2023-03-18 16:00,2023-03-18 17:30,2023-03-18 23:10,2023-03-19 09:35,4.5,6900.0,2023-03-19 21:10,2024-02-19_0852_
ТК Актау,TOTAL-Б,КТО,4,2023-03-19 05:20,2023-03-19 07:30,2023-03-19 11:50,2023-03-19 21:30,6.0,9155.0,2023-03-20 04:05,2024-02-19_0852_
Казахстан,ЕАО-М,КТО,5,2023-03-19 07:00,2023-03-19 23:30,2023-03-20 01:30,2023-03-20 09:15,5.0,6970.0,2023-03-20 19:30,2024-02-19_0852_
Алматы,ЕАО-М,КТО,4,2023-03-20 10:00,2023-03-20 11:15,2023-03-20 14:00,2023-03-20 21:20,5.0,6978.0,2023-03-21 04:40,2024-02-19_0852_
Астана,ЕАО-М,КТО,5,2023-03-20 14:00,2023-03-20 21:25,2023-03-21 05:00,2023-03-21 12:30,5.0,6980.0,2023-03-21 22:30,2024-02-19_0852_
Президент Г.Алиев,ТШО-Б,КТО,4,2023-03-20 13:00,2023-03-21 06:00,2023-03-21 10:20,2023-03-21 23:15,6.0,9959.0,2023-03-22 07:25,2023-09-12_0900_
Пр.Гейдар Алиев,ТШО-Б,КТО,4,2023-03-20 13:00,2023-03-21 06:00,2023-03-21 10:20,2023-03-21 23:15,6.0,9959.0,2023-03-22 07:25,2024-02-19_0852_
Абай,ЕАО-М,КТО,5,2023-03-22 11:00,2023-03-22 12:15,2023-03-22 14:30,2023-03-22 22:00,5.0,6985.0,2023-03-23 04:10,2024-02-19_0852_
Казахстан,ЕАО-М,КТО,5,2023-03-23 13:30,2023-03-23 15:00,2023-03-23 17:50,2023-03-24 01:20,5.0,6980.0,2023-03-24 07:50,2024-02-19_0852_
ТК Актау,TOTAL-Б,КТО,4,2023-03-23 17:10,2023-03-23 18:10,2023-03-23 21:30,2023-03-24 11:00,6.0,9143.0,2023-03-24 17:40,2024-02-19_0852_
Алматы,ЕАО-М,КТО,5,2023-03-23 20:00,2023-03-24 11:20,2023-03-24 14:20,2023-03-24 22:30,5.0,6976.0,2023-03-26 12:20,2024-02-19_0852_
Азербайджан,БНТ-Б,Артис,8,2023-03-21 03:45,2023-03-24 15:25,2023-03-24 19:30,2023-03-25 08:25,4.6,6506.167,2023-03-26 14:40,2024-02-19_0852_
Президент Г.Алиев,БУЗАЧИ НЕФТЬ - Б,КТО,4,2023-03-25 23:20,2023-03-26 17:10,2023-03-26 21:00,2023-03-27 09:00,6.0,9976.0,2023-03-27 15:55,2023-09-12_0900_
Пр.Гейдар Алиев,БУЗАЧИ НЕФТЬ - Б,КТО,4,2023-03-25 23:20,2023-03-26 17:10,2023-03-26 21:00,2023-03-27 09:00,6.0,9976.0,2023-03-27 15:55,2024-02-19_0852_
Шуша,ТШО-Б,КТО,5,2023-03-24 15:15,2023-03-27 11:15,2023-03-27 14:20,2023-03-28 00:45,5.75,9262.0,2023-03-28 09:35,2024-02-19_0852_
Джаббар Гашимов,TOTAL - Б,КТО,4,2023-03-27 14:30,2023-03-27 17:10,2023-03-27 18:40,2023-03-28 10:00,6.0,9140.0,2023-03-29 01:30,2024-02-19_0852_
Абай,ЕАО-М,КТО,5,2023-03-27 21:30,2023-03-28 10:30,2023-03-28 12:30,2023-03-28 20:15,5.0,6978.0,2023-03-29 03:00,2024-02-19_0852_
Астана,TOTAL - Б,КТО,5,2023-03-27 11:50,2023-03-29 13:15,2023-03-29 21:30,2023-03-30 08:50,5.2,7474.0,2023-04-02 13:40,2024-02-19_0852_
Казахстан,ЕАО-М,КТО,4,2023-03-28 20:30,2023-03-29 16:35,2023-03-30 15:40,2023-04-01 04:20,5.0,6989.0,2023-04-02 15:30,2024-02-19_0852_
Мелиана,БНТ-Б,Артис,8,2023-03-30 08:00,2023-03-30 09:20,2023-03-30 19:30,2023-03-31 16:30,4.6,2113.556,2023-04-02 16:05,2024-02-19_0852_
ТК Актау,ЕАО-М,КТО,5,2023-03-29 11:00,2023-04-02 14:30,2023-04-02 16:30,2023-04-03 00:00,5.0,6812.0,2023-04-03 06:50,2024-02-19_0852_
Алматы,ЕАО-М,КТО,4,2023-03-29 10:00,2023-04-02 17:00,2023-04-02 19:00,2023-04-03 02:25,5.0,6980.0,2023-04-03 11:15,2024-02-19_0852_
Азербайджан,БНТ-Б,Артис,8,2023-04-03 10:40,2023-04-03 12:05,2023-04-03 15:00,2023-04-04 03:50,4.6,6500.0,2023-04-04 15:15,2024-02-19_0852_
Казахстан,ЕАО-М,КТО,4,2023-04-05 13:20,2023-04-05 14:30,2023-04-05 16:25,2023-04-06 00:10,5.0,6988.0,2023-04-06 07:10,2024-02-19_0852_
Джаббар Гашимов,TOTAL - Б,КТО,5,2023-04-05 07:15,2023-04-05 10:55,2023-04-05 14:30,2023-04-06 02:05,6.0,9265.0,2023-04-06 09:20,2024-02-19_0852_
ТК Актау,ТШО-Б,КТО,5,2023-04-05 18:00,2023-04-06 11:10,2023-04-06 16:30,2023-04-07 02:30,5.95,9099.0,2023-04-07 11:15,2024-02-19_0852_
Алматы,ЕАО-М,КТО,4,2023-04-06 17:50,2023-04-06 19:20,2023-04-06 23:00,2023-04-07 06:45,5.0,6980.0,2023-04-07 15:10,2024-02-19_0852_
Абай,ЕАО-М,КТО,4,2023-04-07 17:00,2023-04-07 18:20,2023-04-07 20:30,2023-04-08 04:00,5.0,6976.0,2023-04-08 11:00,2024-02-19_0852_
ВФ Танкер -18,,,10,2023-03-18 17:10,2023-04-07 07:45,,,,,2023-04-08 11:45,2024-02-19_0852_
Караганда,БНТ-Б,Артис,8,2023-04-05 08:00,2023-04-05 09:25,2023-04-07 00:10,2023-04-07 16:50,4.2,6505.0,2023-04-08 13:10,2024-02-19_0852_
Казахстан,ЕАО-М,КТО,4,2023-04-09 00:05,2023-04-09 01:25,2023-04-09 03:15,2023-04-09 10:40,5.0,6968.0,2023-04-09 16:30,2024-02-19_0852_
Астана,ТШО-Б,КТО,5,2023-04-08 22:00,2023-04-08 23:00,2023-04-09 02:40,2023-04-09 12:30,6.0,9314.0,2023-04-09 22:20,2024-02-19_0852_
Мелиана,БНТ-Б,Артис,8,2023-04-07 17:15,2023-04-08 14:40,2023-04-09 08:30,2023-04-09 17:30,4.8,2100.0,2023-04-10 00:15,2024-02-19_0852_
Алматы,ЕАО-М,КТО,4,2023-04-10 07:40,2023-04-10 09:05,2023-04-10 11:35,2023-04-10 18:45,5.0,6987.0,2023-04-11 01:50,2024-02-19_0852_
Абай,ЕАО-М,КТО,4,2023-04-11 06:00,2023-04-11 07:30,2023-04-11 10:30,2023-04-11 17:30,5.0,6983.0,2023-04-13 01:10,2024-02-19_0852_
Президент Г.Алиев,ТШО-Б,КТО,5,2023-04-10 20:15,2023-04-10 23:05,2023-04-11 01:55,2023-04-11 12:30,6.0,9878.0,2023-04-13 02:40,2023-09-12_0900_
Пр.Гейдар Алиев,ТШО-Б,КТО,5,2023-04-10 20:15,2023-04-10 23:05,2023-04-11 01:55,2023-04-11 12:30,6.0,9878.0,2023-04-13 02:40,2024-02-19_0852_
Казахстан,ЕАО-М,КТО,4,2023-04-12 14:30,2023-04-13 02:20,2023-04-13 04:25,2023-04-13 12:30,5.0,6993.0,2023-04-13 19:50,2024-02-19_0852_
ТК Актау,ТШО-Б,КТО,5,2023-04-10 20:15,2023-04-13 03:30,2023-04-13 06:10,2023-04-13 16:30,6.05,9332.0,2023-04-13 23:05,2024-02-19_0852_
Азербайджан,БНТ-Б,Артис,8,2023-04-09 21:50,2023-04-12 22:05,2023-04-14 18:25,2023-04-15 11:50,4.6,6504.042,2023-04-16 18:40,2024-02-19_0852_
Шуша,ТШО-Б,КТО,4,2023-04-12 08:30,2023-04-13 21:30,2023-04-14 00:00,2023-04-14 11:00,5.9,9979.0,2023-04-16 19:45,2024-02-19_0852_
Алматы,ЕАО-М,КТО,5,2023-04-13 16:50,2023-04-14 00:20,2023-04-14 02:45,2023-04-14 09:55,5.0,6974.0,2023-04-16 20:20,2024-02-19_0852_
Абай,ЕАО-М,КТО,5,2023-04-16 19:30,2023-04-16 22:50,2023-04-17 01:30,2023-04-17 09:00,5.0,6983.0,2023-04-17 15:40,2024-02-19_0852_
Астана,ТШО-Б,КТО,4,2023-04-14 02:45,2023-04-17 01:15,2023-04-17 03:55,2023-04-17 13:50,6.0,9406.0,2023-04-17 22:30,2024-02-19_0852_
Казахстан,ЕАО-М,КТО,4,2023-04-16 23:00,2023-04-17 23:55,2023-04-18 01:45,2023-04-18 09:10,5.0,6991.0,2023-04-19 00:15,2024-02-19_0852_
Костанай,ЕАО-М,КТО,8,2023-04-17 02:10,2023-04-17 17:00,2023-04-18 02:05,2023-04-18 11:30,4.2,6306.0,2023-04-20 23:00,2024-02-19_0852_
Президент Г.Алиев,ТШО-Б,КТО,4,2023-04-18 21:10,2023-04-19 22:45,2023-04-20 01:45,2023-04-20 14:00,6.0,9971.0,2023-04-21 00:30,2023-09-12_0900_
Пр.Гейдар Алиев,ТШО-Б,КТО,4,2023-04-18 21:10,2023-04-19 22:45,2023-04-20 01:45,2023-04-20 14:00,6.0,9971.0,2023-04-21 00:30,2024-02-19_0852_
Джаббар Гашимов,БУЗАЧИ НЕФТЬ-Б,КТО,5,2023-04-19 03:30,2023-04-19 23:35,2023-04-20 10:45,2023-04-20 21:00,6.0,9255.0,2023-04-21 19:50,2024-02-19_0852_
ТК Актау,ТШО-Б,КТО,4,2023-04-19 07:30,2023-04-21 17:40,2023-04-21 21:00,2023-04-22 07:00,6.0,9369.0,2023-04-22 13:45,2024-02-19_0852_
Алматы,ЕАО-М,КТО,5,2023-04-21 09:30,2023-04-21 21:50,2023-04-21 23:45,2023-04-22 07:30,5.0,6976.0,2023-04-22 15:00,2024-02-19_0852_
Абай,ЕАО-М,КТО,4,2023-04-21 13:00,2023-04-22 14:20,2023-04-22 16:15,2023-04-22 23:30,5.0,6990.0,2023-04-23 08:00,2024-02-19_0852_
Казахстан,ЕАО-М,КТО,5,2023-04-22 06:00,2023-04-22 15:55,2023-04-22 19:15,2023-04-23 02:45,5.0,6990.0,2023-04-23 10:40,2024-02-19_0852_
Мелиана,БНТ-Б,Артис,8,2023-04-18 11:45,2023-04-20 22:05,2023-04-23 09:00,2023-04-23 21:30,4.5,2150.255,2023-04-24 01:30,2024-02-19_0852_
Шуша,ТШО-Б,КТО,4,2023-04-20 11:00,2023-04-23 09:35,2023-04-23 12:00,2023-04-23 23:00,6.0,9976.0,2023-04-24 21:20,2024-02-19_0852_
Ш.И.Хатай,BB ENERGY-Б,Терминалекс,5,2023-04-19 04:00,2023-04-23 11:50,2023-04-23 14:30,2023-04-24 09:00,6.0,9753.577,2023-04-25 15:15,2024-02-19_0852_
ВФ Танкер -18,,,8,2023-04-08 12:30,2023-04-25 14:20,,,,,2023-04-26 02:50,2024-02-19_0852_
Астана,ТШО-Б,КТО,5,2023-04-22 00:05,2023-04-25 17:00,2023-04-25 19:30,2023-04-26 05:30,6.0,9344.0,2023-04-26 22:40,2024-02-19_0852_
Алматы,ЕАО-М,КТО,4,2023-04-25 08:20,2023-04-26 10:45,2023-04-26 12:45,2023-04-26 20:00,5.0,6986.0,2023-04-27 01:55,2024-02-19_0852_
Костанай,ЕАО-М,КТО,8,2023-04-23 18:30,2023-04-25 14:55,2023-04-25 21:00,2023-04-26 03:55,4.2,6305.0,2023-04-27 03:10,2024-02-19_0852_
Абай,ЕАО-М,КТО,5,2023-04-25 23:20,2023-04-26 23:25,2023-04-27 02:05,2023-04-27 09:30,5.0,6986.0,2023-04-27 18:50,2024-02-19_0852_
Казахстан,ЕАО-М,КТО,4,2023-04-26 07:00,2023-04-27 02:50,2023-04-27 05:25,2023-04-27 12:50,5.0,6979.0,2023-04-27 19:10,2024-02-19_0852_
Арктурус Стар,,,10,2023-04-25 18:40,2023-04-25 23:15,,,,,2023-04-28 14:10,2024-02-19_0852_
Президент Г.Алиев,ТШО-Б,КТО,5,2023-04-24 15:00,2023-04-27 19:50,2023-04-27 22:45,2023-04-28 11:15,6.0,9977.0,2023-04-28 19:45,2023-09-12_0900_
Пр.Гейдар Алиев,ТШО-Б,КТО,5,2023-04-24 15:00,2023-04-27 19:50,2023-04-27 22:45,2023-04-28 11:15,6.0,9977.0,2023-04-28 19:45,2024-02-19_0852_
Деде Горгуд,TOTAL-Б,КТО,4,2023-04-20 11:30,2023-04-27 22:00,2023-04-28 01:15,2023-04-28 16:00,6.0,9990.0,2023-04-29 00:00,2024-02-19_0852_
Зенгезур,БУЗАЧИ НЕФТЬ-Б,КТО,5,2023-04-28 10:15,2023-04-28 21:45,2023-04-29 02:15,2023-04-29 11:30,5.7,8980.0,2023-04-29 19:35,2024-02-19_0852_
ТК Актау,ТШО-Б,КТО,4,2023-04-25 23:00,2023-04-29 17:45,2023-04-29 21:00,2023-04-30 07:30,6.0,9358.0,2023-04-30 15:20,2024-02-19_0852_
Алматы,ЕАО-М,КТО,4,2023-04-30 14:00,2023-04-30 16:15,2023-04-30 17:45,2023-04-30 23:55,5.0,6976.0,2023-05-01 13:55,2024-08-31_1803_
Костанай,ЕАО-М,КТО,5,2023-04-30 10:20,2023-04-30 11:30,2023-04-30 17:15,2023-04-30 23:50,4.2,6276.0,2023-05-01 14:15,2024-08-31_1803_
Азербайджан,БНТ-Б,Артис,8,2023-04-30 17:40,2023-04-30 18:40,2023-04-30 23:55,2023-05-01 12:40,4.6,6500.136,2023-05-01 18:45,2024-08-31_1803_
Абай,ЕАО-М,КТО,4,2023-04-30 15:00,2023-05-01 15:10,2023-05-01 17:00,2023-05-02 00:20,5.0,6976.0,2023-05-02 12:40,2024-08-31_1803_
Ак.Хошбахт Юсифзаде,TOTAL-Б,КТО,5,2023-04-29 18:45,2023-05-01 15:50,2023-05-01 19:20,2023-05-02 02:30,4.55,6914.0,2023-05-02 15:25,2024-08-31_1803_
Астана,ЕАО-М,КТО,4,2023-05-01 09:25,2023-05-02 13:55,2023-05-02 16:45,2023-05-02 23:50,5.0,6971.0,2023-05-03 22:55,2024-08-31_1803_
Казахстан,ЕАО-М,КТО,5,2023-05-01 12:00,2023-05-02 16:15,2023-05-02 17:50,2023-05-03 01:20,5.0,6977.0,2023-05-04 00:35,2024-08-31_1803_
Президент Г.Алиев,ТШО-Б,КТО,4,2023-05-03 22:00,2023-05-03 23:50,2023-05-04 02:30,2023-05-04 15:30,6.0,9974.0,2023-05-05 15:20,2023-09-12_0900_
Пр.Гейдар Алиев,ТШО-Б,КТО,4,2023-05-03 22:00,2023-05-03 23:50,2023-05-04 02:30,2023-05-04 15:30,6.0,9974.0,2023-05-05 15:20,2024-08-31_1803_
Караганда,,,8,2023-05-02 20:30,2023-05-03 22:30,,,,,2023-05-05 16:10,2024-08-31_1803_
ТК Актау,ТШО-Б,КТО,5,2023-05-05 05:20,2023-05-05 15:00,2023-05-05 18:30,2023-05-06 04:20,6.0,9355.0,2023-05-06 23:30,2024-08-31_1803_
Костанай,ЕАО-М,КТО,4,2023-05-05 14:50,2023-05-05 17:05,2023-05-05 22:45,2023-05-06 07:00,4.2,6290.0,2023-05-06 23:50,2024-08-31_1803_
Алматы,ЕАО-М,КТО,5,2023-05-05 16:50,2023-05-07 00:55,2023-05-07 02:45,2023-05-07 10:15,5.0,6974.0,2023-05-07 18:15,2024-08-31_1803_
Шуша,ТШО-Б,КТО,4,2023-05-06 07:45,2023-05-07 03:30,2023-05-07 06:00,2023-05-07 17:00,6.0,9970.0,2023-05-08 00:45,2024-08-31_1803_
Ходжаванд,БНТ-Б,Артис,8,2023-05-06 04:30,2023-05-06 22:50,2023-05-07 03:15,2023-05-07 16:30,4.62,6504.435,2023-05-08 02:30,2024-08-31_1803_
Абай,ЕАО-М,КТО,5,2023-05-07 08:00,2023-05-07 18:50,2023-05-07 22:15,2023-05-08 05:40,5.0,6986.0,2023-05-08 13:00,2024-08-31_1803_
Астана,ЕАО-М,КТО,4,2023-05-07 09:20,2023-05-08 02:00,2023-05-08 03:45,2023-05-08 11:00,5.0,6996.0,2023-05-08 18:10,2024-08-31_1803_
Казахстан,ЕАО-М,КТО,5,2023-05-08 03:00,2023-05-08 15:10,2023-05-08 17:40,2023-05-09 00:40,5.0,6974.0,2023-05-09 14:30,2024-08-31_1803_
Д.Мамедгулузаде,TOTAL-Б,КТО,4,2023-05-02 21:45,2023-05-08 19:15,2023-05-09 00:15,2023-05-09 09:30,4.6,6484.0,2023-05-10 02:10,2024-08-31_1803_
Костанай,ЕАО-М,КТО,8,2023-05-09 13:00,2023-05-09 15:20,2023-05-09 20:30,2023-05-10 05:30,4.2,6287.0,2023-05-10 23:40,2024-08-31_1803_
Алматы,ЕАО-М,КТО,5,2023-05-10 10:50,2023-05-10 12:00,2023-05-10 14:10,2023-05-10 21:20,5.0,6977.0,2023-05-11 04:00,2024-08-31_1803_
ТК Актау,ТШО-Б,КТО,4,2023-05-10 16:20,2023-05-10 17:25,2023-05-10 21:30,2023-05-11 08:20,6.0,9362.0,2023-05-11 15:55,2024-08-31_1803_
Абай,ЕАО-М,КТО,5,2023-05-11 07:30,2023-05-11 09:35,2023-05-11 12:40,2023-05-11 20:40,5.0,6980.0,2023-05-12 01:30,2024-08-31_1803_
Президент Г.Алиев,ТШО-Б,КТО,4,2023-05-10 18:30,2023-05-11 17:40,2023-05-11 21:00,2023-05-12 08:30,6.0,9976.0,2023-05-12 16:45,2023-09-12_0900_
Пр.Гейдар Алиев,ТШО-Б,КТО,4,2023-05-10 18:30,2023-05-11 17:40,2023-05-11 21:00,2023-05-12 08:30,6.0,9976.0,2023-05-12 16:45,2024-08-31_1803_
Астана,ЕАО-М,КТО,5,2023-05-11 14:50,2023-05-12 02:25,2023-05-12 04:00,2023-05-12 12:25,5.0,6969.0,2023-05-12 18:15,2024-08-31_1803_
Казахстан,ЕАО-М,КТО,4,2023-05-12 19:00,2023-05-12 21:10,2023-05-12 23:35,2023-05-13 06:30,5.0,6976.0,2023-05-13 14:15,2024-08-31_1803_
Мелиана,БНТ-Б,Артис,8,2023-04-28 16:15,2023-05-08 15:55,2023-05-12 23:30,2023-05-13 08:00,4.9,2150.0,2023-05-13 16:25,2024-08-31_1803_
Караганда,ЕАО-М,КТО,5,2023-05-13 12:40,2023-05-13 16:00,2023-05-13 21:20,2023-05-14 07:00,4.2,6474.0,2023-05-14 14:50,2024-08-31_1803_
Алматы,ЕАО-М,КТО,4,2023-05-13 20:30,2023-05-13 22:00,2023-05-14 04:30,2023-05-14 11:45,5.0,6978.0,2023-05-14 20:15,2024-08-31_1803_
Костанай,ЕАО-М,КТО,5,2023-05-13 12:30,2023-05-13 17:10,2023-05-14 22:00,2023-05-15 07:15,4.2,6478.0,2023-05-15 21:50,2024-08-31_1803_
Абай,ЕАО-М,КТО,4,2023-05-14 21:20,2023-05-15 02:00,2023-05-15 07:40,2023-05-15 15:00,5.0,6981.0,2023-05-15 22:45,2024-08-31_1803_
Астана,ТШО-Б,КТО,5,2023-05-15 16:45,2023-05-15 23:40,2023-05-16 02:15,2023-05-16 12:20,6.0,9419.0,2023-05-17 00:10,2024-08-31_1803_
Казахстан,ЕАО-М,КТО,4,2023-05-16 12:00,2023-05-16 13:35,2023-05-16 15:40,2023-05-16 23:30,5.0,6982.0,2023-05-17 06:00,2024-08-31_1803_
Шуша,ТШО-Б,КТО,5,2023-05-16 17:30,2023-05-17 01:10,2023-05-17 04:15,2023-05-17 15:00,6.0,9986.0,2023-05-18 02:35,2024-08-31_1803_
Караганда,ЕАО-М,КТО,4,2023-05-17 08:00,2023-05-17 09:30,2023-05-17 15:30,2023-05-17 23:35,4.2,6478.0,2023-05-18 07:00,2024-08-31_1803_
Алматы,ЕАО-М,КТО,5,2023-05-17 15:30,2023-05-18 03:25,2023-05-18 05:45,2023-05-18 13:00,5.0,6981.0,2023-05-18 21:25,2024-08-31_1803_
Нафталан,БНТ-Б,Артис,8,2023-05-18 01:00,2023-05-18 02:00,2023-05-18 07:20,2023-05-18 17:15,4.15,4500.0,2023-05-19 02:50,2024-08-31_1803_
Д.Мамедгулузаде,TOTAL-Б,КТО,4,2023-05-17 02:15,2023-05-18 14:30,2023-05-18 18:35,2023-05-19 03:30,4.6,6483.0,2023-05-19 12:30,2024-08-31_1803_
Костанай,ЕАО-М,КТО,5,2023-05-18 19:00,2023-05-18 23:55,2023-05-19 05:00,2023-05-19 14:00,4.2,6487.0,2023-05-19 21:50,2024-08-31_1803_
Абай,ЕАО-М,КТО,4,2023-05-18 22:50,2023-05-19 13:35,2023-05-19 15:30,2023-05-19 22:30,5.0,6981.0,2023-05-20 04:50,2024-08-31_1803_
ТК Актау,ТШО-Б,КТО,5,2023-05-16 19:20,2023-05-19 22:50,2023-05-20 01:30,2023-05-20 11:00,6.0,9353.0,2023-05-20 18:40,2024-08-31_1803_
ВФ Танкер -18,,,10,2023-04-26 03:40,2023-05-19 11:35,,,,,2023-05-20 23:20,2024-08-31_1803_
Бабек,TOTAL-Б,КТО,4,2023-05-19 13:10,2023-05-20 06:10,2023-05-20 09:10,2023-05-20 21:30,6.0,9986.0,2023-05-21 03:30,2024-08-31_1803_
Казахстан,ЕАО-М,КТО,5,2023-05-20 05:00,2023-05-20 19:30,2023-05-20 22:30,2023-05-21 05:10,4.85,6496.0,2023-05-21 11:20,2024-08-31_1803_
П.Г.Алиев,ТШО-Б,КТО,4,2023-05-20 12:40,2023-05-21 05:00,2023-05-21 08:15,2023-05-21 21:30,6.0,9977.0,2023-05-22 13:00,2023-09-12_0900_
Пр.Гейдар Алиев,ТШО-Б,КТО,4,2023-05-20 12:40,2023-05-21 05:00,2023-05-21 08:15,2023-05-21 21:30,6.0,9977.0,2023-05-22 13:00,2024-08-31_1803_
Джаббар Гашимов,BB ENERGY-Б,Терминалекс,5,2023-05-22 19:15,2023-05-22 22:15,2023-05-23 01:45,2023-05-23 18:30,6.0,9441.806,2023-05-24 02:30,2024-08-31_1803_
Алматы,ЕАО-М,КТО,4,2023-05-21 16:50,2023-05-23 17:35,2023-05-23 21:30,2023-05-24 04:45,5.0,6986.0,2023-05-24 12:45,2024-08-31_1803_
Караганда,,,8,2023-05-21 01:20,2023-05-24 12:05,,,,,2023-05-25 05:15,2024-08-31_1803_
ТК Актау,ТШО-Б,КТО,5,2023-05-24 04:40,2023-05-24 13:30,2023-05-24 16:00,2023-05-25 01:50,6.0,9360.0,2023-05-25 08:10,2024-08-31_1803_
Нафталан,БНТ-Б,Артис,8,2023-05-23 05:00,2023-05-25 12:30,2023-05-25 16:00,2023-05-26 01:45,4.1,4501.0,2023-05-26 15:20,2024-08-31_1803_
Астана,ТШО-Б,КТО,4,2023-05-21 01:40,2023-05-22 11:05,2023-05-25 18:30,2023-05-26 04:40,6.0,9354.0,2023-05-26 16:40,2024-08-31_1803_
Абай,ЕАО-М,КТО,4,2023-05-27 14:30,2023-05-27 15:45,2023-05-27 17:30,2023-05-28 00:30,5.0,6986.0,2023-05-28 06:50,2024-08-31_1803_
Шуша,ТШО-Б,КТО,5,2023-05-26 17:00,2023-05-27 13:10,2023-05-27 16:15,2023-05-28 03:30,6.0,9974.0,2023-05-28 12:15,2024-08-31_1803_
Бабек,TOTAL-Б,КТО,4,2023-05-27 01:15,2023-05-28 07:35,2023-05-28 12:45,2023-05-28 23:45,5.6,9197.0,2023-05-29 12:45,2024-08-31_1803_
ТК Актау,ТШО-Б,КТО,5,2023-05-28 19:50,2023-05-30 21:30,2023-05-31 01:00,2023-05-31 10:15,5.85,8961.0,2023-05-31 17:00,2024-08-31_1803_
Костанай,,,8,2023-05-22 09:40,2023-05-29 18:50,,,,,2023-05-31 17:20,2024-08-31_1803_
Казахстан,ЕАО-М,КТО,4,2023-05-28 10:00,2023-05-30 22:45,2023-05-31 00:20,2023-06-01 03:50,5.0,6977.0,2023-06-01 11:00,2024-08-31_1803_
Алматы,ЕАО-М,КТО,5,2023-05-28 16:10,2023-06-01 01:50,2023-06-01 04:00,2023-06-01 11:15,5.05,7190.0,2023-06-01 19:10,2024-08-31_1803_
Мелиана,,,8,2023-05-26 10:15,2023-05-26 19:35,,,,,2023-06-01 21:35,2024-08-31_1803_
Абай,ЕАО-М,КТО,4,2023-05-31 23:20,2023-06-01 12:00,2023-06-01 13:40,2023-06-01 21:30,5.1,7184.0,2023-06-02 03:55,2024-08-31_1803_
Костанай,ЕАО-М,КТО,8,2023-05-22 09:40,2023-06-02 14:55,2023-06-03 00:00,2023-06-03 08:30,4.2,6482.0,2023-06-03 15:50,2024-08-31_1803_
П.Г.Алиев,ТШО-Б,КТО,5,2023-06-02 02:05,2023-06-02 19:30,2023-06-03 01:00,2023-06-03 12:30,6.0,9978.0,2023-06-03 21:15,2023-09-12_0900_
Пр.Гейдар Алиев,ТШО-Б,КТО,5,2023-06-02 02:05,2023-06-02 19:30,2023-06-03 01:00,2023-06-03 12:30,6.0,9978.0,2023-06-03 21:15,2024-08-31_1803_
Нафталан,БНТ-Б,Артис,8,2023-06-02 23:45,2023-06-03 17:10,2023-06-03 22:15,2023-06-04 07:30,4.15,4500.236,2023-06-04 15:30,2024-08-31_1803_
Караганда,ЕАО-М,КТО,8,2023-06-04 10:20,2023-06-04 16:30,2023-06-04 22:00,2023-06-05 07:00,4.21,6478.0,2023-06-05 14:55,2024-08-31_1803_
Казахстан,ЕАО-М,КТО,5,2023-06-04 05:00,2023-06-05 03:55,2023-06-05 06:00,2023-06-05 13:10,5.15,7198.0,2023-06-05 20:10,2024-08-31_1803_
Абай,ЕАО-М,КТО,4,2023-06-05 05:40,2023-06-05 17:05,2023-06-05 19:00,2023-06-06 02:30,5.1,7194.0,2023-06-06 11:15,2024-08-31_1803_
Алматы,ЕАО-М,КТО,5,2023-06-04 11:35,2023-06-06 02:10,2023-06-06 04:30,2023-06-06 11:45,5.05,7173.0,2023-06-07 10:50,2024-08-31_1803_
Нардис,С/Г,,10,2023-06-02 10:00,2023-06-02 18:45,,,,,2023-06-07 22:30,2024-08-31_1803_
Костанай,ЕАО-М,КТО,8,2023-06-06 10:00,2023-06-07 09:30,2023-06-07 15:00,2023-06-07 23:15,4.2,6476.0,2023-06-08 06:15,2024-08-31_1803_
Шуша,ТШО-Б,КТО,4,2023-06-06 10:30,2023-06-07 10:05,2023-06-07 12:30,2023-06-07 23:30,6.0,9969.0,2023-06-08 06:50,2024-08-31_1803_
Караганда,,,,2023-06-08 08:00,,,,,,2023-06-08 13:05,2024-08-31_1803_
Астана,ТШО-Б,КТО,4,2023-06-03 05:00,2023-06-08 10:35,2023-06-08 14:00,2023-06-08 23:50,6.0,9344.0,2023-06-09 06:30,2024-08-31_1803_
Казахстан,ЕАО-М,КТО,5,2023-06-08 15:30,2023-06-08 17:30,2023-06-08 19:45,2023-06-09 03:15,5.15,7175.0,2023-06-09 10:35,2024-08-31_1803_
Абай,ЕАО-М,КТО,4,2023-06-09 15:00,2023-06-09 19:15,2023-06-09 22:30,2023-06-10 06:00,5.1,7175.0,2023-06-10 13:45,2024-08-31_1803_
Алматы,ЕАО-М,КТО,4,2023-06-10 09:00,2023-06-10 14:25,2023-06-10 16:30,2023-06-10 23:35,5.05,7194.0,2023-06-11 06:50,2024-08-31_1803_
П.Г.Алиев,ТШО-Б,КТО,5,2023-06-01 10:30,2023-06-10 11:35,2023-06-10 15:30,2023-06-11 03:00,6.0,9976.0,2023-06-11 11:45,2023-09-12_0900_
Пр.Гейдар Алиев,ТШО-Б,КТО,5,2023-06-01 10:30,2023-06-10 11:35,2023-06-10 15:30,2023-06-11 03:00,6.0,9976.0,2023-06-11 11:45,2024-08-31_1803_
Мелиана,БНТ-Б,Артис,8,2023-05-26 10:15,2023-06-10 16:55,2023-06-11 01:50,2023-06-11 08:50,4.8,2112.559,2023-06-11 17:10,2024-08-31_1803_
ТК Актау,TOTAL-Б,КТО,4,2023-06-04 01:05,2023-06-11 07:35,2023-06-11 12:30,2023-06-11 23:00,6.0,9351.0,2023-06-12 06:00,2024-08-31_1803_
Астана,ТШО-Б,КТО,5,2023-06-13 07:00,2023-06-13 07:50,2023-06-13 11:30,2023-06-13 21:30,6.0,9354.0,2023-06-14 04:50,2024-08-31_1803_
Костанай,ЕАО-М,КТО,8,2023-06-14 08:00,2023-06-14 09:15,2023-06-14 15:30,2023-06-15 00:00,4.2,6486.0,2023-06-15 07:30,2024-08-31_1803_
Казахстан,ЕАО-М,КТО,4,2023-06-14 17:30,2023-06-14 18:40,2023-06-14 21:00,2023-06-15 04:15,5.0,7196.0,2023-06-15 18:50,2024-08-31_1803_
Шуша,ТШО-Б,КТО,5,2023-06-15 09:30,2023-06-15 10:30,2023-06-15 13:30,2023-06-16 00:10,5.95,9789.0,2023-06-16 07:00,2024-08-31_1803_
Абай,ЕАО-М,КТО,4,2023-06-15 17:50,2023-06-15 19:45,2023-06-15 22:20,2023-06-16 06:10,5.1,7187.0,2023-06-16 12:35,2024-08-31_1803_
Алматы,ЕАО-М,КТО,5,2023-06-16 05:35,2023-06-16 07:35,2023-06-16 11:15,2023-06-16 18:40,5.05,7183.0,2023-06-17 03:15,2024-08-31_1803_
Караганда,,,8,2023-06-15 13:30,2023-06-15 15:05,,,,,2023-06-17 03:35,2024-08-31_1803_
Буксир Карасай батыр,БУКСИР,,10,2023-06-16 15:00,2023-06-17 17:20,,,,,2023-06-17 23:00,2024-08-31_1803_
ТК Актау,ТШО-Б,КТО,4,2023-06-16 21:20,2023-06-17 15:50,2023-06-17 19:20,2023-06-18 05:00,6.0,9406.0,2023-06-18 12:40,2024-08-31_1803_
Казахстан,ЕАО-М,КТО,5,2023-06-18 14:30,2023-06-18 15:50,2023-06-18 18:00,2023-06-19 01:15,5.15,7183.0,2023-06-19 07:10,2024-08-31_1803_
Нафталан,БНТ-Б,Артис,8,2023-06-17 22:45,2023-06-18 15:05,2023-06-18 19:00,2023-06-19 06:15,4.15,4510.0,2023-06-19 12:45,2024-08-31_1803_
Костанай,ЕАО-М,КТО,4,2023-06-18 02:20,2023-06-18 17:40,2023-06-18 23:30,2023-06-19 06:00,4.2,6941.0,2023-06-19 14:00,2024-08-31_1803_
Абай,ЕАО-М,КТО,5,2023-06-19 12:20,2023-06-19 13:30,2023-06-19 15:20,2023-06-19 23:00,5.1,7172.0,2023-06-20 04:30,2024-08-31_1803_
Астана,ЕАО-М,КТО,4,2023-06-18 08:45,2023-06-20 09:40,2023-06-20 12:30,2023-06-20 20:15,5.0,7019.0,2023-06-21 02:05,2024-08-31_1803_
Шуша,ТШО-Б,КТО,5,2023-06-20 12:30,2023-06-20 13:40,2023-06-20 16:40,2023-06-21 03:10,6.0,9969.0,2023-06-21 12:50,2024-08-31_1803_
Алматы,ЕАО-М,КТО,4,2023-06-20 09:35,2023-06-21 02:50,2023-06-21 05:00,2023-06-21 11:40,5.05,7187.0,2023-06-21 22:55,2024-08-31_1803_
Бабек,TOTAL-Б,КТО,5,2023-06-18 02:15,2023-06-21 13:45,2023-06-21 17:00,2023-06-22 05:00,6.0,9988.0,2023-06-22 12:30,2024-08-31_1803_
Казахстан,ЕАО-М,КТО,4,2023-06-22 02:30,2023-06-22 03:40,2023-06-22 06:00,2023-06-22 13:10,5.15,7192.0,2023-06-22 19:20,2024-08-31_1803_
Абай,ЕАО-М,КТО,5,2023-06-23 04:00,2023-06-23 05:15,2023-06-23 07:00,2023-06-23 14:10,5.1,7180.0,2023-06-24 03:55,2024-08-31_1803_
ТК Актау,ТШО-Б,КТО,4,2023-06-22 11:45,2023-06-23 21:00,2023-06-24 00:00,2023-06-24 10:00,6.0,9359.0,2023-06-24 16:50,2024-08-31_1803_
Алматы,ЕАО-М,КТО,5,2023-06-24 18:00,2023-06-24 19:10,2023-06-24 23:00,2023-06-25 06:15,5.05,7182.0,2023-06-25 14:25,2024-08-31_1803_
Джаббар Гашимов,BB ENERGY-Б,Терминалекс,4,2023-06-24 22:30,2023-06-24 23:25,2023-06-25 02:30,2023-06-25 20:20,6.0,9230.68,2023-06-26 02:35,2024-08-31_1803_
Казахстан,ЕАО-М,КТО,5,2023-06-25 14:00,2023-06-26 14:25,2023-06-26 16:35,2023-06-26 23:35,5.15,7190.0,2023-06-27 07:40,2024-08-31_1803_
Шуша,ТШО-Б,КТО,4,2023-06-26 08:30,2023-06-26 09:30,2023-06-26 12:30,2023-06-26 23:30,6.0,9986.0,2023-06-27 09:05,2024-08-31_1803_
Мелиана,ТАНКЕР,,10,2023-06-16 15:00,2023-06-17 17:20,,,,,2023-06-29 04:15,2024-08-31_1803_
Астана,TOTAL-Б,КТО,5,2023-06-24 00:30,2023-06-29 14:15,2023-06-29 17:30,2023-06-29 21:30,4.05,3189.0,2023-06-30 02:50,2024-08-31_1803_
Алматы,ЕАО-М,КТО,4,2023-06-28 11:00,2023-06-30 12:25,2023-06-30 15:10,2023-07-01 06:30,5.1,7182.0,2023-07-01 18:50,2024-08-31_1803_
П.Г.Алиев,ТШО-Б,КТО,5,2023-06-30 10:50,2023-06-30 11:45,2023-06-30 14:15,2023-06-30 23:50,6.0,9976.0,2023-07-01 21:00,2023-09-12_0900_
Пр.Гейдар Алиев,ТШО-Б,КТО,5,2023-06-30 10:50,2023-06-30 11:45,2023-06-30 14:15,2023-06-30 23:50,6.0,9976.0,2023-07-01 21:00,2024-08-31_1803_
Казахстан,ЕАО-М,КТО,5,2023-06-30 03:00,2023-07-02 02:40,2023-07-02 05:00,2023-07-02 12:15,5.15,7175.0,2023-07-02 18:30,2024-08-31_1803_
ТК Актау,ЕАО-М,КТО,4,2023-06-28 07:20,2023-07-02 15:00,2023-07-02 17:45,2023-07-03 01:00,5.1,7187.0,2023-07-03 12:50,2024-08-31_1803_
Куруш,ЕАО-М,КТО,8,2023-07-02 02:00,2023-07-02 03:25,2023-07-03 16:55,2023-07-04 01:15,4.2,6487.0,2023-07-04 11:20,2024-08-31_1803_
Астана,ТШО-Б,КТО,5,2023-07-03 12:45,2023-07-03 13:55,2023-07-03 18:00,2023-07-04 03:40,6.0,9362.0,2023-07-04 13:10,2024-08-31_1803_
Алматы,ЕАО-М,КТО,4,2023-07-04 17:30,2023-07-04 18:45,2023-07-05 00:20,2023-07-05 08:30,5.1,7186.0,2023-07-05 16:15,2024-08-31_1803_
Ак.Хошбахт Юсифзаде,БНТ-Б,Артис,8,2023-07-03 22:00,2023-07-04 12:40,2023-07-04 20:15,2023-07-05 10:10,4.3,6495.0,2023-07-05 17:30,2024-08-31_1803_
П.Г.Алиев,ТШО-Б,КТО,5,2023-07-05 11:30,2023-07-05 13:00,2023-07-05 16:30,2023-07-06 04:00,6.0,9984.0,2023-07-06 13:10,2023-09-12_0900_
Пр.Гейдар Алиев,ТШО-Б,КТО,5,2023-07-05 11:30,2023-07-05 13:00,2023-07-05 16:30,2023-07-06 04:00,6.0,9984.0,2023-07-06 13:10,2024-08-31_1803_
Казахстан,ЕАО-М,КТО,4,2023-07-05 18:00,2023-07-05 19:00,2023-07-05 22:30,2023-07-06 05:45,5.15,7177.0,2023-07-06 13:50,2024-08-31_1803_
Куруш,ЕАО-М,КТО,8,2023-07-07 13:00,2023-07-07 14:15,2023-07-07 19:30,2023-07-08 03:45,4.2,6492.0,2023-07-08 13:55,2024-08-31_1803_
ТК Актау,ТШО-Б,КТО,4,2023-07-06 07:00,2023-07-08 03:00,2023-07-08 05:50,2023-07-08 15:45,6.0,9361.0,2023-07-08 22:50,2024-08-31_1803_
Астана,ЕАО-М,КТО,5,2023-07-08 09:00,2023-07-08 10:15,2023-07-08 12:45,2023-07-08 20:15,5.1,7171.0,2023-07-09 02:55,2024-08-31_1803_
Алматы,ЕАО-М,КТО,4,2023-07-08 21:30,2023-07-08 23:40,2023-07-09 01:50,2023-07-09 08:30,5.1,7176.0,2023-07-09 19:55,2024-08-31_1803_
Казахстан,ЕАО-М,КТО,5,2023-07-09 23:50,2023-07-10 01:10,2023-07-10 03:50,2023-07-10 12:15,5.15,7185.0,2023-07-10 19:00,2024-08-31_1803_
Джаббар Гашимов,ТШО-Б,КТО,4,2023-07-10 14:10,2023-07-10 15:05,2023-07-10 18:15,2023-07-11 04:35,6.0,9424.0,2023-07-13 00:30,2024-08-31_1803_
ТК Актау,ТШО-Б,КТО,4,2023-07-12 23:30,2023-07-13 01:15,2023-07-13 04:30,2023-07-13 14:15,6.0,9355.0,2023-07-13 22:35,2024-08-31_1803_
Куруш,ЕАО-М,КТО,8,2023-07-12 16:30,2023-07-12 22:30,2023-07-13 05:00,2023-07-13 13:00,4.2,6486.0,2023-07-14 03:00,2024-08-31_1803_
Алматы,ЕАО-М,КТО,4,2023-07-13 15:10,2023-07-13 23:30,2023-07-13 02:05,2023-07-14 09:00,5.1,7183.0,2023-07-14 16:40,2024-08-31_1803_
Казахстан,ЕАО-М,КТО,5,2023-07-13 18:30,2023-07-14 05:50,2023-07-14 07:45,2023-07-14 15:15,5.15,7186.0,2023-07-14 22:10,2024-08-31_1803_
Насими,TOTAL-Б,КТО,5,2023-07-13 23:15,2023-07-14 22:45,2023-07-15 02:00,2023-07-15 14:00,6.0,9991.0,2023-07-15 22:45,2024-08-31_1803_
П.Г.Алиев,ТШО-Б,КТО,4,2023-07-15 01:30,2023-07-15 06:05,2023-07-15 09:30,2023-07-15 21:00,6.0,9977.0,2023-07-16 02:45,2023-09-12_0900_
Пр.Гейдар Алиев,ТШО-Б,КТО,4,2023-07-15 01:30,2023-07-15 06:05,2023-07-15 09:30,2023-07-15 21:00,6.0,9977.0,2023-07-16 02:45,2024-08-31_1803_
Куруш,ЕАО-М,КТО,4,2023-07-16 22:20,2023-07-16 23:30,2023-07-17 04:30,2023-07-17 12:30,4.2,6482.0,2023-07-17 23:15,2024-08-31_1803_
Астана,ТШО-Б,КТО,5,2023-07-12 18:45,2023-07-13 06:35,2023-07-17 15:30,2023-07-18 01:30,6.0,9328.0,2023-07-18 07:40,2024-08-31_1803_
Алматы,ЕАО-М,КТО,4,2023-07-17 16:30,2023-07-18 01:00,2023-07-18 03:50,2023-07-18 11:00,5.1,7170.0,2023-07-18 22:20,2024-08-31_1803_
Казахстан,ЕАО-М,КТО,5,2023-07-17 18:30,2023-07-18 09:55,2023-07-18 12:00,2023-07-18 20:15,5.15,7169.0,2023-07-19 02:10,2024-08-31_1803_
ТК Актау,ЕАО-М,КТО,4,2023-07-18 20:00,2023-07-19 00:20,2023-07-19 02:25,2023-07-19 09:30,5.1,7186.0,2023-07-20 00:45,2024-08-31_1803_
Мелиана,БНТ-Б,Артис,8,2023-07-05 03:00,2023-07-09 02:10,2023-07-19 20:00,2023-07-20 04:45,5.0,2145.703,2023-07-20 13:40,2024-08-31_1803_
Куруш,ЕАО-М,КТО,5,2023-07-20 21:00,2023-07-20 23:25,2023-07-21 05:00,2023-07-21 13:35,4.2,6480.0,2023-07-21 19:25,2024-08-31_1803_
Шуша,ТШО-Б,КТО,4,2023-07-20 20:10,2023-07-20 22:00,2023-07-21 00:30,2023-07-21 11:00,6.0,9979.0,2023-07-21 21:15,2024-08-31_1803_
Нафталан,БНТ-Б,Артис,8,2023-07-18 23:45,2023-07-20 20:00,2023-07-21 16:45,2023-07-22 02:15,4.15,4528.705,2023-07-22 11:35,2024-08-31_1803_
Алматы,ЕАО-М,КТО,5,2023-07-21 17:20,2023-07-21 22:00,2023-07-22 00:05,2023-07-22 06:55,5.1,7170.0,2023-07-22 15:20,2024-08-31_1803_
Казахстан,ЕАО-М,КТО,4,2023-07-21 22:00,2023-07-21 23:00,2023-07-22 01:05,2023-07-22 08:10,5.15,7177.0,2023-07-22 16:00,2024-08-31_1803_
ТК Актау,ЕАО-М,КТО,4,2023-07-22 15:45,2023-07-22 17:25,2023-07-22 20:15,2023-07-23 03:15,5.1,7179.0,2023-07-23 11:10,2024-08-31_1803_
Астана,ТШО-Б,КТО,5,2023-07-22 13:30,2023-07-22 16:45,2023-07-22 20:20,2023-07-23 06:40,6.0,9342.0,2023-07-23 13:15,2024-08-31_1803_
Куруш,ЕАО-М,КТО,8,2023-07-24 15:30,2023-07-24 18:05,2023-07-24 23:30,2023-07-25 07:40,4.2,6489.0,2023-07-26 02:15,2024-08-31_1803_
Алматы,ЕАО-М,КТО,4,2023-07-25 15:45,2023-07-26 03:05,2023-07-26 05:00,2023-07-26 11:45,5.1,7185.0,2023-07-26 18:30,2024-08-31_1803_
Казахстан,ЕАО-М,КТО,5,2023-07-25 18:30,2023-07-26 17:50,2023-07-26 20:00,2023-07-27 04:00,5.15,7187.0,2023-07-27 10:30,2024-08-31_1803_
Пр.Гейдар Алиев,ТШО-Б,КТО,4,2023-07-27 11:40,2023-07-27 12:50,2023-07-27 15:50,2023-07-28 03:15,6.0,9972.0,2023-07-28 11:35,2024-08-31_1803_
Астана,TOTAL-Б,КТО,5,2023-07-28 14:30,2023-07-28 16:15,2023-07-28 20:00,2023-07-29 05:10,6.0,9331.0,2023-07-30 03:10,2024-08-31_1803_
ТК Актау,ТШО-Б,КТО,4,2023-07-26 08:45,2023-07-29 07:30,2023-07-29 12:40,2023-07-29 22:40,6.0,9364.0,2023-07-30 03:50,2024-08-31_1803_
Куруш,ЕАО-М,КТО,8,2023-07-30 10:35,2023-07-30 16:00,2023-07-30 21:45,2023-08-01 09:00,4.2,6472.0,2023-08-01 16:50,2024-08-31_1803_
Казахстан,ЕАО-М,КТО,5,2023-07-30 23:30,2023-08-01 03:40,2023-08-01 05:30,2023-08-01 12:30,5.15,7182.0,2023-08-01 19:20,2024-08-31_1803_
Алматы,ЕАО-М,КТО,4,2023-07-30 18:25,2023-08-01 05:05,2023-08-01 15:15,2023-08-01 23:45,5.1,7186.0,2023-08-02 06:20,2024-08-31_1803_
Пр.Гейдар Алиев,ТШО-Б,КТО,5,2023-08-02 02:30,2023-08-02 03:25,2023-08-02 06:30,2023-08-02 18:00,6.0,9972.0,2023-08-03 09:45,2024-08-31_1803_
ТК Актау,ЕАО-М,КТО,4,2023-08-03 03:10,2023-08-03 05:45,2023-08-03 07:30,2023-08-03 14:40,5.1,7182.0,2023-08-04 04:25,2024-08-31_1803_
Казахстан,ЕАО-М,КТО,4,2023-08-05 01:00,2023-08-05 11:35,2023-08-05 13:15,2023-08-05 20:30,5.15,7188.0,2023-08-06 02:45,2024-08-31_1803_
Алматы,ЕАО-М,КТО,5,2023-08-05 14:00,2023-08-05 15:00,2023-08-05 22:45,2023-08-06 06:15,5.1,7179.0,2023-08-06 13:30,2024-08-31_1803_
Куруш,ЕАО-М,КТО,8,2023-08-04 18:00,2023-08-05 10:35,2023-08-05 17:00,2023-08-06 01:10,4.2,6479.0,2023-08-06 22:00,2024-08-31_1803_
ТК Актау,ЕАО-М,КТО,4,2023-08-06 14:10,2023-08-06 15:25,2023-08-06 17:45,2023-08-07 02:20,5.1,7182.0,2023-08-07 11:20,2024-08-31_1803_
Астана,ТШО-Б,КТО,5,2023-08-07 09:30,2023-08-07 10:40,2023-08-07 13:20,2023-08-07 23:30,6.0,9392.0,2023-08-08 05:50,2024-08-31_1803_
Нафталан,БНТ-Б,Артис,8,2023-08-02 03:00,2023-08-08 12:20,2023-08-08 16:00,2023-08-09 02:20,4.1,4521.014,2023-08-09 11:10,2024-08-31_1803_
Казахстан,ЕАО-М,КТО,4,2023-08-08 21:00,2023-08-08 21:55,2023-08-09 00:05,2023-08-09 07:30,5.15,7195.0,2023-08-09 15:30,2024-08-31_1803_
Алматы,ЕАО-М,КТО,5,2023-08-09 08:15,2023-08-09 09:15,2023-08-09 12:25,2023-08-09 19:45,5.1,7188.0,2023-08-10 02:15,2024-08-31_1803_
Куруш,ЕАО-М,КТО,8,2023-08-09 15:50,2023-08-09 18:10,2023-08-10 00:00,2023-08-10 08:45,4.2,6476.0,2023-08-10 22:10,2024-08-31_1803_
Шуша,ТШО-Б,КТО,4,2023-08-10 08:30,2023-08-10 09:40,2023-08-10 12:50,2023-08-11 00:50,6.0,9977.0,2023-08-11 11:30,2024-08-31_1803_
Алматы,ЕАО-М,КТО,4,2023-08-13 09:20,2023-08-13 10:30,2023-08-13 13:00,2023-08-13 21:15,5.1,7181.0,2023-08-14 03:00,2024-08-31_1803_
ТК Актау,ТШО-Б,КТО,5,2023-08-09 19:40,2023-08-11 02:35,2023-08-13 03:30,2023-08-13 13:05,6.0,9333.0,2023-08-14 12:40,2024-08-31_1803_
Казахстан,ЕАО-М,КТО,4,2023-08-13 09:30,2023-08-14 03:45,2023-08-14 05:30,2023-08-14 12:45,5.15,7173.0,2023-08-14 19:30,2024-08-31_1803_
Деде Горгуд,TOTAL-Б,КТО,5,2023-08-14 11:00,2023-08-14 15:55,2023-08-14 19:30,2023-08-15 09:45,6.0,10004.0,2023-08-15 17:10,2024-08-31_1803_
Куруш,ЕАО-М,КТО,8,2023-08-14 23:30,2023-08-15 00:15,2023-08-15 06:00,2023-08-15 14:30,4.2,6486.0,2023-08-15 22:00,2024-08-31_1803_
Шуша,ТШО-Б,КТО,5,2023-08-16 11:30,2023-08-16 12:30,2023-08-16 15:30,2023-08-17 03:30,6.0,10001.0,2023-08-17 11:45,2024-08-31_1803_
Алматы,ЕАО-М,КТО,4,2023-08-16 20:30,2023-08-16 22:05,2023-08-17 00:10,2023-08-17 08:30,5.1,7187.0,2023-08-17 16:50,2024-08-31_1803_
Казахстан,ЕАО-М,КТО,4,2023-08-18 08:00,2023-08-18 09:00,2023-08-18 11:15,2023-08-18 18:20,5.15,7172.0,2023-08-19 00:10,2024-08-31_1803_
Нафталан,БНТ-Б,Артис,8,2023-08-14 15:45,2023-08-18 14:15,2023-08-18 17:45,2023-08-19 02:00,4.2,4500.863,2023-08-19 12:30,2024-08-31_1803_
ТК Актау,TOTAL-Б,КТО,4,2023-08-18 01:00,2023-08-20 02:20,2023-08-20 04:15,2023-08-20 14:00,6.0,9506.0,2023-08-20 19:45,2024-08-31_1803_
Куруш,ЕАО-М,КТО,8,2023-08-20 10:00,2023-08-20 11:00,2023-08-20 19:30,2023-08-21 04:10,4.2,6479.0,2023-08-21 12:10,2024-08-31_1803_
Алматы,ЕАО-М,КТО,4,2023-08-21 09:30,2023-08-21 10:40,2023-08-21 13:10,2023-08-21 20:30,5.1,7184.0,2023-08-22 02:35,2024-08-31_1803_
Казахстан,BB ENERGY-Б,Терминалекс,4,2023-08-22 03:30,2023-08-22 23:40,2023-08-23 02:50,2023-08-23 23:40,6.0,8734.698,2023-08-24 07:45,2024-08-31_1803_
Куруш,ЕАО-М,КТО,8,2023-08-24 10:00,2023-08-24 11:00,2023-08-24 13:15,2023-08-24 21:50,4.2,6475.0,2023-08-25 05:05,2024-08-31_1803_
Алматы,ЕАО-М,КТО,4,2023-08-24 21:40,2023-08-24 22:45,2023-08-25 01:00,2023-08-25 08:30,5.1,7215.0,2023-08-25 14:40,2024-08-31_1803_
Караганда,ЕАО-М,КТО,8,2023-08-26 10:15,2023-08-26 11:10,2023-08-26 16:30,2023-08-27 00:10,4.22,6456.0,2023-08-27 18:25,2024-08-31_1803_
Куруш,ЕАО-М,КТО,8,2023-08-27 22:30,2023-08-27 23:30,2023-08-28 01:30,2023-08-28 10:15,4.2,6483.0,2023-08-28 17:30,2024-08-31_1803_
Казахстан,ЕАО-М,КТО,4,2023-08-28 08:00,2023-08-29 12:25,2023-08-29 14:10,2023-08-29 21:30,5.15,7189.0,2023-08-30 06:20,2024-08-31_1803_
Баку,TOTAL-Б,КТО,4,2023-08-28 05:00,2023-08-30 14:30,2023-08-30 22:00,2023-08-31 09:30,4.1,5500.0,2023-08-31 20:05,2024-08-31_1803_
Алматы,ЕАО-М,КТО,5,2023-08-28 10:00,2023-08-31 11:35,2023-08-31 13:45,2023-09-01 07:30,5.1,7181.0,2023-09-01 14:45,2024-08-31_1803_
Куруш,ЕАО-М,КТО,8,2023-08-31 09:50,2023-09-01 03:25,2023-09-01 05:40,2023-09-01 13:30,4.0,6484.0,2023-09-01 21:10,2024-08-31_1803_
ТК Актау,ТШО-Б,КТО,4,2023-08-25 22:45,2023-09-01 02:25,2023-09-01 05:20,2023-09-01 15:40,6.0,9515.0,2023-09-01 22:45,2024-08-31_1803_
Караганда,ЕАО-М,КТО,8,2023-08-30 09:00,2023-09-01 22:15,2023-09-02 02:15,2023-09-02 10:10,4.21,6479.0,2023-09-02 20:00,2024-08-31_1803_
Казахстан,ЕАО-М,КТО,4,2023-09-02 03:00,2023-09-02 03:50,2023-09-02 06:00,2023-09-02 13:30,5.15,7185.0,2023-09-02 23:20,2024-08-31_1803_
Пр.Гейдар Алиев,ТШО-Б,КТО,4,2023-09-02 10:00,2023-09-03 02:55,2023-09-03 05:45,2023-09-03 17:15,6.0,9975.0,2023-09-04 01:00,2024-08-31_1803_
Алматы,ЕАО-М,КТО,4,2023-09-04 10:45,2023-09-04 11:55,2023-09-04 14:45,2023-09-04 22:00,5.1,7182.0,2023-09-05 04:25,2024-08-31_1803_
Куруш,ЕАО-М,КТО,8,2023-09-04 17:00,2023-09-04 18:00,2023-09-04 21:05,2023-09-05 05:05,4.2,6487.0,2023-09-05 12:25,2024-08-31_1803_
Шуша,ТШО-Б,КТО,5,2023-09-04 16:00,2023-09-05 03:00,2023-09-05 06:15,2023-09-05 17:45,6.0,10007.0,2023-09-05 23:55,2024-08-31_1803_
Караганда,ЕАО-М,КТО,8,2023-09-06 22:30,2023-09-06 23:35,2023-09-07 02:20,2023-09-07 10:20,4.2,6479.0,2023-09-07 23:00,2024-08-31_1803_
Баку,TOTAL-Б,КТО,4,2023-09-06 12:45,2023-09-06 13:35,2023-09-06 20:50,2023-09-07 08:20,4.6,6486.0,2023-09-07 23:15,2024-08-31_1803_
ТК Актау,ТШО-Б,КТО,5,2023-09-05 12:45,2023-09-06 23:10,2023-09-07 03:00,2023-09-07 14:00,6.0,9502.0,2023-09-08 01:05,2024-08-31_1803_
Казахстан,ЕАО-М,КТО,4,2023-09-07 17:30,2023-09-08 00:30,2023-09-08 02:15,2023-09-08 10:00,5.15,7177.0,2023-09-08 17:00,2024-08-31_1803_
Пр.Гейдар Алиев,ТШО-Б,КТО,4,2023-09-08 17:45,2023-09-09 02:50,2023-09-09 05:45,2023-09-09 17:25,6.0,9979.0,2023-09-09 23:10,2024-08-31_1803_
Куруш,ЕАО-М,КТО,8,2023-09-09 23:40,2023-09-10 00:40,2023-09-10 02:35,2023-09-10 11:10,4.2,6483.0,2023-09-11 20:00,2024-08-31_1803_
Шуша,ТШО-Б,КТО,4,2023-09-09 20:30,2023-09-11 13:20,2023-09-11 16:15,2023-09-12 03:30,6.0,10011.0,2023-09-12 14:00,2024-08-31_1803_
Казахстан,ЕАО-М,КТО,5,2023-09-12 01:30,2023-09-12 02:25,2023-09-12 04:45,2023-09-12 12:10,5.15,7179.0,2023-09-12 19:20,2024-08-31_1803_
Караганда,ЕАО-М,КТО,8,2023-09-11 22:20,2023-09-11 23:15,2023-09-12 01:30,2023-09-12 10:50,4.2,6468.0,2023-09-12 20:00,2024-08-31_1803_
Алматы,ЕАО-М,КТО,4,2023-09-12 02:40,2023-09-12 14:35,2023-09-12 17:05,2023-09-13 01:00,4.9,6632.0,2023-09-13 07:35,2024-08-31_1803_
Азербайджан,TOTAL-Б,КТО,4,2023-09-12 20:30,2023-09-13 09:40,2023-09-13 16:40,2023-09-14 00:30,4.4,5952.0,2023-09-14 11:15,2024-08-31_1803_
Нафталан,БНТ-Б,Артис,8,2023-08-29 06:30,2023-09-13 17:10,2023-09-13 20:30,2023-09-14 06:45,4.15,4514.866,2023-09-14 15:40,2024-08-31_1803_
ТК Актау,ТШО-Б,КТО,5,2023-09-12 16:00,2023-09-12 21:40,2023-09-13 02:05,2023-09-13 12:00,6.0,9516.0,2023-09-14 22:30,2024-08-31_1803_
Куруш,ЕАО-М,КТО,4,2023-09-14 13:10,2023-09-14 14:15,2023-09-14 16:35,2023-09-15 02:35,4.2,6484.0,2023-09-15 11:40,2024-08-31_1803_
Джаббар Гашимов,ТШО-Б,КТО,,2023-09-14 22:15,,,,,,2023-09-15 14:00,2024-08-31_1803_
Караганда,ЕАО-М,КТО,8,2023-09-15 09:30,2023-09-15 10:25,2023-09-15 12:45,2023-09-15 21:00,4.23,6480.0,2023-09-16 04:05,2024-08-31_1803_
Казахстан,ЕАО-М,КТО,4,2023-09-15 14:30,2023-09-15 15:35,2023-09-15 22:30,2023-09-16 06:40,5.15,7187.0,2023-09-16 13:00,2024-08-31_1803_
Алматы,ЕАО-М,КТО,5,2023-09-16 08:00,2023-09-16 09:20,2023-09-16 12:10,2023-09-16 19:40,5.1,7188.0,2023-09-17 03:10,2024-08-31_1803_
Бабек,ВВ ENERGY-Б,Терминалекс,4,2023-09-16 11:00,2023-09-16 14:20,2023-09-16 16:50,2023-09-17 10:15,6.0,10127.802,2023-09-17 23:10,2024-08-31_1803_
Шуша,ТШО-Б,КТО,5,2023-09-16 13:00,2023-09-17 05:15,2023-09-17 08:00,2023-09-17 19:15,6.0,9997.0,2023-09-18 01:30,2024-08-31_1803_
ТК Актау,ТШО-Б,КТО,5,2023-09-18 14:15,2023-09-18 15:30,2023-09-18 19:00,2023-09-19 05:30,6.0,9452.0,2023-09-19 12:15,2024-08-31_1803_
Куруш,ЕАО-М,КТО,4,2023-09-18 11:10,2023-09-18 12:15,2023-09-18 15:25,2023-09-19 01:00,4.2,6481.0,2023-09-19 13:50,2024-08-31_1803_
Костанай,ЕАО-М,КТО,8,2023-09-18 12:05,2023-09-18 12:55,2023-09-18 17:55,2023-09-19 02:30,4.2,6483.0,2023-09-19 17:15,2024-08-31_1803_
Караганда,ЕАО-М,КТО,5,2023-09-18 20:30,2023-09-19 13:05,2023-09-19 14:50,2023-09-19 23:15,4.2,6488.0,2023-09-20 06:30,2024-08-31_1803_
Казахстан,ЕАО-М,КТО,4,2023-09-20 05:00,2023-09-20 05:35,2023-09-20 07:15,2023-09-20 14:30,5.15,7193.0,2023-09-20 22:25,2024-08-31_1803_
Пр.Гейдар Алиев,ТШО-Б,КТО,5,2023-09-20 08:30,2023-09-21 00:45,2023-09-21 03:45,2023-09-21 14:55,6.0,10011.0,2023-09-22 03:50,2024-08-31_1803_
Куруш,ЕАО-М,КТО,4,2023-09-22 12:30,2023-09-22 15:00,2023-09-22 19:10,2023-09-23 03:00,4.2,6488.0,2023-09-23 10:30,2024-08-31_1803_
Костанай,ЕАО-М,КТО,8,2023-09-22 18:25,2023-09-22 19:20,2023-09-22 23:20,2023-09-23 07:20,4.2,6484.0,2023-09-23 16:15,2024-08-31_1803_
Шуша,ТШО-Б,КТО,5,2023-09-22 17:00,2023-09-23 03:10,2023-09-23 05:45,2023-09-23 16:45,6.0,9990.0,2023-09-23 23:35,2024-08-31_1803_
Караганда,ЕАО-М,КТО,4,2023-09-23 06:20,2023-09-23 11:40,2023-09-23 15:40,2023-09-23 23:15,4.2,6484.0,2023-09-24 05:30,2024-08-31_1803_
Казахстан,ЕАО-М,КТО,5,2023-09-23 21:30,2023-09-24 00:25,2023-09-24 02:10,2023-09-24 09:20,5.15,7188.0,2023-09-24 16:10,2024-08-31_1803_
Джаббар Гашимов,ТШО-Б,КТО,5,2023-09-24 03:45,2023-09-25 02:40,2023-09-25 06:10,2023-09-25 16:10,6.0,9284.0,2023-09-25 22:45,2024-08-31_1803_
ТК Актау,ТШО-Б,КТО,4,2023-09-23 00:30,2023-09-26 21:25,2023-09-27 00:20,2023-09-27 12:00,6.0,9466.0,2023-09-27 18:15,2024-08-31_1803_
Куруш,ЕАО-М,КТО,5,2023-09-27 11:30,2023-09-27 12:40,2023-09-27 16:50,2023-09-28 01:50,4.2,6489.0,2023-09-28 11:30,2024-08-31_1803_
Шуша,ТШО-Б,КТО,5,2023-09-27 18:30,2023-09-29 03:00,2023-09-29 05:45,2023-09-29 15:15,5.35,8334.0,2023-09-29 22:30,2024-08-31_1803_
Казахстан,ТОТАL-Б,КТО,4,2023-09-28 12:00,2023-09-30 11:45,2023-09-30 15:00,2023-09-30 21:30,4.2,4967.0,2023-10-01 04:35,2024-08-31_1803_
Костанай,ЕАО-М,КТО,8,2023-09-27 12:45,2023-09-30 12:40,2023-09-30 16:40,2023-10-01 07:15,4.2,6476.0,2023-10-01 15:55,2024-08-31_1803_
Караганда,ЕАО-М,КТО,5,2023-09-27 18:30,2023-10-01 04:00,2023-10-01 07:40,2023-10-01 16:35,4.2,6487.0,2023-10-02 01:20,2024-08-31_1803_
Джаббар Гашимов,ТШО-Б,КТО,4,2023-09-29 23:30,2023-10-01 06:35,2023-10-01 11:50,2023-10-01 22:15,6.0,9384.0,2023-10-02 05:45,2024-08-31_1803_
Куруш,ЕАО-М,КТО,8,2023-10-01 11:50,2023-10-01 17:00,2023-10-01 21:10,2023-10-02 06:40,4.2,6480.0,2023-10-02 17:40,2024-08-31_1803_
Абай,ЕАО-М,КТО,4,2023-09-30 01:00,2023-10-02 21:25,2023-10-03 01:00,2023-10-03 09:30,5.1,7172.0,2023-10-03 17:00,2024-08-31_1803_
ТК Актау,ТШО-Б,КТО,5,2023-10-01 04:50,2023-10-03 03:45,2023-10-03 06:50,2023-10-03 16:40,6.0,9454.0,2023-10-03 23:00,2024-08-31_1803_
Костанай,ЕАО-М,КТО,8,2023-10-04 09:00,2023-10-04 10:00,2023-10-04 14:00,2023-10-04 22:20,4.2,6476.0,2023-10-05 03:45,2024-08-31_1803_
Казахстан,ЕАО-М,КТО,4,2023-10-05 15:00,2023-10-05 16:30,2023-10-05 18:15,2023-10-06 02:30,5.15,7181.0,2023-10-06 11:10,2024-08-31_1803_
Караганда,ЕАО-М,КТО,8,2023-10-05 08:00,2023-10-05 08:45,2023-10-05 13:00,2023-10-05 22:35,4.23,6492.0,2023-10-06 18:45,2024-08-31_1803_
Шуша,ТШО-Б,КТО,5,2023-10-04 08:30,2023-10-06 03:00,2023-10-06 05:45,2023-10-06 16:45,6.0,10010.0,2023-10-07 00:00,2024-08-31_1803_
Куруш,ЕАО-М,КТО,4,2023-10-06 11:30,2023-10-06 12:50,2023-10-06 16:50,2023-10-07 02:30,4.2,6476.0,2023-10-07 11:20,2024-08-31_1803_
Костанай,ЕАО-М,КТО,8,2023-10-07 21:35,2023-10-07 22:15,2023-10-08 02:15,2023-10-08 11:00,4.2,6483.0,2023-10-10 11:45,2024-08-31_1803_
ТК Актау,ТШО-Б,КТО,5,2023-10-07 12:30,2023-10-08 09:10,2023-10-08 12:40,2023-10-08 23:00,6.0,9471.0,2023-10-10 12:45,2024-08-31_1803_
Казахстан,ЕАО-М,КТО,4,2023-10-10 01:00,2023-10-10 11:10,2023-10-10 13:10,2023-10-10 21:00,5.15,7188.0,2023-10-11 04:45,2024-08-31_1803_
Джаббар Гашимов,ТШО-Б,КТО,5,2023-10-07 18:00,2023-10-10 14:20,2023-10-10 17:20,2023-10-11 03:00,6.0,9340.0,2023-10-11 11:45,2024-08-31_1803_
Караганда,ЕАО-М,КТО,8,2023-10-10 14:00,2023-10-10 15:10,2023-10-10 19:10,2023-10-11 05:20,4.2,6479.0,2023-10-11 13:00,2024-08-31_1803_
Абай,ЕАО-М,КТО,4,2023-10-06 10:00,2023-10-11 06:50,2023-10-11 09:45,2023-10-11 18:00,5.1,7183.0,2023-10-12 23:20,2024-08-31_1803_
Куруш,ЕАО-М,КТО,5,2023-10-10 22:30,2023-10-11 14:00,2023-10-11 18:00,2023-10-12 03:20,4.2,6485.0,2023-10-12 23:35,2024-08-31_1803_
Ак.Хошбахт Юсифзаде,БНТ-Б,Артис,8,2023-10-01 14:45,2023-10-11 14:30,2023-10-11 19:40,2023-10-12 05:40,3.5,4540.655,2023-10-12 23:55,2024-08-31_1803_
Астана,ТШО-Б,КТО,4,2023-10-08 09:30,2023-10-13 00:45,2023-10-13 03:45,2023-10-13 13:30,6.0,9328.0,2023-10-14 01:35,2024-08-31_1803_
Шуша,ТШО-Б,КТО,5,2023-10-11 23:15,2023-10-14 03:15,2023-10-14 05:45,2023-10-14 16:30,6.0,10011.0,2023-10-15 00:00,2024-08-31_1803_
Костанай,ЕАО-М,КТО,8,2023-10-14 14:30,2023-10-14 15:10,2023-10-14 19:30,2023-10-15 04:10,4.2,6485.0,2023-10-15 11:45,2024-08-31_1803_
Казахстан,ЕАО-М,КТО,4,2023-10-15 05:30,2023-10-15 06:55,2023-10-15 11:15,2023-10-15 19:00,5.15,7179.0,2023-10-16 23:40,2024-08-31_1803_
Караганда,ЕАО-М,КТО,5,2023-10-15 08:15,2023-10-15 10:00,2023-10-15 14:00,2023-10-15 22:45,4.2,6483.0,2023-10-16 23:55,2024-08-31_1803_
Абай,ЕАО-М,КТО,4,2023-10-15 18:30,2023-10-17 01:00,2023-10-17 03:15,2023-10-17 11:00,5.1,7183.0,2023-10-18 04:10,2024-08-31_1803_
ТК Актау,ТШО-Б,КТО,5,2023-10-15 01:20,2023-10-17 01:45,2023-10-17 05:00,2023-10-17 15:10,6.0,9459.0,2023-10-18 06:05,2024-08-31_1803_
Джаббар Гашимов,ТШО-Б,КТО,4,2023-10-17 06:00,2023-10-18 05:15,2023-10-18 08:20,2023-10-18 18:30,6.0,9359.0,2023-10-19 01:50,2024-08-31_1803_
Костанай,ЕАО-М,КТО,8,2023-10-18 18:20,2023-10-18 19:40,2023-10-18 23:40,2023-10-19 08:40,4.2,6486.0,2023-10-19 18:00,2024-08-31_1803_
Караганда,ЕАО-М,КТО,8,2023-10-19 21:45,2023-10-19 22:50,2023-10-20 02:50,2023-10-20 09:55,4.2,6469.0,2023-10-20 16:00,2024-08-31_1803_
Казахстан,ЕАО-М,КТО,5,2023-10-20 13:30,2023-10-20 14:50,2023-10-20 17:45,2023-10-21 02:10,5.15,7181.0,2023-10-21 11:00,2024-08-31_1803_
Астана,ТШО-Б,КТО,4,2023-10-18 08:40,2023-10-20 14:30,2023-10-20 17:20,2023-10-21 03:15,6.0,9335.0,2023-10-21 12:10,2024-08-31_1803_
Абай,ЕАО-М,КТО,5,2023-10-21 09:30,2023-10-21 11:40,2023-10-21 13:30,2023-10-21 21:10,5.1,7189.0,2023-10-22 03:30,2024-08-31_1803_
Шуша,ТШО-Б,КТО,4,2023-10-21 10:15,2023-10-22 02:45,2023-10-22 05:00,2023-10-22 16:15,6.0,10022.0,2023-10-22 23:00,2024-08-31_1803_
Караганда,ЕАО-М,КТО,8,2023-10-23 10:30,2023-10-23 11:30,2023-10-23 15:30,2023-10-23 23:50,4.2,6476.0,2023-10-24 07:00,2024-08-31_1803_
Костанай,ЕАО-М,КТО,4,2023-10-23 11:30,2023-10-23 13:30,2023-10-23 17:30,2023-10-24 01:00,4.2,6479.0,2023-10-24 07:40,2024-08-31_1803_
ТК Актау,ТШО-Б,КТО,5,2023-10-22 01:00,2023-10-24 02:40,2023-10-24 06:00,2023-10-24 15:40,6.0,9458.0,2023-10-24 23:15,2024-08-31_1803_
Казахстан,ЕАО-М,КТО,4,2023-10-24 17:30,2023-10-24 18:35,2023-10-24 22:30,2023-10-25 06:30,5.15,7188.0,2023-10-25 14:20,2024-08-31_1803_
Астана,ЕАО-М,КТО,5,2023-10-25 05:40,2023-10-25 06:50,2023-10-25 08:45,2023-10-25 16:30,5.1,7188.0,2023-10-25 23:00,2024-08-31_1803_
Джаббар Гашимов,ТШО-Б,КТО,5,2023-10-25 22:00,2023-10-26 00:15,2023-10-26 03:20,2023-10-26 13:00,6.0,9352.0,2023-10-26 22:35,2024-08-31_1803_
Абай,ЖМ-Б,Терминалекс,4,2023-10-25 08:00,2023-10-25 21:25,2023-10-26 00:40,2023-10-26 20:30,6.0,9415.946,2023-10-27 02:40,2024-08-31_1803_
Караганда,ЕАО-М,КТО,8,2023-10-26 23:20,2023-10-27 01:15,2023-10-27 05:00,2023-10-27 13:10,4.2,6477.0,2023-10-27 20:00,2024-08-31_1803_
Костанай,ЕАО-М,КТО,5,2023-10-27 08:00,2023-10-27 10:35,2023-10-27 14:35,2023-10-27 21:45,4.2,6485.0,2023-10-28 04:00,2024-08-31_1803_
Нафталан,БНТ-Б,Артис,8,2023-10-27 23:30,2023-10-28 00:35,2023-10-28 04:35,2023-10-28 13:35,4.15,4434.106,2023-10-30 14:55,2024-08-31_1803_
Астана,ТШО-Б,КТО,4,2023-10-29 15:00,2023-10-29 21:40,2023-10-30 00:05,2023-10-30 10:00,6.0,9328.0,2023-10-30 17:30,2024-08-31_1803_
Казахстан,ЕАО-М,КТО,4,2023-10-28 17:00,2023-10-31 12:25,2023-10-31 17:20,2023-11-01 07:15,5.15,7192.0,2023-11-03 03:45,2024-08-31_1803_
Караганда,ЕАО-М,КТО,8,2023-10-30 08:40,2023-11-01 03:55,2023-11-01 08:00,2023-11-01 15:00,4.2,6478.0,2023-11-03 05:45,2024-08-31_1803_
Джаббар Гашимов,ТШО-Б,КТО,4,2023-10-30 18:30,2023-11-03 05:00,2023-11-03 09:10,2023-11-03 20:45,6.0,9354.0,2023-11-04 03:30,2024-08-31_1803_
Костанай,ЕАО-М,КТО,8,2023-10-31 02:00,2023-11-03 07:00,2023-11-03 11:30,2023-11-03 21:00,4.2,6487.0,2023-11-04 05:00,2024-08-31_1803_
Астана,ТШО-Б,КТО,4,2023-11-03 06:10,2023-11-04 04:20,2023-11-04 06:45,2023-11-04 17:00,6.0,9320.0,2023-11-04 23:50,2024-08-31_1803_
Шуша,ТШО-Б,КТО,5,2023-11-01 19:00,2023-11-04 19:10,2023-11-04 23:30,2023-11-05 13:15,6.0,10006.0,2023-11-05 22:00,2024-08-31_1803_
Караганда,ЕАО-М,КТО,4,2023-11-05 19:30,2023-11-05 21:20,2023-11-06 01:00,2023-11-06 09:15,4.2,6489.0,2023-11-06 16:45,2024-08-31_1803_
Казахстан,ЕАО-М,КТО,5,2023-11-05 23:00,2023-11-06 00:20,2023-11-06 02:30,2023-11-06 10:00,5.15,7197.0,2023-11-06 17:25,2024-08-31_1803_
ТК Актау,ТШО-Б,КТО,4,2023-10-28 12:30,2023-11-04 18:20,2023-11-06 23:00,2023-11-07 09:20,6.0,9463.0,2023-11-07 15:35,2024-08-31_1803_
Костанай,ЕАО-М,КТО,8,2023-11-07 12:30,2023-11-07 13:30,2023-11-07 17:30,2023-11-08 01:00,4.2,6479.0,2023-11-08 22:30,2024-08-31_1803_
Астана,ТШО-Б,КТО,5,2023-11-09 03:10,2023-11-09 12:30,2023-11-09 15:40,2023-11-10 02:10,6.0,9338.0,2023-11-11 06:35,2024-08-31_1803_
Абай,ЕАО-М,КТО,4,2023-10-31 14:00,2023-11-10 07:15,2023-11-11 01:00,2023-11-11 09:00,5.1,7187.0,2023-11-11 16:45,2024-08-31_1803_
Караганда,ЕАО-М,КТО,8,2023-11-09 22:30,2023-11-10 08:05,2023-11-11 01:40,2023-11-11 11:30,4.2,6470.0,2023-11-11 18:30,2024-08-31_1803_
Казахстан,ЕАО-М,КТО,5,2023-11-10 18:00,2023-11-11 07:30,2023-11-11 11:00,2023-11-11 19:10,5.15,7169.0,2023-11-12 00:45,2024-08-31_1803_
Нафталан,БНТ-Б,Артис,8,2023-11-03 22:15,2023-11-11 19:35,2023-11-12 02:00,2023-11-12 11:00,4.15,4450.28,2023-11-13 16:25,2024-08-31_1803_
Шуша,ТШО-Б,КТО,4,2023-11-10 09:15,2023-11-11 21:00,2023-11-12 00:30,2023-11-12 11:30,6.0,10008.0,2023-11-13 17:15,2024-08-31_1803_
Костанай,ЕАО-М,КТО,5,2023-11-13 10:00,2023-11-13 13:10,2023-11-13 17:10,2023-11-14 01:40,4.2,6482.0,2023-11-14 11:00,2024-08-31_1803_
Абай,ЕАО-М,КТО,4,2023-11-14 08:00,2023-11-14 09:10,2023-11-14 12:00,2023-11-14 20:00,4.1,7178.0,2023-11-15 15:30,2024-08-31_1803_
Караганда,ЕАО-М,КТО,8,2023-11-14 17:25,2023-11-15 16:15,2023-11-15 20:00,2023-11-16 02:50,4.2,6482.0,2023-11-16 11:40,2024-08-31_1803_
ТК Актау,ТШО-Б,КТО,5,2023-11-12 14:50,2023-11-15 15:00,2023-11-15 17:40,2023-11-16 03:40,6.0,9457.0,2023-11-16 13:30,2024-08-31_1803_
Казахстан,ЕАО-М,КТО,4,2023-11-16 14:00,2023-11-16 15:00,2023-11-16 17:15,2023-11-17 01:30,5.15,7186.0,2023-11-18 01:30,2024-08-31_1803_
Астана,ТШО-Б,КТО,5,2023-11-14 22:20,2023-11-17 04:50,2023-11-17 07:05,2023-11-17 17:00,6.0,9324.0,2023-11-18 02:10,2024-08-31_1803_
Костанай,ЕАО-М,КТО,8,2023-11-17 15:00,2023-11-18 00:50,2023-11-18 04:50,2023-11-18 14:10,4.2,6478.0,2023-11-18 22:45,2024-08-31_1803_
Абай,ЕАО-М,КТО,4,2023-11-18 12:00,2023-11-18 12:50,2023-11-18 15:00,2023-11-18 22:30,5.1,7178.0,2023-11-24 03:00,2024-08-31_1803_
Джаббар Гашимов,ТШО-Б,КТО,5,2023-11-19 00:10,2023-11-19 01:05,2023-11-19 05:00,2023-11-19 16:30,6.0,9384.0,2023-11-24 05:10,2024-08-31_1803_
Казахстан,ЕАО-М,КТО,4,2023-11-23 12:30,2023-11-24 04:35,2023-11-24 06:00,2023-11-24 14:10,5.15,7183.0,2023-11-24 19:20,2024-08-31_1803_
Караганда,ЕАО-М,КТО,8,2023-11-19 16:45,2023-11-24 14:15,2023-11-24 18:00,2023-11-25 01:55,4.2,6483.0,2023-11-26 10:45,2024-08-31_1803_
ТК Актау,ТШО-Б,КТО,4,2023-11-22 23:50,2023-11-24 21:25,2023-11-25 02:20,2023-11-25 12:10,6.0,9416.0,2023-11-26 11:45,2024-08-31_1803_
Шуша,ТШО-Б,КТО,5,2023-11-19 16:00,2023-11-24 06:00,2023-11-24 08:30,2023-11-24 20:15,6.0,10007.0,2023-11-26 13:00,2024-08-31_1803_
Лива,,,21,2023-11-24 11:30,2023-11-24 23:55,,,3.2,,2023-11-26 19:25,2024-08-31_1803_
Алматы,ЕАО-М,КТО,4,2023-11-26 04:00,2023-11-26 14:00,2023-11-26 17:00,2023-11-27 01:45,5.1,7188.0,2023-11-28 12:20,2024-08-31_1803_
Астана,ТШО-Б,КТО,5,2023-11-23 17:30,2023-11-26 14:30,2023-11-26 18:20,2023-11-27 04:20,6.0,9359.0,2023-11-28 13:40,2024-08-31_1803_
Костанай,ЕАО-М,КТО,8,2023-11-25 01:45,2023-11-26 12:40,2023-11-26 16:40,2023-11-27 02:10,4.2,6486.0,2023-11-28 14:40,2024-08-31_1803_
Тараз,,,22,2023-11-18 16:00,2023-11-24 22:00,,,3.2,,2023-11-28 23:30,2024-08-31_1803_
Абай,ЕАО-М,КТО,4,2023-11-27 12:30,2023-11-28 13:05,2023-11-28 15:30,2023-11-28 23:10,5.1,7180.0,2023-11-29 04:30,2024-08-31_1803_
Казахстан,ЕАО-М,КТО,5,2023-11-28 22:00,2023-11-28 23:05,2023-11-29 01:15,2023-11-29 09:15,5.15,7190.0,2023-11-30 19:15,2024-08-31_1803_
Караганда,ЕАО-М,КТО,4,2023-11-29 10:30,2023-11-29 11:40,2023-11-29 15:30,2023-11-29 22:30,4.2,6487.0,2023-11-30 21:20,2024-08-31_1803_
Нафталан,БНТ-Б,Артис,8,2023-11-25 21:00,2023-11-28 19:25,2023-11-29 00:10,2023-11-29 11:15,4.15,4424.471,2023-11-30 22:55,2024-08-31_1803_
Джаббар Гашимов,ТШО-Б,КТО,5,2023-11-30 05:45,2023-11-30 20:05,2023-12-01 00:15,2023-12-01 13:30,6.0,9384.0,2023-12-01 20:35,2024-08-31_1803_
ТК Актау,ТШО-Б,КТО,4,2023-11-30 17:30,2023-11-30 22:20,2023-12-01 13:55,2023-12-02 00:00,6.0,9417.0,2023-12-02 08:00,2024-08-31_1803_
Шуша,ТШО-Б,КТО,5,2023-12-01 22:15,2023-12-02 14:50,2023-12-02 17:45,2023-12-03 05:30,6.0,10015.0,2023-12-03 12:40,2024-08-31_1803_
Алматы,ЕАО-М,КТО,4,2023-12-03 08:20,2023-12-03 09:25,2023-12-03 11:40,2023-12-03 19:30,5.1,7189.0,2023-12-04 03:30,2024-08-31_1803_
Астана,ЕАО-М,КТО,5,2023-12-03 16:00,2023-12-03 17:30,2023-12-03 19:35,2023-12-04 03:20,5.1,7187.0,2023-12-04 12:00,2024-08-31_1803_
Караганда,ЕАО-М,КТО,8,2023-12-04 13:30,2023-12-04 14:20,2023-12-04 18:00,2023-12-05 02:30,4.2,6480.0,2023-12-05 07:50,2024-08-31_1803_
Казахстан,ЕАО-М,КТО,5,2023-12-04 16:30,2023-12-04 17:40,2023-12-04 19:30,2023-12-05 03:00,5.15,7186.0,2023-12-05 11:00,2024-08-31_1803_
Абай,ЕАО-М,КТО,5,2023-01-04 14:30,2023-01-04 15:45,2023-01-04 18:00,2023-01-05 02:50,5.25,7679.0,2023-12-05 11:30,2023-09-12_0900_
Абай,ВВ ENERGY-Б,Терминалекс,4,2023-12-04 11:30,2023-12-04 12:45,2023-12-04 15:30,2023-12-05 07:00,5.85,9058.077,2023-12-05 14:30,2024-08-31_1803_
Джаббар Гашимов,ТШО-Б,КТО,5,2023-12-05 18:00,2023-12-06 00:55,2023-12-06 04:30,2023-12-06 16:45,6.0,9383.0,2023-12-08 11:30,2024-08-31_1803_
Алматы,ЕАО-М,КТО,4,2023-12-06 23:00,2023-12-06 23:40,2023-12-07 02:05,2023-12-07 09:10,5.1,7189.0,2023-12-08 12:50,2024-08-31_1803_
Астана,ЕАО-М,КТО,5,2023-12-07 01:00,2023-12-08 12:20,2023-12-08 14:35,2023-12-08 22:20,5.1,7189.0,2023-12-10 18:20,2024-08-31_1803_
ТК Актау,ТШО-Б,КТО,4,2023-12-07 08:00,2023-12-08 13:40,2023-12-08 16:10,2023-12-09 02:40,6.0,9409.0,2023-12-10 19:25,2024-08-31_1803_
Караганда,ЕАО-М,КТО,8,2023-12-09 10:00,2023-12-09 11:00,2023-12-09 15:00,2023-12-09 23:00,4.2,6479.0,2023-12-10 21:00,2024-08-31_1803_
Абай,ЕАО-М,КТО,5,2023-12-11 00:00,2023-12-11 01:20,2023-12-11 03:30,2023-12-11 12:45,5.1,7176.0,2023-12-14 15:30,2024-08-31_1803_
Тараз,ЕАО-М,КТО,8,2023-12-09 08:10,2023-12-10 22:20,2023-12-11 03:00,2023-12-11 14:15,4.2,6429.0,2023-12-14 16:50,2024-08-31_1803_
Пр.Гейдар Алиев,ТШО-Б,КТО,4,2023-12-10 20:00,2023-12-10 22:30,2023-12-11 01:30,2023-12-11 13:00,6.0,10032.0,2023-12-14 17:15,2024-08-31_1803_
Казахстан,ЕАО-М,КТО,5,2023-12-11 20:30,2023-12-14 16:20,2023-12-14 18:00,2023-12-15 02:45,5.15,7186.0,2023-12-15 11:30,2024-08-31_1803_
Караганда,ЕАО-М,КТО,8,2023-12-15 08:00,2023-12-15 09:10,2023-12-15 13:00,2023-12-15 20:20,4.2,6480.0,2023-12-16 02:30,2024-08-31_1803_
Алматы,ЕАО-М,КТО,5,2023-12-15 11:10,2023-12-15 12:20,2023-12-15 14:05,2023-12-15 21:00,4.4,5634.0,2023-12-16 03:35,2024-08-31_1803_
Астана,ТШО-Б,КТО,4,2023-12-15 08:55,2023-12-15 10:20,2023-12-15 14:10,2023-12-16 00:10,6.0,9356.0,2023-12-16 05:55,2024-08-31_1803_
ТК Актау,ТШО-Б,КТО,5,2023-12-16 01:30,2023-12-16 04:20,2023-12-16 07:30,2023-12-16 17:30,6.0,9460.0,2023-12-17 00:40,2024-08-31_1803_
Шуша,ТШО-Б,КТО,4,2023-12-16 15:30,2023-12-17 01:30,2023-12-17 04:30,2023-12-17 15:30,6.0,9993.0,2023-12-18 12:15,2024-08-31_1803_
Лива,ЕАО-М,КТО,8,2023-12-17 07:40,2023-12-17 09:35,2023-12-17 15:30,2023-12-18 01:45,4.2,6488.0,2023-12-18 14:00,2024-08-31_1803_
Тараз,ЕАО-М,КТО,5,2023-12-17 16:00,2023-12-18 10:30,2023-12-18 13:50,2023-12-18 22:20,4.0,6007.0,2023-12-19 04:25,2024-08-31_1803_
Караганда,ЕАО-М,КТО,8,2023-12-18 18:45,2023-12-18 19:50,2023-12-18 23:30,2023-12-19 08:30,4.0,6075.0,2023-12-19 15:00,2024-08-31_1803_
Пр.Гейдар Алиев,ТШО-Б,КТО,4,2023-12-19 10:00,2023-12-19 11:20,2023-12-19 14:30,2023-12-20 01:30,6.0,10022.0,2023-12-20 07:30,2024-08-31_1803_
Астана,ТШО-Б,КТО,5,2023-12-20 16:20,2023-12-20 17:20,2023-12-20 20:30,2023-12-21 06:30,6.0,9343.0,2023-12-22 22:55,2024-08-31_1803_
Караганда,ЕАО-М,КТО,4,2023-12-22 14:45,2023-12-22 23:30,2023-12-23 03:30,2023-12-23 10:40,4.1,6310.0,2023-12-23 16:25,2024-08-31_1803_
Лива,ЕАО-М,КТО,5,2023-12-22 13:30,2023-12-23 01:10,2023-12-23 04:00,2023-12-23 12:40,4.1,6229.0,2023-12-23 18:50,2024-08-31_1803_
Тараз,ЕАО-М,КТО,4,2023-12-22 14:15,2023-12-23 17:25,2023-12-23 21:00,2023-12-24 05:45,4.1,6196.0,2023-12-24 11:25,2024-08-31_1803_
Азербайджан,БНТ-Б,Артис,8,2023-12-21 01:45,2023-12-22 22:30,2023-12-23 06:15,2023-12-23 20:30,4.6,6991.491,2023-12-24 17:20,2024-08-31_1803_
ТК Актау,ТШО-Б,КТО,5,2023-12-22 01:00,2023-12-23 19:30,2023-12-24 00:10,2023-12-24 10:40,6.0,9473.0,2023-12-24 19:10,2024-08-31_1803_
Алматы,ЕАО-М,КТО,4,2023-12-23 13:30,2023-12-24 12:20,2023-12-24 14:50,2023-12-24 21:00,4.25,5486.0,2023-12-25 11:45,2024-08-31_1803_
Костанай,ЕАО-М,КТО,8,2023-12-23 09:30,2023-12-24 18:30,2023-12-24 22:30,2023-12-25 07:20,4.1,6309.0,2023-12-26 04:50,2024-08-31_1803_
Караганда,ЕАО-М,КТО,8,2023-12-26 07:00,2023-12-26 08:55,2023-12-26 12:55,2023-12-26 20:55,4.1,6252.0,2023-12-27 10:45,2024-08-31_1803_
Шуша,ТШО-Б,КТО,5,2023-12-23 19:30,2023-12-26 04:05,2023-12-26 06:30,2023-12-26 17:30,6.0,10024.0,2023-12-27 12:00,2024-08-31_1803_
Лива,ЕАО-М,КТО,4,2023-12-26 12:00,2023-12-26 13:30,2023-12-26 19:20,2023-12-27 03:30,4.1,6248.0,2023-12-27 13:15,2024-08-31_1803_
Пр.Гейдар Алиев,ТШО-Б,КТО,5,2023-12-26 15:00,2023-12-27 12:45,2023-12-27 16:30,2023-12-28 04:00,6.0,10008.0,2023-12-29 19:55,2024-08-31_1803_
Тараз,ЕАО-М,КТО,8,2023-12-27 02:45,2023-12-27 11:40,2023-12-27 16:50,2023-12-28 01:55,4.1,6256.0,2023-12-29 20:20,2024-08-31_1803_
Алматы,ЕАО-М,КТО,4,2023-12-28 05:40,2023-12-29 19:15,2023-12-29 22:35,2023-12-30 04:50,4.25,5463.0,2023-12-30 15:00,2024-08-31_1803_
Астана,ТШО-Б,КТО,5,2023-12-27 00:45,2023-12-29 21:15,2023-12-29 23:45,2023-12-30 09:30,6.0,9338.0,2023-12-30 16:20,2024-08-31_1803_
ТК Актау,ТШО-Б,КТО,4,2023-12-30 05:00,2023-12-30 15:50,2023-12-30 20:55,2023-12-31 06:40,6.0,9418.0,2023-12-31 14:05,2024-08-31_1803_
Костанай,ЕАО-М,КТО,8,2023-12-30 03:40,2023-12-30 04:55,2023-12-30 17:00,2024-01-01 03:30,4.1,6294.0,2024-01-01 11:45,2024-08-31_1803_
Караганда,ЕАО-М,КТО,5,2023-12-31 01:30,2024-01-01 01:45,2024-01-01 05:45,2024-01-01 12:50,4.1,6299.0,2024-01-01 18:50,2024-08-31_1803_
Тараз,ЕАО-М,КТО,4,2024-01-01 10:20,2024-01-01 11:25,2024-01-01 13:35,2024-01-01 22:30,4.1,6299.0,2024-01-02 04:10,2024-08-31_1803_
Алматы,ЕАО-М,КТО,5,2024-01-02 06:10,2024-01-02 07:45,2024-01-02 11:30,2024-01-02 18:00,4.3,5479.0,2024-01-03 18:30,2024-08-31_1803_
Азербайджан,БНТ-Б,Артис,8,2023-12-30 16:00,2024-01-01 12:40,2024-01-01 20:40,2024-01-02 08:15,4.6,6510.7,2024-01-03 18:35,2024-08-31_1803_
Лива,ЕАО-М,КТО,8,2023-12-31 09:45,2024-01-03 19:35,2024-01-04 00:00,2024-01-04 09:15,4.1,6297.0,2024-01-04 16:40,2024-08-31_1803_
Шуша,ТШО-Б,КТО,4,2024-01-02 23:00,2024-01-03 18:00,2024-01-03 20:45,2024-01-04 09:45,6.0,10030.0,2024-01-04 18:15,2024-08-31_1803_
Астана,ТШО-Б,КТО,5,2024-01-04 09:25,2024-01-04 15:00,2024-01-04 17:30,2024-01-05 03:15,6.0,9419.922,2024-01-05 11:25,2024-08-31_1803_
Караганда,ЕАО-М,КТО,8,2024-01-04 18:00,2024-01-04 19:00,2024-01-04 22:30,2024-01-05 06:10,4.1,6287.0,2024-01-05 12:15,2024-08-31_1803_
Тараз,ЕАО-М,КТО,4,2024-01-04 20:30,2024-01-04 21:40,2024-01-05 01:00,2024-01-05 09:35,4.1,6283.0,2024-01-05 16:55,2024-08-31_1803_
Костанай,ЕАО-М,КТО,8,2024-01-04 20:00,2024-01-05 13:10,2024-01-05 17:10,2024-01-06 00:20,4.1,6295.0,2024-01-06 07:30,2024-08-31_1803_
ТК Актау,ТШО-Б,КТО,5,2024-01-05 13:20,2024-01-05 14:20,2024-01-05 23:20,2024-01-06 09:30,6.0,9456.0,2024-01-06 16:15,2024-08-31_1803_
Алматы,ЕАО-М,КТО,4,2024-01-07 09:30,2024-01-07 10:30,2024-01-07 13:30,2024-01-07 19:30,4.35,5489.0,2024-01-08 03:10,2024-08-31_1803_
Лива,ЕАО-М,КТО,5,2024-01-07 08:45,2024-01-07 10:10,2024-01-07 14:00,2024-01-07 22:30,4.1,6287.0,2024-01-08 05:45,2024-08-31_1803_
Пр.Гейдар Алиев,ТШО-Б,КТО,4,2024-01-07 20:45,2024-01-08 04:00,2024-01-08 07:15,2024-01-08 18:15,6.0,10010.0,2024-01-08 23:40,2024-08-31_1803_
Караганда,ЕАО-М,КТО,5,2024-01-08 11:30,2024-01-08 12:25,2024-01-08 15:30,2024-01-08 22:20,4.1,6282.0,2024-01-09 03:55,2024-08-31_1803_
Тараз,ЕАО-М,КТО,8,2024-01-08 09:00,2024-01-08 10:10,2024-01-08 16:00,2024-01-08 23:15,4.1,6278.0,2024-01-09 04:50,2024-08-31_1803_
Абай,BB ENERGY - Б,Терминалекс,4,2024-01-08 15:30,2024-01-09 00:30,2024-01-09 03:30,2024-01-09 18:10,6.0,9513.462,2024-01-10 16:10,2024-08-31_1803_
Астана,ТШО-Б,КТО,5,2024-01-09 13:35,2024-01-09 14:35,2024-01-09 17:30,2024-01-10 03:15,6.0,9338.0,2024-01-10 18:55,2024-08-31_1803_
Костанай,ЕАО-М,КТО,8,2024-01-09 11:30,2024-01-09 12:45,2024-01-09 16:55,2024-01-09 23:35,4.1,6281.0,2024-01-10 20:00,2024-08-31_1803_
Алматы,ЕАО-М,КТО,4,2024-01-11 04:30,2024-01-11 11:40,2024-01-11 13:40,2024-01-11 20:00,4.4,5462.0,2024-01-12 04:45,2024-08-31_1803_
ТК Актау,ТШО-Б,КТО,5,2024-01-11 18:00,2024-01-11 18:55,2024-01-11 23:30,2024-01-12 09:15,6.0,9465.0,2024-01-12 16:10,2024-08-31_1803_
Баку,БНТ-Б,Артис,8,2024-01-05 04:15,2024-01-11 18:20,2024-01-12 04:00,2024-01-12 16:00,4.6,6515.0,2024-01-13 00:45,2024-08-31_1803_
Лива,ЕАО-М,КТО,4,2024-01-12 07:30,2024-01-12 09:30,2024-01-12 13:00,2024-01-12 22:00,4.1,6297.0,2024-01-13 04:20,2024-08-31_1803_
Караганда,ЕАО-М,КТО,5,2024-01-12 10:00,2024-01-12 16:40,2024-01-12 19:30,2024-01-13 02:30,4.1,6340.0,2024-01-13 22:30,2024-08-31_1803_
Тараз,ЕАО-М,КТО,4,2024-01-13 03:10,2024-01-13 05:00,2024-01-13 08:15,2024-01-13 15:30,4.1,6332.0,2024-01-13 23:20,2024-08-31_1803_
Алматы,ЕАО-М,КТО,4,2024-01-14 18:20,2024-01-14 19:40,2024-01-14 22:40,2024-01-15 04:35,4.35,5460.0,2024-01-15 21:15,2024-08-31_1803_
Шуша,ТШО-Б,КТО,5,2024-01-15 12:30,2024-01-15 20:00,2024-01-15 23:15,2024-01-16 10:15,6.0,10041.0,2024-01-17 13:45,2024-08-31_1803_
Астана,ТШО-Б,КТО,4,2024-01-16 07:50,2024-01-16 14:20,2024-01-16 17:10,2024-01-17 02:45,6.0,9386.0,2024-01-17 15:05,2024-08-31_1803_
Казахстан,,,8,2024-01-11 04:00,2024-01-16 10:00,,,,,2024-01-17 15:50,2024-08-31_1803_
Лива,ЕАО-М,КТО,5,2024-01-16 13:00,2024-01-17 14:40,2024-01-17 17:55,2024-01-18 02:50,4.2,6474.0,2024-01-18 17:35,2024-08-31_1803_
Караганда,ЕАО-М,КТО,8,2024-01-17 22:00,2024-01-17 23:40,2024-01-18 04:00,2024-01-18 11:00,4.15,6334.0,2024-01-18 19:30,2024-08-31_1803_
Тараз,ЕАО-М,КТО,4,2024-01-18 02:45,2024-01-18 07:00,2024-01-18 11:00,2024-01-18 20:40,4.2,6484.0,2024-01-19 02:50,2024-08-31_1803_
ТК Актау,ТШО-Б,КТО,5,2024-01-17 18:20,2024-01-18 18:15,2024-01-18 21:30,2024-01-19 07:20,6.0,9452.0,2024-01-20 22:25,2024-08-31_1803_
Алматы,ЕАО-М,КТО,4,2024-01-20 20:50,2024-01-20 21:55,2024-01-20 23:40,2024-01-21 07:00,4.8,6494.0,2024-01-21 16:00,2024-08-31_1803_
Лива,ЕАО-М,КТО,8,2024-01-21 08:45,2024-01-21 10:30,2024-01-21 16:20,2024-01-22 02:15,4.2,6454.0,2024-01-23 05:30,2024-08-31_1803_
Пр.Гейдар Алиев,ТШО-Б,КТО,5,2024-01-21 06:25,2024-01-21 07:35,2024-01-21 12:30,2024-01-21 23:45,6.0,10027.0,2024-01-23 06:10,2024-08-31_1803_
Караганда,ЕАО-М,КТО,4,2024-01-21 11:30,2024-01-21 16:45,2024-01-21 20:35,2024-01-22 04:00,4.2,6520.0,2024-01-23 07:00,2024-08-31_1803_
Тараз,ЕАО-М,КТО,8,2024-01-23 16:20,2024-01-23 17:25,2024-01-23 21:25,2024-01-24 06:05,4.2,6485.0,2024-01-24 17:50,2024-08-31_1803_
Алматы,ЕАО-М,КТО,4,2024-01-24 09:00,2024-01-24 10:15,2024-01-24 13:20,2024-01-24 20:35,4.8,6491.0,2024-01-25 03:30,2024-08-31_1803_
Шуша,ТШО-Б,КТО,5,2024-01-24 15:00,2024-01-24 17:00,2024-01-24 19:30,2024-01-25 06:30,6.0,10020.0,2024-01-25 16:05,2024-08-31_1803_
Астана,ТШО-Б,КТО,5,2024-01-24 12:10,2024-01-25 17:15,2024-01-25 19:45,2024-01-26 05:40,6.0,9353.0,2024-01-27 12:15,2024-08-31_1803_
Лива,ЕАО-М,КТО,4,2024-01-25 18:20,2024-01-25 20:00,2024-01-25 23:30,2024-01-26 09:00,4.2,6480.0,2024-01-27 13:15,2024-08-31_1803_
Баку,,,,2024-01-21 01:30,,,,4.6,,2024-01-27 14:30,2024-08-31_1803_
Караганда,ЕАО-М,КТО,8,2024-01-27 01:15,2024-01-27 10:45,2024-01-27 14:45,2024-01-27 22:30,4.2,6485.0,2024-01-28 05:30,2024-08-31_1803_
Караганда,БНТ-Б,Ака Петролиум,8,2024-01-30 21:30,2024-01-30 22:40,2024-01-31 10:40,2024-02-01 01:30,4.2,6520.55,2024-02-01 16:10,2024-08-31_1803_
Тараз,ЕАО-М,КТО,4,2024-01-27 11:50,2024-01-30 18:50,2024-01-31 11:40,2024-02-01 09:20,4.2,6487.0,2024-02-01 17:20,2024-08-31_1803_
ТК Актау,ТШО-Б,КТО,5,2024-01-27 01:40,2024-02-01 02:10,2024-02-01 05:30,2024-02-01 15:50,6.0,9466.0,2024-02-01 23:20,2024-08-31_1803_
Костанай,ЕАО-М,КТО,8,2024-01-31 08:00,2024-02-01 16:50,2024-02-01 20:50,2024-02-02 06:10,4.2,6479.0,2024-02-02 13:50,2024-08-31_1803_
Лива,ЕАО-М,КТО,4,2024-01-30 07:00,2024-02-01 18:25,2024-02-01 21:30,2024-02-02 06:30,4.2,6475.0,2024-02-02 14:55,2024-08-31_1803_
Алматы,ЕАО-М,КТО,5,2024-01-28 08:45,2024-02-02 00:15,2024-02-02 07:30,2024-02-02 15:05,4.8,6493.0,2024-02-03 00:00,2024-08-31_1803_
Пр.Гейдар Алиев,ТШО-Б,КТО,4,2024-02-02 17:00,2024-02-03 10:40,2024-02-03 13:30,2024-02-04 00:45,6.0,10001.0,2024-02-04 07:10,2024-08-31_1803_
Тараз,ЕАО-М,КТО,5,2024-02-04 07:00,2024-02-04 08:15,2024-02-04 11:15,2024-02-04 20:40,4.2,6474.0,2024-02-05 02:20,2024-08-31_1803_
Костанай,ЕАО-М,КТО,8,2024-02-05 09:15,2024-02-05 14:35,2024-02-05 18:30,2024-02-06 02:10,4.2,6477.0,2024-02-07 18:50,2024-08-31_1803_
Астана,ТШО-Б,КТО,4,2024-01-31 22:10,2024-02-05 15:25,2024-02-05 18:15,2024-02-06 04:00,6.0,9379.0,2024-02-07 19:45,2024-08-31_1803_
Лива,ЕАО-М,КТО,5,2024-02-05 15:00,2024-02-05 17:30,2024-02-05 21:30,2024-02-06 06:50,4.2,6488.0,2024-02-07 20:25,2024-08-31_1803_
Алматы,ЕАО-М,КТО,5,2024-02-05 18:00,2024-02-07 22:40,2024-02-08 00:30,2024-02-08 07:20,4.6,6026.0,2024-02-08 15:15,2024-08-31_1803_
ТК Актау,ТШО-Б,КТО,4,2024-02-05 12:20,2024-02-08 03:05,2024-02-08 06:00,2024-02-08 15:40,6.0,9411.0,2024-02-08 22:40,2024-08-31_1803_
Тараз,ЕАО-М,КТО,8,2024-02-08 02:45,2024-02-08 04:00,2024-02-08 08:00,2024-02-08 16:30,4.2,6476.0,2024-02-08 23:15,2024-08-31_1803_
Пр.Гейдар Алиев,ТШО-Б,КТО,4,2024-02-09 14:00,2024-02-10 03:15,2024-02-10 05:45,2024-02-10 16:45,6.0,10006.0,2024-02-11 00:40,2024-08-31_1803_
Костанай,ЕАО-М,КТО,8,2024-02-10 10:10,2024-02-10 11:30,2024-02-10 15:30,2024-02-11 00:30,4.2,6485.0,2024-02-11 11:10,2024-08-31_1803_
Лива,ЕАО-М,КТО,5,2024-02-10 13:00,2024-02-10 14:15,2024-02-10 18:00,2024-02-11 02:20,4.2,6492.0,2024-02-11 12:00,2024-08-31_1803_
Алматы,ЕАО-М,КТО,4,2024-02-11 17:20,2024-02-11 18:15,2024-02-11 20:55,2024-02-12 04:50,4.8,6488.0,2024-02-12 11:50,2024-08-31_1803_
Тараз,ЕАО-М,КТО,8,2024-02-11 18:45,2024-02-11 19:40,2024-02-11 23:50,2024-02-12 09:45,4.2,6476.0,2024-02-12 17:10,2024-08-31_1803_
Астана,ТШО-Б,КТО,5,2024-02-11 18:00,2024-02-12 17:55,2024-02-12 20:45,2024-02-13 06:50,6.0,9390.0,2024-02-13 15:25,2024-08-31_1803_
Караганда,БНТ-Б,Ака Петролиум,8,2024-02-05 06:30,2024-02-12 18:30,2024-02-12 22:30,2024-02-13 14:15,4.2,6519.88,2024-02-13 22:30,2024-08-31_1803_
Шуша,ТШО-Б,КТО,4,2024-02-13 01:30,2024-02-13 10:40,2024-02-13 18:00,2024-02-14 04:45,6.0,10016.0,2024-02-14 13:00,2024-08-31_1803_
Лива,ЕАО-М,КТО,8,2024-02-14 14:20,2024-02-14 15:50,2024-02-14 20:00,2024-05-15 05:50,4.2,6484.0,2024-02-15 16:35,2024-08-31_1803_
Пр.Гейдар Алиев,ТШО-Б,КТО,4,2024-02-14 13:00,2024-02-15 15:00,2024-02-15 17:30,2024-02-16 05:00,5.8,9628.0,2024-02-17 23:35,2024-08-31_1803_
Тараз,ЕАО-М,КТО,5,2024-02-15 17:25,2024-02-17 22:10,2024-02-18 02:25,2024-02-18 10:00,4.2,6491.0,2024-02-18 17:25,2024-08-31_1803_
Костанай,ЕАО-М,КТО,8,2024-02-15 12:00,2024-02-18 01:00,2024-02-18 05:00,2024-02-18 12:00,4.2,6490.0,2024-02-18 20:10,2024-08-31_1803_
ТК Актау,ТШО-Б,КТО,4,2024-02-12 20:30,2024-02-18 15:00,2024-02-18 17:50,2024-02-19 03:30,6.0,9416.0,2024-02-19 11:25,2024-08-31_1803_
Астана,ЕАО-М,КТО,5,2024-02-18 20:15,2024-02-18 21:40,2024-02-19 00:00,2024-02-19 08:40,4.8,6485.0,2024-02-19 15:30,2024-08-31_1803_
Алматы,ЕАО-М,КТО,4,2024-02-15 18:15,2024-02-18 22:25,2024-02-19 14:30,2024-02-19 22:00,4.8,6496.0,2024-02-20 06:10,2024-08-31_1803_
Лива,ЕАО-М,КТО,4,2024-02-20 10:00,2024-02-20 11:00,2024-02-20 15:00,2024-02-20 23:00,4.2,6477.0,2024-02-21 06:00,2024-08-31_1803_
Шуша,ТШО-Б,КТО,5,2024-02-20 19:10,2024-02-20 20:15,2024-02-20 23:40,2024-02-21 10:15,6.0,10033.0,2024-02-21 17:40,2024-08-31_1803_
Костанай,ЕАО-М,КТО,4,2024-02-21 17:00,2024-02-21 19:20,2024-02-21 23:30,2024-02-22 08:30,4.2,6475.0,2024-02-22 17:05,2024-08-31_1803_
Пр.Гейдар Алиев,ТШО-Б,КТО,5,2024-02-21 16:30,2024-02-22 14:05,2024-02-22 17:30,2024-02-23 05:00,6.0,10023.0,2024-02-23 12:25,2024-08-31_1803_
Алматы,ЕАО-М,КТО,4,2024-02-22 21:15,2024-02-22 22:05,2024-02-23 00:15,2024-02-23 07:15,4.8,6501.0,2024-02-23 15:20,2024-08-31_1803_
Астана,ЕАО-М,КТО,5,2024-02-22 11:40,2024-02-23 14:15,2024-02-23 16:00,2024-02-23 23:30,4.75,6491.0,2024-02-24 07:15,2024-08-31_1803_
Тараз,ЕАО-М,КТО,8,2024-02-21 08:20,2024-02-21 09:45,2024-02-24 00:50,2024-02-24 08:10,4.2,6485.0,2024-02-24 16:05,2024-08-31_1803_
Лива,ЕАО-М,КТО,4,2024-02-23 18:45,2024-02-23 21:40,2024-02-24 08:20,2024-02-24 15:30,4.2,6487.0,2024-02-24 22:50,2024-08-31_1803_
ТК Актау,ТШО-Б,КТО,5,2024-02-23 14:30,2024-02-24 08:45,2024-02-24 12:00,2024-02-24 22:00,6.0,9461.0,2024-02-25 04:25,2024-08-31_1803_
Казахстан,,,,2024-01-17 17:00,,,,4.2,,2024-02-25 21:50,2024-08-31_1803_
Караганда,БНТ-Б,Ака Петролиум,8,2024-02-19 09:45,2024-02-24 23:35,2024-02-25 03:55,2024-02-25 17:10,4.2,6515.94,2024-02-26 01:35,2024-08-31_1803_
Абай,BB ENERGY - Б,Терминалекс,4,2024-01-21 14:00,2024-02-26 18:50,2024-02-26 21:30,2024-02-27 11:30,6.0,9586.496,2024-02-27 21:10,2024-08-31_1803_
ТК Актау,ЕАО-М,КТО,4,2024-02-28 22:40,2024-02-28 23:50,2024-02-29 02:20,2024-02-29 09:40,4.8,6488.0,2024-02-29 16:30,2024-08-31_1803_
Алматы,ЕАО-М,КТО,5,2024-02-29 06:00,2024-02-29 17:10,2024-02-29 19:10,2024-03-01 10:25,4.8,6483.0,2024-03-01 19:15,2024-08-31_1803_
Тараз,ЕАО-М,КТО,8,2024-02-29 07:15,2024-03-01 03:30,2024-03-01 06:30,2024-03-01 13:45,4.2,6478.0,2024-03-01 19:45,2024-08-31_1803_
Астана,ТШО-Б,КТО,4,2024-02-29 07:35,2024-03-01 10:10,2024-03-01 13:20,2024-03-01 22:50,6.0,9354.0,2024-03-02 04:55,2024-08-31_1803_
Костанай,ЕАО-М,КТО,4,2024-03-02 11:50,2024-03-02 13:20,2024-03-02 17:00,2024-03-03 00:10,4.2,6490.0,2024-03-03 09:15,2024-08-31_1803_
Пр.Гейдар Алиев,ТШО-Б,КТО,5,2024-03-02 11:20,2024-03-03 11:45,2024-03-03 15:00,2024-03-04 01:55,6.0,10012.0,2024-03-04 08:20,2024-08-31_1803_
Лива,ЕАО-М,КТО,8,2024-03-01 00:15,2024-03-02 05:50,2024-03-04 02:10,2024-03-04 10:00,4.2,6491.0,2024-03-04 23:00,2024-08-31_1803_
Абай,ЕАО-М,КТО,4,2024-03-02 18:00,2024-03-04 17:00,2024-03-04 19:00,2024-03-05 02:30,4.8,6491.0,2024-03-05 12:00,2024-08-31_1803_
Астана,ТШО-Б,КТО,5,2024-03-05 18:20,2024-03-06 06:00,2024-03-06 09:00,2024-03-06 18:50,6.0,9345.0,2024-03-07 00:45,2024-08-31_1803_
Алматы,ЕАО-М,КТО,4,2024-03-06 15:30,2024-03-06 16:35,2024-03-06 19:00,2024-03-07 02:10,4.8,6482.0,2024-03-07 11:00,2024-08-31_1803_
Костанай,ЕАО-М,КТО,8,2024-03-06 18:20,2024-03-06 19:40,2024-03-06 23:30,2024-03-07 06:30,4.15,6489.0,2024-03-07 14:35,2024-08-31_1803_
Тараз,ЕАО-М,КТО,5,2024-03-06 19:00,2024-03-07 09:05,2024-03-07 12:05,2024-03-07 20:40,4.2,6482.0,2024-03-08 04:05,2024-08-31_1803_
Лива,ЕАО-М,КТО,8,2024-03-07 19:00,2024-03-07 20:00,2024-03-08 00:00,2024-03-08 08:30,4.2,6474.0,2024-03-08 15:55,2024-08-31_1803_
ТК Актау,ТШО-Б,КТО,4,2024-03-06 03:30,2024-03-08 03:10,2024-03-08 06:50,2024-03-08 16:40,6.0,9402.0,2024-03-08 23:10,2024-08-31_1803_
Караганда,БНТ-Б,Ака Петролиум,8,2024-02-29 22:00,2024-03-09 10:15,2024-03-09 15:25,2024-03-10 04:50,4.2,6517.65,2024-03-10 22:05,2024-08-31_1803_
Пр.Гейдар Алиев,ТШО-Б,КТО,5,2024-03-09 13:00,2024-03-10 04:15,2024-03-10 07:15,2024-03-10 18:00,6.0,10017.0,2024-03-11 00:25,2024-08-31_1803_
Алматы,ЕАО-М,КТО,4,2024-03-10 12:00,2024-03-10 13:05,2024-03-10 15:10,2024-03-10 22:15,4.8,6478.0,2024-03-11 05:10,2024-08-31_1803_
Костанай,ЕАО-М,КТО,8,2024-03-10 17:45,2024-03-10 23:35,2024-03-11 03:30,2024-03-11 10:30,4.2,6481.0,2024-03-11 18:00,2024-08-31_1803_
Тараз,ЕАО-М,КТО,5,2024-03-10 18:40,2024-03-11 01:30,2024-03-11 06:40,2024-03-11 14:50,4.2,6482.0,2024-03-11 23:00,2024-08-31_1803_
Лива,ЕАО-М,КТО,4,2024-03-11 14:00,2024-03-11 15:05,2024-03-11 19:00,2024-03-12 02:30,4.2,6483.0,2024-03-12 11:25,2024-08-31_1803_
Астана,ТШО-Б,КТО,5,2024-03-11 02:50,2024-03-12 09:15,2024-03-12 13:00,2024-03-12 22:35,6.0,9359.0,2024-03-13 05:15,2024-08-31_1803_
Алматы,ЕАО-М,КТО,4,2024-03-13 19:10,2024-03-13 21:10,2024-03-13 23:20,2024-03-14 06:30,4.8,6500.0,2024-03-16 17:25,2024-08-31_1803_
ТК Актау,ТШО-Б,КТО,5,2024-03-12 15:50,2024-03-14 02:20,2024-03-14 05:30,2024-03-14 15:10,6.0,9408.0,2024-03-16 18:05,2024-08-31_1803_
Шуша,ТШО-Б,КТО,5,2024-03-16 15:00,2024-03-16 21:40,2024-03-17 00:25,2024-03-17 12:45,5.8,9525.0,2024-03-17 19:20,2024-08-31_1803_
Костанай,ЕАО-М,КТО,4,2024-03-17 07:30,2024-03-17 09:35,2024-03-17 13:30,2024-03-17 20:30,4.2,6489.0,2024-03-18 04:30,2024-08-31_1803_
Тараз,ЕАО-М,КТО,8,2024-03-17 03:35,2024-03-17 04:45,2024-03-17 13:20,2024-03-17 21:20,4.2,6478.0,2024-03-18 18:50,2024-08-31_1803_
Лива,ЕАО-М,КТО,4,2024-03-17 06:50,2024-03-18 13:20,2024-03-18 17:30,2024-03-19 01:00,4.2,6477.0,2024-03-19 09:15,2024-08-31_1803_
Пр.Гейдар Алиев,ТШО-Б,КТО,5,2024-03-16 17:45,2024-03-18 13:50,2024-03-18 16:50,2024-03-19 03:20,5.8,9575.0,2024-03-19 11:55,2024-08-31_1803_
Алматы,ЕАО-М,КТО,4,2024-03-19 07:00,2024-03-19 09:55,2024-03-19 13:00,2024-03-19 20:30,4.8,6474.0,2024-03-20 04:45,2024-08-31_1803_
Астана,ТШО-Б,КТО,5,2024-03-16 18:15,2024-03-20 13:55,2024-03-20 16:45,2024-03-21 01:55,5.8,8918.0,2024-03-21 08:05,2024-08-31_1803_
Костанай,ЕАО-М,КТО,8,2024-03-20 22:30,2024-03-20 23:55,2024-03-21 04:00,2024-03-21 11:25,4.2,6486.0,2024-03-21 19:30,2024-08-31_1803_
Тараз,ЕАО-М,КТО,4,2024-03-21 15:10,2024-03-21 16:30,2024-03-21 21:00,2024-03-22 06:10,4.2,6487.0,2024-03-22 13:55,2024-08-31_1803_
ТК Актау,ТШО-Б,КТО,5,2024-03-20 05:30,2024-03-21 03:30,2024-03-22 06:30,2024-03-22 16:10,5.8,9019.0,2024-03-22 22:25,2024-08-31_1803_
Лива,ЕАО-М,КТО,8,2024-03-22 15:00,2024-03-22 16:10,2024-03-22 20:50,2024-03-23 06:30,4.2,6481.0,2024-03-23 13:10,2024-08-31_1803_
Абай,BB ENERGY-Б,Терминалекс,4,2024-03-08 15:00,2024-03-22 14:35,2024-03-22 17:30,2024-03-23 07:20,5.8,8915.655,2024-03-23 16:00,2024-08-31_1803_
Алматы,ЕАО-М,КТО,5,2024-03-23 08:10,2024-03-23 09:05,2024-03-23 11:30,2024-03-23 18:30,4.8,6488.0,2024-03-24 02:10,2024-08-31_1803_
Пр.Гейдар Алиев,ТШО-Б,КТО,5,2024-03-23 21:30,2024-03-24 09:45,2024-03-24 13:50,2024-03-25 00:00,5.8,9577.0,2024-03-25 10:45,2024-08-31_1803_
Костанай,ЕАО-М,КТО,8,2024-03-24 18:30,2024-03-24 19:45,2024-03-24 23:30,2024-03-25 07:10,4.2,6483.0,2024-03-25 16:00,2024-08-31_1803_
Тараз,ЕАО-М,КТО,4,2024-03-25 05:10,2024-03-25 10:10,2024-03-25 13:30,2024-03-25 22:00,4.2,6478.0,2024-03-26 22:45,2024-08-31_1803_
Астана,ТШО-Б,КТО,5,2024-03-25 03:35,2024-03-26 01:25,2024-03-26 04:00,2024-03-26 13:20,5.8,8959.0,2024-03-27 00:00,2024-08-31_1803_
ТК Актау,ЕАО-М,КТО,4,2024-03-26 18:30,2024-03-26 23:25,2024-03-27 01:45,2024-03-27 08:30,4.8,6512.0,2024-03-28 15:25,2024-08-31_1803_
Алматы,ЕАО-М,КТО,5,2024-03-26 18:30,2024-03-27 00:45,2024-03-27 02:45,2024-03-27 11:35,4.8,6485.0,2024-03-28 16:15,2024-08-31_1803_
Лива,ЕАО-М,КТО,4,2024-03-26 07:00,2024-03-30 08:20,2024-03-31 12:00,2024-04-01 07:00,4.2,6479.0,2024-04-01 14:00,2024-08-31_1803_
Тараз,ЕАО-М,КТО,8,2024-03-29 17:30,2024-04-01 03:25,2024-04-01 07:00,2024-04-01 15:30,4.2,6481.0,2024-04-01 22:25,2024-08-31_1803_
Пр.Гейдар Алиев,ТШО-Б,КТО,5,2024-03-31 21:00,2024-04-01 02:45,2024-04-01 05:45,2024-04-01 16:40,5.8,9565.0,2024-04-02 01:15,2024-08-31_1803_
Алматы,ЕАО-М,КТО,4,2024-03-31 09:30,2024-04-01 15:10,2024-04-01 17:30,2024-04-02 00:15,4.8,6484.0,2024-04-02 09:15,2024-08-31_1803_
Костанай,ЕАО-М,КТО,8,2024-04-02 15:00,2024-04-02 16:30,2024-04-02 20:20,2024-04-03 04:10,4.2,6492.0,2024-04-03 17:35,2024-08-31_1803_
ТК Актау,ТШО-Б,КТО,5,2024-03-31 07:30,2024-04-03 01:25,2024-04-03 04:30,2024-04-03 14:00,6.0,9425.0,2024-04-03 21:15,2024-08-31_1803_
Астана,ЕАО-М,КТО,4,2024-03-31 01:30,2024-04-03 13:50,2024-04-03 16:00,2024-04-03 23:30,4.8,6479.0,2024-04-04 10:45,2024-08-31_1803_
Абай,BB ENERGY-Б,Терминалекс,4,2024-03-27 07:00,2024-04-04 15:35,2024-04-04 19:00,2024-04-05 05:00,4.5,5793.956,2024-04-05 13:15,2024-08-31_1803_
Тараз,ЕАО-М,КТО,4,2024-04-05 16:10,2024-04-05 17:20,2024-04-05 23:00,2024-04-06 07:20,4.2,6486.0,2024-04-06 14:50,2024-08-31_1803_
Лива,ЕАО-М,КТО,8,2024-04-05 14:10,2024-04-05 15:25,2024-04-05 20:00,2024-04-06 06:30,4.2,6481.0,2024-04-06 15:45,2024-08-31_1803_
Шуша,ТШО-Б,КТО,5,2024-04-06 00:30,2024-04-06 10:00,2024-04-06 13:00,2024-04-07 00:20,6.0,10016.0,2024-04-07 06:00,2024-08-31_1803_
Алматы,ЕАО-М,КТО,4,2024-04-06 18:10,2024-04-06 19:10,2024-04-06 21:45,2024-04-07 06:30,4.8,6482.0,2024-04-07 14:00,2024-08-31_1803_
Караганда,БНТ-Б,Ака Петролиум,8,2024-03-25 11:30,2024-04-06 18:05,2024-04-06 22:15,2024-04-07 12:00,4.2,6521.83,2024-04-07 21:25,2024-08-31_1803_
Пр.Гейдар Алиев,ТШО-Б,КТО,5,2024-04-06 16:30,2024-04-07 12:25,2024-04-07 15:30,2024-04-08 02:00,6.0,9997.0,2024-04-08 11:10,2024-08-31_1803_
Костанай,ЕАО-М,КТО,4,2024-04-06 18:35,2024-04-07 15:10,2024-04-07 19:10,2024-04-08 02:45,4.2,6492.0,2024-04-08 11:45,2024-08-31_1803_
Тараз,ЕАО-М,КТО,8,2024-04-09 03:30,2024-04-09 04:40,2024-04-09 08:40,2024-04-09 17:40,4.2,6478.0,2024-04-10 00:40,2024-08-31_1803_
Астана,ТШО-Б,КТО,5,2024-04-07 06:55,2024-04-09 11:00,2024-04-09 14:20,2024-04-10 00:15,6.0,9366.0,2024-04-10 06:25,2024-08-31_1803_
Лива,ЕАО-М,КТО,8,2024-04-09 14:45,2024-04-10 01:40,2024-04-10 16:20,2024-04-11 01:50,4.2,6479.0,2024-04-11 08:15,2024-08-31_1803_
Алматы,ЕАО-М,КТО,4,2024-04-10 20:30,2024-04-10 21:20,2024-04-10 23:30,2024-04-11 08:00,4.8,6489.0,2024-04-11 15:30,2024-08-31_1803_
ТК Актау,ТШО-Б,КТО,5,2024-04-07 08:50,2024-04-11 04:50,2024-04-11 07:30,2024-04-11 17:30,6.0,9415.0,2024-04-11 23:30,2024-08-31_1803_
Костанай,ЕАО-М,КТО,8,2024-04-12 17:50,2024-04-12 19:20,2024-04-12 23:20,2024-04-13 08:30,4.2,6470.0,2024-04-13 16:20,2024-08-31_1803_
Шуша,ТШО-Б,КТО,5,2024-04-11 16:30,2024-04-13 09:10,2024-04-13 12:10,2024-04-13 23:45,6.0,10034.0,2024-04-14 06:20,2024-08-31_1803_
Тараз,ЕАО-М,КТО,8,2024-04-13 18:00,2024-04-13 18:10,2024-04-13 21:40,2024-04-14 07:45,4.2,6477.0,2024-04-14 14:40,2024-08-31_1803_
Лива,ЕАО-М,КТО,4,2024-04-13 19:30,2024-04-13 21:05,2024-04-14 08:00,2024-04-14 17:00,4.2,6465.0,2024-04-14 23:55,2024-08-31_1803_
Алматы,ЕАО-М,КТО,5,2024-04-14 07:00,2024-04-14 11:45,2024-04-14 14:00,2024-04-14 21:30,4.8,6483.0,2024-04-15 04:15,2024-08-31_1803_
Астана,ТШО-Б,КТО,5,2024-04-15 04:10,2024-04-15 05:35,2024-04-15 08:15,2024-04-15 17:50,6.0,9328.0,2024-04-16 01:50,2024-08-31_1803_
Пр.Гейдар Алиев,ТШО-Б,КТО,5,2024-04-15 19:00,2024-04-16 19:30,2024-04-16 23:45,2024-04-17 10:15,6.0,10017.0,2024-04-17 22:50,2024-08-31_1803_
Костанай,ЕАО-М,КТО,8,2024-04-16 17:20,2024-04-16 18:45,2024-04-16 22:45,2024-04-17 08:30,4.2,6477.0,2024-04-18 00:25,2024-08-31_1803_
Тараз,ЕАО-М,КТО,4,2024-04-17 04:40,2024-04-17 05:35,2024-04-17 10:00,2024-04-17 18:55,4.2,6480.0,2024-04-18 00:45,2024-08-31_1803_
Алматы,ЕАО-М,КТО,4,2024-04-18 02:00,2024-04-18 03:15,2024-04-18 09:40,2024-04-18 16:20,4.8,6487.0,2024-04-18 23:20,2024-08-31_1803_
Лива,ЕАО-М,КТО,8,2024-04-17 21:00,2024-04-18 01:25,2024-04-18 06:00,2024-04-18 13:30,4.2,6480.0,2024-04-19 01:40,2024-08-31_1803_
Абай,ЕАО-М,КТО,5,2024-04-17 16:00,2024-04-17 23:30,2024-04-18 01:30,2024-04-18 08:45,4.8,6493.0,2024-04-19 02:00,2024-08-31_1803_
ТК Актау,ТШО-Б,КТО,5,2024-04-16 05:00,2024-04-19 02:50,2024-04-19 06:00,2024-04-19 16:00,6.0,9420.0,2024-04-19 22:40,2024-08-31_1803_
Тараз,ЕАО-М,КТО,8,2024-04-20 15:00,2024-04-20 16:10,2024-04-20 21:00,2024-04-21 05:40,4.2,6480.0,2024-04-21 15:10,2024-08-31_1803_
Костанай,ЕАО-М,КТО,4,2024-04-20 20:50,2024-04-20 22:20,2024-04-21 02:20,2024-04-21 10:00,4.2,6476.0,2024-04-21 18:35,2024-08-31_1803_
Астана,ТШО-Б,КТО,5,2024-04-19 20:00,2024-04-21 14:00,2024-04-21 17:05,2024-04-22 03:00,6.0,9385.0,2024-04-22 11:00,2024-08-31_1803_
Лива,ЕАО-М,КТО,8,2024-04-21 16:00,2024-04-21 17:20,2024-04-21 21:00,2024-04-22 05:00,4.2,6485.0,2024-04-22 12:25,2024-08-31_1803_
Алматы,ЕАО-М,КТО,4,2024-04-21 18:50,2024-04-22 11:50,2024-04-22 13:55,2024-04-22 21:00,4.8,6489.0,2024-04-23 03:35,2024-08-31_1803_
Шуша,ТШО-Б,КТО,5,2024-04-21 23:10,2024-04-23 09:10,2024-04-23 12:30,2024-04-24 00:40,6.0,10019.0,2024-04-24 07:30,2024-08-31_1803_
Пр.Гейдар Алиев,ТШО-Б,КТО,5,2024-04-23 19:00,2024-04-25 03:00,2024-04-25 05:30,2024-04-25 16:10,6.0,10028.0,2024-04-25 23:40,2024-08-31_1803_
Абай,BB ENERGY-Б,Терминалекс,4,2024-04-21 18:20,2024-04-25 22:00,2024-04-26 01:00,2024-04-26 13:15,3.9,4393.548,2024-04-26 23:10,2024-08-31_1803_
Караганда,БНТ-Б,Ака Петролиум,8,2024-04-11 05:30,2024-04-26 16:30,2024-04-26 20:30,2024-04-27 11:00,4.2,6520.5,2024-04-27 22:15,2024-08-31_1803_
ТК Актау,ТШО-Б,КТО,5,2024-04-24 07:20,2024-04-26 06:40,2024-04-27 10:30,2024-04-27 22:10,6.0,9410.0,2024-04-28 04:50,2024-08-31_1803_
Костанай,ЕАО-М,КТО,8,2024-04-24 18:50,2024-04-27 23:55,2024-04-28 03:55,2024-04-28 12:15,4.2,5905.0,2024-04-28 20:10,2024-08-31_1803_
Тараз,ЕАО-М,КТО,4,2024-04-24 15:20,2024-04-30 22:30,2024-05-01 02:10,2024-05-01 10:30,4.2,6472.0,2024-05-01 17:20,2025-05-03_0839_
Лива,ЕАО-М,КТО,8,2024-04-25 10:00,2024-04-30 23:20,2024-05-01 03:30,2024-05-01 10:40,4.2,6481.0,2024-05-01 19:15,2025-05-03_0839_
Пр.Гейдар Алиев,ТШО-Б,КТО,5,2024-04-30 19:00,2024-05-01 02:35,2024-05-01 05:45,2024-05-01 16:25,6.0,10047.0,2024-05-01 23:10,2025-05-03_0839_
Алматы,ЕАО-М,КТО,4,2024-04-25 20:30,2024-05-01 18:00,2024-05-01 20:30,2024-05-02 03:40,4.8,6484.0,2024-05-02 11:05,2025-05-03_0839_
Костанай,ЕАО-М,КТО,8,2024-05-01 19:45,2024-05-01 21:00,2024-05-02 01:00,2024-05-02 08:40,4.2,6481.0,2024-05-02 15:50,2025-05-03_0839_
Астана,ЕАО-М,КТО,4,2024-04-26 03:45,2024-05-03 15:15,2024-05-03 17:20,2024-05-04 00:30,4.75,6492.0,2024-05-04 08:20,2025-05-03_0839_
Лива,ЕАО-М,КТО,8,2024-05-04 15:40,2024-05-04 16:55,2024-05-04 21:00,2024-05-05 04:30,4.2,6476.0,2024-05-05 12:00,2025-05-03_0839_
Алматы,ЕАО-М,КТО,4,2024-05-05 05:00,2024-05-05 06:25,2024-05-05 07:55,2024-05-05 14:50,4.8,6481.0,2024-05-05 22:45,2025-05-03_0839_
ТК Актау,ТШО-Б,КТО,5,2024-05-01 21:50,2024-05-05 04:50,2024-05-05 08:00,2024-05-05 18:00,6.0,9412.0,2024-05-06 00:00,2025-05-03_0839_
Костанай,ЕАО-М,КТО,8,2024-05-05 11:00,2024-05-05 13:05,2024-05-05 17:05,2024-05-06 02:10,4.2,6483.0,2024-05-06 10:55,2025-05-03_0839_
Тараз,ЕАО-М,КТО,4,2024-05-04 06:45,2024-05-05 23:30,2024-05-06 03:00,2024-05-06 11:15,4.2,6473.0,2024-05-06 17:35,2025-05-03_0839_
Астана,ЕАО-М,КТО,4,2024-05-07 08:00,2024-05-07 09:20,2024-05-07 11:45,2024-05-07 18:40,4.8,6487.0,2024-05-08 19:20,2025-05-03_0839_
Алматы,ЕАО-М,КТО,4,2024-05-08 20:45,2024-05-08 22:10,2024-05-09 00:30,2024-05-09 07:10,4.8,6484.0,2024-05-09 15:10,2025-05-03_0839_
Пр.Гейдар Алиев,ТШО-Б,КТО,5,2024-05-06 01:15,2024-05-08 18:10,2024-05-08 21:10,2024-05-09 07:40,6.0,10017.0,2024-05-09 16:00,2025-05-03_0839_
Караганда,БНТ-Б,Ака Петролиум,8,2024-05-08 01:45,2024-05-08 18:50,2024-05-08 22:40,2024-05-09 14:45,4.2,6500.0,2024-05-09 21:40,2025-05-03_0839_
Лива,ЕАО-М,КТО,4,2024-05-08 11:20,2024-05-09 16:25,2024-05-09 21:00,2024-05-10 06:30,4.2,6478.0,2024-05-10 13:45,2025-05-03_0839_
Тараз,ЕАО-М,КТО,5,2024-05-09 18:00,2024-05-09 18:50,2024-05-09 22:30,2024-05-10 06:00,4.2,6478.0,2024-05-10 14:30,2025-05-03_0839_
Костанай,ЕАО-М,КТО,8,2024-05-09 20:00,2024-05-09 23:55,2024-05-10 06:50,2024-05-10 14:20,4.2,6479.0,2024-05-10 22:30,2025-05-03_0839_
ТК Актау,ТШО-Б,КТО,5,2024-05-10 07:00,2024-05-11 02:40,2024-05-11 05:30,2024-05-11 16:00,6.0,9418.0,2024-05-11 22:30,2025-05-03_0839_
Астана,ЕАО-М,КТО,4,2024-05-11 11:00,2024-05-11 15:05,2024-05-11 17:45,2024-05-12 01:00,4.8,6488.0,2024-05-12 22:35,2025-05-03_0839_
Алматы,ЕАО-М,КТО,5,2024-05-12 12:50,2024-05-12 22:10,2024-05-13 01:25,2024-05-13 08:40,4.8,6479.0,2024-05-14 00:15,2025-05-03_0839_
Лива,ЕАО-М,КТО,8,2024-05-13 05:00,2024-05-13 06:15,2024-05-13 10:00,2024-05-13 17:30,4.2,6495.0,2024-05-14 01:10,2025-05-03_0839_
Тараз,ЕАО-М,КТО,8,2024-05-13 20:30,2024-05-14 02:00,2024-05-14 05:30,2024-05-14 14:10,4.2,6479.0,2024-05-14 20:15,2025-05-03_0839_
Пр.Гейдар Алиев,ТШО-Б,КТО,5,2024-05-13 06:30,2024-05-14 02:35,2024-05-14 06:15,2024-05-14 17:00,6.0,10032.0,2024-05-15 00:25,2025-05-03_0839_
Костанай,ЕАО-М,КТО,8,2024-05-13 23:55,2024-05-14 21:20,2024-05-15 01:20,2024-05-15 08:55,4.2,6496.0,2024-05-15 19:20,2025-05-03_0839_
Нариман Нариманов,BB ENERGY-Б,Терминалекс,4,2024-05-13 22:30,2024-05-15 02:20,2024-05-15 08:50,2024-05-15 18:20,4.0,4251.819,2024-05-16 22:45,2025-05-03_0839_
Лива,ЕАО-М,КТО,8,2024-05-16 19:30,2024-05-16 21:20,2024-05-17 01:30,2024-05-17 10:45,4.2,6483.0,2024-05-18 20:00,2025-05-03_0839_
Астана,ТШО-Б,КТО,5,2024-05-15 13:00,2024-05-17 00:15,2024-05-17 03:20,2024-05-17 13:45,6.0,9353.0,2024-05-19 00:15,2025-05-03_0839_
ТК Актау,ЕАО-М,КТО,4,2024-05-17 03:00,2024-05-17 10:50,2024-05-17 13:00,2024-05-17 20:40,4.8,6463.0,2024-05-19 02:25,2025-05-03_0839_
Костанай,ЕАО-М,КТО,8,2024-05-18 13:30,2024-05-19 21:15,2024-05-19 04:00,2024-05-19 13:00,4.2,6475.0,2024-05-20 13:50,2025-05-03_0839_
Абай,ЕАО-М,КТО,4,2024-05-19 19:40,2024-05-19 21:00,2024-05-19 23:00,2024-05-20 06:00,4.8,6484.0,2024-05-20 16:00,2025-05-03_0839_
Пр.Гейдар Алиев,ТШО-Б,КТО,5,2024-05-19 12:30,2024-05-20 00:00,2024-05-02 02:15,2024-05-20 13:55,6.0,10020.0,2024-05-20 22:20,2025-05-03_0839_
Азербайджан,BB ENERGY-Б,Терминалекс,4,2024-05-19 15:15,2024-05-20 18:30,2024-05-21 02:00,2024-05-21 12:30,4.25,5507.734,2024-05-21 22:30,2025-05-03_0839_
Алматы,ЕАО-М,КТО,5,2024-05-16 23:15,2024-05-20 23:10,2024-05-21 01:30,2024-05-21 10:00,4.8,6469.0,2024-05-21 23:30,2025-05-03_0839_
Караганда,,,4,2024-05-20 09:00,2024-05-21 23:00,,,3.1,,2024-05-22 19:20,2025-05-03_0839_
Астана,ТШО-Б,КТО,5,2024-05-23 06:30,2024-05-23 09:10,2024-05-23 12:00,2024-05-23 22:10,6.0,9329.0,2024-05-24 04:40,2025-05-03_0839_
Абай,ЕАО-М,КТО,4,2024-05-23 15:00,2024-05-23 16:10,2024-05-23 18:30,2024-05-24 01:10,4.8,6489.0,2024-05-24 09:25,2025-05-03_0839_
Пр.Гейдар Алиев,ТШО-Б,КТО,5,2024-05-24 22:30,2024-05-25 17:40,2024-05-25 23:15,2024-05-26 10:00,6.0,10021.0,2024-05-26 19:50,2025-05-03_0839_
Тараз,ЕАО-М,КТО,8,2024-05-17 19:30,2024-05-28 02:25,2024-05-28 06:00,2024-05-28 15:30,4.2,6483.0,2024-05-28 22:10,2025-05-03_0839_
Абай,BB ENERGY-Б,Терминалекс,5,2024-05-29 03:10,2024-05-29 19:00,2024-05-30 00:20,2024-05-30 15:00,6.0,9395.204,2024-05-30 23:00,2025-05-03_0839_
Алматы,ЕАО-М,КТО,4,2024-05-24 20:20,2024-05-27 12:50,2024-05-31 17:30,2024-06-01 06:50,4.8,6480.0,2024-06-01 15:45,2025-05-03_0839_
Лива,ЕАО-М,КТО,8,2024-05-21 10:30,2024-06-01 03:00,2024-06-01 07:00,2024-06-01 17:20,4.2,6482.0,2024-06-01 23:15,2025-05-03_0839_
Астана,ЕАО-М,КТО,5,2024-05-28 10:00,2024-06-01 10:10,2024-06-01 14:35,2024-06-01 21:40,4.8,6474.0,2024-06-02 22:25,2025-05-03_0839_
Тараз,ЕАО-М,КТО,4,2024-05-31 12:00,2024-06-01 16:40,2024-06-01 20:35,2024-06-02 05:10,4.2,6485.0,2024-06-02 22:50,2025-05-03_0839_
Караганда,БНТ-Б,Ака Петролиум,8,2024-05-22 20:00,2024-06-02 00:00,2024-06-02 04:00,2024-06-02 16:00,4.0,4921.338,2024-06-03 00:30,2025-05-03_0839_
ТК Актау,ТШО-Б,КТО,5,2024-05-21 13:50,2024-06-03 01:40,2024-06-03 04:30,2024-06-03 15:10,6.0,9411.0,2024-06-03 22:35,2025-05-03_0839_
Абай,ЕАО-М,КТО,4,2024-06-04 08:00,2024-06-04 09:35,2024-06-04 11:50,2024-06-04 18:30,4.8,6484.0,2024-06-05 00:10,2025-05-03_0839_
Алматы,ЕАО-М,КТО,5,2024-06-04 16:45,2024-06-04 18:00,2024-06-04 19:30,2024-06-05 02:15,4.8,6484.0,2024-06-05 11:45,2025-05-03_0839_
Лива,ЕАО-М,КТО,8,2024-06-04 15:30,2024-06-04 16:25,2024-06-04 20:30,2024-06-05 06:25,4.2,6481.0,2024-06-05 14:05,2025-05-03_0839_
Тараз,ЕАО-М,КТО,4,2024-06-05 12:40,2024-06-05 13:30,2024-06-05 17:00,2024-06-06 02:15,4.2,6477.0,2024-06-06 10:45,2025-05-03_0839_
Пр.Гейдар Алиев,ТШО-Б,КТО,5,2024-06-04 17:45,2024-06-05 21:05,2024-06-06 00:00,2024-06-06 11:10,6.0,10028.0,2024-06-06 17:15,2025-05-03_0839_
Астана,ТШО-Б,КТО,5,2024-06-05 14:45,2024-06-07 21:40,2024-06-08 01:00,2024-06-08 11:20,6.0,9369.0,2024-06-08 18:10,2025-05-03_0839_
Костанай,ЕАО-М,КТО,8,2024-06-08 04:40,2024-06-08 10:15,2024-06-08 14:15,2024-06-08 22:30,4.2,6484.0,2024-06-09 06:30,2025-05-03_0839_
Лива,ЕАО-М,КТО,4,2024-06-08 13:15,2024-06-08 17:30,2024-06-08 21:40,2024-06-09 06:00,4.2,6489.0,2024-06-09 17:15,2025-05-03_0839_
Абай,BB ENERGY-Б,Терминалекс,5,2024-06-07 15:00,2024-06-08 18:50,2024-06-08 21:30,2024-06-09 11:00,6.0,9457.195,2024-06-09 19:50,2025-05-03_0839_
Тараз,ЕАО-М,КТО,8,2024-06-09 01:15,2024-06-09 07:30,2024-06-09 11:00,2024-06-09 19:15,4.2,6481.0,2024-06-10 05:20,2025-05-03_0839_
Алматы,ЕАО-М,КТО,4,2024-06-08 16:30,2024-06-09 18:25,2024-06-09 23:55,2024-06-10 06:40,4.8,6470.0,2024-06-10 14:15,2025-05-03_0839_
Джаббар Гашимов,ТШО-Б,КТО,5,2024-06-09 08:00,2024-06-10 01:10,2024-06-10 04:50,2024-06-10 16:30,6.0,9224.0,2024-06-10 23:35,2025-05-03_0839_
Караганда,БНТ-Б,Ака Петролиум,8,2024-06-06 20:30,2024-06-11 21:15,2024-06-12 02:40,2024-06-12 10:00,3.6,2500.0,2024-06-12 22:20,2025-05-03_0839_
Костанай,ЕАО-М,КТО,4,2024-06-11 23:50,2024-06-12 18:45,2024-06-12 22:35,2024-06-13 09:10,4.2,6477.0,2024-06-13 17:30,2025-05-03_0839_
Лива,ЕАО-М,КТО,8,2024-06-12 07:15,2024-06-12 22:55,2024-06-13 03:00,2024-06-13 10:10,4.2,6491.0,2024-06-13 18:15,2025-05-03_0839_
ТК Актау,ТШО-Б,КТО,5,2024-06-07 16:00,2024-06-12 18:05,2024-06-12 20:50,2024-06-13 07:30,6.0,9412.0,2024-06-13 19:55,2025-05-03_0839_
Алматы,ЕАО-М,КТО,4,2024-06-13 20:00,2024-06-13 21:15,2024-06-13 23:15,2024-06-14 07:40,4.8,6485.0,2024-06-14 15:50,2025-05-03_0839_
Тараз,ЕАО-М,КТО,8,2024-06-12 17:50,2024-06-13 19:00,2024-06-13 23:00,2024-06-14 08:45,4.2,6487.0,2024-06-14 17:20,2025-05-03_0839_
Пр.Гейдар Алиев,ТШО-Б,КТО,5,2024-06-11 20:30,2024-06-14 06:30,2024-06-14 09:30,2024-06-14 21:00,6.0,10044.0,2024-06-15 04:05,2025-05-03_0839_
Астана,ТШО-Б,КТО,5,2024-06-12 18:00,2024-06-16 04:10,2024-06-16 07:10,2024-06-16 17:20,6.0,9321.0,2024-06-17 00:15,2025-05-03_0839_
Лива,ЕАО-М,КТО,8,2024-06-16 07:50,2024-06-16 09:10,2024-06-16 16:20,2024-06-17 00:10,4.2,6487.0,2024-06-17 06:00,2025-05-03_0839_
Костанай,ЕАО-М,КТО,4,2024-06-16 21:30,2024-06-16 22:45,2024-06-17 02:45,2024-06-17 10:30,4.2,6471.0,2024-06-17 18:00,2025-05-03_0839_
Тараз,ЕАО-М,КТО,8,2024-06-17 09:00,2024-06-17 10:10,2024-06-17 13:40,2024-06-17 22:40,4.2,6488.0,2024-06-18 05:15,2025-05-03_0839_
Алматы,ЕАО-М,КТО,4,2024-06-17 22:45,2024-06-18 00:30,2024-06-18 03:40,2024-06-18 10:15,4.8,6485.0,2024-06-18 20:00,2025-05-03_0839_
Джаббар Гашимов,ТШО-Б,КТО,5,2024-06-16 14:00,2024-06-17 23:50,2024-06-18 03:30,2024-06-18 15:30,6.0,9332.0,2024-06-18 23:00,2025-05-03_0839_
Лива,ЕАО-М,КТО,4,2024-06-19 18:35,2024-06-19 19:30,2024-06-19 23:00,2024-06-20 05:45,4.2,6492.0,2024-06-20 12:35,2025-05-03_0839_
ТК Актау,ТШО-Б,КТО,5,2024-06-17 10:15,2024-06-20 02:30,2024-06-20 05:30,2024-06-20 16:00,6.0,9411.0,2024-06-20 23:50,2025-05-03_0839_
Костанай,ЕАО-М,КТО,4,2024-06-20 11:50,2024-06-20 14:15,2024-06-20 18:15,2024-06-21 01:35,4.2,6487.0,2024-06-21 11:05,2025-05-03_0839_
Тараз,ЕАО-М,КТО,8,2024-06-20 17:50,2024-06-20 21:45,2024-06-21 01:30,2024-06-21 10:00,4.2,6484.0,2024-06-21 17:00,2025-05-03_0839_
Абай,BB ENERGY-Б,Терминалекс,5,2024-06-13 11:00,2024-06-22 02:05,2024-06-22 05:00,2024-06-22 20:30,6.0,9456.332,2024-06-23 04:30,2025-05-03_0839_
Пр.Гейдар Алиев,ТШО-Б,КТО,5,2024-06-21 12:00,2024-06-23 05:05,2024-06-23 07:30,2024-06-23 18:30,6.0,10035.0,2024-06-24 01:20,2025-05-03_0839_
Алматы,ЕАО-М,КТО,4,2024-06-21 19:10,2024-06-24 19:50,2024-06-24 22:55,2024-06-25 06:00,4.8,6491.0,2024-06-25 13:30,2025-05-03_0839_
Костанай,ЕАО-М,КТО,8,2024-06-24 14:35,2024-06-24 17:00,2024-06-24 21:00,2024-06-25 04:00,4.2,6479.0,2024-06-25 17:50,2025-05-03_0839_
Астана,ТШО-Б,КТО,5,2024-06-21 01:50,2024-06-25 01:05,2024-06-25 04:10,2024-06-25 14:20,6.0,9347.0,2024-06-25 20:10,2025-05-03_0839_
Джаббар Гашимов,ТШО-Б,КТО,5,2024-06-25 14:30,2024-06-27 02:40,2024-06-27 05:30,2024-06-27 16:30,6.0,9391.0,2024-06-28 01:00,2025-05-03_0839_
ТК Актау,ТШО-Б,КТО,5,2024-06-24 14:25,2024-06-29 04:00,2024-06-29 06:30,2024-06-29 16:50,6.0,9420.0,2024-06-30 00:20,2025-05-03_0839_
Абай,BB ENERGY-Б,Терминалекс,5,2024-06-27 03:00,2024-06-30 01:10,2024-06-30 03:30,2024-06-30 17:40,6.0,9443.492,2024-07-01 01:00,2025-05-03_0839_
Костанай,ЕАО-М,КТО,8,2024-06-28 21:00,2024-06-29 23:50,2024-06-30 03:50,2024-07-01 03:35,4.2,6486.0,2024-07-01 12:00,2025-05-03_0839_
Лива,ЕАО-М,КТО,4,2024-06-23 19:10,2024-07-01 01:40,2024-07-01 05:30,2024-07-01 12:00,4.2,6480.0,2024-07-01 19:35,2025-05-03_0839_
Пр.Гейдар Алиев,ТШО-Б,КТО,5,2024-06-28 20:15,2024-07-01 03:10,2024-07-01 05:45,2024-07-01 16:45,6.0,10023.0,2024-07-01 23:25,2025-05-03_0839_
Тараз,ЕАО-М,КТО,8,2024-06-24 18:00,2024-07-01 12:50,2024-07-01 16:20,2024-07-02 00:50,4.2,6477.0,2024-07-02 07:15,2025-05-03_0839_
Алматы,ЕАО-М,КТО,4,2024-06-28 20:00,2024-07-01 21:00,2024-07-01 22:55,2024-07-02 06:00,4.8,6492.0,2024-07-02 14:40,2025-05-03_0839_
Астана,ТШО-Б,КТО,5,2024-06-29 23:00,2024-07-03 02:50,2024-07-03 05:40,2024-07-03 15:40,6.0,9377.0,2024-07-03 22:20,2025-05-03_0839_
Костанай,ЕАО-М,КТО,8,2024-07-04 05:15,2024-07-04 06:45,2024-07-04 10:45,2024-07-04 17:15,4.2,6471.0,2024-07-05 02:10,2025-05-03_0839_
Лива,ЕАО-М,КТО,4,2024-07-04 11:40,2024-07-04 12:45,2024-07-04 16:45,2024-07-04 23:30,4.2,6489.0,2024-07-05 08:15,2025-05-03_0839_
Каспиан Эксплорер,ПБУ,,9,2018-09-30 09:00,2018-09-30 11:20,,,,,2024-07-05 15:20,2025-05-03_0839_
Тараз,ЕАО-М,КТО,8,2024-07-04 18:40,2024-07-05 03:10,2024-07-05 06:40,2024-07-05 16:00,4.2,6484.0,2024-07-05 23:00,2025-05-03_0839_
Джульфа,ТШО-Б,КТО,5,2024-07-04 16:30,2024-07-05 05:10,2024-07-05 08:15,2024-07-05 19:30,6.0,10024.0,2024-07-06 02:15,2025-05-03_0839_
Алматы,ЕАО-М,КТО,4,2024-07-05 09:30,2024-07-05 10:40,2024-07-05 13:55,2024-07-05 20:50,4.8,6482.0,2024-07-06 04:30,2025-05-03_0839_
ТК Актау,ТШО-Б,КТО,5,2024-07-03 17:10,2024-07-07 03:30,2024-07-07 06:00,2024-07-07 16:00,6.0,9415.0,2024-07-07 23:15,2025-05-03_0839_
Костанай,ЕАО-М,КТО,8,2024-07-07 17:00,2024-07-07 18:25,2024-07-07 22:15,2024-07-08 05:00,4.2,6482.0,2024-07-08 13:00,2025-05-03_0839_
Лива,ЕАО-М,КТО,4,2024-07-08 02:20,2024-07-08 03:30,2024-07-08 07:30,2024-07-08 14:20,4.2,6479.0,2024-07-08 21:00,2025-05-03_0839_
Тараз,ЕАО-М,КТО,8,2024-07-08 10:50,2024-07-08 18:00,2024-07-08 21:30,2024-07-09 05:20,4.2,6475.0,2024-07-09 14:10,2025-05-03_0839_
Алматы,ЕАО-М,КТО,4,2024-07-09 02:30,2024-07-09 03:40,2024-07-09 05:45,2024-07-09 12:10,4.8,6490.0,2024-07-09 19:45,2025-05-03_0839_
Пр.Гейдар Алиев,ТШО-Б,КТО,5,2024-07-07 15:15,2024-07-09 04:35,2024-07-09 07:30,2024-07-09 18:30,6.0,10003.0,2024-07-10 01:35,2025-05-03_0839_
Астана,ТШО-Б,КТО,5,2024-07-07 21:00,2024-07-11 02:40,2024-07-11 05:30,2024-07-11 18:00,6.0,9353.0,2024-07-12 00:05,2025-05-03_0839_
Лива,ЕАО-М,КТО,8,2024-07-11 08:40,2024-07-11 13:55,2024-07-11 20:30,2024-07-12 03:40,4.2,6483.0,2024-07-12 11:45,2025-05-03_0839_
Костанай,ЕАО-М,КТО,4,2024-07-11 14:40,2024-07-11 16:20,2024-07-11 20:10,2024-07-12 04:10,4.2,6467.0,2024-07-12 13:20,2025-05-03_0839_
ТК Актау,ЕАО-М,КТО,5,2024-07-11 16:00,2024-07-12 00:55,2024-07-12 05:00,2024-07-12 11:40,4.8,6361.0,2024-07-12 19:00,2025-05-03_0839_
Алматы,ЕАО-М,КТО,4,2024-07-12 20:10,2024-07-12 21:40,2024-07-12 23:55,2024-07-13 06:45,4.8,6489.0,2024-07-14 01:55,2025-05-03_0839_
Джульфа,ТШО-Б,КТО,5,2024-07-11 15:00,2024-07-13 04:15,2024-07-13 07:15,2024-07-13 18:45,6.0,10035.0,2024-07-14 02:30,2025-05-03_0839_
Караганда,,,8,2024-07-11 21:00,2024-07-12 18:00,,,3.0,,2024-07-14 02:40,2025-05-03_0839_
Абай,BB ENERGY-Б,Терминалекс,5,2024-07-05 02:20,2024-07-14 22:40,2024-07-15 01:00,2024-07-15 14:50,6.0,9450.71,2024-07-15 23:20,2025-05-03_0839_
Костанай,ЕАО-М,КТО,8,2024-07-15 13:45,2024-07-15 16:30,2024-07-15 20:20,2024-07-16 02:45,4.2,6469.0,2024-07-16 11:25,2025-05-03_0839_
Тараз,ЕАО-М,КТО,4,2024-07-12 03:20,2024-07-15 18:20,2024-07-15 22:00,2024-07-16 06:40,4.2,6475.0,2024-07-16 14:00,2025-05-03_0839_
Пр.Гейдар Алиев,ТШО-Б,КТО,5,2024-07-14 20:30,2024-07-16 00:15,2024-07-16 03:00,2024-07-16 14:15,6.0,10015.0,2024-07-16 20:00,2025-05-03_0839_
ТК Актау,ЕАО-М,КТО,4,2024-07-15 12:50,2024-07-16 14:50,2024-07-16 17:45,2024-07-17 02:05,4.8,6425.0,2024-07-17 10:50,2025-05-03_0839_
Алматы,ЕАО-М,КТО,5,2024-07-17 02:00,2024-07-17 02:40,2024-07-17 05:25,2024-07-17 12:15,4.8,6487.0,2024-07-17 20:15,2025-05-03_0839_
Куруш,,,8,2024-07-13 09:00,2024-07-16 12:40,,,3.0,,2024-07-18 01:30,2025-05-03_0839_
Астана,ТШО-Б,КТО,5,2024-07-15 20:20,2024-07-18 02:35,2024-07-18 06:00,2024-07-18 16:10,6.0,9337.0,2024-07-18 23:05,2025-05-03_0839_
Костанай,ЕАО-М,КТО,8,2024-07-19 13:00,2024-07-19 14:30,2024-07-19 18:20,2024-07-20 01:00,4.2,6488.0,2024-07-20 12:35,2025-05-03_0839_
Лива,ЕАО-М,КТО,4,2024-07-15 00:00,2024-07-19 16:00,2024-07-19 20:00,2024-07-20 02:45,4.2,6490.0,2024-07-20 16:15,2025-05-03_0839_
Джульфа,ТШО-Б,КТО,5,2024-07-18 17:15,2024-07-20 05:00,2024-07-20 07:30,2024-07-20 18:45,6.0,10036.0,2024-07-21 01:45,2025-05-03_0839_
Тараз,ЕАО-М,КТО,8,2024-07-19 09:20,2024-07-20 13:35,2024-07-20 17:35,2024-07-21 01:40,4.2,6488.0,2024-07-21 09:05,2025-05-03_0839_
Алматы,ЕАО-М,КТО,4,2024-07-20 19:30,2024-07-20 20:50,2024-07-20 22:55,2024-07-21 05:15,4.8,6477.0,2024-07-21 12:20,2025-05-03_0839_
ТК Актау,ТШО-Б,КТО,5,2024-07-20 04:50,2024-07-22 06:30,2024-07-22 09:00,2024-07-22 19:20,6.0,9405.0,2024-07-23 01:40,2025-05-03_0839_
Костанай,ЕАО-М,КТО,8,2024-07-23 14:30,2024-07-23 16:05,2024-07-23 19:55,2024-07-24 02:25,4.2,6486.0,2024-07-24 11:20,2025-05-03_0839_
Лива,ЕАО-М,КТО,4,2024-07-23 10:30,2024-07-23 18:30,2024-07-23 22:30,2024-07-24 07:00,4.2,6479.0,2024-07-24 12:30,2025-05-03_0839_
Астана,ТШО-Б,КТО,5,2024-07-22 21:25,2024-07-24 03:20,2024-07-24 06:05,2024-07-24 16:30,6.0,9356.0,2024-07-24 22:30,2025-05-03_0839_
Пр.Гейдар Алиев,ТШО-Б,КТО,5,2024-07-23 13:00,2024-07-25 22:50,2024-07-26 01:30,2024-07-26 12:40,6.0,10025.0,2024-07-26 19:00,2025-05-03_0839_
ТК Актау,ТШО-Б,КТО,5,2024-07-27 04:00,2024-07-28 05:30,2024-07-28 08:00,2024-07-28 18:20,6.0,9417.0,2024-07-29 00:25,2025-05-03_0839_
Абай,BB ENERGY-Б,Терминалекс,5,2024-07-21 03:40,2024-07-29 21:00,2024-07-30 00:00,2024-07-30 14:00,6.1,9674.179,2024-07-30 21:45,2025-05-03_0839_
Куруш,,,8,2024-07-18 02:25,2024-07-30 20:50,,,3.0,,2024-07-31 03:25,2025-05-03_0839_
Тараз,ЕАО-М,КТО,8,2024-07-24 04:40,2024-07-31 04:15,2024-07-31 08:30,2024-08-01 04:00,4.2,6473.0,2024-08-01 11:30,2025-09-30_1038_
Алматы,ЕАО-М,КТО,4,2024-07-24 16:30,2024-08-01 05:10,2024-08-01 06:55,2024-08-01 14:30,4.8,6485.0,2024-08-01 23:05,2025-09-30_1038_
Джульфа,ТШО-Б,КТО,5,2024-07-30 16:00,2024-08-01 06:00,2024-08-01 09:00,2024-08-01 21:00,6.0,10026.0,2024-08-02 03:00,2025-09-30_1038_
Костанай,ЕАО-М,КТО,8,2024-07-27 11:00,2024-08-01 12:30,2024-08-01 16:30,2024-08-01 22:40,4.2,6490.0,2024-08-02 10:50,2025-09-30_1038_
Лива,ЕАО-М,КТО,4,2024-07-27 09:00,2024-08-01 23:45,2024-08-02 04:30,2024-08-02 11:00,4.2,6483.0,2024-08-02 19:00,2025-09-30_1038_
ТК Актау,ТШО-Б,КТО,5,2024-08-02 15:30,2024-08-04 03:00,2024-08-04 06:00,2024-08-04 16:40,6.0,9408.0,2024-08-04 22:25,2025-09-30_1038_
Тараз,ЕАО-М,КТО,8,2024-08-04 07:00,2024-08-04 08:20,2024-08-04 12:20,2024-08-04 19:20,4.2,6474.0,2024-08-05 01:35,2025-09-30_1038_
Алматы,ЕАО-М,КТО,4,2024-08-04 19:30,2024-08-04 21:00,2024-08-04 23:00,2024-08-05 06:45,4.8,6485.0,2024-08-05 15:35,2025-09-30_1038_
Костанай,ЕАО-М,КТО,5,2024-08-05 05:20,2024-08-05 07:10,2024-08-05 11:00,2024-08-05 17:30,4.2,6492.0,2024-08-06 01:05,2025-09-30_1038_
Лива,ЕАО-М,КТО,8,2024-08-05 07:30,2024-08-05 09:15,2024-08-05 13:30,2024-08-05 20:30,4.2,6488.0,2024-08-06 01:45,2025-09-30_1038_
Пр.Гейдар Алиев,ТШО-Б,КТО,5,2024-08-04 15:00,2024-08-06 03:10,2024-08-06 06:00,2024-08-06 17:00,6.0,10035.0,2024-08-07 00:00,2025-09-30_1038_
Казахстан,BB ENERGY-Б,Терминалекс,5,2024-08-07 02:00,2024-08-07 03:35,2024-08-07 06:45,2024-08-07 21:45,6.0,9420.01,2024-08-08 13:40,2025-09-30_1038_
Тараз,ЕАО-М,КТО,8,2024-08-07 15:45,2024-08-07 16:50,2024-08-07 21:10,2024-08-08 05:00,4.2,6482.0,2024-08-08 22:35,2025-09-30_1038_
Астана,ТШО-Б,КТО,4,2024-07-30 20:45,2024-08-08 10:40,2024-08-08 14:20,2024-08-09 01:00,6.0,9360.0,2024-08-09 15:05,2025-09-30_1038_
Алматы,ЕАО-М,КТО,5,2024-08-08 19:30,2024-08-08 23:40,2024-08-09 01:45,2024-08-09 08:30,4.8,6480.0,2024-08-09 17:15,2025-09-30_1038_
Костанай,ЕАО-М,КТО,8,2024-08-08 23:10,2024-08-09 02:15,2024-08-09 06:05,2024-08-09 12:15,4.2,6482.0,2024-08-09 19:40,2025-09-30_1038_
Лива,ЕАО-М,КТО,8,2024-08-08 18:30,2024-08-09 21:10,2024-08-10 02:00,2024-08-10 08:30,4.2,6482.0,2024-08-10 16:10,2025-09-30_1038_
Джульфа,ТШО-Б,КТО,5,2024-08-07 14:30,2024-08-10 00:35,2024-08-10 03:30,2024-08-10 15:30,6.0,10031.0,2024-08-10 23:30,2025-09-30_1038_
Тараз,ЕАО-М,КТО,8,2024-08-11 14:00,2024-08-11 15:20,2024-08-11 19:20,2024-08-12 04:00,4.2,6487.0,2024-08-12 11:20,2025-09-30_1038_
ТК Актау,ТШО-Б,КТО,5,2024-08-09 19:30,2024-08-11 22:15,2024-08-12 01:00,2024-08-12 11:10,6.1,9641.0,2024-08-12 18:20,2025-09-30_1038_
Алматы,ЕАО-М,КТО,4,2024-08-12 13:30,2024-08-12 14:20,2024-08-12 17:25,2024-08-12 23:50,4.8,6490.0,2024-08-13 08:00,2025-09-30_1038_
Костанай,ЕАО-М,КТО,8,2024-08-12 14:40,2024-08-12 16:15,2024-08-12 20:15,2024-08-13 03:30,4.2,6483.0,2024-08-13 11:40,2025-09-30_1038_
Лива,ЕАО-М,КТО,5,2024-08-13 06:30,2024-08-13 07:25,2024-08-13 11:30,2024-08-13 18:00,4.2,6489.0,2024-08-14 00:05,2025-09-30_1038_
Пр.Гейдар Алиев,ТШО-Б,КТО,5,2024-08-13 14:40,2024-08-14 00:40,2024-08-14 03:30,2024-08-14 15:00,6.0,10025.0,2024-08-15 03:30,2025-09-30_1038_
Тараз,ЕАО-М,КТО,8,2024-08-15 03:00,2024-08-15 04:25,2024-08-15 08:25,2024-08-15 15:00,4.2,6485.0,2024-08-15 22:35,2025-09-30_1038_
Казахстан,BB ENERGY-Б,Терминалекс,5,2024-08-12 07:00,2024-08-15 05:45,2024-08-15 08:45,2024-08-15 23:40,6.0,9477.657,2024-08-16 08:00,2025-09-30_1038_
Костанай,ЕАО-М,КТО,8,2024-08-16 06:00,2024-08-16 07:30,2024-08-16 11:30,2024-08-16 17:30,4.2,6474.0,2024-08-17 01:30,2025-09-30_1038_
Алматы,ЕАО-М,КТО,4,2024-08-16 08:30,2024-08-16 10:15,2024-08-16 12:45,2024-08-16 19:00,4.8,6484.0,2024-08-17 03:00,2025-09-30_1038_
Астана,ТШО-Б,КТО,5,2024-08-13 11:10,2024-08-16 09:25,2024-08-17 02:30,2024-08-17 12:40,6.0,9638.0,2024-08-17 18:50,2025-09-30_1038_
Куруш,,,8,2024-08-06 21:50,2024-08-17 02:30,,,3.2,,2024-08-17 19:40,2025-09-30_1038_
Лива,ЕАО-М,КТО,4,2024-08-16 16:10,2024-08-17 03:45,2024-08-17 07:30,2024-08-17 14:00,4.2,6487.0,2024-08-17 20:30,2025-09-30_1038_
Тараз,ЕАО-М,КТО,8,2024-08-18 09:20,2024-08-18 10:45,2024-08-18 16:20,2024-08-19 01:00,4.2,6483.0,2024-08-19 08:10,2025-09-30_1038_
Джульфа,ТШО-Б,КТО,5,2024-08-18 21:50,2024-08-18 23:10,2024-08-19 01:30,2024-08-19 14:30,6.0,10031.0,2024-08-19 22:45,2025-09-30_1038_
Костанай,ЕАО-М,КТО,8,2024-08-20 01:25,2024-08-20 02:50,2024-08-20 06:50,2024-08-20 12:50,4.2,6486.0,2024-08-20 19:25,2025-09-30_1038_
Алматы,ЕАО-М,КТО,4,2024-08-20 10:50,2024-08-20 12:10,2024-08-20 14:10,2024-08-20 21:00,4.8,6489.0,2024-08-21 04:20,2025-09-30_1038_
Лива,ЕАО-М,КТО,8,2024-08-20 18:00,2024-08-20 21:10,2024-08-21 01:00,2024-08-21 07:40,4.2,6485.0,2024-08-21 15:05,2025-09-30_1038_
ТК Актау,ТШО-Б,КТО,5,2024-08-16 06:30,2024-08-20 22:15,2024-08-21 00:50,2024-08-21 11:15,6.1,9609.0,2024-08-21 17:15,2025-09-30_1038_
Тараз,ЕАО-М,КТО,4,2024-08-21 22:05,2024-08-21 23:25,2024-08-22 03:25,2024-08-22 10:15,4.2,6488.0,2024-08-22 17:20,2025-09-30_1038_
Пр.Гейдар Алиев,ТШО-Б,КТО,5,2024-08-22 17:00,2024-08-22 23:10,2024-08-23 02:00,2024-08-23 13:45,6.0,10006.0,2024-08-24 11:20,2025-09-30_1038_
Алматы,ЕАО-М,КТО,4,2024-08-24 09:00,2024-08-24 10:25,2024-08-24 12:00,2024-08-24 19:00,4.8,6487.0,2024-08-25 03:05,2025-09-30_1038_
Астана,ТШО-Б,КТО,5,2024-08-21 19:50,2024-08-24 23:35,2024-08-25 03:00,2024-08-25 13:40,6.1,9622.0,2024-08-25 19:35,2025-09-30_1038_
Абай,BB ENERGY-Б,Терминалекс,5,2024-08-04 10:00,2024-08-28 19:50,2024-08-29 01:10,2024-08-29 14:50,6.05,9452.214,2024-08-29 22:20,2025-09-30_1038_
Костанай,ЕАО-М,КТО,8,2024-08-23 19:30,2024-08-31 09:15,2024-08-31 13:15,2024-09-01 04:50,4.2,6495.0,2024-09-01 12:30,2025-09-30_1038_
Джульфа,ТШО-Б,КТО,5,2024-08-31 23:00,2024-09-01 00:20,2024-09-01 02:30,2024-09-01 14:15,6.0,10039.0,2024-09-01 22:30,2025-09-30_1038_
Тараз,ЕАО-М,КТО,4,2024-08-25 09:15,2024-09-03 22:00,2024-09-04 02:10,2024-09-04 10:00,4.2,6548.0,2024-09-04 15:40,2025-09-30_1038_
Лива,ЕАО-М,КТО,8,2024-08-24 07:30,2024-09-03 20:10,2024-09-04 00:10,2024-09-04 08:15,4.2,6492.0,2024-09-04 17:00,2025-09-30_1038_
ТК Актау,ТШО-Б,КТО,5,2024-08-25 23:40,2024-09-03 22:30,2024-09-04 00:50,2024-09-04 11:40,6.1,9606.0,2024-09-04 17:45,2025-09-30_1038_
Алматы,ЕАО-М,КТО,4,2024-08-29 05:00,2024-09-04 16:25,2024-09-04 19:00,2024-09-05 01:40,4.8,6479.0,2024-09-05 08:00,2025-09-30_1038_
Абай,BB ENERGY-Б,Терминалекс,5,2024-09-04 20:30,2024-09-04 21:50,2024-09-05 04:15,2024-09-05 17:30,6.05,9473.682,2024-09-06 02:00,2025-09-30_1038_
Пр.Гейдар Алиев,ТШО-Б,КТО,5,2024-09-05 20:00,2024-09-06 02:45,2024-09-06 05:30,2024-09-06 16:15,6.0,10018.0,2024-09-06 22:40,2025-09-30_1038_
Костанай,ЕАО-М,КТО,8,2024-09-06 07:10,2024-09-06 09:10,2024-09-06 13:10,2024-09-06 21:30,4.2,6485.0,2024-09-07 17:30,2025-09-30_1038_
Астана,ТШО-Б,КТО,5,2024-08-31 05:30,2024-09-07 22:15,2024-09-08 01:00,2024-09-08 11:15,6.1,9621.0,2024-09-08 18:05,2025-09-30_1038_
Лива,ЕАО-М,КТО,8,2024-09-08 05:30,2024-09-08 06:30,2024-09-08 10:30,2024-09-08 18:20,4.2,6487.0,2024-09-09 00:20,2025-09-30_1038_
Тараз,ЕАО-М,КТО,4,2024-09-08 07:00,2024-09-08 08:15,2024-09-08 12:15,2024-09-08 18:50,4.2,6481.0,2024-09-09 00:45,2025-09-30_1038_
Алматы,ЕАО-М,КТО,4,2024-09-09 13:00,2024-09-09 14:10,2024-09-09 16:15,2024-09-10 00:00,4.8,6484.0,2024-09-10 19:40,2025-09-30_1038_
Джульфа,ТШО-Б,КТО,5,2024-09-09 22:30,2024-09-10 00:15,2024-09-10 02:30,2024-09-10 15:00,6.0,10044.0,2024-09-10 22:00,2025-09-30_1038_
Куруш,ЕАО-М,КТО,8,2024-09-08 13:30,2024-09-10 18:30,2024-09-11 08:00,2024-09-11 16:40,4.2,6482.0,2024-09-12 00:30,2025-09-30_1038_
ТК Актау,ТШО-Б,КТО,5,2024-09-10 17:10,2024-09-11 21:50,2024-09-12 00:30,2024-09-12 10:30,6.1,9620.0,2024-09-12 18:50,2025-09-30_1038_
Лива,ЕАО-М,КТО,4,2024-09-13 13:00,2024-09-13 13:55,2024-09-13 17:30,2024-09-14 00:05,4.2,6480.0,2024-09-14 07:25,2025-09-30_1038_
Костанай,ЕАО-М,КТО,8,2024-09-13 11:00,2024-09-13 12:25,2024-09-13 16:15,2024-09-14 00:35,4.2,6481.0,2024-09-14 08:00,2025-09-30_1038_
Пр.Гейдар Алиев,ТШО-Б,КТО,5,2024-09-13 20:00,2024-09-14 01:50,2024-09-14 04:30,2024-09-14 15:15,6.0,10019.0,2024-09-14 20:55,2025-09-30_1038_
Алматы,ЕАО-М,КТО,4,2024-09-14 15:00,2024-09-14 16:15,2024-09-14 18:05,2024-09-15 00:30,4.8,6492.0,2024-09-15 09:15,2025-09-30_1038_
Тараз,ЕАО-М,КТО,5,2024-09-14 07:30,2024-09-14 22:30,2024-09-15 02:30,2024-09-15 09:30,4.2,6489.0,2024-09-15 16:20,2025-09-30_1038_
Астана,ТШО-Б,КТО,5,2024-09-13 05:45,2024-09-15 21:10,2024-09-15 23:55,2024-09-16 10:30,6.1,9625.0,2024-09-16 18:40,2025-09-30_1038_
Куруш,БНТ-Б,Ака Петролиум,8,2024-09-16 02:15,2024-09-16 03:05,2024-09-16 07:10,2024-09-16 21:40,4.2,6515.4,2024-09-17 04:15,2025-09-30_1038_
Джульфа,ТШО-Б,КТО,5,2024-09-17 22:30,2024-09-18 00:40,2024-09-18 03:00,2024-09-18 15:30,6.0,10043.0,2024-09-18 22:15,2025-09-30_1038_
Лива,ЕАО-М,КТО,4,2024-09-18 19:30,2024-09-18 21:15,2024-09-19 04:00,2024-09-19 11:00,4.2,6482.0,2024-09-19 18:50,2025-09-30_1038_
Костанай,ЕАО-М,КТО,8,2024-09-18 23:00,2024-09-19 00:35,2024-09-19 04:25,2024-09-19 11:40,4.2,6478.0,2024-09-19 19:10,2025-09-30_1038_
Казахстан,BB ENERGY-Б,Терминалекс,5,2024-08-19 18:30,2024-09-18 23:15,2024-09-19 02:15,2024-09-19 16:35,6.0,9575.186,2024-09-19 23:45,2025-09-30_1038_
ТК Актау,ТШО-Б,КТО,5,2024-09-16 11:20,2024-09-20 00:30,2024-09-20 03:00,2024-09-20 13:20,6.1,9631.0,2024-09-20 19:15,2025-09-30_1038_
Тараз,ЕАО-М,КТО,8,2024-09-20 02:00,2024-09-20 05:45,2024-09-20 14:30,2024-09-20 21:50,4.2,6488.0,2024-09-21 04:15,2025-09-30_1038_
Алматы,ЕАО-М,КТО,4,2024-09-20 19:30,2024-09-20 21:10,2024-09-20 23:15,2024-09-21 07:00,4.8,6482.0,2024-09-21 19:10,2025-09-30_1038_
Пр.Гейдар Алиев,ТШО-Б,КТО,5,2024-09-21 15:30,2024-09-22 01:45,2024-09-22 04:30,2024-09-22 15:15,6.0,10028.0,2024-09-22 21:50,2025-09-30_1038_
Лива,ЕАО-М,КТО,8,2024-09-22 06:10,2024-09-22 07:35,2024-09-22 11:30,2024-09-22 18:20,4.2,6483.0,2024-09-23 02:05,2025-09-30_1038_
Костанай,ЕАО-М,КТО,4,2024-09-22 11:00,2024-09-22 12:15,2024-09-22 16:15,2024-09-23 00:20,4.2,6486.0,2024-09-23 06:40,2025-09-30_1038_
Тараз,ЕАО-М,КТО,8,2024-09-23 17:30,2024-09-23 21:10,2024-09-24 01:20,2024-09-24 10:45,4.2,6482.0,2024-09-24 17:40,2025-09-30_1038_
Астана,ТШО-Б,КТО,5,2024-09-20 16:30,2024-09-24 00:10,2024-09-24 03:10,2024-09-24 13:30,6.1,9632.0,2024-09-24 21:25,2025-09-30_1038_
Абай,BB ENERGY-Б,Терминалекс,5,2024-09-10 09:00,2024-09-24 22:10,2024-09-25 00:30,2024-09-25 13:00,6.05,9530.739,2024-09-25 22:10,2025-09-30_1038_
Джульфа,ТШО-Б,КТО,5,2024-09-25 15:30,2024-09-26 10:30,2024-09-26 13:00,2024-09-27 01:30,6.0,10022.0,2024-09-27 08:00,2025-09-30_1038_
ТК Актау,ТШО-Б,КТО,5,2024-09-24 08:35,2024-09-28 21:00,2024-09-29 00:10,2024-09-29 10:10,6.1,9640.0,2024-09-29 22:10,2025-09-30_1038_
Казахстан,BB ENERGY-Б,Терминалекс,5,2024-09-23 16:00,2024-09-29 22:55,2024-09-30 02:20,2024-09-30 16:30,6.05,9478.275,2024-09-30 23:30,2025-09-30_1038_
Алматы,ЕАО-М,КТО,4,2024-09-24 15:50,2024-09-29 00:55,2024-09-30 03:00,2024-10-01 08:30,4.8,6493.0,2024-10-01 17:45,2025-09-30_1038_
Лива,ЕАО-М,КТО,8,2024-09-25 14:10,2024-10-01 02:50,2024-10-01 06:40,2024-10-01 13:15,4.2,6474.0,2024-10-01 22:25,2025-09-30_1038_
Пр.Гейдар Алиев,ТШО-Б,КТО,5,2024-09-30 18:00,2024-10-01 01:10,2024-10-01 04:00,2024-10-01 15:00,6.0,10027.0,2024-10-02 00:20,2025-09-30_1038_
Костанай,ЕАО-М,КТО,4,2024-06-26 01:00,2024-10-01 18:25,2024-10-01 23:35,2024-10-02 08:35,4.2,6480.0,2024-10-02 19:50,2025-09-30_1038_
Куруш,ЕАО-М,КТО,8,2024-09-30 21:30,2024-10-02 01:30,2024-10-02 05:30,2024-10-02 15:20,4.2,6477.0,2024-10-02 23:00,2025-09-30_1038_
Тараз,ЕАО-М,КТО,5,2024-09-27 11:10,2024-10-02 02:15,2024-10-02 09:40,2024-10-02 17:10,4.2,6483.0,2024-10-02 23:25,2025-09-30_1038_
буксир BUE ILI,,,9,2024-10-03 15:00,2024-10-03 17:10,,,,,2024-10-03 21:45,2025-09-30_1038_
Астана,ТШО-Б,КТО,5,2024-09-29 01:50,2024-10-03 01:20,2024-10-03 05:00,2024-10-03 15:00,6.1,9608.0,2024-10-03 23:25,2025-09-30_1038_
буксир MERIC,,,9,2024-10-03 15:00,2024-10-03 17:10,,,,,2024-10-03 23:37,2025-09-30_1038_
буксир BUE CHU,,,9,2024-10-03 15:00,2024-10-03 17:10,,,,,2024-10-03 23:40,2025-09-30_1038_
Джульфа,ТШО-Б,КТО,5,2024-10-03 17:30,2024-10-04 21:45,2024-10-05 00:15,2024-10-05 12:15,6.1,10043.0,2024-10-05 17:35,2025-09-30_1038_
Лива,ЕАО-М,КТО,8,2024-10-05 03:20,2024-10-05 04:30,2024-10-05 08:20,2024-10-05 14:40,4.2,6488.0,2024-10-05 22:05,2025-09-30_1038_
Алматы,ЕАО-М,КТО,4,2024-10-05 11:30,2024-10-05 12:35,2024-10-05 14:30,2024-10-05 21:45,4.7,6189.0,2024-10-06 05:35,2025-09-30_1038_
Абай,BB ENERGY-Б,Терминалекс,5,2024-09-30 11:00,2024-10-05 18:25,2024-10-05 21:00,2024-10-06 10:30,6.05,9511.862,2024-10-06 19:00,2025-09-30_1038_
Костанай,ЕАО-М,КТО,8,2024-10-06 07:40,2024-10-06 09:10,2024-10-06 13:10,2024-10-06 22:10,4.2,6482.0,2024-10-07 04:00,2025-09-30_1038_
Куруш,ЕАО-М,КТО,4,2024-10-06 09:30,2024-10-06 10:15,2024-10-06 14:30,2024-10-06 22:50,4.2,6474.0,2024-10-07 05:50,2025-09-30_1038_
Тараз,ЕАО-М,КТО,8,2024-10-06 14:00,2024-10-07 04:50,2024-10-07 09:00,2024-10-07 17:45,4.2,6483.0,2024-10-08 13:50,2025-09-30_1038_
ТК Актау,ТШО-Б,КТО,5,2024-10-03 17:00,2024-10-06 20:00,2024-10-07 00:20,2024-10-07 12:20,6.1,9616.0,2024-10-08 14:35,2025-09-30_1038_
Пр.Гейдар Алиев,ТШО-Б,КТО,5,2024-10-08 20:00,2024-10-08 21:20,2024-10-09 00:30,2024-10-09 11:15,6.0,10024.0,2024-10-09 19:30,2025-09-30_1038_
Лива,ЕАО-М,КТО,8,2024-10-09 22:00,2024-10-09 23:25,2024-10-10 03:15,2024-10-10 09:35,4.2,6492.0,2024-10-10 23:05,2025-09-30_1038_
Алматы,ЕАО-М,КТО,4,2024-10-10 04:00,2024-10-10 22:30,2024-10-11 00:45,2024-10-11 08:45,4.7,6284.0,2024-10-11 16:15,2025-09-30_1038_
Астана,ТШО-Б,КТО,5,2024-10-08 02:35,2024-10-11 00:40,2024-10-11 03:25,2024-10-11 13:25,6.1,9624.0,2024-10-12 00:45,2025-09-30_1038_
Костанай,ЕАО-М,КТО,8,2024-10-11 05:40,2024-10-11 07:00,2024-10-11 11:00,2024-10-11 20:00,4.2,6490.0,2024-10-12 01:30,2025-09-30_1038_
Куруш,ЕАО-М,КТО,4,2024-10-11 09:00,2024-10-11 17:00,2024-10-11 21:00,2024-10-12 04:00,4.2,6484.0,2024-10-12 12:15,2025-09-30_1038_
Тараз,ЕАО-М,КТО,8,2024-10-11 11:15,2024-10-12 02:20,2024-10-12 06:30,2024-10-12 13:30,4.2,6474.0,2024-10-12 19:30,2025-09-30_1038_
Джульфа,ТШО-Б,КТО,4,2024-10-12 22:00,2024-10-12 23:10,2024-10-13 02:00,2024-10-13 12:45,5.9,9724.0,2024-10-13 21:05,2025-09-30_1038_
Лива,ЕАО-М,КТО,8,2024-10-13 14:30,2024-10-13 15:25,2024-10-13 19:25,2024-10-14 02:40,4.2,6483.0,2024-10-14 11:55,2025-09-30_1038_
ТК Актау,ТШО-Б,КТО,4,2024-10-12 06:00,2024-10-14 23:15,2024-10-15 02:20,2024-10-15 11:50,5.9,9249.0,2024-10-15 18:25,2025-09-30_1038_
Казахстан,BB ENERGY-Б,Терминалекс,4,2024-10-04 21:30,2024-10-15 19:30,2024-10-15 23:45,2024-10-16 14:00,6.0,9319.125,2024-10-16 22:10,2025-09-30_1038_
Пр.Гейдар Алиев,ТШО-Б,КТО,4,2024-10-15 10:15,2024-10-15 23:10,2024-10-17 02:00,2024-10-17 13:00,5.9,9801.0,2024-10-18 23:50,2025-09-30_1038_
Алматы,ЕАО-М,КТО,5,2024-10-17 18:15,2024-10-18 22:35,2024-10-19 00:50,2024-10-19 09:00,4.7,6404.0,2024-10-19 16:40,2025-09-30_1038_
Куруш,ЕАО-М,КТО,8,2024-10-17 15:45,2024-10-18 23:05,2024-10-19 03:00,2024-10-19 11:50,4.2,6495.0,2024-10-19 17:50,2025-09-30_1038_
Астана,ТШО-Б,КТО,4,2024-10-16 01:20,2024-10-19 11:20,2024-10-19 19:30,2024-10-20 05:30,5.9,9118.0,2024-10-20 12:20,2025-09-30_1038_
Костанай,ЕАО-М,КТО,5,2024-10-17 15:20,2024-10-19 17:15,2024-10-19 22:25,2024-10-20 07:00,4.2,6480.0,2024-10-20 15:10,2025-09-30_1038_
Тараз,ЕАО-М,КТО,8,2024-10-18 12:50,2024-10-19 19:00,2024-10-19 23:00,2024-10-20 06:40,4.2,6479.0,2024-10-20 16:00,2025-09-30_1038_
Лива,ЕАО-М,КТО,8,2024-10-18 18:20,2024-10-20 16:35,2024-10-20 23:00,2024-10-21 07:20,4.2,6479.0,2024-10-21 14:10,2025-09-30_1038_
Джульфа,ТШО-Б,КТО,5,2024-10-20 23:00,2024-10-21 00:00,2024-10-21 02:45,2024-10-21 13:30,5.95,9971.0,2024-10-21 22:50,2025-09-30_1038_
Караганда,БНТ-Б,Ака Петролиум,8,2024-10-15 11:00,2024-10-21 15:10,2024-10-21 20:00,2024-10-22 09:50,4.2,6500.0,2024-10-22 21:10,2025-09-30_1038_
Казахстан,,,4,2024-10-22 09:40,2024-10-22 12:10,,,4.2,,2024-10-22 23:00,2025-09-30_1038_
ТК Актау,ТШО-Б,КТО,5,2024-10-21 22:00,2024-10-22 17:30,2024-10-22 20:40,2024-10-23 08:15,5.9,9211.0,2024-10-23 14:25,2025-09-30_1038_
Куруш,ЕАО-М,КТО,8,2024-10-22 10:15,2024-10-22 22:30,2024-10-23 02:20,2024-10-23 10:50,4.2,6475.0,2024-10-23 16:40,2025-09-30_1038_
Тараз,ЕАО-М,КТО,4,2024-10-23 09:10,2024-10-23 10:30,2024-10-23 16:00,2024-10-24 00:00,4.2,6486.0,2024-10-24 05:30,2025-09-30_1038_
Костанай,ЕАО-М,КТО,8,2024-10-23 11:00,2024-10-23 17:35,2024-10-23 21:35,2024-10-24 04:35,4.2,6493.0,2024-10-24 11:25,2025-09-30_1038_
Алматы,ЕАО-М,КТО,5,2024-10-23 18:20,2024-10-23 19:25,2024-10-24 01:10,2024-10-24 08:35,4.5,5833.0,2024-10-24 17:20,2025-09-30_1038_
Астана,ЕАО-М,КТО,4,2024-10-24 08:30,2024-10-24 09:50,2024-10-24 12:35,2024-10-24 19:10,4.5,5820.0,2024-10-25 05:20,2025-09-30_1038_
Лива,ЕАО-М,КТО,8,2024-10-24 09:00,2024-10-24 14:25,2024-10-24 19:45,2024-10-25 02:45,4.2,6472.0,2024-10-25 10:50,2025-09-30_1038_
Пр.Гейдар Алиев,ТШО-Б,КТО,5,2024-10-24 17:45,2024-10-24 21:15,2024-10-25 00:15,2024-10-25 10:45,5.95,9930.0,2024-10-25 17:20,2025-09-30_1038_
Абай,BB ENERGY-Б,Терминалекс,5,2024-10-11 22:00,2024-10-25 18:10,2024-10-25 21:00,2024-10-26 10:15,5.9,9260.848,2024-10-26 18:00,2025-09-30_1038_
Куруш,ЕАО-М,КТО,8,2024-10-26 07:30,2024-10-26 09:05,2024-10-26 13:15,2024-10-26 21:40,4.2,6481.0,2024-10-27 18:30,2025-09-30_1038_
Джульфа,ТШО-Б,КТО,5,2024-10-26 17:30,2024-10-26 21:30,2024-10-27 01:00,2024-10-27 13:00,5.95,9932.0,2024-10-27 19:25,2025-09-30_1038_
Тараз,ЕАО-М,КТО,4,2024-10-26 22:00,2024-10-27 16:00,2024-10-27 20:20,2024-10-28 03:00,4.2,6486.0,2024-10-28 09:10,2025-09-30_1038_
Астана,ТШО-Б,КТО,5,2024-10-28 12:15,2024-10-28 21:45,2024-10-29 00:20,2024-10-29 10:30,5.9,9169.0,2024-10-29 16:25,2025-09-30_1038_
ТК Актау,ТШО-Б,КТО,5,2024-10-27 07:00,2024-10-30 21:15,2024-10-31 00:30,2024-10-31 10:20,5.9,9228.0,2024-10-31 17:50,2025-09-30_1038_
Абай,BB ENERGY-Б,Терминалекс,4,2024-10-30 17:30,2024-10-30 18:45,2024-10-30 22:00,2024-10-31 11:00,5.9,9227.155,2024-10-31 18:50,2025-09-30_1038_
Костанай,ЕАО-М,КТО,8,2024-10-28 08:40,2024-10-31 01:40,2024-10-31 05:40,2024-11-01 04:20,4.2,6470.0,2024-11-01 11:45,2025-09-30_1038_
Лива,ЕАО-М,КТО,8,2024-10-29 07:00,2024-11-01 19:25,2024-11-02 01:00,2024-11-02 09:30,4.2,6481.0,2024-11-02 15:50,2025-09-30_1038_
Пр.Гейдар Алиев,ТШО-Б,КТО,5,2024-11-01 20:30,2024-11-01 21:15,2024-11-02 00:00,2024-11-02 10:45,5.95,9943.0,2024-11-02 16:50,2025-09-30_1038_
Алматы,ЕАО-М,КТО,4,2024-10-28 07:30,2024-11-01 14:55,2024-11-02 16:05,2024-11-02 22:10,4.5,5830.0,2024-11-03 13:35,2025-09-30_1038_
Тараз,ЕАО-М,КТО,8,2024-10-30 20:45,2024-11-02 18:40,2024-11-03 00:30,2024-11-03 07:35,4.2,6490.0,2024-11-03 13:50,2025-09-30_1038_
Астана,ТШО-Б,КТО,5,2024-11-03 04:55,2024-11-03 14:55,2024-11-04 00:30,2024-11-04 10:20,5.9,9190.0,2024-11-04 16:45,2025-09-30_1038_
Костанай,ЕАО-М,КТО,8,2024-11-04 10:50,2024-11-04 12:15,2024-11-04 16:15,2024-11-05 01:40,4.2,6481.0,2024-11-08 11:25,2025-09-30_1038_
Казахстан,BB ENERGY-Б,Терминалекс,4,2024-10-22 09:40,2024-11-04 23:10,2024-11-05 04:00,2024-11-07 01:30,5.9,9254.082,2024-11-08 18:45,2025-09-30_1038_
Лива,ЕАО-М,КТО,8,2024-11-08 09:30,2024-11-08 12:10,2024-11-08 16:00,2024-11-08 23:20,4.2,6486.0,2024-11-09 06:10,2025-09-30_1038_
Джульфа,ТШО-Б,КТО,5,2024-11-08 05:00,2024-11-08 10:50,2024-11-08 13:20,2024-11-09 00:15,5.95,9973.0,2024-11-09 08:00,2025-09-30_1038_
Алматы,ЕАО-М,КТО,4,2024-11-08 10:50,2024-11-08 19:40,2024-11-08 22:35,2024-11-09 05:45,4.5,5845.0,2024-11-09 13:25,2025-09-30_1038_
Тараз,ЕАО-М,КТО,5,2024-11-08 10:00,2024-11-09 09:00,2024-11-09 14:00,2024-11-09 22:30,4.2,6490.0,2024-11-10 05:30,2025-09-30_1038_
ТК Актау,ТШО-Б,КТО,4,2024-11-08 09:10,2024-11-09 21:30,2024-11-10 00:50,2024-11-10 10:50,5.9,9231.0,2024-11-10 17:40,2025-09-30_1038_
Куруш,БНТ-Б,Ака Петролиум,8,2024-10-30 18:00,2024-11-09 07:10,2024-11-09 16:50,2024-11-10 05:15,4.2,6517.62,2024-11-10 18:25,2025-09-30_1038_
Костанай,ЕАО-М,КТО,8,2024-11-11 11:15,2024-11-11 12:40,2024-11-11 16:30,2024-11-12 01:35,4.2,6483.0,2024-11-12 16:45,2025-09-30_1038_
Лива,ЕАО-М,КТО,4,2024-11-11 21:00,2024-11-11 23:15,2024-11-12 03:30,2024-11-12 10:25,4.2,6481.0,2024-11-12 17:50,2025-09-30_1038_
Алматы,ЕАО-М,КТО,4,2024-11-12 18:30,2024-11-12 19:50,2024-11-12 22:20,2024-11-13 04:30,4.5,5852.0,2024-11-13 13:25,2025-09-30_1038_
Тараз,ЕАО-М,КТО,8,2024-11-13 02:10,2024-11-13 03:20,2024-11-13 07:00,2024-11-13 14:20,4.2,6480.0,2024-11-13 22:30,2025-09-30_1038_
Астана,ТШО-Б,КТО,5,2024-11-11 05:30,2024-11-13 21:40,2024-11-14 00:10,2024-11-14 10:00,5.9,9156.0,2024-11-14 17:20,2025-09-30_1038_
Абай,BB ENERGY-Б,Терминалекс,4,2024-11-08 20:30,2024-11-14 14:30,2024-11-15 00:15,2024-11-15 14:35,5.9,9159.707,2024-11-15 23:10,2025-09-30_1038_
Лива,ЕАО-М,КТО,8,2024-11-15 13:50,2024-11-15 15:00,2024-11-15 21:10,2024-11-16 05:00,4.2,6482.0,2024-11-16 11:55,2025-09-30_1038_
Костанай,ЕАО-М,КТО,5,2024-11-15 16:00,2024-11-15 17:55,2024-11-15 21:55,2024-11-16 05:30,4.2,6493.0,2024-11-16 14:10,2025-09-30_1038_
Алматы,ЕАО-М,КТО,4,2024-11-16 12:30,2024-11-16 13:40,2024-11-16 15:55,2024-11-16 22:00,4.5,5841.0,2024-11-18 01:10,2025-09-30_1038_
Тараз,ЕАО-М,КТО,8,2024-11-16 16:30,2024-11-16 17:50,2024-11-16 22:30,2024-11-17 05:50,4.2,6479.0,2024-11-18 02:25,2025-09-30_1038_
Пр.Гейдар Алиев,ТШО-Б,КТО,5,2024-11-18 22:00,2024-11-18 23:00,2024-11-19 02:30,2024-11-19 15:30,5.95,10011.0,2024-11-19 21:40,2025-09-30_1038_
Лива,ЕАО-М,КТО,4,2024-11-19 21:30,2024-11-19 22:35,2024-11-20 02:45,2024-11-20 10:30,4.2,6475.0,2024-11-20 18:10,2025-09-30_1038_
Костанай,ЕАО-М,КТО,8,2024-11-19 23:00,2024-11-20 00:20,2024-11-20 04:20,2024-11-20 11:10,4.2,6489.0,2024-11-20 19:20,2025-09-30_1038_
Астана,ТШО-Б,КТО,5,2024-11-19 05:50,2024-11-20 13:55,2024-11-20 16:30,2024-11-21 02:10,5.9,9168.0,2024-11-22 19:25,2025-09-30_1038_
Алматы,ЕАО-М,КТО,4,2024-11-20 21:00,2024-11-20 22:20,2024-11-21 00:15,2024-11-21 07:50,4.5,5837.0,2024-11-22 20:00,2025-09-30_1038_
Джульфа,ТШО-Б,КТО,5,2024-11-20 21:30,2024-11-22 21:10,2024-11-22 23:40,2024-11-23 12:10,5.95,9925.0,2024-11-25 00:30,2025-09-30_1038_
Казахстан,BB ENERGY-Б,Терминалекс,4,2024-11-13 14:00,2024-11-22 22:10,2024-11-23 01:10,2024-11-23 14:20,5.9,9226.064,2024-11-25 03:00,2025-09-30_1038_
Пр.Гейдар Алиев,ТШО-Б,КТО,5,2024-11-23 13:15,2024-11-25 02:15,2024-11-25 04:45,2024-11-25 15:15,5.95,9927.0,2024-11-25 22:10,2025-09-30_1038_
Тараз,ЕАО-М,КТО,4,2024-11-20 19:10,2024-11-25 04:20,2024-11-25 08:50,2024-11-25 16:15,4.2,6563.0,2024-11-25 22:30,2025-09-30_1038_
Абай,BB ENERGY-Б,Терминалекс,4,2024-11-20 03:00,2024-11-26 18:00,2024-11-26 22:40,2024-11-27 12:15,5.9,9205.917,2024-11-27 19:40,2025-09-30_1038_
Астана,ТШО-Б,КТО,5,2024-11-27 09:00,2024-11-27 09:50,2024-11-27 12:40,2024-11-27 22:45,5.9,9160.0,2024-11-28 04:45,2025-09-30_1038_
Алматы,ЕАО-М,КТО,5,2024-11-27 15:45,2024-12-01 01:05,2024-12-01 03:05,2024-12-01 10:10,4.5,5840.0,2024-12-01 18:50,2025-09-30_1038_
Лива,ЕАО-М,КТО,4,2024-11-26 10:00,2024-12-01 00:30,2024-12-01 04:40,2024-12-01 12:00,4.2,6493.0,2024-12-01 19:45,2025-09-30_1038_
Костанай,ЕАО-М,КТО,8,2024-11-26 11:15,2024-12-01 02:15,2024-12-01 11:00,2024-12-01 18:00,4.2,6489.0,2024-12-02 01:05,2025-09-30_1038_
Куруш,ЕАО-М,КТО,5,2024-11-23 22:15,2024-12-01 19:30,2024-12-01 23:55,2024-12-02 09:30,4.2,6495.0,2024-12-02 18:40,2025-09-30_1038_
Тараз,ЕАО-М,КТО,4,2024-11-30 14:45,2024-12-02 19:45,2024-12-03 00:30,2024-12-03 08:50,4.2,6484.0,2024-12-03 17:00,2025-09-30_1038_
Караганда,ЕАО-М,КТО,5,2024-11-26 21:00,2024-12-02 21:15,2024-12-03 02:00,2024-12-03 09:50,4.2,6504.0,2024-12-03 17:15,2025-09-30_1038_
Астана,ТШО-Б,КТО,,2024-12-02 21:55,,,,4.0,,2024-12-05 13:00,2025-09-30_1038_
Абай,BB ENERGY-Б,Терминалекс,4,2024-12-03 02:00,2024-12-04 21:00,2024-12-05 00:30,2024-12-05 13:15,5.9,9204.541,2024-12-05 21:20,2025-09-30_1038_
Алматы,ЕАО-М,КТО,5,2024-12-05 15:00,2024-12-05 16:00,2024-12-05 17:55,2024-12-06 01:00,4.5,5844.0,2024-12-06 11:55,2025-09-30_1038_
Костанай,ЕАО-М,КТО,8,2024-12-05 13:10,2024-12-05 14:30,2024-12-05 18:30,2024-12-06 02:10,4.2,6484.0,2024-12-06 13:15,2025-09-30_1038_
Джульфа,ТШО,КТО,4,2024-12-05 17:30,2024-12-05 22:15,2024-12-06 00:45,2024-12-06 11:30,5.8,9565.0,2024-12-06 17:15,2025-09-30_1038_
Лива,ЕАО-М,КТО,5,2024-12-05 17:00,2024-12-06 12:40,2024-12-06 16:40,2024-12-07 02:10,4.2,6487.0,2024-12-07 11:10,2025-09-30_1038_
Караганда,ЕАО-М,КТО,5,2024-12-06 22:45,2024-12-07 12:00,2024-12-07 16:15,2024-12-08 23:50,4.2,6484.0,2024-12-12 10:50,2025-09-30_1038_
Тараз,ЕАО-М,КТО,4,2024-12-06 20:20,2024-12-06 22:00,2024-12-07 03:00,2024-12-07 12:00,4.2,6482.0,2024-12-12 11:20,2025-09-30_1038_
Куруш,БНТ-Б,Ака Петролиум,8,2024-12-06 15:30,2024-12-06 18:35,2024-12-06 23:50,2024-12-07 14:55,4.2,6523.0,2024-12-12 13:20,2025-09-30_1038_
Астана,ОТХОД П.КУРЫК,в балласте,№7 Саржа,2024-12-06 15:30,2024-12-12 19:40,,,4.0,,2024-12-12 22:00,2025-09-30_1038_
Пр.Гейдар Алиев,ТШО-Б,КТО,5,2024-12-11 11:15,2024-12-12 15:15,2024-12-12 18:00,2024-12-13 04:30,5.95,9931.0,2024-12-13 11:50,2025-09-30_1038_
Казахстан,ZHAIKMUNAI,Терминалекс,4,2024-12-01 12:00,2024-12-12 12:45,2024-12-12 17:10,2024-12-13 05:30,5.92,9386.93,2024-12-13 15:30,2025-09-30_1038_
Костанай,ЕАО-М,КТО,8,2024-12-12 17:30,2024-12-12 19:00,2024-12-12 23:00,2024-12-13 08:30,4.15,6402.0,2024-12-13 16:05,2025-09-30_1038_
Лива,ЕАО-М,КТО,8,2024-12-14 00:00,2024-12-14 01:10,2024-12-14 05:20,2024-12-14 13:00,4.2,6479.0,2024-12-15 11:40,2025-09-30_1038_
Астана,ТШО-Б,КТО,5,2024-12-13 03:55,2024-12-13 12:50,2024-12-13 18:30,2024-12-14 04:45,5.9,9158.0,2024-12-15 14:50,2025-09-30_1038_
Алматы,ЕАО-М,КТО,4,2024-12-14 03:20,2024-12-15 11:15,2024-12-15 13:45,2024-12-15 21:00,4.25,5189.0,2024-12-17 11:10,2025-09-30_1038_
Караганда,ЕАО-М,КТО,4,2024-12-16 21:00,2024-12-17 12:30,2024-12-17 16:30,2024-12-18 00:00,4.2,6493.0,2024-12-18 11:45,2025-09-30_1038_
Джульфа,ТШО-Б,КТО,5,2024-12-17 07:45,2024-12-17 09:50,2024-12-17 11:30,2024-12-17 23:30,5.95,9938.0,2024-12-18 12:00,2025-09-30_1038_
Тараз,ЕАО-М,КТО,8,2024-12-16 21:30,2024-12-17 10:30,2024-12-17 19:00,2024-12-18 04:20,4.2,6491.0,2024-12-20 03:00,2025-09-30_1038_
Лива,ЕАО-М,КТО,4,2024-12-18 16:00,2024-12-20 07:05,2024-12-20 11:05,2024-12-20 18:05,4.2,6492.0,2024-12-20 23:20,2025-09-30_1038_
Куруш,ЕАО-М,КТО,8,2024-12-18 05:45,2024-12-20 06:40,2024-12-20 11:05,2024-12-20 20:45,4.15,6438.0,2024-12-21 03:30,2025-09-30_1038_
Костанай,ЕАО-М,КТО,5,2024-12-18 14:50,2024-12-20 07:40,2024-12-20 19:00,2024-12-21 03:50,4.2,6482.0,2024-12-21 09:20,2025-09-30_1038_
Астана,ТШО-Б,КТО,4,2024-12-21 03:15,2024-12-21 04:45,2024-12-21 07:50,2024-12-21 18:10,5.9,9162.0,2024-12-23 23:35,2025-09-30_1038_
Алматы,ЕАО-М,КТО,4,2024-12-21 14:00,2024-12-24 00:20,2024-12-24 02:10,2024-12-24 09:15,4.5,5831.0,2024-12-24 15:55,2025-09-30_1038_
Абай,BB ENERGY-Б,Терминалекс,5,2024-12-20 15:30,2024-12-21 10:00,2024-12-23 21:00,2024-12-24 11:15,5.9,9119.68,2024-12-24 22:00,2025-09-30_1038_
Караганда,ЕАО-М,КТО,8,2024-12-24 14:00,2024-12-24 14:50,2024-12-24 19:00,2024-12-25 04:30,4.15,6477.0,2024-12-25 12:15,2025-09-30_1038_
Джульфа,ТШО-Б,КТО,4,2024-12-24 02:15,2024-12-24 16:50,2024-12-24 21:30,2024-12-25 08:00,5.9,9869.0,2024-12-25 15:00,2025-09-30_1038_
Тараз,ЕАО-М,КТО,5,2024-12-24 12:30,2024-12-24 22:45,2024-12-25 03:10,2024-12-25 10:30,4.2,6486.0,2024-12-25 16:10,2025-09-30_1038_
Лива,ЕАО-М,КТО,8,2024-12-25 10:50,2024-12-25 13:00,2024-12-25 17:00,2024-12-26 00:20,4.2,6486.0,2024-12-26 05:00,2025-09-30_1038_
Костанай,ЕАО-М,КТО,4,2024-12-25 15:50,2024-12-25 17:20,2024-12-25 21:20,2024-12-26 06:00,4.2,6493.0,2024-12-26 12:05,2025-09-30_1038_
Алматы,ЕАО-М,КТО,4,2024-12-27 15:00,2024-12-27 16:00,2024-12-27 18:25,2024-12-28 01:10,4.5,5838.0,2024-12-28 07:45,2025-09-30_1038_
Пр.Гейдар Алиев,ТШО-Б,КТО,5,2024-12-27 12:00,2024-12-27 12:50,2024-12-27 15:50,2024-12-28 03:00,5.95,9947.0,2024-12-28 09:45,2025-09-30_1038_
Астана,ТШО-Б,КТО,5,2024-12-27 22:00,2024-12-28 12:25,2024-12-28 16:30,2024-12-29 02:40,5.9,9163.0,2024-12-29 08:30,2025-09-30_1038_
Тараз,ЕАО-М,КТО,8,2024-12-28 12:15,2024-12-28 13:25,2024-12-28 19:00,2024-12-29 03:00,4.2,6480.0,2024-12-29 11:35,2025-09-30_1038_
Казахстан,BB ENERGY-Б,Терминалекс,4,2024-12-20 22:30,2024-12-28 12:20,2024-12-28 15:30,2024-12-29 03:40,5.9,9219.809,2024-12-29 14:40,2025-09-30_1038_
Лива,ЕАО-М,КТО,4,2024-12-28 19:20,2024-12-31 14:30,2025-01-01 02:05,2025-01-01 09:10,4.2,6492.0,2025-01-02 08:10,2025-09-30_1038_
Костанай,ЕАО-М,КТО,8,2024-12-31 00:05,2024-12-31 02:05,2024-12-31 06:05,2025-01-01 09:50,4.2,6436.0,2025-01-02 10:40,2025-09-30_1038_
Алматы,ЕАО-М,КТО,5,2025-01-01 00:40,2025-01-02 07:40,2025-01-02 12:00,2025-01-02 19:00,4.5,5839.0,2025-01-03 02:00,2025-09-30_1038_
Тараз,ЕАО-М,КТО,4,2025-01-01 13:30,2025-01-02 09:20,2025-01-02 13:00,2025-01-02 20:20,4.2,6492.0,2025-01-03 02:35,2025-09-30_1038_
Караганда,ЕАО-М,КТО,8,2024-12-28 11:00,2025-01-03 03:45,2025-01-03 07:45,2025-01-03 16:50,4.14,6476.0,2025-01-03 23:55,2025-09-30_1038_
Астана,ТШО-Б,КТО,5,2025-01-03 04:00,2025-01-03 16:35,2025-01-03 19:30,2025-01-04 05:30,5.9,9163.0,2025-01-05 07:40,2025-09-30_1038_
Костанай,ЕАО-М,КТО,4,2025-01-05 07:20,2025-01-05 09:55,2025-01-05 13:55,2025-01-05 22:15,4.2,6486.0,2025-01-06 06:15,2025-09-30_1038_
Лива,ЕАО-М,КТО,8,2025-01-05 03:20,2025-01-05 07:20,2025-01-05 15:50,2025-01-05 23:35,4.2,6486.0,2025-01-06 08:10,2025-09-30_1038_
Тараз,ЕАО-М,КТО,8,2025-01-05 17:20,2025-01-06 09:15,2025-01-06 16:30,2025-01-07 00:05,4.2,6488.0,2025-01-07 04:10,2025-09-30_1038_
Алматы,ЕАО-М,КТО,4,2025-01-06 17:00,2025-01-06 18:20,2025-01-06 20:15,2025-01-07 03:15,4.5,5838.0,2025-01-07 10:30,2025-09-30_1038_
Джульфа,ТШО-Б,КТО,5,2025-01-06 09:30,2025-01-06 22:10,2025-01-07 01:00,2025-01-07 11:30,5.95,9945.0,2025-01-07 19:45,2025-09-30_1038_
Куруш,,,8,2024-12-25 14:30,2025-01-07 05:50,,,,,2025-01-07 22:50,2025-09-30_1038_
Лива,ЕАО-М,КТО,8,2025-01-10 11:30,2025-01-10 12:45,2025-01-10 16:45,2025-01-11 00:35,4.2,6472.0,2025-01-12 03:00,2025-09-30_1038_
Казахстан,BB ENERGY-Б,Терминалекс,4,2025-01-03 14:30,2025-01-10 11:45,2025-01-10 15:50,2025-01-11 04:20,5.9,9109.588,2025-01-12 03:45,2025-09-30_1038_
Астана,ТШО-Б,КТО,5,2025-01-10 12:00,2025-01-10 13:40,2025-01-10 16:10,2025-01-11 02:45,5.9,9161.0,2025-01-12 04:10,2025-09-30_1038_
Тараз,ЕАО-М,КТО,5,2025-01-10 14:20,2025-01-12 05:55,2025-01-12 10:30,2025-01-12 19:30,4.2,6473.0,2025-01-13 02:35,2025-09-30_1038_
Алматы,ЕАО-М,КТО,4,2025-01-12 09:30,2025-01-12 10:40,2025-01-12 20:35,2025-01-13 03:00,4.5,5838.0,2025-01-13 11:05,2025-09-30_1038_
Костанай,ЕАО-М,КТО,8,2025-01-10 15:45,2025-01-12 06:30,2025-01-12 10:30,2025-01-12 20:10,4.15,6425.0,2025-01-13 13:30,2025-09-30_1038_
Куруш,,,8,2025-01-07 23:30,2025-01-13 14:20,,,3.2,,2025-01-14 15:00,2025-09-30_1038_
Лива,ЕАО-М,КТО,8,2025-01-14 14:40,2025-01-14 16:00,2025-01-14 20:00,2025-01-15 03:20,4.2,6488.0,2025-01-15 10:40,2025-09-30_1038_
Пр.Гейдар Алиев,ТШО-Б,КТО,5,2025-01-14 11:30,2025-01-14 21:40,2025-01-15 00:40,2025-01-15 13:00,5.95,9938.0,2025-01-15 19:00,2025-09-30_1038_
Куруш,,,,2025-01-14 15:35,,,,3.2,,2025-01-15 20:30,2025-09-30_1038_
ТК Актау,ЕАО-М,КТО,4,2025-01-01 00:30,2025-01-14 09:10,2025-01-15 01:20,2025-01-15 11:00,4.5,5816.0,2025-01-15 23:00,2025-09-30_1038_
Тараз,ЕАО-М,КТО,8,2025-01-15 17:00,2025-01-15 18:25,2025-01-15 22:00,2025-01-16 06:00,4.2,6482.0,2025-01-16 12:20,2025-09-30_1038_
Алматы,ЕАО-М,КТО,4,2025-01-16 10:30,2025-01-16 11:45,2025-01-16 13:30,2025-01-16 20:30,4.5,5836.0,2025-01-17 04:30,2025-09-30_1038_
Костанай,ЕАО-М,КТО,5,2025-01-16 14:55,2025-01-16 16:15,2025-01-16 20:15,2025-01-17 05:30,4.2,6477.0,2025-01-17 13:45,2025-09-30_1038_
Абай,BB ENERGY-Б,Терминалекс,5,2024-12-29 02:30,2025-01-17 15:40,2025-01-18 00:30,2025-01-18 12:30,5.9,9218.571,2025-01-19 12:30,2025-09-30_1038_
Лива,ЕАО-М,КТО,8,2025-01-18 00:30,2025-01-19 12:15,2025-01-19 16:15,2025-01-20 01:00,4.2,6487.0,2025-01-22 07:20,2025-09-30_1038_
Казахстан,DUNGA - Б,Терминалекс,4,2025-01-16 15:00,2025-01-17 12:45,2025-01-20 09:55,2025-01-20 23:50,5.9,9073.092,2025-01-22 09:40,2025-09-30_1038_
Астана,ТШО-Б,КТО,5,2025-01-16 18:00,2025-01-19 13:40,2025-01-19 16:10,2025-01-20 01:30,5.9,9169.0,2025-01-22 11:00,2025-09-30_1038_
ТК Актау,ЕАО-М,КТО,4,2025-01-18 14:10,2025-01-22 10:40,2025-01-22 12:30,2025-01-22 20:40,4.4,5586.0,2025-01-24 23:15,2025-09-30_1038_
Караганда,ЕАО-М,КТО,8,2025-01-06 19:00,2025-01-22 08:15,2025-01-22 12:35,2025-01-22 20:30,4.15,6439.0,2025-01-24 23:40,2025-09-30_1038_
Алматы,ЕАО-М,КТО,5,2025-01-20 10:00,2025-01-22 12:10,2025-01-22 21:10,2025-01-23 03:20,4.4,5589.0,2025-01-25 01:05,2025-09-30_1038_
Тараз,КМГ/КАШАГАН-Б,КТО,4,2025-01-19 22:00,2025-01-25 00:40,2025-01-25 04:00,2025-01-25 10:45,4.15,5891.0,2025-01-25 17:50,2025-09-30_1038_
Костанай,ЕАО-М,КТО,8,2025-01-22 15:45,2025-01-25 02:50,2025-01-25 06:45,2025-01-25 17:00,4.15,6444.0,2025-01-25 23:15,2025-09-30_1038_
Джульфа,ТШО-Б,КТО,5,2025-01-20 06:45,2025-01-25 04:20,2025-01-25 11:30,2025-01-25 23:15,5.95,9923.0,2025-01-26 05:00,2025-09-30_1038_
Пр.Гейдар Алиев,ЕАО-М,КТО,4,2025-01-25 09:15,2025-01-25 18:50,2025-01-25 20:55,2025-01-26 04:00,4.4,6082.0,2025-01-26 11:25,2025-09-30_1038_
Лива,ЕАО-М,КТО,8,2025-01-27 09:00,2025-01-27 09:55,2025-01-27 18:20,2025-01-28 01:50,4.2,6479.0,2025-01-28 07:25,2025-09-30_1038_
Астана,ТШО-Б,КТО,5,2025-01-26 11:30,2025-01-27 13:40,2025-01-27 16:20,2025-01-28 01:45,5.9,9179.0,2025-01-28 09:15,2025-09-30_1038_
Абай,BB ENERGY-Б,Терминалекс,4,2025-01-25 14:30,2025-01-27 06:05,2025-01-27 10:45,2025-01-28 08:20,5.8,8761.404,2025-01-28 16:30,2025-09-30_1038_
Караганда,ЕАО-М,КТО,8,2025-01-27 21:00,2025-01-28 08:15,2025-01-28 12:15,2025-01-28 19:30,4.15,6483.0,2025-01-29 03:05,2025-09-30_1038_
Алматы,ЕАО-М,КТО,5,2025-01-27 23:00,2025-01-28 11:20,2025-01-28 14:00,2025-01-28 21:00,4.5,5832.0,2025-01-29 03:25,2025-09-30_1038_
Тараз,КМГ/КАШАГАН-Б,КТО,4,2025-01-29 11:30,2025-01-29 13:10,2025-01-29 19:45,2025-01-30 03:15,4.15,5909.0,2025-01-30 11:20,2025-09-30_1038_
Костанай,ЕАО-М,КТО,8,2025-01-29 01:15,2025-01-31 11:10,2025-01-31 12:40,2025-02-01 09:45,4.15,6493.0,2025-02-01 17:00,2025-09-30_1038_
Пр.Гейдар Алиев,ТШО-Б,КТО,5,2025-01-28 20:00,2025-02-01 00:00,2025-02-01 02:30,2025-02-01 12:45,5.95,9934.0,2025-02-01 19:40,2025-09-30_1038_
Лива,ЕАО-М,КТО,4,2025-01-31 11:00,2025-02-01 00:40,2025-02-01 04:40,2025-02-01 12:30,4.2,6485.0,2025-02-01 20:15,2025-09-30_1038_
Алматы,ЕАО-М,КТО,4,2025-02-01 06:30,2025-02-01 21:20,2025-02-01 22:45,2025-02-02 05:50,4.5,5818.0,2025-02-02 15:00,2025-09-30_1038_
Караганда,ЕАО-М,КТО,8,2025-01-31 23:00,2025-02-01 18:15,2025-02-01 23:05,2025-02-02 08:30,4.15,6466.0,2025-02-02 17:00,2025-09-30_1038_
ТК Актау,КМГ/КАШАГАН-Б,КТО,4,2025-01-27 10:00,2025-02-02 19:50,2025-02-02 23:40,2025-02-03 09:00,4.55,5891.0,2025-02-03 16:40,2025-09-30_1038_
Тараз,ЕАО-М,КТО,8,2025-02-03 00:40,2025-02-03 01:50,2025-02-03 05:50,2025-02-03 14:00,4.2,6487.0,2025-02-03 21:15,2025-09-30_1038_
Астана,ТШО-Б,КТО,5,2025-02-01 08:25,2025-02-03 23:55,2025-02-04 02:35,2025-02-04 12:15,5.9,9179.0,2025-02-04 18:30,2025-09-30_1038_
Лива,ЕАО-М,КТО,4,2025-02-04 10:20,2025-02-04 11:20,2025-02-04 15:40,2025-02-04 23:00,4.2,6486.0,2025-02-05 06:25,2025-09-30_1038_
Костанай,ЕАО-М,КТО,8,2025-02-04 17:35,2025-02-04 19:20,2025-02-04 23:20,2025-02-05 08:45,4.15,6488.0,2025-02-05 15:30,2025-09-30_1038_
Алматы,ЕАО-М,КТО,4,2025-02-05 13:00,2025-02-05 14:10,2025-02-05 16:15,2025-02-05 22:50,4.5,5831.0,2025-02-06 05:30,2025-09-30_1038_
Караганда,ЕАО-М,КТО,8,2025-02-05 14:30,2025-02-05 16:05,2025-02-05 20:05,2025-02-06 03:35,4.15,6468.0,2025-02-06 10:50,2025-09-30_1038_
Джульфа,ТШО-Б,КТО,5,2025-02-03 22:15,2025-02-05 18:00,2025-02-05 21:00,2025-02-06 09:15,5.95,9942.0,2025-02-06 16:30,2025-09-30_1038_
Тараз,ЕАО-М,КТО,8,2025-02-06 13:30,2025-02-06 14:35,2025-02-06 20:00,2025-02-07 05:00,4.2,6477.0,2025-02-07 12:35,2025-09-30_1038_
Лива,ЕАО-М,КТО,8,2025-02-07 19:45,2025-02-07 21:10,2025-02-08 03:30,2025-02-08 12:05,4.2,6473.0,2025-02-08 19:45,2025-09-30_1038_
Костанай,ЕАО-М,КТО,8,2025-02-08 19:30,2025-02-08 21:10,2025-02-09 01:10,2025-02-09 10:35,4.15,6438.0,2025-02-09 17:20,2025-09-30_1038_
Алматы,ЕАО-М,КТО,5,2025-02-09 12:30,2025-02-09 13:35,2025-02-09 15:50,2025-02-09 22:05,4.5,5833.0,2025-02-10 04:25,2025-09-30_1038_
Караганда,ЕАО-М,КТО,4,2025-02-09 15:40,2025-02-09 16:25,2025-02-09 20:35,2025-02-10 04:20,4.2,6470.0,2025-02-10 12:55,2025-09-30_1038_
Тараз,ЕАО-М,КТО,8,2025-02-10 08:40,2025-02-10 09:50,2025-02-10 14:40,2025-02-10 22:30,4.2,6480.0,2025-02-11 05:05,2025-09-30_1038_
Лива,ЕАО-М,КТО,4,2025-02-11 08:30,2025-02-11 09:15,2025-02-11 13:45,2025-02-11 22:45,4.2,6486.0,2025-02-12 05:30,2025-09-30_1038_
Астана,ТШО-Б,КТО,5,2025-02-11 21:10,2025-02-11 22:25,2025-02-12 01:20,2025-02-12 10:50,5.9,9149.0,2025-02-12 19:10,2025-09-30_1038_
Костанай,ЕАО-М,КТО,8,2025-02-12 14:45,2025-02-12 16:05,2025-02-12 19:55,2025-02-13 06:05,4.15,6436.0,2025-02-13 14:10,2025-09-30_1038_
ТК Актау,КМГ/КАШАГАН-Б,КТО,4,2025-02-10 17:00,2025-02-12 17:30,2025-02-12 21:20,2025-02-13 07:20,4.55,5889.0,2025-02-13 15:35,2025-09-30_1038_
Алматы,ЕАО-М,КТО,5,2025-02-12 23:00,2025-02-13 00:10,2025-02-13 02:05,2025-02-13 10:20,4.5,5830.0,2025-02-13 17:55,2025-09-30_1038_
Джульфа,ТШО-Б,КТО,5,2025-02-13 21:30,2025-02-13 23:20,2025-02-14 01:45,2025-02-14 12:15,5.9,9941.0,2025-02-14 19:10,2025-09-30_1038_
Лива,ЕАО-М,КТО,8,2025-02-14 17:30,2025-02-14 18:45,2025-02-14 22:55,2025-02-15 06:20,4.2,6477.0,2025-02-15 15:20,2025-09-30_1038_
Куруш,БНТ-Б,Ака Петролиум,8,2025-02-14 19:30,2025-02-15 16:10,2025-02-15 22:20,2025-02-16 16:45,4.15,6404.6,2025-02-18 15:35,2025-09-30_1038_
Астана,ТШО-Б,КТО,5,2025-02-16 13:40,2025-02-17 06:50,2025-02-17 12:00,2025-02-17 21:50,5.9,9179.0,2025-02-18 18:30,2025-09-30_1038_
Алматы,ЕАО-М,КТО,4,2025-02-16 21:00,2025-02-17 07:50,2025-02-17 11:30,2025-02-17 18:00,4.5,5835.0,2025-02-18 19:45,2025-09-30_1038_
Костанай,ЕАО-М,КТО,8,2025-02-16 19:00,2025-02-18 16:45,2025-02-18 20:45,2025-02-19 05:10,4.15,6441.0,2025-02-19 14:05,2025-09-30_1038_
Лива,ЕАО-М,КТО,4,2025-02-18 08:00,2025-02-18 20:15,2025-02-19 02:40,2025-02-19 10:30,4.2,6494.0,2025-02-19 18:55,2025-09-30_1038_
Пр.Гейдар Алиев,ТШО-Б,КТО,5,2025-02-15 14:00,2025-02-18 22:50,2025-02-19 02:30,2025-02-19 13:15,5.95,9949.0,2025-02-19 21:20,2025-09-30_1038_
ТК Актау,КМГ/КАШАГАН-Б,КТО,5,2025-02-17 03:45,2025-02-23 03:30,2025-02-23 07:00,2025-02-23 20:00,5.85,9112.0,2025-02-24 03:15,2025-09-30_1038_
Алматы,ЕАО-М,КТО,4,2025-02-24 06:30,2025-02-24 07:45,2025-02-24 11:00,2025-02-24 19:00,4.5,5837.0,2025-02-25 01:50,2025-09-30_1038_
Костанай,ЕАО-М,КТО,8,2025-02-24 07:50,2025-02-24 09:20,2025-02-24 13:10,2025-02-24 22:20,4.15,6459.0,2025-02-25 04:55,2025-09-30_1038_
Абай,BB ENERGY-Б,Терминалекс,4,2025-02-01 13:45,2025-02-25 02:35,2025-02-25 07:30,2025-02-25 17:40,5.9,9137.533,2025-02-26 08:40,2025-09-30_1038_
Астана,ТШО-Б,КТО,5,2025-02-26 11:40,2025-02-26 13:15,2025-02-26 16:45,2025-02-27 02:50,5.9,9168.0,2025-02-28 16:20,2025-09-30_1038_
Лива,ЕАО-М,КТО,8,2025-02-25 07:10,2025-02-26 01:00,2025-02-28 21:00,2025-03-01 10:40,4.2,6485.0,2025-03-01 18:50,2026-04-03_1207_
Джульфа,ТШО-Б,КТО,5,2025-02-27 00:10,2025-02-28 17:45,2025-03-01 02:15,2025-03-01 13:15,5.95,9955.0,2025-03-01 21:30,2026-04-03_1207_
Казахстан,DUNGA - Б,Терминалекс,4,2025-01-26 01:30,2025-02-28 12:15,2025-02-28 20:40,2025-03-01 13:45,5.9,9082.503,2025-03-01 23:40,2026-04-03_1207_
Караганда,ЕАО-М,КТО,8,2025-02-13 09:30,2025-03-01 19:30,2025-03-01 23:30,2025-03-02 11:30,4.15,6485.0,2025-03-03 04:35,2026-04-03_1207_
Костанай,ЕАО-М,КТО,5,2025-03-01 11:30,2025-03-01 23:10,2025-03-02 03:00,2025-03-02 11:00,4.2,6489.0,2025-03-03 05:20,2026-04-03_1207_
Алматы,ЕАО-М,КТО,4,2025-03-01 16:35,2025-03-02 01:00,2025-03-02 12:00,2025-03-02 18:30,4.5,5829.0,2025-03-03 12:10,2026-04-03_1207_
ТК Актау,ТШО-Б,КТО,5,2025-03-01 00:30,2025-03-03 07:40,2025-03-03 13:30,2025-03-04 00:00,5.95,9307.0,2025-03-04 07:20,2026-04-03_1207_
Пр.Гейдар Алиев,ТШО-Б,КТО,5,2025-03-04 09:30,2025-03-04 15:00,2025-03-04 17:30,2025-03-05 04:45,5.95,9937.0,2025-03-05 13:00,2026-04-03_1207_
Лива,ЕАО-М,КТО,8,2025-03-04 18:00,2025-03-04 19:05,2025-03-04 23:05,2025-03-05 06:40,4.2,6489.0,2025-03-05 15:55,2026-04-03_1207_
Джаббар Гашимов,ЕАО-М,КТО,4,2025-03-04 20:30,2025-03-04 21:35,2025-03-05 03:25,2025-03-05 13:15,4.5,5723.0,2025-03-05 23:10,2026-04-03_1207_
Астана,ТШО-Б,КТО,5,2025-03-04 17:10,2025-03-05 16:50,2025-03-05 20:10,2025-03-06 12:30,5.9,9168.0,2025-03-07 13:30,2026-04-03_1207_
Караганда,ЕАО-М,КТО,8,2025-03-06 06:45,2025-03-06 14:50,2025-03-06 19:00,2025-03-07 04:00,4.15,6470.0,2025-03-07 14:30,2026-04-03_1207_
Казахстан,BB ENERGY-Б,Терминалекс,4,2025-03-05 15:30,2025-03-07 10:45,2025-03-07 14:30,2025-03-08 00:15,5.9,9228.279,2025-03-08 10:50,2026-04-03_1207_
Костанай,ЕАО-М,КТО,8,2025-03-06 11:40,2025-03-07 16:15,2025-03-07 20:15,2025-03-08 03:30,4.15,6452.0,2025-03-08 12:15,2026-04-03_1207_
Джульфа,ТШО-Б,КТО,5,2025-03-06 21:30,2025-03-07 18:30,2025-03-07 22:45,2025-03-08 11:00,5.95,9952.0,2025-03-08 19:15,2026-04-03_1207_
Алматы,ЕАО-М,КТО,4,2025-03-08 08:50,2025-03-08 11:45,2025-03-08 14:00,2025-03-08 21:00,4.5,5851.0,2025-03-09 05:15,2026-04-03_1207_
Лива,ЕАО-М,КТО,8,2025-03-09 06:20,2025-03-09 09:00,2025-03-09 14:10,2025-03-09 21:30,4.2,6478.0,2025-03-10 05:00,2026-04-03_1207_
Джаббар Гашимов,ЕАО-М,КТО,5,2025-03-09 12:00,2025-03-09 13:10,2025-03-09 16:15,2025-03-09 23:45,4.5,5688.0,2025-03-10 07:15,2026-04-03_1207_
ТК Актау,ТШО-Б,КТО,5,2025-03-07 20:20,2025-03-10 08:55,2025-03-10 12:10,2025-03-10 22:30,5.95,9383.0,2025-03-11 03:40,2026-04-03_1207_
Костанай,ЕАО-М,КТО,4,2025-03-11 11:30,2025-03-11 12:45,2025-03-11 16:45,2025-03-12 00:05,4.2,6482.0,2025-03-12 06:50,2026-04-03_1207_
Караганда,ЕАО-М,КТО,8,2025-03-11 10:00,2025-03-11 11:15,2025-03-11 15:30,2025-03-11 23:15,4.15,6475.0,2025-03-12 09:15,2026-04-03_1207_
Пр.Гейдар Алиев,ТШО-Б,КТО,5,2025-03-10 11:15,2025-03-11 19:15,2025-03-12 00:15,2025-03-12 11:50,5.95,9941.0,2025-03-12 18:45,2026-04-03_1207_
Алматы,ЕАО-М,КТО,4,2025-03-12 12:15,2025-03-12 13:25,2025-03-12 15:45,2025-03-12 22:30,4.5,5847.0,2025-03-13 05:15,2026-04-03_1207_
Астана,ТШО-Б,КТО,5,2025-03-12 01:10,2025-03-12 22:40,2025-03-13 01:10,2025-03-13 11:00,5.95,9262.0,2025-03-13 17:40,2026-04-03_1207_
Джульфа,ТШО-Б,КТО,5,2025-03-14 16:45,2025-03-14 18:00,2025-03-14 21:15,2025-03-15 10:00,5.95,9945.0,2025-03-15 17:30,2026-04-03_1207_
Лива,ЕАО-М,КТО,8,2025-03-14 20:30,2025-03-14 21:35,2025-03-15 01:45,2025-03-15 08:45,4.2,6490.0,2025-03-15 18:40,2026-04-03_1207_
Джаббар Гашимов,ЕАО-М,КТО,4,2025-03-14 22:00,2025-03-14 23:05,2025-03-15 02:45,2025-03-15 11:00,4.5,5693.0,2025-03-15 19:00,2026-04-03_1207_
Алматы,ЕАО-М,КТО,4,2025-03-16 01:30,2025-03-16 02:40,2025-03-16 04:35,2025-03-16 11:10,4.5,5838.0,2025-03-16 18:10,2026-04-03_1207_
Костанай,ЕАО-М,КТО,8,2025-03-15 22:50,2025-03-16 00:15,2025-03-16 04:15,2025-03-16 11:40,4.2,6474.0,2025-03-16 19:30,2026-04-03_1207_
Караганда,ЕАО-М,КТО,5,2025-03-16 06:00,2025-03-16 07:10,2025-03-16 11:50,2025-03-16 19:00,4.2,6489.0,2025-03-17 01:45,2026-04-03_1207_
ТК Актау,ЕАО-М,КТО,4,2025-03-15 20:10,2025-03-16 18:50,2025-03-16 21:15,2025-03-17 04:15,4.5,5840.0,2025-03-17 23:20,2026-04-03_1207_
Пр.Гейдар Алиев,ТШО-Б,КТО,5,2025-03-17 00:30,2025-03-17 02:50,2025-03-17 05:30,2025-03-17 17:15,5.95,9922.0,2025-03-18 00:40,2026-04-03_1207_
Джаббар Гашимов,ЕАО-М,КТО,5,2025-03-18 04:00,2025-03-18 05:00,2025-03-18 07:30,2025-03-18 15:00,4.5,5683.0,2025-03-18 23:10,2026-04-03_1207_
Казахстан,BB ENERGY-Б,Терминалекс,4,2025-03-12 19:30,2025-03-18 00:10,2025-03-18 03:30,2025-03-18 14:30,5.95,9157.936,2025-03-19 01:30,2026-04-03_1207_
Лива,ЕАО-М,КТО,8,2025-03-18 09:00,2025-03-18 10:00,2025-03-18 15:00,2025-03-18 23:30,4.2,6473.0,2025-03-19 22:50,2026-04-03_1207_
Астана,ТШО-Б,КТО,5,2025-03-18 11:50,2025-03-19 00:15,2025-03-19 02:55,2025-03-19 13:45,5.95,9245.0,2025-03-20 00:15,2026-04-03_1207_
Алматы,ЕАО-М,КТО,4,2025-03-19 15:30,2025-03-20 01:50,2025-03-20 04:20,2025-03-20 11:00,4.5,5829.0,2025-03-20 19:05,2026-04-03_1207_
Костанай,ЕАО-М,КТО,5,2025-03-19 19:15,2025-03-20 01:10,2025-03-20 05:10,2025-03-20 12:10,4.2,6475.0,2025-03-20 19:20,2026-04-03_1207_
Караганда,ЕАО-М,КТО,8,2025-03-20 13:00,2025-03-20 18:30,2025-03-20 22:30,2025-03-21 07:30,4.15,6485.0,2025-03-21 15:00,2026-04-03_1207_
ТК Актау,ТШО-Б,КТО,5,2025-03-20 10:30,2025-03-20 20:55,2025-03-21 00:30,2025-03-21 10:10,5.95,9328.0,2025-03-21 17:05,2026-04-03_1207_
Джаббар Гашимов,ТШО-Б,КТО,5,2025-03-21 11:45,2025-03-22 22:20,2025-03-23 01:30,2025-03-23 14:15,5.95,9165.0,2025-03-23 21:50,2026-04-03_1207_
Лива,ЕАО-М,КТО,8,2025-03-22 20:45,2025-03-22 22:50,2025-03-23 04:10,2025-03-23 13:10,4.2,6485.0,2025-03-25 11:30,2026-04-03_1207_
Алматы,ЕАО-М,КТО,4,2025-03-23 14:30,2025-03-23 15:40,2025-03-23 17:30,2025-03-24 00:35,4.5,5848.0,2025-03-25 12:20,2026-04-03_1207_
Костанай,ЕАО-М,КТО,8,2025-03-23 15:15,2025-03-25 13:20,2025-03-25 17:20,2025-03-26 02:20,4.15,6457.0,2025-03-26 10:50,2026-04-03_1207_
Караганда,ЕАО-М,КТО,4,2025-03-25 16:45,2025-03-25 17:55,2025-03-25 22:00,2025-03-26 05:30,4.2,6479.0,2025-03-26 13:25,2026-04-03_1207_
Астана,ТШО-Б,КТО,5,2025-03-26 15:50,2025-03-26 16:55,2025-03-26 20:00,2025-03-27 06:25,5.95,9242.0,2025-03-27 12:45,2026-04-03_1207_
Пр.Гейдар Алиев,ТШО-Б,КТО,5,2025-03-26 12:45,2025-03-27 17:55,2025-03-27 20:25,2025-03-28 07:50,5.95,9961.0,2025-03-28 15:20,2026-04-03_1207_
Казахстан,BB ENERGY-Б,Терминалекс,5,2025-03-26 19:00,2025-03-29 04:45,2025-03-29 23:00,2025-03-30 10:15,5.9,9097.73,2025-04-01 11:40,2026-04-03_1207_
Тараз,ЕАО-М,КТО,8,2025-03-28 16:40,2025-03-28 18:00,2025-03-31 15:00,2025-04-01 10:20,4.4,6774.0,2025-04-01 17:40,2026-04-03_1207_
Алматы,ЕАО-М,КТО,4,2025-03-28 17:45,2025-04-01 15:00,2025-04-01 17:10,2025-04-01 23:40,4.5,5843.0,2025-04-02 06:00,2026-04-03_1207_
Джаббар Гашимов,ТШО-Б,КТО,5,2025-03-29 17:15,2025-04-01 16:00,2025-04-01 19:00,2025-04-02 08:00,5.95,9175.0,2025-04-02 15:25,2026-04-03_1207_
Костанай,ЕАО-М,КТО,8,2025-03-29 17:35,2025-04-01 21:10,2025-04-02 01:10,2025-04-02 09:00,4.15,6459.0,2025-04-02 16:20,2026-04-03_1207_
ТК Актау,ТШО-Б,КТО,5,2025-03-26 21:20,2025-04-02 17:00,2025-04-02 21:00,2025-04-03 06:50,5.95,9324.0,2025-04-03 14:40,2026-04-03_1207_
Джульфа,ЕАО-М,КТО,4,2025-04-02 19:45,2025-04-02 22:25,2025-04-03 00:45,2025-04-03 09:00,4.5,6183.0,2025-04-03 15:30,2026-04-03_1207_
Караганда,ЕАО-М,КТО,8,2025-03-29 20:00,2025-04-04 09:55,2025-04-04 14:15,2025-04-04 21:30,4.15,6453.0,2025-04-05 05:00,2026-04-03_1207_
Пр.Гейдар Алиев,ТШО-Б,КТО,5,2025-04-02 07:00,2025-04-04 10:30,2025-04-04 13:30,2025-04-05 00:30,5.95,9923.0,2025-04-05 12:20,2026-04-03_1207_
Тараз,ЕАО-М,КТО,4,2025-04-04 18:00,2025-04-04 19:10,2025-04-04 23:55,2025-04-05 09:10,4.4,6775.0,2025-04-05 16:05,2026-04-03_1207_
Алматы,ЕАО-М,КТО,4,2025-04-05 21:00,2025-04-05 22:30,2025-04-06 00:05,2025-04-06 07:00,4.5,5841.0,2025-04-06 22:20,2026-04-03_1207_
Астана,ТШО-Б,КТО,5,2025-03-31 09:25,2025-04-05 19:15,2025-04-05 22:00,2025-04-06 08:00,5.95,9223.0,2025-04-07 03:10,2026-04-03_1207_
Костанай,ЕАО-М,КТО,8,2025-04-06 00:10,2025-04-06 02:05,2025-04-06 05:55,2025-04-06 13:30,4.15,6452.0,2025-04-07 04:50,2026-04-03_1207_
Джульфа,ЕАО-М,КТО,4,2025-04-06 20:30,2025-04-06 23:45,2025-04-07 02:15,2025-04-07 10:45,4.5,6186.0,2025-04-07 17:30,2026-04-03_1207_
Джаббар Гашимов,ТШО-Б,КТО,5,2025-04-06 17:00,2025-04-07 13:40,2025-04-07 17:00,2025-04-08 05:30,5.95,9190.0,2025-04-08 14:15,2026-04-03_1207_
Караганда,ЕАО-М,КТО,8,2025-04-08 10:45,2025-04-08 13:30,2025-04-08 17:30,2025-04-09 00:35,4.15,6428.0,2025-04-09 16:15,2026-04-03_1207_
ТК Актау,ТШО-Б,КТО,5,2025-04-07 18:30,2025-04-08 19:25,2025-04-08 22:00,2025-04-09 09:00,5.95,9308.0,2025-04-09 17:05,2026-04-03_1207_
Казахстан,BB ENERGY-Б,Терминалекс,4,2025-04-05 12:00,2025-04-08 04:45,2025-04-08 13:40,2025-04-09 03:15,5.9,9031.417,2025-04-09 18:30,2026-04-03_1207_
Тараз,ЕАО-М,КТО,8,2025-04-10 05:30,2025-04-10 07:00,2025-04-10 11:00,2025-04-10 20:50,4.4,6780.0,2025-04-11 16:50,2026-04-03_1207_
Пр.Гейдар Алиев,ТШО-Б,КТО,5,2025-04-09 02:30,2025-04-09 21:10,2025-04-10 01:00,2025-04-10 12:45,5.95,9944.0,2025-04-11 19:00,2026-04-03_1207_
Алматы,ЕАО-М,КТО,4,2025-04-11 10:00,2025-04-11 16:15,2025-04-11 19:00,2025-04-12 02:05,4.5,5835.0,2025-04-12 11:10,2026-04-03_1207_
Костанай,ЕАО-М,КТО,8,2025-04-11 14:40,2025-04-11 18:20,2025-04-11 22:20,2025-04-12 08:40,4.15,6433.0,2025-04-12 16:50,2026-04-03_1207_
Караганда,ЕАО-М,КТО,4,2025-04-12 14:00,2025-04-12 14:55,2025-04-12 19:00,2025-04-13 02:15,4.2,6480.0,2025-04-13 10:45,2026-04-03_1207_
Астана,ТШО-Б,КТО,5,2025-04-12 16:40,2025-04-12 17:50,2025-04-12 21:00,2025-04-13 07:30,5.95,9220.0,2025-04-13 13:25,2026-04-03_1207_
Джаббар Гашимов,ТШО-Б,КТО,5,2025-04-14 03:20,2025-04-14 04:25,2025-04-14 07:30,2025-04-14 19:00,5.95,9221.0,2025-04-15 00:35,2026-04-03_1207_
Алматы,ЕАО-М,КТО,4,2025-04-15 12:40,2025-04-16 01:40,2025-04-16 03:00,2025-04-16 09:10,4.5,5846.0,2025-04-16 14:00,2026-04-03_1207_
Тараз,ЕАО-М,КТО,8,2025-04-15 06:20,2025-04-16 00:45,2025-04-16 05:00,2025-04-16 13:50,4.4,6778.0,2025-04-16 19:50,2026-04-03_1207_
ТК Актау,ТШО-Б,КТО,5,2025-04-15 03:10,2025-04-16 00:15,2025-04-16 04:10,2025-04-16 15:20,5.95,9308.0,2025-04-16 22:40,2026-04-03_1207_
Костанай,ЕАО-М,КТО,4,2025-04-15 16:10,2025-04-16 15:10,2025-04-16 19:10,2025-04-17 04:30,4.2,6484.0,2025-04-17 10:10,2026-04-03_1207_
Пр.Гейдар Алиев,ТШО-Б,КТО,5,2025-04-19 08:45,2025-04-19 09:45,2025-04-19 13:30,2025-04-20 01:00,5.95,9924.0,2025-04-20 07:00,2026-04-03_1207_
Тараз,ЕАО-М,КТО,4,2025-04-19 13:30,2025-04-19 14:40,2025-04-19 19:00,2025-04-20 04:20,4.4,6779.0,2025-04-20 12:00,2026-04-03_1207_
Алматы,ЕАО-М,КТО,5,2025-04-19 14:30,2025-04-20 08:00,2025-04-20 10:45,2025-04-20 17:30,4.5,5859.0,2025-04-21 02:00,2026-04-03_1207_
Куруш,БНТ-Б,Ака Петролиум,4,2025-04-15 06:00,2025-04-18 18:50,2025-04-19 00:15,2025-04-19 12:20,3.75,5342.968,2025-04-21 22:30,2026-04-03_1207_
Караганда,ЕАО-М,КТО,8,2025-04-16 12:30,2025-04-20 12:50,2025-04-20 17:00,2025-04-21 01:00,4.2,6456.0,2025-04-21 23:30,2026-04-03_1207_
Астана,ТШО-Б,КТО,5,2025-04-20 21:30,2025-04-21 03:00,2025-04-21 06:00,2025-04-21 15:40,5.95,9217.0,2025-04-22 01:40,2026-04-03_1207_
Костанай,ЕАО-М,КТО,8,2025-04-21 22:20,2025-04-22 00:20,2025-04-22 04:20,2025-04-22 14:00,4.15,6431.0,2025-04-22 22:10,2026-04-03_1207_
ТК Актау,ТШО-Б,КТО,5,2025-04-21 15:25,2025-04-22 17:00,2025-04-22 19:30,2025-04-23 06:30,5.95,9324.0,2025-04-23 22:55,2026-04-03_1207_
Казахстан,BB ENERGY-Б,Терминалекс,4,2025-04-14 07:00,2025-04-22 23:55,2025-04-23 06:30,2025-04-23 19:00,5.9,8949.5,2025-04-24 02:50,2026-04-03_1207_
Тараз,ЕАО-М,КТО,8,2025-04-23 04:50,2025-04-23 06:00,2025-04-23 10:20,2025-04-23 21:30,4.4,6783.0,2025-04-24 04:45,2026-04-03_1207_
Алматы,ЕАО-М,КТО,4,2025-04-23 22:30,2025-04-24 03:40,2025-04-24 05:35,2025-04-24 12:30,4.5,5836.0,2025-04-24 20:10,2026-04-03_1207_
Джаббар Гашимов,ТШО-Б,КТО,5,2025-04-23 00:00,2025-04-24 00:05,2025-04-24 03:00,2025-04-24 14:30,5.95,9215.0,2025-04-24 21:10,2026-04-03_1207_
Пр.Гейдар Алиев,ТШО-Б,КТО,5,2025-04-24 05:00,2025-04-24 22:25,2025-04-25 01:30,2025-04-25 12:45,5.95,9919.0,2025-04-25 19:00,2026-04-03_1207_
Караганда,ЕАО-М,КТО,8,2025-04-24 20:15,2025-04-24 21:50,2025-04-25 02:00,2025-04-25 11:30,4.15,6425.0,2025-04-25 19:45,2026-04-03_1207_
Костанай,ЕАО-М,КТО,8,2025-04-25 17:00,2025-04-25 21:10,2025-04-26 01:00,2025-04-26 11:10,4.15,6476.0,2025-04-26 20:00,2026-04-03_1207_
Астана,ТШО-Б,КТО,5,2025-04-25 23:30,2025-04-26 00:45,2025-04-26 03:30,2025-04-26 13:25,5.95,9260.0,2025-04-26 21:55,2026-04-03_1207_
Джульфа,ТШО-Б,КТО,5,2025-04-27 01:00,2025-04-27 02:35,2025-04-27 05:30,2025-04-27 16:00,5.9,9832.0,2025-04-28 23:10,2026-04-03_1207_
Тараз,ЕАО-М,КТО,8,2025-04-26 23:00,2025-04-27 14:00,2025-04-27 19:10,2025-04-28 03:00,4.4,6803.0,2025-04-28 23:25,2026-04-03_1207_
ТК Актау,ТШО-Б,КТО,5,2025-04-27 04:30,2025-04-28 22:30,2025-04-29 19:00,2025-04-30 04:30,5.85,9059.0,2025-04-30 12:50,2026-04-03_1207_
Алматы,ЕАО-М,КТО,4,2025-04-27 14:20,2025-04-30 18:40,2025-05-01 02:05,2025-05-01 08:30,4.5,5817.0,2025-05-01 15:35,2026-04-03_1207_
Костанай,ЕАО-М,КТО,8,2025-04-29 17:15,2025-04-30 19:20,2025-05-01 02:10,2025-05-01 11:00,4.2,6477.0,2025-05-01 19:00,2026-04-03_1207_
Пр.Гейдар Алиев,ТШО-Б,КТО,5,2025-05-01 06:15,2025-05-01 07:15,2025-05-01 12:00,2025-05-01 22:30,5.8,9673.0,2025-05-02 05:50,2026-04-03_1207_
Лива,ЕАО-М,КТО,4,2025-05-01 03:20,2025-05-01 15:15,2025-05-01 19:30,2025-05-02 05:30,4.48,6786.0,2025-05-03 10:25,2026-04-03_1207_
Тараз,ЕАО-М,КТО,8,2025-05-02 09:00,2025-05-02 10:25,2025-05-02 14:00,2025-05-02 21:30,4.4,6784.0,2025-05-03 10:40,2026-04-03_1207_
Астана,ТШО-Б,КТО,5,2025-05-02 14:15,2025-05-03 09:25,2025-05-03 12:10,2025-05-03 21:40,5.9,9189.0,2025-05-04 03:55,2026-04-03_1207_
Алматы,ЕАО-М,КТО,4,2025-05-04 09:45,2025-05-04 11:00,2025-05-04 13:15,2025-05-04 20:00,4.5,5834.0,2025-05-05 02:20,2026-04-03_1207_
Джульфа,ТШО-Б,КТО,5,2025-05-04 03:00,2025-05-04 11:35,2025-05-04 15:00,2025-05-05 01:15,5.9,9543.0,2025-05-05 07:15,2026-04-03_1207_
Костанай,ЕАО-М,КТО,8,2025-05-04 17:30,2025-05-04 18:45,2025-05-05 01:00,2025-05-05 10:30,4.15,6454.0,2025-05-05 17:00,2026-04-03_1207_
ТК Актау,ТШО-Б,КТО,5,2025-05-04 19:20,2025-05-05 10:05,2025-05-05 18:00,2025-05-06 05:30,5.9,9168.0,2025-05-06 12:15,2026-04-03_1207_
Лива,ЕАО-М,КТО,8,2025-05-06 01:40,2025-05-06 02:20,2025-05-06 06:20,2025-05-06 14:00,4.45,6783.0,2025-05-06 19:55,2026-04-03_1207_
Тараз,ЕАО-М,КТО,4,2025-05-06 04:30,2025-05-06 06:15,2025-05-06 10:30,2025-05-06 17:30,4.4,6787.0,2025-05-06 23:40,2026-04-03_1207_
Пр.Гейдар Алиев,ТШО-Б,КТО,5,2025-05-06 17:40,2025-05-06 18:25,2025-05-06 21:30,2025-05-07 09:45,5.8,9551.0,2025-05-07 16:45,2026-04-03_1207_
Караганда,,,8,2025-04-29 10:00,2025-05-07 12:10,,,,,2025-05-07 23:25,2026-04-03_1207_
Алматы,ЕАО-М,КТО,4,2025-05-07 21:40,2025-05-07 22:55,2025-05-08 06:25,2025-05-08 12:45,4.5,5838.0,2025-05-08 19:20,2026-04-03_1207_
Костанай,ЕАО-М,КТО,8,2025-05-08 17:15,2025-05-08 18:30,2025-05-08 22:30,2025-05-09 08:40,4.15,6471.0,2025-05-09 15:30,2026-04-03_1207_
Лива,ЕАО-М,КТО,4,2025-05-09 10:00,2025-05-09 11:10,2025-05-09 15:20,2025-05-09 23:30,4.4,6787.0,2025-05-10 05:25,2026-04-03_1207_
Тараз,ЕАО-М,КТО,8,2025-05-09 16:00,2025-05-09 18:00,2025-05-09 22:30,2025-05-10 05:45,4.4,6770.0,2025-05-10 10:50,2026-04-03_1207_
Караганда,,,8,2025-05-08 00:00,2025-05-10 14:10,,,3.1,,2025-05-10 23:15,2026-04-03_1207_
Джульфа,ТШО-Б,КТО,4,2025-05-09 22:30,2025-05-10 06:20,2025-05-10 09:15,2025-05-10 22:00,5.8,9532.0,2025-05-11 03:40,2026-04-03_1207_
ТК Актау,ТШО-Б,КТО,4,2025-05-10 04:40,2025-05-11 14:05,2025-05-11 17:10,2025-05-12 02:50,5.8,8960.0,2025-05-12 11:00,2026-04-03_1207_
Астана,ТШО-Б,КТО,5,2025-05-08 03:10,2025-05-08 04:20,2025-05-08 06:50,2025-05-08 16:30,5.9,9121.0,2025-05-12 13:15,2026-04-03_1207_
Алматы,ЕАО-М,КТО,4,2025-05-12 19:30,2025-05-12 21:20,2025-05-12 23:15,2025-05-13 07:00,4.5,5831.0,2025-05-13 15:35,2026-04-03_1207_
Пр.Г.Алиев,ТШО-Б,КТО,5,2025-05-11 09:30,2025-05-13 08:50,2025-05-13 12:30,2025-05-13 23:30,5.8,9533.0,2025-05-14 07:15,2026-04-03_1207_
Лива,ЕАО-М,КТО,8,2025-05-13 13:10,2025-05-13 16:10,2025-05-13 21:55,2025-05-14 07:05,4.4,6779.0,2025-05-15 01:10,2026-04-03_1207_
Костанай,ЕАО-М,КТО,4,2025-05-13 22:30,2025-05-13 23:45,2025-05-14 03:45,2025-05-14 13:00,4.2,6489.0,2025-05-15 01:45,2026-04-03_1207_
Джульфа,ТШО-Б,КТО,5,2025-05-15 04:00,2025-05-15 13:05,2025-05-15 16:45,2025-05-16 03:00,5.8,9595.0,2025-05-16 10:45,2026-04-03_1207_
Тараз,ЕАО-М,КТО,4,2025-05-15 16:30,2025-05-15 18:15,2025-05-15 21:00,2025-05-16 04:15,4.4,6788.0,2025-05-16 11:25,2026-04-03_1207_
Караганда,,,8,2025-05-11 00:15,2025-05-15 07:45,,,,,2025-05-16 18:15,2026-04-03_1207_
Алматы,ЕАО-М,КТО,4,2025-05-16 19:00,2025-05-16 20:05,2025-05-16 22:05,2025-05-17 04:40,4.5,5845.0,2025-05-17 15:45,2026-04-03_1207_
Казахстан,BB ENERGY-Б,Терминалекс,5,2025-04-27 18:30,2025-05-17 00:10,2025-05-17 03:00,2025-05-17 15:30,5.95,9196.129,2025-05-17 23:15,2026-04-03_1207_
Лива,ЕАО-М,КТО,8,2025-05-17 17:00,2025-05-17 18:00,2025-05-17 22:00,2025-05-18 05:00,4.4,6765.0,2025-05-18 12:20,2026-04-03_1207_
ТК Актау,ТШО-Б,КТО,5,2025-05-16 06:50,2025-05-18 00:45,2025-05-18 03:50,2025-05-18 13:50,5.9,9214.0,2025-05-18 19:35,2026-04-03_1207_
Костанай,ЕАО-М,КТО,4,2025-05-18 05:00,2025-05-18 06:25,2025-05-18 10:25,2025-05-18 19:40,4.2,6487.0,2025-05-19 02:30,2026-04-03_1207_
Тараз,ЕАО-М,КТО,8,2025-05-19 08:45,2025-05-19 10:00,2025-05-19 14:00,2025-05-19 21:30,4.4,6783.0,2025-05-20 07:45,2026-04-03_1207_
Алматы,ЕАО-М,КТО,4,2025-05-20 20:40,2025-05-20 21:50,2025-05-20 23:30,2025-05-21 06:30,4.5,5843.0,2025-05-21 15:20,2026-04-03_1207_
Пр.Г.Алиев,ТШО-Б,КТО,5,2025-05-21 08:50,2025-05-21 09:50,2025-05-21 13:30,2025-05-22 01:00,5.8,9532.0,2025-05-22 07:00,2026-04-03_1207_
Лива,ЕАО-М,КТО,8,2025-05-21 20:30,2025-05-21 23:10,2025-05-22 03:20,2025-05-22 10:30,4.4,6783.0,2025-05-22 17:15,2026-04-03_1207_
Костанай,ЕАО-М,КТО,8,2025-05-22 18:20,2025-05-22 19:25,2025-05-22 23:25,2025-05-23 09:10,4.15,6465.0,2025-05-23 16:45,2026-04-03_1207_
ТК Актау,ТШО-Б,КТО,5,2025-05-22 17:50,2025-05-22 22:00,2025-05-23 01:00,2025-05-23 11:00,5.9,9120.0,2025-05-23 17:25,2026-04-03_1207_
Тараз,ЕАО-М,КТО,8,2025-05-23 04:15,2025-05-23 18:10,2025-05-23 23:20,2025-05-24 07:00,4.4,6786.0,2025-05-24 13:45,2026-04-03_1207_
Джаббар Гашимов,КМГ/КАШАГАН-Б,КТО,5,2025-05-22 13:15,2025-05-23 18:45,2025-05-23 23:30,2025-05-24 11:00,5.8,9014.0,2025-05-24 18:00,2026-04-03_1207_
Алматы,ЕАО-М,КТО,4,2025-05-25 00:30,2025-05-25 01:55,2025-05-25 04:05,2025-05-25 10:25,4.5,5824.0,2025-05-25 23:20,2026-04-03_1207_
Лива,ЕАО-М,КТО,8,2025-05-26 01:00,2025-05-26 02:20,2025-05-26 06:30,2025-05-26 14:10,4.4,6790.0,2025-05-26 20:00,2026-04-03_1207_
ТК Актау,КМГ/КАШАГАН-Б,КТО,5,2025-05-27 14:40,2025-05-27 15:40,2025-05-27 19:00,2025-05-28 07:00,5.8,9003.0,2025-05-28 14:05,2026-04-03_1207_
Джаббар Гашимов,ТШО-Б,КТО,5,2025-05-28 21:30,2025-05-28 22:50,2025-05-29 02:00,2025-05-29 12:20,5.8,8821.0,2025-05-29 19:30,2026-04-03_1207_
Казахстан,BB ENERGY-Б,Терминалекс,4,2025-05-23 12:30,2025-05-30 05:30,2025-05-30 08:30,2025-05-30 19:00,5.8,9040.955,2025-05-31 03:30,2026-04-03_1207_
Костанай,ЕАО-М,КТО,8,2025-05-26 18:00,2025-05-30 12:00,2025-05-31 10:40,2025-06-01 08:40,4.15,6431.0,2025-06-01 15:50,2026-04-03_1207_
Тараз,ЕАО-М,КТО,4,2025-05-27 05:40,2025-06-01 01:15,2025-06-01 05:00,2025-06-01 12:15,4.4,6792.0,2025-06-01 19:50,2026-04-03_1207_
Пр.Гейдар Алиев,ТШО-Б,КТО,5,2025-05-28 13:15,2025-06-01 01:00,2025-06-01 04:00,2025-06-01 14:30,5.8,9550.0,2025-06-01 23:00,2026-04-03_1207_
Лива,ЕАО-М,КТО,8,2025-05-31 23:00,2025-06-02 16:35,2025-06-02 22:30,2025-06-03 06:00,4.4,6780.0,2025-06-04 11:00,2026-04-03_1207_
ТК Актау,ТШО-Б,КТО,5,2025-05-31 20:00,2025-06-02 19:20,2025-06-02 23:00,2025-06-03 09:00,5.9,9170.0,2025-06-04 12:40,2026-04-03_1207_
Алматы,ЕАО-М,КТО,4,2025-05-30 23:00,2025-06-02 18:40,2025-06-02 20:45,2025-06-03 04:00,4.7,6344.0,2025-06-04 14:45,2026-04-03_1207_
Джульфа,ТШО-Б,КТО,5,2025-06-02 20:15,2025-06-04 14:15,2025-06-04 16:45,2025-06-05 04:00,5.8,9578.0,2025-06-05 12:20,2026-04-03_1207_
Тараз,ЕАО-М,КТО,4,2025-06-04 21:30,2025-06-04 22:40,2025-06-05 03:00,2025-06-05 12:00,4.4,6788.0,2025-06-06 00:50,2026-04-03_1207_
Костанай,ЕАО-М,КТО,8,2025-06-04 18:30,2025-06-04 22:15,2025-06-05 02:15,2025-06-05 11:20,4.15,6476.0,2025-06-06 01:45,2026-04-03_1207_
Куруш,,,8,2025-05-22 12:15,2025-06-06 03:30,,,,,2025-06-06 19:00,2026-04-03_1207_
Джаббар Гашимов,ТШО-Б,КТО,5,2025-06-06 05:30,2025-06-06 06:35,2025-06-06 10:00,2025-06-06 22:35,5.8,8825.0,2025-06-07 06:00,2026-04-03_1207_
Лива,ЕАО-М,КТО,4,2025-06-07 01:00,2025-06-07 02:00,2025-06-07 06:10,2025-06-07 14:10,4.4,6788.0,2025-06-07 23:25,2026-04-03_1207_
Алматы,ЕАО-М,КТО,4,2025-06-08 00:40,2025-06-08 02:00,2025-06-08 04:00,2025-06-08 11:00,4.7,6346.0,2025-06-08 17:45,2026-04-03_1207_
ТК Актау,ТШО-Б,КТО,5,2025-06-08 01:00,2025-06-08 02:35,2025-06-08 05:40,2025-06-08 17:00,5.9,9161.0,2025-06-08 22:05,2026-04-03_1207_
Тараз,ЕАО-М,КТО,8,2025-06-08 19:30,2025-06-08 20:45,2025-06-09 00:30,2025-06-09 07:30,4.4,6785.0,2025-06-09 15:15,2026-04-03_1207_
Джульфа,ТШО-Б,КТО,5,2025-06-09 10:30,2025-06-09 11:45,2025-06-09 14:30,2025-06-10 01:30,5.8,9593.0,2025-06-10 09:05,2026-04-03_1207_
Костанай,ЕАО-М,КТО,4,2025-06-09 18:15,2025-06-09 19:30,2025-06-09 23:30,2025-06-10 10:30,4.2,6482.0,2025-06-10 17:50,2026-04-03_1207_
Лива,ЕАО-М,КТО,8,2025-06-10 14:50,2025-06-10 16:00,2025-06-10 20:00,2025-06-11 03:40,4.4,6782.0,2025-06-11 16:25,2026-04-03_1207_
Алматы,ЕАО-М,КТО,4,2025-06-11 13:25,2025-06-11 17:45,2025-06-11 20:15,2025-06-12 03:30,4.7,6339.0,2025-06-12 11:25,2026-04-03_1207_
Пр.Гейдар Алиев,ТШО-Б,КТО,5,2025-06-11 21:20,2025-06-11 22:20,2025-06-12 02:00,2025-06-12 13:30,5.8,9527.0,2025-06-12 18:40,2026-04-03_1207_
Тараз,ЕАО-М,КТО,8,2025-06-12 07:00,2025-06-12 08:55,2025-06-12 12:30,2025-06-12 20:00,4.4,6788.0,2025-06-13 02:30,2026-04-03_1207_
Джаббар Гашимов,КМГ/КАШАГАН-Б,КТО,5,2025-06-13 16:00,2025-06-13 17:10,2025-06-13 20:00,2025-06-14 06:30,5.8,8864.0,2025-06-14 14:20,2026-04-03_1207_
Костанай,ЕАО-М,КТО,8,2025-06-13 19:10,2025-06-13 21:25,2025-06-14 01:15,2025-06-14 10:45,4.15,6475.0,2025-06-14 18:45,2026-04-03_1207_
ТК Актау,ТШО-Б,КТО,5,2025-06-12 03:30,2025-06-14 15:10,2025-06-14 18:20,2025-06-15 04:50,5.9,9187.0,2025-06-15 12:30,2026-04-03_1207_
Лива,ЕАО-М,КТО,4,2025-06-14 23:40,2025-06-15 00:40,2025-06-15 04:40,2025-06-15 12:40,4.4,6780.0,2025-06-16 11:05,2026-04-03_1207_
Алматы,ЕАО-М,КТО,4,2025-06-16 11:10,2025-06-16 12:40,2025-06-16 14:35,2025-06-16 21:10,4.7,6331.0,2025-06-17 03:40,2026-04-03_1207_
Тараз,ЕАО-М,КТО,8,2025-06-16 09:00,2025-06-16 10:30,2025-06-16 15:30,2025-06-16 23:00,4.4,6788.0,2025-06-17 05:15,2026-04-03_1207_
Джульфа,ТШО-Б,КТО,5,2025-06-14 10:45,2025-06-16 11:45,2025-06-16 14:00,2025-06-17 00:45,5.8,9607.0,2025-06-17 06:50,2026-04-03_1207_
Куруш,,,,2025-06-06 19:30,,,,3.1,,2025-06-18 11:00,2026-04-03_1207_
Костанай,ЕАО-М,КТО,8,2025-06-17 20:20,2025-06-17 22:20,2025-06-18 02:10,2025-06-18 09:45,4.15,6442.0,2025-06-18 16:10,2026-04-03_1207_
Казахстан,BB ENERGY-Б,Oil Transshipment,4,2025-06-05 18:30,2025-06-18 05:00,2025-06-18 08:30,2025-06-18 17:50,5.95,9100.428,2025-06-19 02:00,2026-04-03_1207_
Лива,ЕАО-М,КТО,8,2025-06-19 01:50,2025-06-19 02:55,2025-06-19 07:05,2025-06-19 15:10,4.4,6785.0,2025-06-19 22:15,2026-04-03_1207_
ТК Актау,ТШО-Б,КТО,5,2025-06-19 20:20,2025-06-20 00:20,2025-06-20 03:10,2025-06-20 13:20,5.9,9163.0,2025-06-20 19:10,2026-04-03_1207_
Тараз,ЕАО-М,КТО,8,2025-06-20 02:35,2025-06-20 03:35,2025-06-20 07:00,2025-06-20 15:00,4.4,6780.0,2025-06-21 04:55,2026-04-03_1207_
Джаббар Гашимов,КМГ/КАШАГАН-Б,КТО,5,2025-06-18 21:00,2025-06-20 21:00,2025-06-21 00:00,2025-06-21 10:00,5.8,8848.0,2025-06-21 16:35,2026-04-03_1207_
Костанай,ЕАО-М,КТО,8,2025-06-21 15:45,2025-06-21 17:50,2025-06-21 21:50,2025-06-22 05:50,4.15,6472.0,2025-06-22 14:00,2026-04-03_1207_
Алматы,ЕАО-М,КТО,5,2025-06-20 00:45,2025-06-21 17:15,2025-06-21 19:10,2025-06-22 02:10,4.7,6341.0,2025-06-22 16:10,2026-04-03_1207_
Лива,ЕАО-М,КТО,8,2025-06-22 10:40,2025-06-22 14:40,2025-06-22 21:30,2025-06-23 06:00,4.4,6775.0,2025-06-23 12:40,2026-04-03_1207_
Пр.Гейдар Алиев,ТШО-Б,КТО,5,2025-06-21 05:15,2025-06-22 17:00,2025-06-22 20:00,2025-06-23 06:15,5.8,9534.0,2025-06-23 13:40,2026-04-03_1207_
Тараз,ЕАО-М,КТО,8,2025-06-23 18:30,2025-06-23 19:40,2025-06-23 23:30,2025-06-24 08:30,4.4,6788.0,2025-06-24 17:00,2026-04-03_1207_
Джульфа,ТШО-Б,КТО,5,2025-06-21 22:45,2025-06-24 12:30,2025-06-24 14:45,2025-06-25 01:00,5.8,9560.0,2025-06-25 06:30,2026-04-03_1207_
Костанай,ЕАО-М,КТО,8,2025-06-25 13:30,2025-06-25 14:55,2025-06-25 18:55,2025-06-26 02:40,4.15,6451.0,2025-06-26 10:50,2026-04-03_1207_
ТК Актау,ТШО-Б,КТО,5,2025-06-25 04:00,2025-06-25 22:05,2025-06-26 01:00,2025-06-26 12:00,5.9,9145.0,2025-06-26 18:45,2026-04-03_1207_
Джаббар Гашимов,ТШО-Б,КТО,5,2025-06-27 21:00,2025-06-27 23:10,2025-06-28 02:00,2025-06-28 12:00,5.7,8453.0,2025-06-28 21:15,2026-04-03_1207_
Казахстан,BB ENERGY-Б,Oil Transshipment,5,2025-06-24 10:30,2025-06-30 02:05,2025-06-30 04:30,2025-06-30 16:00,5.95,9105.091,2025-07-01 01:15,2026-04-03_1207_
Лива,ЕАО-М,КТО,8,2025-06-26 08:30,2025-06-29 23:30,2025-06-30 12:00,2025-07-01 07:00,4.4,6778.0,2025-07-01 14:10,2026-04-03_1207_
Тараз,ЕАО-М,КТО,4,2025-06-27 09:00,2025-06-30 02:40,2025-07-01 02:45,2025-07-01 10:00,4.4,6786.0,2025-07-01 16:00,2026-04-03_1207_
Куруш,ЕАО-М,КТО,8,2025-06-30 01:00,2025-07-01 15:00,2025-07-01 19:00,2025-07-02 04:30,4.15,6486.0,2025-07-02 12:05,2026-04-03_1207_
Костанай,ЕАО-М,КТО,4,2025-06-29 12:00,2025-07-01 17:00,2025-07-01 21:00,2025-07-02 04:50,4.2,6495.0,2025-07-02 13:15,2026-04-03_1207_
Пр.Гейдар Алиев,ТШО-Б,КТО,5,2025-07-01 21:30,2025-07-01 22:40,2025-07-02 02:00,2025-07-02 12:30,5.8,9534.0,2025-07-02 19:45,2026-04-03_1207_
Джаббар Гашимов,КМГ/КАШАГАН-Б,КТО,5,2025-07-03 09:30,2025-07-03 10:30,2025-07-03 14:00,2025-07-04 00:10,5.8,8822.0,2025-07-04 07:45,2026-04-03_1207_
Лива,ЕАО-М,КТО,8,2025-07-04 03:00,2025-07-04 04:05,2025-07-04 08:05,2025-07-04 15:40,4.4,6783.0,2025-07-04 22:30,2026-04-03_1207_
ТК Актау,ТШО-Б,КТО,5,2025-06-30 22:20,2025-07-04 09:25,2025-07-04 12:30,2025-07-04 23:00,5.9,9158.0,2025-07-05 05:20,2026-04-03_1207_
Тараз,ЕАО-М,КТО,4,2025-07-04 11:00,2025-07-04 12:20,2025-07-04 16:20,2025-07-05 00:30,4.4,6782.0,2025-07-05 07:15,2026-04-03_1207_
Куруш,ЕАО-М,КТО,8,2025-07-05 08:00,2025-07-05 09:10,2025-07-05 16:30,2025-07-06 03:10,4.15,6468.0,2025-07-06 11:40,2026-04-03_1207_
Костанай,ЕАО-М,КТО,4,2025-07-05 14:30,2025-07-05 16:10,2025-07-05 20:00,2025-07-06 03:00,4.2,6483.0,2025-07-06 12:30,2026-04-03_1207_
Джульфа,ТШО-Б,КТО,5,2025-07-02 22:15,2025-07-06 11:00,2025-07-06 13:30,2025-07-07 01:30,5.8,9590.0,2025-07-07 06:55,2026-04-03_1207_
Лива,ЕАО-М,КТО,4,2025-07-07 10:30,2025-07-07 11:25,2025-07-07 15:35,2025-07-07 23:20,4.4,6783.0,2025-07-08 06:00,2026-04-03_1207_
Тараз,ЕАО-М,КТО,8,2025-07-07 23:30,2025-07-08 01:00,2025-07-08 04:00,2025-07-08 11:15,4.4,6783.0,2025-07-08 18:10,2026-04-03_1207_
Костанай,ЕАО-М,КТО,4,2025-07-09 10:50,2025-07-09 12:10,2025-07-09 16:10,2025-07-10 01:00,4.2,6486.0,2025-07-10 09:10,2026-04-03_1207_
Куруш,ЕАО-М,КТО,8,2025-07-09 11:45,2025-07-09 12:45,2025-07-09 16:45,2025-07-10 01:50,4.15,6485.0,2025-07-10 11:15,2026-04-03_1207_
Пр.Гейдар Алиев,ТШО-Б,КТО,5,2025-07-09 22:20,2025-07-09 23:40,2025-07-10 03:00,2025-07-10 13:20,5.8,9533.0,2025-07-10 19:20,2026-04-03_1207_
Лива,ЕАО-М,КТО,4,2025-07-10 21:00,2025-07-10 21:55,2025-07-11 01:55,2025-07-11 09:40,4.4,6784.0,2025-07-11 16:40,2026-04-03_1207_
ТК Актау,ТШО-Б,КТО,5,2025-07-12 07:20,2025-07-12 09:10,2025-07-12 12:00,2025-07-12 22:50,5.9,9110.0,2025-07-13 05:20,2026-04-03_1207_
Тараз,ЕАО-М,КТО,8,2025-07-12 18:20,2025-07-12 19:20,2025-07-12 23:30,2025-07-13 07:00,4.4,6786.0,2025-07-13 14:10,2026-04-03_1207_
Костанай,ЕАО-М,КТО,4,2025-07-14 00:20,2025-07-14 02:15,2025-07-14 06:15,2025-07-14 13:00,4.2,6478.0,2025-07-14 19:45,2026-04-03_1207_
Куруш,ЕАО-М,КТО,8,2025-07-14 03:15,2025-07-14 04:20,2025-07-14 08:30,2025-07-14 17:00,4.15,6485.0,2025-07-15 00:25,2026-04-03_1207_
Астана,КМГ/КАШАГАН-Б,КТО,5,2025-07-14 00:30,2025-07-14 01:35,2025-07-14 16:45,2025-07-15 03:30,5.85,9012.0,2025-07-15 11:15,2026-04-03_1207_
Лива,ЕАО-М,КТО,4,2025-07-14 20:00,2025-07-14 21:10,2025-07-15 01:10,2025-07-15 09:00,4.4,6787.0,2025-07-15 15:25,2026-04-03_1207_
Джульфа,ТШО-Б,КТО,5,2025-07-13 21:45,2025-07-15 12:05,2025-07-15 14:30,2025-07-16 00:45,5.8,9594.0,2025-07-16 06:15,2026-04-03_1207_
Казахстан,BB ENERGY-Б,Oil Transshipment,4,2025-07-09 10:00,2025-07-16 07:05,2025-07-16 10:00,2025-07-16 19:30,5.95,9088.816,2025-07-17 04:00,2026-04-03_1207_
Тараз,ЕАО-М,КТО,8,2025-07-16 09:50,2025-07-16 10:55,2025-07-16 15:00,2025-07-17 00:30,4.4,6785.0,2025-07-17 07:40,2026-04-03_1207_
ТК Актау,ТШО-Б,КТО,5,2025-07-16 13:00,2025-07-16 23:05,2025-07-17 01:50,2025-07-17 12:00,5.9,9123.0,2025-07-17 18:30,2026-04-03_1207_
Костанай,ЕАО-М,КТО,4,2025-07-17 18:30,2025-07-17 21:10,2025-07-18 01:10,2025-07-18 09:10,4.2,6481.0,2025-07-18 16:10,2026-04-03_1207_
Лива,ЕАО-М,КТО,8,2025-07-18 13:30,2025-07-18 14:20,2025-07-18 20:40,2025-07-19 04:50,4.4,6790.0,2025-07-19 12:30,2026-04-03_1207_
Пр.Гейдар Алиев,ТШО-Б,КТО,5,2025-07-17 03:00,2025-07-18 17:45,2025-07-18 20:15,2025-07-19 06:30,5.8,9544.0,2025-07-19 14:25,2026-04-03_1207_
Астана,ТШО-Б,КТО,5,2025-07-19 13:00,2025-07-19 23:30,2025-07-20 02:40,2025-07-20 12:40,5.9,9113.0,2025-07-20 21:10,2026-04-03_1207_
Тараз,ЕАО-М,КТО,8,2025-07-20 05:50,2025-07-20 07:00,2025-07-20 10:30,2025-07-20 17:45,4.4,6783.0,2025-07-21 00:40,2026-04-03_1207_
Костанай,ЕАО-М,КТО,8,2025-07-21 23:15,2025-07-22 00:40,2025-07-22 04:40,2025-07-22 11:30,4.15,6479.0,2025-07-22 18:00,2026-04-03_1207_
ТК Актау,ТШО-Б,КТО,5,2025-07-21 20:00,2025-07-21 23:00,2025-07-22 01:50,2025-07-22 12:10,5.9,9112.0,2025-07-22 19:00,2026-04-03_1207_
Лива,ЕАО-М,КТО,8,2025-07-22 21:15,2025-07-22 22:20,2025-07-23 02:20,2025-07-23 10:00,4.4,6786.0,2025-07-23 17:10,2026-04-03_1207_
Джаббар Гашимов,КМГ/КАШАГАН-Б,КТО,5,2025-07-20 02:15,2025-07-22 21:15,2025-07-23 00:00,2025-07-23 11:20,5.8,8829.0,2025-07-23 18:05,2026-04-03_1207_
Тараз,ЕАО-М,КТО,4,2025-07-23 17:30,2025-07-23 18:50,2025-07-23 22:15,2025-07-24 08:00,4.4,6787.0,2025-07-24 16:10,2026-04-03_1207_
Астана,ТШО-Б,КТО,5,2025-07-24 06:00,2025-07-24 22:10,2025-07-25 02:00,2025-07-25 12:15,5.9,9131.0,2025-07-25 22:40,2026-04-03_1207_
Казахстан,,,4,2025-07-22 17:00,2025-07-25 21:20,,,4.1,,2025-07-26 04:05,2026-04-03_1207_
Костанай,ЕАО-М,КТО,8,2025-07-25 17:30,2025-07-25 22:00,2025-07-26 02:00,2025-07-26 11:35,4.15,6462.0,2025-07-26 18:30,2026-04-03_1207_
ТК Актау,ТШО-Б,КТО,5,2025-07-26 03:00,2025-07-28 18:30,2025-07-28 21:00,2025-07-29 08:20,5.9,9106.0,2025-07-29 15:50,2026-04-03_1207_
Казахстан,,,,2025-07-22 17:00,,,,4.1,,2025-07-31 13:50,2026-04-03_1207_
Лива,ЕАО-М,КТО,4,2025-07-26 08:15,2025-07-26 09:20,2025-07-31 12:30,2025-08-01 05:00,4.4,6782.0,2025-08-01 12:25,2026-09-10_1802_
Тараз,ЕАО-М,КТО,8,2025-07-28 05:15,2025-07-28 06:35,2025-08-01 02:05,2025-08-01 09:50,4.4,6785.0,2025-08-01 17:35,2026-09-10_1802_
Костанай,ЕАО-М,КТО,5,2025-07-31 07:40,2025-08-01 11:15,2025-08-01 15:15,2025-08-02 00:10,4.2,6479.0,2025-08-02 08:20,2026-09-10_1802_
Пр.Гейдар Алиев,ЕАО-М,КТО,4,2025-07-31 22:00,2025-08-01 16:30,2025-08-01 18:45,2025-08-02 01:45,4.5,6187.0,2025-08-02 11:00,2026-09-10_1802_
Джульфа,,,,2025-08-02 02:30,,,,4.2,,2025-08-02 21:30,2026-09-10_1802_
Абай,BB ENERGY-Б,Oil Transshipment,4,2025-07-09 18:30,2025-08-02 19:00,2025-08-02 22:00,2025-08-03 10:15,5.9,9130.177,2025-08-04 17:50,2026-09-10_1802_
Лива,ЕАО-М,КТО,8,2025-08-05 09:30,2025-08-05 10:25,2025-08-05 14:35,2025-08-05 21:45,4.4,6786.0,2025-08-06 04:35,2026-09-10_1802_
Тараз,ЕАО-М,КТО,8,2025-08-06 07:50,2025-08-06 09:15,2025-08-06 12:15,2025-08-06 18:50,4.4,6785.0,2025-08-07 01:10,2026-09-10_1802_
Пр.Гейдар Алиев,ЕАО-М,КТО,5,2025-08-06 20:00,2025-08-06 21:05,2025-08-06 23:50,2025-08-07 06:30,4.7,6491.0,2025-08-07 15:30,2026-09-10_1802_
Костанай,ЕАО-М,КТО,8,2025-08-06 23:15,2025-08-07 02:05,2025-08-07 06:05,2025-08-07 13:00,4.15,6475.0,2025-08-07 19:00,2026-09-10_1802_
Астана,ЕАО-М,КТО,4,2025-08-06 23:45,2025-08-07 09:30,2025-08-07 13:00,2025-08-07 19:40,4.65,6216.0,2025-08-08 02:40,2026-09-10_1802_
Лива,ЕАО-М,КТО,8,2025-08-08 18:30,2025-08-09 03:05,2025-08-09 07:05,2025-08-09 14:30,4.4,6785.0,2025-08-09 22:10,2026-09-10_1802_
ТК Актау,ЕАО-М,КТО,4,2025-08-08 01:20,2025-08-09 16:20,2025-08-09 18:00,2025-08-10 00:50,4.65,6215.0,2025-08-10 07:00,2026-09-10_1802_
Тараз,ЕАО-М,КТО,5,2025-08-10 00:30,2025-08-10 01:30,2025-08-10 08:10,2025-08-10 15:10,4.4,6792.0,2025-08-10 21:30,2026-09-10_1802_
Костанай,ЕАО-М,КТО,8,2025-08-10 23:50,2025-08-11 01:10,2025-08-11 05:10,2025-08-11 12:35,4.15,6453.0,2025-08-11 19:10,2026-09-10_1802_
Лива,ЕАО-М,КТО,8,2025-08-12 10:00,2025-08-12 10:55,2025-08-12 17:00,2025-08-13 00:30,4.4,6783.0,2025-08-13 07:25,2026-09-10_1802_
Астана,ЕАО-М,КТО,4,2025-08-11 13:15,2025-08-12 21:25,2025-08-13 01:00,2025-08-13 08:20,4.6,6080.0,2025-08-13 15:50,2026-09-10_1802_
Костанай,ЕАО-М,КТО,8,2025-08-15 05:40,2025-08-15 07:10,2025-08-15 11:00,2025-08-15 18:25,4.15,6467.0,2025-08-16 01:35,2026-09-10_1802_
Тараз,ЕАО-М,КТО,4,2025-08-14 07:00,2025-08-15 10:35,2025-08-15 14:00,2025-08-16 00:00,4.4,6773.0,2025-08-16 07:25,2026-09-10_1802_
ТК Актау,ЕАО-М,КТО,5,2025-08-13 06:20,2025-08-15 21:00,2025-08-15 23:25,2025-08-16 07:00,4.6,6087.0,2025-08-16 23:00,2026-09-10_1802_
Костанай,ЕАО-М,КТО,8,2025-08-19 16:40,2025-08-19 17:55,2025-08-19 21:50,2025-08-20 05:10,4.15,6474.0,2025-08-20 12:40,2026-09-10_1802_
Лива,ЕАО-М,КТО,4,2025-08-15 20:50,2025-08-19 18:45,2025-08-19 23:45,2025-08-20 07:15,4.4,6779.0,2025-08-20 15:35,2026-09-10_1802_
Тараз,ЕАО-М,КТО,5,2025-08-19 16:30,2025-08-20 07:50,2025-08-20 12:00,2025-08-20 21:30,4.4,6799.0,2025-08-21 04:45,2026-09-10_1802_
ТК Актау,ЕАО-М,КТО,4,2025-08-20 22:40,2025-08-21 09:20,2025-08-22 10:00,2025-08-22 17:00,4.6,6084.0,2025-08-23 00:15,2026-09-10_1802_
Костанай,ЕАО-М,КТО,8,2025-08-23 17:30,2025-08-23 19:15,2025-08-23 23:15,2025-08-24 06:20,4.15,6463.0,2025-08-24 13:15,2026-09-10_1802_
Лива,ЕАО-М,КТО,5,2025-08-23 18:30,2025-08-23 21:10,2025-08-24 01:50,2025-08-24 09:00,4.4,6772.0,2025-08-24 15:40,2026-09-10_1802_
Абай,BB ENERGY-Б,Oil Transshipment,4,2025-08-08 16:30,2025-08-23 23:20,2025-08-24 03:30,2025-08-24 15:15,5.9,9180.0,2025-08-25 13:25,2026-09-10_1802_
Тараз,ЕАО-М,КТО,8,2025-08-25 07:00,2025-08-25 09:00,2025-08-25 16:10,2025-08-26 01:10,4.4,6783.0,2025-08-26 09:10,2026-09-10_1802_
ТК Актау,ЕАО-М,КТО,4,2025-08-26 04:00,2025-08-26 14:55,2025-08-26 17:10,2025-08-27 00:40,4.6,6087.0,2025-08-27 06:50,2026-09-10_1802_
Костанай,ЕАО-М,КТО,8,2025-08-28 13:50,2025-08-30 23:10,2025-08-31 10:00,2025-09-01 05:50,4.15,6479.0,2025-09-01 12:20,2026-09-10_1802_
Астана,ЕАО-М,КТО,4,2025-08-16 05:50,2025-08-31 23:25,2025-09-01 04:00,2025-09-01 11:40,4.6,6090.0,2025-09-01 21:10,2026-09-10_1802_
Лива,ЕАО-М,КТО,5,2025-08-28 01:40,2025-09-01 00:10,2025-09-01 11:25,2025-09-01 19:15,4.4,6778.0,2025-09-02 02:25,2026-09-10_1802_
ТК Актау,ЕАО-М,КТО,4,2025-08-30 12:00,2025-09-02 13:40,2025-09-02 16:15,2025-09-02 22:30,4.6,6082.0,2025-09-03 05:15,2026-09-10_1802_
Абай,BB ENERGY-Б,Oil Transshipment,5,2025-09-01 02:30,2025-09-02 21:15,2025-09-03 01:30,2025-09-03 12:30,5.8,9010.601,2025-09-03 21:15,2026-09-10_1802_
Тараз,ЕАО-М,КТО,8,2025-08-29 09:00,2025-09-03 19:45,2025-09-03 23:30,2025-09-04 08:40,4.4,6785.0,2025-09-04 16:25,2026-09-10_1802_
Астана,ЕАО-М,КТО,5,2025-09-05 12:15,2025-09-05 14:55,2025-09-05 19:00,2025-09-06 01:30,4.6,6059.0,2025-09-06 09:10,2026-09-10_1802_
Костанай,ЕАО-М,КТО,4,2025-09-05 15:30,2025-09-05 17:00,2025-09-05 21:00,2025-09-06 05:40,4.2,6484.0,2025-09-06 13:00,2026-09-10_1802_
Лива,ЕАО-М,КТО,8,2025-09-05 16:10,2025-09-06 07:30,2025-09-06 21:00,2025-09-07 04:10,4.4,6773.0,2025-09-07 11:05,2026-09-10_1802_
Тараз,ЕАО-М,КТО,4,2025-09-07 11:45,2025-09-07 13:10,2025-09-07 17:00,2025-09-08 01:45,4.4,6774.0,2025-09-08 09:15,2026-09-10_1802_
Костанай,ЕАО-М,КТО,8,2025-09-09 16:30,2025-09-09 18:20,2025-09-09 22:20,2025-09-10 06:15,4.15,6453.0,2025-09-10 14:35,2026-09-10_1802_
ТК Актау,ЕАО-М,КТО,4,2025-09-06 14:00,2025-09-08 18:55,2025-09-09 22:55,2025-09-10 06:20,4.6,6082.0,2025-09-10 16:30,2026-09-10_1802_
Лива,ЕАО-М,КТО,5,2025-09-10 08:50,2025-09-10 09:50,2025-09-10 15:00,2025-09-10 22:15,4.4,6792.0,2025-09-11 16:50,2026-09-10_1802_
Тараз,ЕАО-М,КТО,8,2025-09-11 09:30,2025-09-11 16:25,2025-09-11 20:30,2025-09-12 03:45,4.4,6769.0,2025-09-12 12:25,2026-09-10_1802_
Астана,ЕАО-М,КТО,4,2025-09-08 17:30,2025-09-12 11:15,2025-09-12 16:00,2025-09-12 23:30,4.6,6090.0,2025-09-13 06:15,2026-09-10_1802_
Джаббар Гашимов,КМГ/КАШАГАН-Б,КТО,5,2025-09-09 22:15,2025-09-12 11:55,2025-09-12 14:30,2025-09-13 03:30,5.8,8842.0,2025-09-13 12:15,2026-09-10_1802_
Костанай,ЕАО-М,КТО,5,2025-09-13 23:00,2025-09-14 00:35,2025-09-14 05:00,2025-09-14 14:40,4.2,6487.0,2025-09-14 22:30,2026-09-10_1802_
ТК Актау,ЕАО-М,КТО,4,2025-09-13 15:25,2025-09-14 09:55,2025-09-14 11:30,2025-09-14 18:00,4.6,6093.0,2025-09-15 01:15,2026-09-10_1802_
Лива,ЕАО-М,КТО,5,2025-09-14 19:00,2025-09-14 22:55,2025-09-15 04:05,2025-09-15 11:30,4.4,6777.0,2025-09-15 19:25,2026-09-10_1802_
Тараз,ЕАО-М,КТО,4,2025-09-15 11:20,2025-09-15 15:55,2025-09-15 20:00,2025-09-16 05:30,4.4,6789.0,2025-09-16 12:40,2026-09-10_1802_
Костанай,ЕАО-М,КТО,8,2025-09-17 20:00,2025-09-17 21:50,2025-09-18 03:00,2025-09-18 11:30,4.15,6474.0,2025-09-18 19:00,2026-09-10_1802_
Алматы,ЕАО-М,КТО,4,2025-09-17 23:35,2025-09-18 03:10,2025-09-19 11:40,2025-09-19 18:20,4.7,6094.0,2025-09-20 01:10,2026-09-10_1802_
Лива,ЕАО-М,КТО,8,2025-09-18 18:00,2025-09-18 23:40,2025-09-19 10:40,2025-09-19 20:30,4.4,6785.0,2025-09-20 10:20,2026-09-10_1802_
ТК Актау,КМГ/КАШАГАН-Б,КТО,5,2025-09-17 18:10,2025-09-20 02:00,2025-09-20 04:40,2025-09-20 16:00,5.85,9102.0,2025-09-21 11:30,2026-09-10_1802_
Астана,ЕАО-М,КТО,4,2025-09-15 19:10,2025-09-20 15:55,2025-09-20 19:40,2025-09-21 01:55,4.6,6092.0,2025-09-21 12:00,2026-09-10_1802_
Куруш,ЕАО-М,КТО,8,2025-09-20 11:00,2025-09-20 13:00,2025-09-20 17:15,2025-09-21 03:00,4.15,6489.0,2025-09-21 12:45,2026-09-10_1802_
Тараз,ЕАО-М,КТО,8,2025-09-20 11:50,2025-09-22 19:30,2025-09-22 23:30,2025-09-23 07:00,4.4,6789.0,2025-09-23 15:05,2026-09-10_1802_
ТК Актау,ЕАО-М,КТО,4,2025-09-24 23:55,2025-09-25 17:50,2025-09-25 19:30,2025-09-26 01:30,4.6,6089.0,2025-09-26 14:25,2026-09-10_1802_
Абай,BB ENERGY-Б,Oil Transshipment,4,2025-09-08 20:00,2025-09-29 13:30,2025-09-29 17:30,2025-09-30 04:10,5.8,9037.861,2025-10-01 08:10,2026-09-10_1802_
Алматы,ЕАО-М,КТО,5,2025-09-24 07:00,2025-09-29 19:10,2025-09-30 02:05,2025-10-01 02:45,4.7,6098.0,2025-10-01 11:55,2026-09-10_1802_
Костанай,ЕАО-М,КТО,4,2025-09-24 13:00,2025-10-01 09:15,2025-10-01 14:00,2025-10-01 23:00,4.2,6484.0,2025-10-02 06:45,2026-09-10_1802_
Лива,ЕАО-М,КТО,8,2025-09-26 08:00,2025-10-01 21:30,2025-10-02 03:00,2025-10-02 10:30,4.4,6789.0,2025-10-02 16:45,2026-09-10_1802_
Тараз,ЕАО-М,КТО,8,2025-09-28 09:00,2025-10-02 19:10,2025-10-02 23:00,2025-10-03 07:30,4.4,6777.0,2025-10-03 16:45,2026-09-10_1802_
Астана,ЕАО-М,КТО,4,2025-09-26 07:00,2025-10-02 22:35,2025-10-03 02:30,2025-10-03 09:20,4.6,6083.0,2025-10-03 19:15,2026-09-10_1802_
Джаббар Гашимов,КМГ/КАШАГАН-Б,КТО,5,2025-10-03 20:00,2025-10-03 22:00,2025-10-04 00:45,2025-10-04 12:15,5.8,8848.0,2025-10-04 19:50,2026-09-10_1802_
Казахстан,,,5,2025-09-16 01:00,2025-10-06 10:05,,,,,2025-10-06 23:05,2026-09-10_1802_
Алматы,ЕАО-М,КТО,4,2025-10-05 07:30,2025-10-06 17:05,2025-10-06 19:05,2025-10-07 01:45,4.65,6095.0,2025-10-07 21:50,2026-09-10_1802_
Куруш,,,8,2025-09-26 14:45,2025-10-07 09:25,,,3.2,,2025-10-08 19:50,2026-09-10_1802_
Лива,ЕАО-М,КТО,8,2025-10-08 11:00,2025-10-08 21:00,2025-10-09 01:00,2025-10-09 08:30,4.4,6777.0,2025-10-10 16:40,2026-09-10_1802_
б.Мангистау и Джигит,,отход с Caspian Explorer,9,2025-10-10 10:00,2025-10-10 12:00,,,,,2025-10-10 18:45,2026-09-10_1802_
Caspian Explorer,ПБУ,отход с б.Мангистау и Джигит,9,2024-10-03 15:00,2024-10-03 17:10,,,,,2025-10-10 18:45,2026-09-10_1802_
Костанай,ЕАО-М,КТО,4,2025-10-09 01:10,2025-10-09 02:45,2025-10-09 06:45,2025-10-09 14:10,4.2,6488.0,2025-10-10 19:30,2026-09-10_1802_
Тараз,ЕАО-М,КТО,8,2025-10-09 11:30,2025-10-10 18:05,2025-10-10 22:00,2025-10-11 05:40,4.4,6796.0,2025-10-11 11:10,2026-09-10_1802_
ТК Актау,КМГ/КАШАГАН-Б,КТО,5,2025-09-29 11:10,2025-10-10 15:05,2025-10-10 18:20,2025-10-11 04:20,5.8,9001.0,2025-10-11 14:00,2026-09-10_1802_
Астана,ЕАО-М,КТО,4,2025-10-09 18:40,2025-10-10 21:15,2025-10-11 01:30,2025-10-11 07:45,4.6,6088.0,2025-10-11 15:15,2026-09-10_1802_
Алматы,ЕАО-М,КТО,4,2025-10-11 13:20,2025-10-12 18:35,2025-10-12 20:50,2025-10-13 03:35,4.7,6079.0,2025-10-13 11:10,2026-09-10_1802_
Лива,ЕАО-М,КТО,8,2025-10-13 11:30,2025-10-13 13:00,2025-10-13 18:00,2025-10-14 02:05,4.4,6783.0,2025-10-14 19:55,2026-09-10_1802_
Костанай,ЕАО-М,КТО,4,2025-10-13 19:00,2025-10-13 21:10,2025-10-14 02:05,2025-10-14 10:00,4.2,6480.0,2025-10-14 21:10,2026-09-10_1802_
Абай,BB ENERGY-Б,Oil Transshipment,5,2025-10-05 05:30,2025-10-14 23:15,2025-10-15 03:30,2025-10-15 15:00,5.8,9155.79,2025-10-16 19:10,2026-09-10_1802_
Алматы,ЕАО-М,КТО,4,2025-10-16 03:40,2025-10-16 04:45,2025-10-16 06:35,2025-10-16 12:45,4.7,6099.0,2025-10-16 21:15,2026-09-10_1802_
Тараз,ЕАО-М,КТО,8,2025-10-15 02:20,2025-10-15 03:30,2025-10-15 08:00,2025-10-15 17:30,4.4,6785.0,2025-10-17 21:35,2026-09-10_1802_
Лива,ЕАО-М,КТО,4,2025-10-17 14:20,2025-10-17 15:35,2025-10-17 21:20,2025-10-18 04:40,4.4,6788.0,2025-10-18 11:40,2026-09-10_1802_
Костанай,ЕАО-М,КТО,8,2025-10-17 18:00,2025-10-17 22:35,2025-10-18 02:35,2025-10-18 10:10,4.15,6450.0,2025-10-18 16:25,2026-09-10_1802_
Астана,ЕАО-М,КТО,4,2025-10-14 08:10,2025-10-18 12:55,2025-10-18 17:00,2025-10-18 23:40,4.6,6099.0,2025-10-19 07:10,2026-09-10_1802_
ТК Актау,КМГ/КАШАГАН-Б,КТО,5,2025-10-15 17:20,2025-10-18 15:00,2025-10-18 18:00,2025-10-19 03:30,5.8,8992.0,2025-10-19 11:10,2026-09-10_1802_
Куруш,,,8,2025-10-08 21:00,2025-10-18 17:50,,,3.2,,2025-10-19 21:20,2026-09-10_1802_
Алматы,ЕАО-М,КТО,4,2025-10-19 09:20,2025-10-20 18:45,2025-10-20 20:25,2025-10-21 03:00,4.7,6096.0,2025-10-21 11:45,2026-09-10_1802_
Тараз,ЕАО-М,КТО,8,2025-10-21 08:20,2025-10-21 09:40,2025-10-21 13:00,2025-10-21 20:30,4.4,6791.0,2025-10-22 02:30,2026-09-10_1802_
Костанай,ЕАО-М,КТО,8,2025-10-22 02:30,2025-10-22 04:30,2025-10-22 08:30,2025-10-22 15:30,4.15,6450.0,2025-10-22 22:00,2026-09-10_1802_
Астана,ЕАО-М,КТО,4,2025-10-22 07:45,2025-10-23 01:35,2025-10-23 05:30,2025-10-23 12:10,4.6,6081.0,2025-10-23 18:45,2026-09-10_1802_
Тараз,ЕАО-М,КТО,4,2025-10-25 09:00,2025-10-25 10:15,2025-10-25 13:30,2025-10-25 20:50,4.4,6782.0,2025-10-26 00:55,2026-09-10_1802_
Костанай,ЕАО-М,КТО,8,2025-10-25 20:20,2025-10-25 21:40,2025-10-26 01:40,2025-10-26 09:35,4.15,6474.0,2025-10-26 15:45,2026-09-10_1802_
ТК Актау,ЕАО-М,КТО,5,2025-10-23 00:00,2025-10-26 16:20,2025-10-26 18:15,2025-10-27 01:10,4.6,6088.0,2025-10-27 19:40,2026-09-10_1802_
Алматы,ЕАО-М,КТО,4,2025-10-24 10:40,2025-10-28 17:55,2025-10-28 20:00,2025-10-29 02:30,4.7,6084.0,2025-10-29 11:00,2026-09-10_1802_
Куруш,,,8,2025-10-20 22:20,,,,3.1,,2025-10-29 21:55,2026-09-10_1802_
Тараз,ЕАО-М,КТО,4,2025-10-29 17:15,2025-10-29 18:35,2025-10-29 22:00,2025-10-30 04:50,4.4,6752.0,2025-10-30 23:00,2026-09-10_1802_
Абай,BB ENERGY-Б,Oil Transshipment,5,2025-10-21 08:30,2025-10-29 21:15,2025-10-30 01:00,2025-10-31 01:40,5.85,8993.433,2025-10-31 10:55,2026-09-10_1802_
ТК Актау,ЕАО-М,КТО,4,2025-10-31 06:20,2025-10-31 19:25,2025-11-01 02:00,2025-11-01 09:00,4.6,6088.0,2025-11-01 17:15,2026-09-10_1802_
Астана,ТШО-Б,КТО,5,2025-10-26 19:00,2025-10-31 21:05,2025-11-01 02:15,2025-11-01 12:20,5.8,8892.0,2025-11-01 22:00,2026-09-10_1802_
Лива,ЕАО-М,КТО,8,2025-10-28 15:10,2025-10-31 18:55,2025-11-01 02:30,2025-11-01 10:00,4.4,6792.0,2025-11-01 22:20,2026-09-10_1802_
Джаббар Гашимов,ТШО-Б,КТО,5,2025-11-01 00:00,2025-11-03 01:15,2025-11-03 04:00,2025-11-03 14:00,5.8,8837.0,2025-11-03 19:50,2026-09-10_1802_
Алматы,ЕАО-М,КТО,4,2025-11-01 06:00,2025-11-03 19:30,2025-11-03 22:15,2025-11-04 04:30,4.55,5846.0,2025-11-04 14:05,2026-09-10_1802_
Тараз,ЕАО-М,КТО,8,2025-11-02 18:15,2025-11-03 18:30,2025-11-03 22:30,2025-11-04 07:00,4.4,6791.0,2025-11-04 16:50,2026-09-10_1802_
ТК Актау,ТШО-Б,КТО,5,2025-11-04 07:50,2025-11-04 18:55,2025-11-04 23:30,2025-11-05 09:40,5.8,9052.0,2025-11-05 18:35,2026-09-10_1802_
Лива,ЕАО-М,КТО,8,2025-11-04 21:00,2025-11-04 22:20,2025-11-05 03:50,2025-11-05 11:40,4.4,6781.0,2025-11-05 19:50,2026-09-10_1802_
Астана,ЕАО-М,КТО,4,2025-11-05 08:20,2025-11-05 09:40,2025-11-05 13:30,2025-11-05 20:30,4.5,5834.0,2025-11-06 03:45,2026-09-10_1802_
Костанай,ЕАО-М,КТО,8,2025-11-06 01:50,2025-11-06 03:10,2025-11-06 07:10,2025-11-06 14:30,4.15,6445.0,2025-11-06 20:10,2026-09-10_1802_
Джульфа,ТШО-Б,КТО,5,2025-11-07 06:45,2025-11-07 07:45,2025-11-07 11:30,2025-11-07 22:00,5.8,9550.0,2025-11-08 04:30,2026-09-10_1802_
ТК Актау,ТШО-Б,КТО,5,2025-11-09 06:10,2025-11-09 07:50,2025-11-09 11:30,2025-11-09 21:50,5.8,9013.0,2025-11-10 03:55,2026-09-10_1802_
Алматы,ЕАО-М,КТО,4,2025-11-09 08:15,2025-11-09 13:55,2025-11-09 15:30,2025-11-09 22:00,4.55,5832.0,2025-11-10 04:20,2026-09-10_1802_
Тараз,ЕАО-М,КТО,8,2025-11-09 11:30,2025-11-09 12:45,2025-11-09 16:30,2025-11-09 23:20,4.4,6783.0,2025-11-10 05:05,2026-09-10_1802_
Костанай,ЕАО-М,КТО,8,2025-11-10 17:45,2025-11-10 19:05,2025-11-10 23:05,2025-11-11 06:20,4.15,6440.0,2025-11-11 13:50,2026-09-10_1802_
Лива,ЕАО-М,КТО,4,2025-11-11 09:40,2025-11-11 10:55,2025-11-11 16:30,2025-11-12 00:30,4.4,6772.0,2025-11-12 07:55,2026-09-10_1802_
Астана,КМГ/КАШАГАН-Б,КТО,5,2025-11-10 11:10,2025-11-11 12:30,2025-11-11 16:00,2025-11-12 01:45,5.8,8966.0,2025-11-12 09:20,2026-09-10_1802_
Джаббар Гашимов,ТШО-Б,КТО,5,2025-11-08 22:00,2025-11-12 10:25,2025-11-12 13:30,2025-11-12 23:30,5.8,8858.0,2025-11-13 05:50,2026-09-10_1802_
Тараз,ЕАО-М,КТО,8,2025-11-13 11:30,2025-11-13 12:35,2025-11-13 16:00,2025-11-13 23:00,4.4,6785.0,2025-11-14 04:45,2026-09-10_1802_
Алматы,ЕАО-М,КТО,4,2025-11-13 06:00,2025-11-13 13:10,2025-11-13 15:00,2025-11-13 21:30,4.55,5836.0,2025-11-14 05:25,2026-09-10_1802_
ТК Актау,ТШО-Б,КТО,5,2025-11-13 15:30,2025-11-14 01:35,2025-11-14 04:50,2025-11-14 14:20,5.8,8956.0,2025-11-14 23:05,2026-09-10_1802_
Костанай,ЕАО-М,КТО,8,2025-11-14 16:00,2025-11-14 17:20,2025-11-14 21:20,2025-11-15 06:00,4.15,6494.0,2025-11-15 12:15,2026-09-10_1802_
Лива,ЕАО-М,КТО,8,2025-11-15 13:20,2025-11-15 14:25,2025-11-15 20:10,2025-11-16 04:00,4.4,6785.0,2025-11-16 12:05,2026-09-10_1802_
Джульфа,ТШО-Б,КТО,5,2025-11-13 16:00,2025-11-16 01:30,2025-11-16 04:30,2025-11-16 16:15,5.8,9550.0,2025-11-16 22:50,2026-09-10_1802_
Тараз,ЕАО-М,КТО,8,2025-11-16 21:00,2025-11-17 03:25,2025-11-17 07:00,2025-11-17 14:20,4.4,6789.0,2025-11-17 20:10,2026-09-10_1802_
Алматы,ЕАО-М,КТО,4,2025-11-16 14:45,2025-11-17 10:50,2025-11-17 12:30,2025-11-17 18:45,4.55,5849.0,2025-11-18 03:50,2026-09-10_1802_
Джаббар Гашимов,КМГ/КАШАГАН-Б,КТО,5,2025-11-17 02:00,2025-11-18 06:00,2025-11-18 09:30,2025-11-18 19:00,5.8,8836.0,2025-11-19 01:35,2026-09-10_1802_
Казахстан,BB ENERGY-Б,Oil Transshipment,4,2025-10-06 23:55,2025-11-18 05:20,2025-11-18 07:30,2025-11-18 17:30,5.8,8939.694,2025-11-19 03:00,2026-09-10_1802_
Костанай,ЕАО-М,КТО,8,2025-11-18 17:40,2025-11-18 19:05,2025-11-18 23:05,2025-11-19 07:45,4.15,6459.0,2025-11-19 18:00,2026-09-10_1802_
Астана,ТШО-Б,КТО,5,2025-11-15 18:00,2025-11-19 02:30,2025-11-19 05:10,2025-11-19 14:30,5.8,8945.0,2025-11-19 21:15,2026-09-10_1802_
Лива,ЕАО-М,КТО,8,2025-11-19 21:25,2025-11-19 22:35,2025-11-20 04:00,2025-11-20 11:40,4.4,6781.0,2025-11-20 19:30,2026-09-10_1802_
Костанай,ЕАО-М,КТО,8,2025-11-18 17:40,2025-11-18 19:05,2025-11-18 23:05,2025-11-19 07:45,4.15,6459.0,2025-11-21 17:20,2026-09-10_1802_
Тараз,ЕАО-М,КТО,8,2025-11-21 03:00,2025-11-21 04:45,2025-11-21 08:00,2025-11-21 15:40,4.4,6794.0,2025-11-21 21:25,2026-09-10_1802_
ТК Актау,ЕАО-М,КТО,4,2025-11-18 05:50,2025-11-21 18:10,2025-11-21 20:45,2025-11-22 03:20,4.6,5985.0,2025-11-22 11:15,2026-09-10_1802_
Джульфа,ТШО-Б,КТО,5,2025-11-21 21:15,2025-11-21 22:30,2025-11-22 01:00,2025-11-22 12:15,5.7,9322.0,2025-11-22 19:00,2026-09-10_1802_
Алматы,ЕАО-М,КТО,4,2025-11-21 18:30,2025-11-22 12:30,2025-11-22 15:00,2025-11-22 21:10,4.6,5992.0,2025-11-23 03:05,2026-09-10_1802_
Лива,ЕАО-М,КТО,8,2025-11-23 11:30,2025-11-23 12:35,2025-11-23 18:00,2025-11-24 02:10,4.4,6785.0,2025-11-24 11:05,2026-09-10_1802_
Астана,ТШО-Б,КТО,5,2025-11-23 18:40,2025-11-23 19:45,2025-11-23 23:10,2025-11-24 08:35,5.8,8961.0,2025-11-24 14:30,2026-09-10_1802_
Тараз,ЕАО-М,КТО,8,2025-11-25 15:00,2025-11-25 15:55,2025-11-25 20:00,2025-11-26 03:40,4.4,6782.0,2025-11-26 11:30,2026-09-10_1802_
ТК Актау,ТШО-Б,КТО,5,2025-11-25 15:30,2025-11-25 16:35,2025-11-25 20:00,2025-11-26 05:20,5.8,9009.0,2025-11-26 13:25,2026-09-10_1802_
Алматы,ЕАО-М,КТО,4,2025-11-26 14:00,2025-11-26 15:55,2025-11-26 18:00,2025-11-27 00:40,4.6,5992.0,2025-11-27 07:05,2026-09-10_1802_
Джульфа,ТШО-Б,КТО,5,2025-11-27 13:00,2025-11-27 14:30,2025-11-27 17:30,2025-11-28 06:30,5.7,9328.0,2025-11-28 13:00,2026-09-10_1802_
Абай,BB ENERGY-Б,Oil Transshipment,4,2025-11-04 23:20,2025-11-30 12:05,2025-11-30 14:45,2025-11-30 23:50,5.8,8997.818,2025-12-01 07:25,2026-09-10_1802_
Лива,ЕАО-М,КТО,8,2025-11-28 10:30,2025-11-29 05:55,2025-11-30 13:00,2025-12-01 06:40,4.4,6784.0,2025-12-01 13:30,2026-09-10_1802_
Джаббар Гашимов,ТШО-Б,КТО,5,2025-11-28 02:00,2025-12-01 00:50,2025-12-01 03:45,2025-12-01 14:00,5.7,8639.0,2025-12-01 21:10,2026-09-10_1802_
Тараз,ЕАО-М,КТО,4,2025-11-29 13:30,2025-12-01 09:00,2025-12-01 13:00,2025-12-01 20:20,4.4,6791.0,2025-12-02 02:15,2026-09-10_1802_
Алматы,ЕАО-М,КТО,5,2025-11-30 06:45,2025-12-01 22:10,2025-12-02 00:20,2025-12-02 07:00,4.6,5989.0,2025-12-02 17:05,2026-09-10_1802_
Астана,ТШО-Б,КТО,5,2025-11-28 16:00,2025-12-02 21:10,2025-12-03 00:10,2025-12-03 11:00,5.7,8735.0,2025-12-03 17:15,2026-09-10_1802_
ТК Актау,ТШО-Б,КТО,5,2025-11-30 05:20,2025-12-04 14:25,2025-12-04 17:30,2025-12-05 02:30,5.7,8760.0,2025-12-05 11:00,2026-09-10_1802_
Лива,ЕАО-М,КТО,8,2025-12-05 09:00,2025-12-05 10:15,2025-12-05 18:30,2025-12-06 01:50,4.3,6572.0,2025-12-06 10:35,2026-09-10_1802_
Астана,КМГ/КАШАГАН-Б,КТО,5,2025-12-07 02:15,2025-12-07 03:35,2025-12-07 06:00,2025-12-07 16:00,5.7,8739.0,2025-12-07 23:25,2026-09-10_1802_
Д.Мамедгулузаде,ЕАО-М,КТО,4,2025-12-08 03:50,2025-12-08 04:45,2025-12-08 07:25,2025-12-08 15:00,4.1,5280.0,2025-12-08 23:45,2026-09-10_1802_
Джульфа,ТШО-Б,КТО,5,2025-12-09 11:00,2025-12-09 12:45,2025-12-09 16:00,2025-12-10 03:00,5.7,9312.0,2025-12-10 11:30,2026-09-10_1802_
ТК Актау,ТШО-Б,КТО,5,2025-12-09 08:15,2025-12-10 14:30,2025-12-10 17:30,2025-12-11 02:30,5.7,8772.0,2025-12-11 09:10,2026-09-10_1802_
Тараз,ЕАО-М,КТО,8,2025-12-10 10:40,2025-12-10 12:15,2025-12-10 17:55,2025-12-11 01:50,4.3,6584.0,2025-12-11 12:00,2026-09-10_1802_
Алматы,ЕАО-М,КТО,4,2025-12-11 16:00,2025-12-11 17:00,2025-12-11 19:00,2025-12-12 02:20,4.6,5988.0,2025-12-12 11:00,2026-09-10_1802_
Астана,ТШО-Б,КТО,5,2025-12-11 21:30,2025-12-12 18:45,2025-12-12 23:20,2025-12-13 09:00,5.7,8878.0,2025-12-13 15:00,2026-09-10_1802_
Г.Халелбейли,ЕАО-М,КТО,4,2025-12-13 02:30,2025-12-13 03:30,2025-12-13 10:00,2025-12-13 17:00,4.1,4453.0,2025-12-15 16:05,2026-09-10_1802_
Лива,ЕАО-М,КТО,8,2025-12-12 21:50,2025-12-12 22:55,2025-12-13 04:30,2025-12-13 15:00,4.3,6585.0,2025-12-15 16:25,2026-09-10_1802_
Казахстан,BB ENERGY-Б,Oil Transshipment,5,2025-11-23 00:30,2025-12-13 16:00,2025-12-13 19:30,2025-12-15 16:00,5.7,8660.869,2025-12-16 00:00,2026-09-10_1802_
Тараз,ЕАО-М,КТО,8,2025-12-15 22:20,2025-12-15 23:35,2025-12-16 03:30,2025-12-16 11:10,4.3,6584.0,2025-12-16 17:45,2026-09-10_1802_
Джаббар Гашимов,КМГ/КАШАГАН-Б,КТО,5,2025-12-15 19:15,2025-12-16 01:20,2025-12-16 04:00,2025-12-16 17:15,5.7,8640.0,2025-12-16 23:45,2026-09-10_1802_
Д.Мамедгулузаде,ЕАО-М,КТО,4,2025-12-16 09:00,2025-12-16 10:20,2025-12-16 13:15,2025-12-16 21:30,4.25,5684.0,2025-12-17 04:20,2026-09-10_1802_
Джульфа,ТШО-Б,КТО,5,2025-12-16 21:00,2025-12-17 00:45,2025-12-17 03:30,2025-12-17 15:30,5.7,9323.0,2025-12-17 22:45,2026-09-10_1802_
Алматы,ЕАО-М,КТО,4,2025-12-18 10:15,2025-12-18 11:10,2025-12-18 13:00,2025-12-18 20:15,4.55,5821.0,2025-12-19 02:55,2026-09-10_1802_
ТК Актау,ТШО-Б,КТО,5,2025-12-17 14:45,2025-12-18 13:20,2025-12-18 16:10,2025-12-19 01:20,5.7,8717.0,2025-12-19 09:05,2026-09-10_1802_
Лива,ЕАО-М,КТО,8,2025-12-19 06:50,2025-12-19 08:00,2025-12-19 14:00,2025-12-19 21:40,4.3,6581.0,2025-12-20 04:35,2026-09-10_1802_
Астана,ТШО-Б,КТО,5,2025-12-18 13:40,2025-12-19 12:30,2025-12-19 15:00,2025-12-20 00:00,5.7,8749.0,2025-12-20 06:25,2026-09-10_1802_
Г.Халилбейли,ЕАО-М,КТО,4,2025-12-19 23:00,2025-12-20 00:30,2025-12-20 04:30,2025-12-20 11:30,4.05,4435.0,2025-12-20 19:10,2026-09-10_1802_
Тараз,ЕАО-М,КТО,8,2025-12-20 17:00,2025-12-20 18:15,2025-12-20 23:00,2025-12-21 08:00,4.3,6615.0,2025-12-21 14:50,2026-09-10_1802_
Джаббар Гашимов,КМГ/КАШАГАН-Б,КТО,5,2025-12-21 01:15,2025-12-21 02:15,2025-12-21 05:00,2025-12-21 15:00,5.7,8641.0,2025-12-22 19:30,2026-09-10_1802_
Д.Мамедгулузаде,ЕАО-М,КТО,8,2025-12-21 15:30,2025-12-21 16:30,2025-12-21 19:15,2025-12-22 02:20,4.25,5721.0,2025-12-22 21:30,2026-09-10_1802_
ТК Актау,ТШО-Б,КТО,5,2025-12-23 18:20,2025-12-23 19:15,2025-12-23 22:40,2025-12-24 08:40,5.7,8758.0,2025-12-24 15:15,2026-09-10_1802_
Алматы,ЕАО-М,КТО,4,2025-12-24 04:30,2025-12-24 05:50,2025-12-24 07:45,2025-12-24 14:15,4.55,5820.0,2025-12-24 22:30,2026-09-10_1802_
Лива,ЕАО-М,КТО,8,2025-12-24 07:40,2025-12-24 09:05,2025-12-24 14:30,2025-12-24 22:10,4.3,6580.0,2025-12-25 04:40,2026-09-10_1802_
Джульфа,ТШО-Б,КТО,5,2025-12-24 08:00,2025-12-24 16:20,2025-12-24 20:30,2025-12-25 07:45,5.7,9327.0,2025-12-25 19:55,2026-09-10_1802_
Абай,BB ENERGY-Б,Oil Transshipment,4,2025-12-24 22:25,2025-12-24 23:30,2025-12-25 03:30,2025-12-25 13:00,5.7,8648.705,2025-12-25 23:50,2026-09-10_1802_
Тараз,ЕАО-М,КТО,8,2025-12-25 10:30,2025-12-25 19:35,2025-12-26 01:00,2025-12-26 09:00,4.3,6564.0,2025-12-26 19:40,2026-09-10_1802_
Астана,ТШО-Б,КТО,5,2025-12-24 18:20,2025-12-26 21:25,2025-12-27 00:00,2025-12-27 18:10,5.7,8761.0,2025-12-28 01:20,2026-09-10_1802_
Д.Мамедгулузаде,ЕАО-М,КТО,4,2025-12-26 18:15,2025-12-27 23:05,2025-12-28 01:20,2025-12-28 08:20,4.25,5688.0,2025-12-28 16:15,2026-09-10_1802_
Джаббар Гашимов,КМГ/КАШАГАН-Б,КТО,5,2025-12-28 02:00,2025-12-28 03:15,2025-12-28 06:15,2025-12-28 18:00,5.7,8629.0,2025-12-29 00:40,2026-09-10_1802_
Алматы,ЕАО-М,КТО,4,2025-12-29 02:00,2025-12-29 03:20,2025-12-29 05:10,2025-12-29 11:40,4.5,5749.0,2025-12-29 16:40,2026-09-10_1802_
ТК Актау,ТШО-Б,КТО,5,2025-12-28 15:40,2025-12-29 01:10,2025-12-29 04:10,2025-12-29 13:30,5.7,8759.0,2025-12-29 19:25,2026-09-10_1802_
Лива,ЕАО-М,КТО,8,2025-12-29 18:00,2025-12-29 19:00,2025-12-30 00:10,2025-12-30 07:30,4.25,6290.0,2025-12-30 17:45,2026-09-10_1802_
Джульфа,ТШО-Б,КТО,5,2025-12-31 02:00,2025-12-31 02:55,2025-12-31 06:00,2025-12-31 16:30,5.7,9311.0,2026-01-01 04:00,2026-09-10_1802_
Тараз,ЕАО-М,КТО,4,2025-12-30 09:00,2025-12-30 11:20,2025-12-31 00:05,2026-01-01 06:30,4.4,6787.0,2026-01-02 22:55,2026-09-10_1802_
Д.Мамедгулузаде,ЕАО-М,КТО,8,2026-01-01 19:30,2026-01-03 01:30,2026-01-03 03:45,2026-01-03 10:15,4.25,5686.0,2026-01-03 17:45,2026-09-10_1802_
Алматы,ЕАО-М,КТО,4,2026-01-01 10:15,2026-01-03 01:40,2026-01-03 04:00,2026-01-03 11:30,4.5,5832.0,2026-01-03 18:45,2026-09-10_1802_
Астана,ТШО-Б,КТО,5,2026-01-01 20:10,2026-01-03 02:25,2026-01-03 04:50,2026-01-03 14:10,5.7,8760.0,2026-01-03 19:25,2026-09-10_1802_
Лива,ЕАО-М,КТО,8,2026-01-03 09:00,2026-01-03 18:25,2026-01-04 00:00,2026-01-04 08:15,4.3,6579.0,2026-01-06 00:30,2026-09-10_1802_
Куруш,,,8,2026-01-05 08:00,2026-01-06 14:50,,,3.2,,2026-01-06 20:00,2026-09-10_1802_
Джаббар Гашимов,ТШО-Б,КТО,5,2026-01-04 12:10,2026-01-06 01:20,2026-01-06 04:20,2026-01-06 15:20,5.7,8640.0,2026-01-06 22:50,2026-09-10_1802_
ТК Актау,ЕАО-М,КТО,4,2026-01-04 21:40,2026-01-06 00:00,2026-01-06 02:20,2026-01-06 15:40,4.5,5838.0,2026-01-07 00:25,2026-09-10_1802_
Тараз,ЕАО-М,КТО,8,2026-01-06 19:30,2026-01-06 21:10,2026-01-07 01:00,2026-01-07 08:40,4.3,6569.0,2026-01-07 16:15,2026-09-10_1802_
Алматы,ЕАО-М,КТО,4,2026-01-06 21:45,2026-01-07 01:30,2026-01-07 03:30,2026-01-07 10:30,4.5,5829.0,2026-01-07 18:00,2026-09-10_1802_
Астана,ТШО-Б,КТО,5,2026-01-07 21:50,2026-01-08 11:00,2026-01-08 17:50,2026-01-09 03:00,5.7,8782.0,2026-01-10 21:55,2026-09-10_1802_
Д.Мамедгулузаде,ЕАО-М,КТО,4,2026-01-08 08:30,2026-01-08 17:10,2026-01-08 21:30,2026-01-09 04:00,4.25,5685.0,2026-01-10 23:35,2026-09-10_1802_
Лива,ЕАО-М,КТО,8,2026-01-10 14:30,2026-01-10 21:25,2026-01-11 02:30,2026-01-11 10:20,4.3,6578.0,2026-01-11 17:10,2026-09-10_1802_
Джульфа,ТШО-Б,КТО,5,2026-01-08 23:30,2026-01-10 23:05,2026-01-11 01:45,2026-01-11 12:00,5.7,9307.0,2026-01-11 18:35,2026-09-10_1802_
ТК Актау,ЕАО-М,КТО,4,2026-01-11 06:20,2026-01-11 07:25,2026-01-11 10:45,2026-01-12 01:40,4.5,5838.0,2026-01-12 23:20,2026-09-10_1802_
Тараз,ЕАО-М,КТО,8,2026-01-11 11:00,2026-01-13 00:30,2026-01-13 03:40,2026-01-13 11:30,4.3,6555.0,2026-01-13 16:45,2026-09-10_1802_
Джаббар Гашимов,КМГ/КАШАГАН-Б,КТО,5,2026-01-11 23:55,2026-01-13 01:50,2026-01-13 04:30,2026-01-13 15:30,5.7,8637.0,2026-01-14 00:15,2026-09-10_1802_
Алматы,ЕАО-М,КТО,4,2026-01-11 07:25,2026-01-13 02:30,2026-01-13 04:15,2026-01-14 00:30,4.5,5738.0,2026-01-16 06:15,2026-09-10_1802_
Казахстан,BB ENERGY-Б,Oil Transshipment,5,2025-12-19 22:00,2026-01-14 00:55,2026-01-14 04:00,2026-01-14 17:10,5.7,8728.032,2026-01-16 06:40,2026-09-10_1802_
Куруш,ЕАО-М,КТО,8,2026-01-16 04:30,2026-01-16 05:20,2026-01-16 09:30,2026-01-16 19:30,4.15,6481.0,2026-01-17 03:20,2026-09-10_1802_
Лива,ЕАО-М,КТО,4,2026-01-16 10:00,2026-01-16 11:10,2026-01-16 17:00,2026-01-17 00:30,4.3,6581.0,2026-01-17 06:15,2026-09-10_1802_
ТК Актау,ЕАО-М,КТО,5,2026-01-16 12:50,2026-01-16 19:00,2026-01-16 23:20,2026-01-17 07:20,4.5,5737.0,2026-01-17 12:40,2026-09-10_1802_
Д.Мамедгулузаде,ЕАО-М,КТО,8,2026-01-16 16:00,2026-01-17 04:30,2026-01-17 06:55,2026-01-17 13:45,4.25,5686.0,2026-01-17 17:45,2026-09-10_1802_
Астана,ТШО-Б,КТО,5,2026-01-16 17:00,2026-01-17 13:35,2026-01-17 16:30,2026-01-18 17:45,5.7,8777.0,2026-01-19 01:15,2026-09-10_1802_
Алматы,ЕАО-М,КТО,4,2026-01-18 19:40,2026-01-18 21:15,2026-01-18 23:30,2026-01-19 06:40,4.5,5842.0,2026-01-19 13:10,2026-09-10_1802_
Тараз,ЕАО-М,КТО,8,2026-01-18 18:45,2026-01-18 20:10,2026-01-19 00:10,2026-01-19 08:10,4.3,6594.0,2026-01-19 19:30,2026-09-10_1802_
Джульфа,ТШО-Б,КТО,5,2026-01-17 19:45,2026-01-19 02:10,2026-01-19 05:00,2026-01-19 15:30,5.7,9304.0,2026-01-19 21:00,2026-09-10_1802_
ТК Актау,ТШО-Б,КТО,5,2026-01-20 11:00,2026-01-20 12:30,2026-01-20 15:10,2026-01-21 00:30,5.7,8772.0,2026-01-21 07:10,2026-09-10_1802_
Куруш,ЕАО-М,КТО,4,2026-01-20 12:00,2026-01-20 13:05,2026-01-20 17:15,2026-01-21 01:20,4.15,6488.0,2026-01-21 07:40,2026-09-10_1802_
Лива,ЕАО-М,КТО,8,2026-01-20 13:40,2026-01-20 14:30,2026-01-20 18:40,2026-01-21 02:15,4.3,6586.0,2026-01-21 10:35,2026-09-10_1802_
Д.Мамедгулузаде,ЕАО-М,КТО,8,2026-01-21 16:30,2026-01-21 17:40,2026-01-21 20:45,2026-01-22 03:15,4.25,5681.0,2026-01-22 13:25,2026-09-10_1802_
Алматы,ЕАО-М,КТО,4,2026-01-22 00:20,2026-01-22 01:25,2026-01-22 03:30,2026-01-22 10:45,4.5,5784.0,2026-01-22 18:35,2026-09-10_1802_
Тараз,ЕАО-М,КТО,8,2026-01-22 11:00,2026-01-22 14:40,2026-01-22 17:40,2026-01-23 01:30,4.3,6588.0,2026-01-23 09:25,2026-09-10_1802_
Джаббар Гашимов,ТШО-Б,КТО,5,2026-01-22 18:50,2026-01-22 19:50,2026-01-22 23:30,2026-01-23 09:30,5.7,8636.0,2026-01-23 17:45,2026-09-10_1802_
Караганда,,,8,2026-01-20 19:30,2026-01-23 11:10,,,3.2,,2026-01-24 12:00,2026-09-10_1802_
Астана,ТШО-Б,КТО,5,2026-01-23 17:10,2026-01-23 21:20,2026-01-24 00:20,2026-01-24 09:40,5.7,8771.0,2026-01-24 18:35,2026-09-10_1802_
Лива,ЕАО-М,КТО,8,2026-01-24 13:40,2026-01-24 14:40,2026-01-24 21:20,2026-01-25 05:40,4.3,6585.0,2026-01-25 12:10,2026-09-10_1802_
Алматы,ЕАО-М,КТО,4,2026-01-25 08:00,2026-01-25 09:50,2026-01-25 12:10,2026-01-25 19:00,4.5,5790.0,2026-01-26 01:55,2026-09-10_1802_
Куруш,ЕАО-М,КТО,8,2026-01-25 08:15,2026-01-25 13:10,2026-01-25 17:15,2026-01-26 01:15,4.2,6487.0,2026-01-26 07:15,2026-09-10_1802_
Джульфа,ТШО-Б,КТО,5,2026-01-26 00:00,2026-01-26 01:05,2026-01-26 03:45,2026-01-26 13:45,5.7,9319.0,2026-01-26 19:40,2026-09-10_1802_
ТК Актау,ТШО-Б,КТО,5,2026-01-26 16:40,2026-01-26 17:35,2026-01-27 02:40,2026-01-27 12:00,5.7,8755.0,2026-01-27 23:40,2026-09-10_1802_
Тараз,ЕАО-М,КТО,4,2026-01-27 04:15,2026-01-27 05:50,2026-01-27 09:30,2026-01-27 21:00,4.4,6785.0,2026-02-01 04:20,2026-09-10_1802_
Абай,BB ENERGY-Б,Oil Transshipment,4,2025-12-30 16:50,2026-02-01 05:20,2026-02-01 10:00,2026-02-01 19:00,5.7,8706.596,2026-02-02 03:40,2026-09-10_1802_
Астана,ТШО-Б,КТО,5,2026-01-29 13:45,2026-02-01 06:45,2026-02-01 16:40,2026-02-02 01:45,5.7,8756.0,2026-02-02 11:10,2026-09-10_1802_
Куруш,ЕАО-М,КТО,8,2026-01-31 19:45,2026-02-01 16:40,2026-02-01 20:45,2026-02-02 04:30,4.15,6479.0,2026-02-02 12:15,2026-09-10_1802_
ТК Актау,ЕАО-М,КТО,4,2026-02-01 02:20,2026-02-02 06:25,2026-02-02 08:10,2026-02-02 15:20,4.5,5834.0,2026-02-02 22:10,2026-09-10_1802_
Алматы,ЕАО-М,КТО,4,2026-01-31 15:45,2026-02-02 13:35,2026-02-02 23:45,2026-02-03 06:45,4.5,5772.0,2026-02-03 19:30,2026-09-10_1802_
Джаббар Гашимов,КМГ/КАШАГАН-Б,КТО,5,2026-01-28 03:15,2026-02-02 19:25,2026-02-03 00:00,2026-02-03 10:00,5.7,8644.0,2026-02-03 21:30,2026-09-10_1802_
Д.Мамедгулузаде,ЕАО-М,КТО,8,2026-02-01 19:45,2026-02-03 19:00,2026-02-03 23:00,2026-02-04 05:30,4.25,5683.0,2026-02-05 16:50,2026-09-10_1802_
Куруш,ЕАО-М,КТО,8,2026-02-06 06:00,2026-02-06 06:50,2026-02-06 11:00,2026-02-06 19:25,4.15,6480.0,2026-02-08 09:20,2026-09-10_1802_
Тараз,ЕАО-М,КТО,4,2026-02-05 22:20,2026-02-05 23:20,2026-02-06 02:35,2026-02-06 11:20,4.4,6778.0,2026-02-08 11:10,2026-09-10_1802_
Джульфа,ТШО-Б,КТО,5,2026-02-05 18:30,2026-02-05 19:25,2026-02-05 23:30,2026-02-06 11:30,5.7,9320.0,2026-02-08 12:15,2026-09-10_1802_
Астана,ЕАО-М,КТО,4,2026-02-07 10:00,2026-02-08 13:25,2026-02-08 16:30,2026-02-09 00:50,4.5,5843.0,2026-02-09 06:10,2026-09-10_1802_
ТК Актау,ТШО-Б,КТО,5,2026-02-06 18:50,2026-02-08 10:30,2026-02-08 18:00,2026-02-09 04:10,5.7,8724.0,2026-02-09 10:40,2026-09-10_1802_
Алматы,ЕАО-М,КТО,4,2026-02-08 07:30,2026-02-09 09:40,2026-02-09 11:45,2026-02-09 19:00,4.5,5747.0,2026-02-10 00:45,2026-09-10_1802_
Джаббар Гашимов,КМГ/КАШАГАН-Б,КТО,5,2026-02-09 20:30,2026-02-09 21:40,2026-02-10 00:30,2026-02-10 11:10,5.7,8652.0,2026-02-11 00:30,2026-09-10_1802_
Д.Мамедгулузаде,ЕАО-М,КТО,4,2026-02-11 13:30,2026-02-11 14:35,2026-02-11 17:15,2026-02-12 00:00,4.25,5696.0,2026-02-12 06:10,2026-09-10_1802_
Казахстан,BB ENERGY-Б,Oil Transshipment,5,2026-01-20 08:00,2026-02-11 21:40,2026-02-12 01:30,2026-02-12 12:00,5.7,8748.833,2026-02-12 23:30,2026-09-10_1802_
Лива,ЕАО-М,КТО,4,2026-02-12 08:40,2026-02-12 10:15,2026-02-12 15:30,2026-02-12 23:30,4.4,6789.0,2026-02-13 04:15,2026-09-10_1802_
Тараз,ЕАО-М,КТО,4,2026-02-13 00:20,2026-02-13 05:00,2026-02-13 08:10,2026-02-13 15:45,4.4,6789.0,2026-02-14 13:30,2026-09-10_1802_
Астана,ТШО-Б,КТО,5,2026-02-12 21:30,2026-02-13 00:20,2026-02-13 03:10,2026-02-13 12:00,5.7,8710.0,2026-02-14 13:45,2026-09-10_1802_
Куруш,ЕАО-М,КТО,4,2026-02-13 01:45,2026-02-14 15:30,2026-02-14 19:30,2026-02-15 03:20,4.15,6487.0,2026-02-15 22:50,2026-09-10_1802_
Алматы,ЕАО-М,КТО,5,2026-02-12 21:45,2026-02-14 15:00,2026-02-14 22:30,2026-02-15 06:00,4.5,5738.0,2026-02-15 23:30,2026-09-10_1802_
ТК Актау,КМГ/КАШАГАН-Б,КТО,5,2026-02-14 10:35,2026-02-16 09:20,2026-02-16 12:10,2026-02-16 20:55,5.7,8743.0,2026-02-17 13:25,2026-09-10_1802_
Леди Лейла,,,,2026-02-17 10:50,,,,3.2,,2026-02-17 15:00,2026-09-10_1802_
Д.Мамедгулузаде,ЕАО-М,КТО,8,2026-02-16 19:15,2026-02-17 19:15,2026-02-17 23:15,2026-02-18 05:30,4.25,5681.0,2026-02-18 16:00,2026-09-10_1802_
Джаббар Гашимов,ТШО-Б,КТО,5,2026-02-17 01:15,2026-02-17 15:15,2026-02-17 18:30,2026-02-18 05:30,5.7,8641.0,2026-02-18 16:20,2026-09-10_1802_
Лива,ЕАО-М,КТО,4,2026-02-17 22:30,2026-02-17 23:40,2026-02-18 04:50,2026-02-18 13:15,4.4,6792.0,2026-02-18 18:45,2026-09-10_1802_
Караганда,,,9,2026-01-24 17:00,2026-02-11 10:00,,,,,2026-02-19 00:45,2026-09-10_1802_
Астана,ЕАО-М,КТО,4,2026-02-18 07:00,2026-02-18 17:25,2026-02-18 23:10,2026-02-19 06:30,4.5,5839.0,2026-02-19 12:55,2026-09-10_1802_
Джульфа,ТШО-Б,КТО,5,2026-02-18 20:00,2026-02-18 21:15,2026-02-19 00:30,2026-02-19 11:00,5.7,9312.0,2026-02-19 17:40,2026-09-10_1802_
Абай,,,4,2026-02-07 14:10,2026-02-19 13:50,,,,,2026-02-19 19:30,2026-09-10_1802_
Тараз,ЕАО-М,КТО,8,2026-02-19 03:00,2026-02-19 04:10,2026-02-19 15:20,2026-02-19 23:15,4.3,6593.0,2026-02-20 13:15,2026-09-10_1802_
Алматы,ЕАО-М,КТО,4,2026-02-19 20:50,2026-02-20 14:05,2026-02-20 16:05,2026-02-20 23:30,4.5,5754.0,2026-02-21 04:30,2026-09-10_1802_
Гахраман Халилбейли,ЕАО-М,КТО,5,2026-02-19 12:00,2026-02-20 15:10,2026-02-20 18:50,2026-02-21 02:05,4.15,4488.0,2026-02-21 09:10,2026-09-10_1802_
Куруш,ЕАО-М,КТО,8,2026-02-20 20:00,2026-02-20 21:00,2026-02-21 01:15,2026-02-21 09:35,4.15,6443.0,2026-02-21 15:40,2026-09-10_1802_
ТК Актау,ТШО-Б,КТО,5,2026-02-21 09:00,2026-02-21 09:55,2026-02-21 12:30,2026-02-21 22:00,5.7,8754.0,2026-02-22 03:30,2026-09-10_1802_
Д.Мамедгулузаде,ЕАО-М,КТО,4,2026-02-21 22:20,2026-02-21 23:10,2026-02-22 01:40,2026-02-22 08:00,4.25,5691.0,2026-02-22 14:05,2026-09-10_1802_
Лива,ЕАО-М,КТО,8,2026-02-22 00:00,2026-02-22 01:10,2026-02-22 05:20,2026-02-22 13:15,4.3,6585.0,2026-02-22 18:45,2026-09-10_1802_
Астана,ТШО-Б,КТО,5,2026-02-22 12:00,2026-02-22 15:30,2026-02-22 18:20,2026-02-23 03:20,5.7,8703.0,2026-02-23 09:20,2026-09-10_1802_
Джаббар Гашимов,ТШО-Б,КТО,5,2026-02-22 23:55,2026-02-23 21:45,2026-02-24 00:30,2026-02-24 10:15,5.7,8653.0,2026-02-24 17:45,2026-09-10_1802_
Тараз,ЕАО-М,КТО,8,2026-02-24 11:30,2026-02-24 12:40,2026-02-24 15:55,2026-02-24 23:20,4.3,6587.0,2026-02-25 04:50,2026-09-10_1802_
Казахстан,BB ENERGY-Б,Oil Transshipment,4,2026-02-17 02:00,2026-02-24 18:30,2026-02-24 21:45,2026-02-25 08:15,5.7,8725.107,2026-02-25 17:00,2026-09-10_1802_
Гахраман Халилбейли,ЕАО-М,КТО,5,2026-02-25 04:00,2026-02-25 05:30,2026-02-25 10:05,2026-02-25 17:45,4.15,4484.0,2026-02-26 00:30,2026-09-10_1802_
ТК Актау,ЕАО-М,КТО,4,2026-02-25 10:00,2026-02-25 11:20,2026-02-25 18:25,2026-02-26 00:30,4.5,5849.0,2026-02-26 06:55,2026-09-10_1802_
Куруш,ЕАО-М,КТО,8,2026-02-25 16:45,2026-02-25 18:30,2026-02-25 22:30,2026-02-26 06:40,4.2,6483.0,2026-02-26 12:10,2026-09-10_1802_
Алматы,ЕАО-М,КТО,5,2026-02-25 17:50,2026-02-26 01:25,2026-02-26 03:30,2026-02-26 11:00,4.5,5787.0,2026-02-26 17:00,2026-09-10_1802_
Джульфа,ТШО-Б,КТО,4,2026-02-26 00:00,2026-02-26 07:55,2026-02-26 11:45,2026-02-26 21:45,5.7,9303.0,2026-02-27 04:00,2026-09-10_1802_
Д.Мамедгулузаде,ЕАО-М,КТО,8,2026-02-26 10:30,2026-02-26 13:30,2026-02-28 16:15,2026-03-01 07:00,4.25,5684.0,2026-03-01 14:25,2026-09-10_1802_
Астана,ТШО-Б,КТО,5,2026-02-26 18:20,2026-03-01 04:00,2026-03-01 06:40,2026-03-01 15:45,5.7,8711.0,2026-03-01 22:30,2026-09-10_1802_
Тараз,ЕАО-М,КТО,4,2026-03-02 00:45,2026-03-02 02:00,2026-03-02 05:00,2026-03-02 12:30,4.4,6793.0,2026-03-02 18:30,2026-09-10_1802_
Лива,ЕАО-М,КТО,8,2026-02-27 17:00,2026-03-01 22:00,2026-03-02 03:00,2026-03-02 10:40,4.3,6588.0,2026-03-02 23:30,2026-09-10_1802_
Пр.Гейдар Алиев,ТШО-Б,КТО,5,2026-03-02 19:10,2026-03-02 21:15,2026-03-03 00:00,2026-03-03 11:30,5.7,9336.0,2026-03-03 18:45,2026-09-10_1802_
Куруш,ЕАО-М,КТО,8,2026-03-02 22:45,2026-03-03 00:15,2026-03-03 04:30,2026-03-03 12:00,4.15,6492.0,2026-03-03 19:30,2026-09-10_1802_
Алматы,ЕАО-М,КТО,4,2026-03-03 07:00,2026-03-03 09:15,2026-03-03 11:20,2026-03-03 18:20,4.5,5766.0,2026-03-04 02:10,2026-09-10_1802_
Суздаль,,,8,2026-03-02 03:50,2026-03-03 22:20,,,,,2026-03-04 18:20,2026-09-10_1802_
ТК Актау,ТШО-Б,КТО,5,2026-03-02 23:00,2026-03-05 01:30,2026-03-05 04:00,2026-03-05 13:40,5.7,8775.0,2026-03-05 22:10,2026-09-10_1802_
Д.Мамедгулузаде,ЕАО-М,КТО,8,2026-03-06 08:00,2026-03-06 09:25,2026-03-06 12:45,2026-03-06 19:00,4.25,5686.0,2026-03-07 03:10,2026-09-10_1802_
Лива,ЕАО-М,КТО,4,2026-03-06 08:00,2026-03-06 09:45,2026-03-06 13:55,2026-03-06 21:40,4.4,6798.0,2026-03-07 07:30,2026-09-10_1802_
Джаббар Гашимов,ТШО-Б,КТО,5,2026-03-03 14:00,2026-03-07 02:45,2026-03-07 06:15,2026-03-07 16:00,5.7,8644.0,2026-03-08 02:45,2026-09-10_1802_
Тараз,ЕАО-М,КТО,8,2026-03-07 13:30,2026-03-07 14:30,2026-03-07 17:40,2026-03-08 01:15,4.3,6600.0,2026-03-08 10:30,2026-09-10_1802_
Караганда,,,8,2026-02-24 17:00,2026-03-08 11:35,,,3.2,,2026-03-10 01:30,2026-09-10_1802_
Алматы,ЕАО-М,КТО,5,2026-03-07 17:15,2026-03-08 03:50,2026-03-08 07:45,2026-03-08 15:15,4.5,5765.0,2026-03-10 02:25,2026-09-10_1802_
Астана,ТШО-Б,КТО,5,2026-03-07 01:40,2026-03-10 06:00,2026-03-10 14:05,2026-03-10 23:30,5.7,8711.0,2026-03-11 05:20,2026-09-10_1802_
Абай,,,8,2026-03-08 12:30,2026-03-10 15:45,,,4.1,,2026-03-11 08:30,2026-09-10_1802_
Лива,ЕАО-М,КТО,4,2026-03-11 00:50,2026-03-11 02:15,2026-03-11 06:15,2026-03-11 13:50,4.4,6782.0,2026-03-11 22:00,2026-09-10_1802_
Д.Мамедгулузаде,ЕАО-М,КТО,5,2026-03-11 00:30,2026-03-11 10:55,2026-03-11 15:00,2026-03-11 21:30,4.25,5686.0,2026-03-12 05:00,2026-09-10_1802_
Пр.Гейдар Алиев,ТШО-Б,КТО,4,2026-03-08 18:00,2026-03-11 23:00,2026-03-12 01:30,2026-03-12 12:20,5.7,9326.0,2026-03-12 17:50,2026-09-10_1802_
Куруш,ЕАО-М,КТО,8,2026-03-10 20:00,2026-03-11 09:05,2026-03-11 13:15,2026-03-11 21:25,4.15,6493.0,2026-03-12 22:50,2026-09-10_1802_
ТК Актау,ТШО-Б,КТО,5,2026-03-10 03:00,2026-03-12 22:25,2026-03-13 01:00,2026-03-13 09:45,5.7,8762.0,2026-03-13 18:20,2026-09-10_1802_
Тараз,ЕАО-М,КТО,8,2026-03-12 21:50,2026-03-13 00:00,2026-03-13 03:00,2026-03-31 11:15,4.3,6591.0,2026-03-13 19:00,2026-09-10_1802_
Алматы,ЕАО-М,КТО,4,2026-03-12 21:40,2026-03-13 01:10,2026-03-13 03:15,2026-03-13 10:00,4.5,5761.0,2026-03-13 22:05,2026-09-10_1802_
Джульфа,ТШО-Б,КТО,5,2026-03-12 03:00,2026-03-14 01:10,2026-03-14 05:45,2026-03-14 18:15,5.7,9302.0,2026-03-15 00:30,2026-09-10_1802_
Астана,ТШО-Б,КТО,5,2026-03-14 22:30,2026-03-15 11:00,2026-03-15 13:45,2026-03-15 22:40,5.7,8696.0,2026-03-17 16:00,2026-09-10_1802_
Пр.Гейдар Алиев,ТШО-Б,КТО,4,2026-03-17 00:15,2026-03-17 12:35,2026-03-17 15:30,2026-03-18 01:15,5.7,9348.0,2026-03-18 09:15,2026-09-10_1802_
ТК Актау,ЕАО-М,КТО,5,2026-03-17 11:00,2026-03-17 19:30,2026-03-17 23:30,2026-03-18 06:00,4.5,5834.0,2026-03-18 13:40,2026-09-10_1802_
Лива,ЕАО-М,КТО,8,2026-03-17 17:00,2026-03-17 18:15,2026-03-17 22:25,2026-03-18 05:30,4.3,6589.0,2026-03-18 15:30,2026-09-10_1802_
Казахстан,BB ENERGY-Б,Oil Transshipment,4,2026-03-12 01:00,2026-03-18 10:05,2026-03-18 14:00,2026-03-19 00:00,5.7,8702.306,2026-03-19 07:35,2026-09-10_1802_
Д.Мамедгулузаде,ЕАО-М,КТО,8,2026-03-18 22:00,2026-03-18 22:55,2026-03-19 01:40,2026-03-19 08:15,4.25,5685.0,2026-03-19 17:10,2026-09-10_1802_
Джаббар Гашимов,ТШО-Б,КТО,5,2026-03-18 06:15,2026-03-18 23:45,2026-03-19 03:30,2026-03-19 14:30,5.7,8628.0,2026-03-19 22:30,2026-09-10_1802_
Алматы,ЕАО-М,КТО,5,2026-03-19 21:30,2026-03-19 23:15,2026-03-20 01:20,2026-03-20 08:00,4.5,5760.0,2026-03-20 16:10,2026-09-10_1802_
Тараз,ЕАО-М,КТО,8,2026-03-19 20:30,2026-03-19 21:40,2026-03-20 01:40,2026-03-20 09:10,4.3,6585.0,2026-03-20 17:35,2026-09-10_1802_
Куруш,ЕАО-М,КТО,4,2026-03-20 08:00,2026-03-20 13:05,2026-03-20 17:15,2026-03-21 01:15,4.19,6490.0,2026-03-21 07:55,2026-09-10_1802_
Гахраман Халилбейли,ЕАО-М,КТО,5,2026-03-20 14:15,2026-03-20 18:55,2026-03-21 00:00,2026-03-21 07:20,4.15,4482.0,2026-03-21 15:20,2026-09-10_1802_
ТК Актау,ТШО-Б,КТО,5,2026-03-22 01:00,2026-03-22 01:55,2026-03-22 05:00,2026-03-22 14:15,5.7,8772.0,2026-03-22 23:20,2026-09-10_1802_
Лива,ЕАО-М,КТО,8,2026-03-23 04:00,2026-03-23 14:30,2026-03-23 18:40,2026-03-24 01:50,4.3,6578.0,2026-03-24 09:00,2026-09-10_1802_
Астана,КМГ/КАШАГАН-Б,КТО,5,2026-03-23 13:00,2026-03-23 15:15,2026-03-23 18:05,2026-03-24 02:40,5.7,8721.0,2026-03-24 11:00,2026-09-10_1802_
Д.Мамедгулузаде,ЕАО-М,КТО,4,2026-03-23 18:15,2026-03-23 19:15,2026-03-23 22:55,2026-03-24 04:45,4.25,5688.0,2026-03-25 10:15,2026-09-10_1802_
Тараз,ЕАО-М,КТО,8,2026-03-25 05:30,2026-03-25 12:10,2026-03-25 16:00,2026-03-25 23:00,4.3,6582.0,2026-03-26 06:10,2026-09-10_1802_
Гахраман Халилбейли,ЕАО-М,КТО,4,2026-03-25 14:00,2026-03-25 15:30,2026-03-25 19:35,2026-03-26 01:50,4.1,4480.0,2026-03-26 11:00,2026-09-10_1802_
Алматы,ЕАО-М,КТО,4,2026-03-26 06:30,2026-03-26 12:05,2026-03-26 14:45,2026-03-26 21:20,4.5,5817.0,2026-03-27 04:00,2026-09-10_1802_
ТК Актау,КМГ/КАШАГАН-Б,КТО,5,2026-03-26 07:50,2026-03-26 19:15,2026-03-26 23:30,2026-03-27 08:40,5.7,8785.0,2026-03-27 17:00,2026-09-10_1802_
Лива,ЕАО-М,КТО,8,2026-03-27 16:50,2026-03-27 17:50,2026-03-27 22:00,2026-03-28 05:10,4.3,6589.0,2026-03-28 12:00,2026-09-10_1802_
Астана,ЕАО-М,КТО,4,2026-03-27 19:40,2026-03-27 21:05,2026-03-28 01:05,2026-03-28 07:30,4.5,5845.0,2026-03-29 01:15,2026-09-10_1802_
Костанай,,,8,2026-03-25 21:30,2026-03-29 10:30,,,3.2,,2026-03-30 07:45,2026-09-10_1802_
Тараз,ЕАО-М,КТО,4,2026-03-30 09:00,2026-03-30 10:30,2026-03-30 13:45,2026-03-30 21:00,4.4,6784.0,2026-03-31 02:00,2026-09-10_1802_
Казахстан,BB ENERGY-Б,Oil Transshipment,5,2026-03-30 22:30,2026-03-30 23:40,2026-03-31 03:30,2026-03-31 13:40,5.7,8621.574,2026-04-01 17:00,2026-09-10_1802_
Алматы,ЕАО-М,КТО,4,2026-03-31 16:30,2026-03-31 17:55,2026-03-31 20:10,2026-04-01 04:45,4.5,5847.0,2026-04-01 20:15,2026-09-10_1802_
Гахраман Халилбейли,ЕАО-М,КТО,8,2026-03-31 22:30,2026-04-01 16:25,2026-04-01 19:50,2026-04-02 03:20,4.1,4494.0,2026-04-02 12:00,2026-09-10_1802_
Астана,ТШО-Б,КТО,5,2026-04-01 18:00,2026-04-01 18:50,2026-04-01 23:30,2026-04-02 08:50,5.7,8716.0,2026-04-02 15:05,2026-09-10_1802_
Лива,ЕАО-М,КТО,4,2026-04-01 21:30,2026-04-01 22:35,2026-04-02 09:00,2026-04-02 16:30,4.4,6797.0,2026-04-02 22:35,2026-09-10_1802_
Караганда,,,8,2026-02-24 17:00,2026-04-02 13:40,,,,,2026-04-03 07:15,2026-09-10_1802_
ТК Актау,ЕАО-М,КТО,5,2026-04-02 04:25,2026-04-02 17:55,2026-04-02 20:00,2026-04-03 02:50,4.5,5837.0,2026-04-03 09:15,2026-09-10_1802_
Джульфа,ТШО-Б,КТО,4,2026-03-31 18:00,2026-04-03 12:45,2026-04-03 15:50,2026-04-04 01:15,5.7,9309.0,2026-04-04 07:35,2026-09-10_1802_
Тараз,ЕАО-М,КТО,8,2026-04-05 01:00,2026-04-05 01:55,2026-04-05 06:00,2026-04-05 14:10,4.3,6588.0,2026-04-05 21:05,2026-09-10_1802_
Д.Мамедгулузаде,ЕАО-М,КТО,4,2026-04-05 09:25,2026-04-05 10:10,2026-04-05 13:05,2026-04-05 19:15,4.25,5697.0,2026-04-07 02:00,2026-09-10_1802_
Пр.Гейдар Алиев,ТШО-Б,КТО,5,2026-04-05 11:45,2026-04-05 14:30,2026-04-05 17:40,2026-04-06 06:40,5.7,9333.0,2026-04-07 02:40,2026-09-10_1802_
ТК Актау,ТШО-Б,КТО,5,2026-04-08 20:00,2026-04-08 21:10,2026-04-09 00:50,2026-04-09 10:00,5.7,8761.0,2026-04-09 16:45,2026-09-10_1802_
Лива,ЕАО-М,КТО,8,2026-04-08 23:00,2026-04-09 00:20,2026-04-09 04:50,2026-04-09 11:40,4.3,6590.0,2026-04-09 21:15,2026-09-10_1802_
Алматы,ЕАО-М,КТО,4,2026-04-07 18:00,2026-04-08 17:10,2026-04-08 19:15,2026-04-09 01:45,4.5,5845.0,2026-04-09 23:40,2026-09-10_1802_
Тараз,ЕАО-М,КТО,8,2026-04-08 23:50,2026-04-09 22:10,2026-04-10 01:00,2026-04-10 08:30,4.3,6582.0,2026-04-10 15:15,2026-09-10_1802_
Джаббар Гашимов,ТШО-Б,КТО,5,2026-04-08 18:00,2026-04-09 23:10,2026-04-10 02:00,2026-04-10 13:45,5.7,8652.0,2026-04-10 20:00,2026-09-10_1802_
Астана,ТШО-Б,КТО,5,2026-04-09 02:00,2026-04-11 02:25,2026-04-11 05:25,2026-04-11 14:25,5.7,8706.0,2026-04-11 20:05,2026-09-10_1802_
Джульфа,ТШО-Б,КТО,5,2026-04-11 18:30,2026-04-12 14:05,2026-04-12 17:30,2026-04-13 03:30,5.7,9313.0,2026-04-13 10:40,2026-09-10_1802_
Лива,ЕАО-М,КТО,8,2026-04-12 16:00,2026-04-12 17:30,2026-04-12 21:30,2026-04-13 04:40,4.3,6594.0,2026-04-13 11:25,2026-09-10_1802_
ТК Актау,ЕАО-М,КТО,4,2026-04-12 23:00,2026-04-12 23:55,2026-04-13 02:10,2026-04-13 09:00,4.5,5848.0,2026-04-13 15:25,2026-09-10_1802_
Костанай,,,8,2026-03-25 21:30,2026-04-13 12:45,,,3.2,,2026-04-13 18:30,2026-09-10_1802_
Д.Мамедгулузаде,ЕАО-М,КТО,8,2026-04-13 22:45,2026-04-13 23:40,2026-04-14 02:15,2026-04-14 08:40,4.25,5695.0,2026-04-16 22:15,2026-09-10_1802_
Алматы,ЕАО-М,КТО,4,2026-04-13 20:00,2026-04-13 21:00,2026-04-13 23:15,2026-04-14 07:00,4.5,5849.0,2026-04-16 22:25,2026-09-10_1802_
Ходжаванд,ЕАО-М,КТО,5,2026-04-14 04:30,2026-04-14 05:30,2026-04-14 08:15,2026-04-16 18:30,4.25,5685.0,2026-04-17 02:10,2026-09-10_1802_
Залпарс 1,,,9,2026-04-11 06:50,2026-04-17 19:40,,,3.2,,2026-04-17 04:10,2026-09-10_1802_
Тараз,ЕАО-М,КТО,8,2026-04-14 23:30,2026-04-17 00:30,2026-04-17 04:00,2026-04-17 11:30,4.3,6587.0,2026-04-17 18:05,2026-09-10_1802_
Пр.Гейдар Алиев,ТШО-Б,КТО,4,2026-04-14 08:30,2026-04-16 23:50,2026-04-17 02:50,2026-04-17 12:45,5.7,9318.0,2026-04-17 20:10,2026-09-10_1802_
Казахстан,BB ENERGY-Б,Oil Transshipment,5,2026-04-15 00:30,2026-04-17 04:50,2026-04-17 08:40,2026-04-18 04:20,5.7,8691.541,2026-04-18 12:20,2026-09-10_1802_
ТК Актау,ЕАО-М,КТО,4,2026-04-16 22:35,2026-04-17 20:55,2026-04-17 23:45,2026-04-18 06:20,4.5,5841.0,2026-04-18 15:40,2026-09-10_1802_
Залпарс 1,,,,2026-04-18 05:30,,,,3.2,,2026-04-19 19:25,2026-09-10_1802_
Залпарс 3,,,,2026-04-11 20:30,,,,3.2,,2026-04-19 19:30,2026-09-10_1802_
Лива,ЕАО-М,КТО,8,2026-04-17 03:45,2026-04-17 23:15,2026-04-18 04:15,2026-04-18 11:50,4.3,6588.0,2026-04-19 22:25,2026-09-10_1802_
Астана,ТШО-Б,КТО,5,2026-04-17 05:45,2026-04-18 13:10,2026-04-18 17:30,2026-04-19 02:45,5.7,8713.0,2026-04-19 23:10,2026-09-10_1802_
Алматы,ЕАО-М,КТО,4,2026-04-20 11:10,2026-04-20 12:10,2026-04-20 14:15,2026-04-20 21:00,4.5,5846.0,2026-04-21 03:35,2026-09-10_1802_
Джаббар Гашимов,ТШО-Б,КТО,5,2026-04-17 19:00,2026-04-20 11:15,2026-04-20 14:00,2026-04-21 00:00,5.7,8646.0,2026-04-21 07:30,2026-09-10_1802_
Тараз,ЕАО-М,КТО,8,2026-04-21 19:30,2026-04-21 21:00,2026-04-22 01:00,2026-04-22 08:00,4.3,6586.0,2026-04-22 15:45,2026-09-10_1802_
Лива,ЕАО-М,КТО,8,2026-04-22 19:00,2026-04-22 20:50,2026-04-23 01:00,2026-04-23 08:40,4.3,6582.0,2026-04-23 14:55,2026-09-10_1802_
Астана,КМГ/КАШАГАН-Б,КТО,5,2026-04-23 08:00,2026-04-23 09:45,2026-04-23 12:15,2026-04-23 22:00,5.7,8736.0,2026-04-24 04:15,2026-09-10_1802_
Джульфа,ТШО-Б,КТО,4,2026-04-22 13:45,2026-04-23 23:45,2026-04-24 02:15,2026-04-24 12:00,5.7,9306.0,2026-04-24 16:50,2026-09-10_1802_
ТК Актау,ЕАО-М,КТО,4,2026-04-24 16:50,2026-04-24 17:45,2026-04-24 19:35,2026-04-25 01:35,4.5,5845.0,2026-04-25 07:45,2026-09-10_1802_
Д.Мамедгулузаде,ЕАО-М,КТО,8,2026-04-24 20:30,2026-04-24 21:55,2026-04-25 00:00,2026-04-25 06:00,4.25,5682.0,2026-04-25 14:05,2026-09-10_1802_
Тараз,ЕАО-М,КТО,4,2026-04-25 19:45,2026-04-25 21:00,2026-04-26 00:00,2026-04-26 07:00,4.4,6783.0,2026-04-26 11:55,2026-09-10_1802_
Лива,ЕАО-М,КТО,8,2026-04-26 08:15,2026-04-26 09:30,2026-04-26 13:30,2026-04-26 21:00,4.3,6582.0,2026-04-27 01:45,2026-09-10_1802_
Астана,КМГ/КАШАГАН-Б,КТО,5,2026-04-27 14:30,2026-04-27 15:50,2026-04-27 18:45,2026-04-28 04:40,5.7,8711.0,2026-04-28 22:10,2026-09-10_1802_
Алматы,ЕАО-М,КТО,4,2026-04-27 20:00,2026-04-27 21:05,2026-04-27 23:00,2026-04-28 06:10,4.5,5848.0,2026-04-28 23:50,2026-09-10_1802_
Казахстан,BB ENERGY-Б,Oil Transshipment,5,2026-04-23 22:00,2026-04-28 23:30,2026-04-29 02:10,2026-04-29 11:40,5.7,8730.046,2026-04-29 20:20,2026-09-10_1802_
Тараз,ЕАО-М,КТО,4,2026-04-29 17:00,2026-04-29 18:00,2026-04-29 22:00,2026-04-30 05:30,4.4,6787.0,2026-04-30 16:05,2026-09-10_1802_
Лива,ЕАО-М,КТО,8,2026-04-29 19:30,2026-04-29 21:10,2026-04-30 14:00,2026-05-01 06:50,4.3,6585.0,2026-05-01 13:35,2026-09-10_1802_
Алматы,ЕАО-М,КТО,4,2026-05-01 13:50,2026-05-01 15:20,2026-05-01 17:45,2026-05-02 00:00,4.5,5837.0,2026-05-02 06:50,2026-09-10_1802_
Джульфа,ТШО-Б,КТО,5,2026-05-01 13:30,2026-05-01 14:45,2026-05-01 17:30,2026-05-02 03:00,5.7,9312.0,2026-05-02 07:40,2026-09-10_1802_
Астана,ТШО-Б,КТО,5,2026-05-02 13:30,2026-05-02 23:10,2026-05-03 01:30,2026-05-03 10:30,5.7,8708.0,2026-05-03 17:10,2026-09-10_1802_
ТК Актау,ЕАО-М,КТО,4,2026-05-03 00:10,2026-05-03 01:15,2026-05-03 03:00,2026-05-03 09:40,4.5,5839.0,2026-05-03 17:50,2026-09-10_1802_
Д.Мамедгулузаде,ЕАО-М,КТО,8,2026-05-04 07:30,2026-05-04 11:45,2026-05-04 14:00,2026-05-04 20:20,4.25,5680.0,2026-05-05 03:10,2026-09-10_1802_
Пр.Гейдар Алиев,ТШО-Б,КТО,5,2026-05-04 12:30,2026-05-05 00:40,2026-05-05 03:30,2026-05-05 15:00,5.7,9362.0,2026-05-05 22:35,2026-09-10_1802_
Тараз,ЕАО-М,КТО,8,2026-05-05 04:30,2026-05-05 05:50,2026-05-05 09:00,2026-05-05 15:40,4.3,6588.0,2026-05-05 23:50,2026-09-10_1802_
Казахстан,BB ENERGY-Б,Oil Transshipment,4,2026-05-04 01:30,2026-05-05 02:20,2026-05-05 08:25,2026-05-05 18:00,5.7,8716.015,2026-05-06 02:10,2026-09-10_1802_
Алматы,ЕАО-М,КТО,5,2026-05-05 14:20,2026-05-05 23:15,2026-05-06 01:35,2026-05-06 08:00,4.5,5834.0,2026-05-06 17:35,2026-09-10_1802_
ТК Актау,ТШО-Б,КТО,5,2026-05-06 17:10,2026-05-06 21:10,2026-05-07 00:30,2026-05-07 09:30,5.7,8768.0,2026-05-07 14:50,2026-09-10_1802_
Астана,ЕАО-М,КТО,4,2026-05-07 04:00,2026-05-07 05:05,2026-05-07 08:50,2026-05-07 15:10,4.5,5832.0,2026-05-07 22:50,2026-09-10_1802_
Лива,ЕАО-М,КТО,8,2026-05-07 20:20,2026-05-07 21:30,2026-05-08 01:30,2026-05-08 08:55,4.3,6586.0,2026-05-08 15:10,2026-09-10_1802_
Джаббар Гашимов,ТШО-Б,КТО,5,2026-05-08 11:00,2026-05-08 16:35,2026-05-08 19:30,2026-05-09 05:30,5.7,8638.0,2026-05-09 12:40,2026-09-10_1802_
Тараз,ЕАО-М,КТО,4,2026-05-08 22:30,2026-05-08 23:50,2026-05-09 03:00,2026-05-09 10:00,4.4,6794.0,2026-05-09 16:15,2026-09-10_1802_
Николай Орлов,СУХОГРУЗ,,8,2026-05-09 06:30,2026-05-09 09:25,,,,,2026-05-09 18:10,2026-09-10_1802_
Алматы,ЕАО-М,КТО,4,2026-05-09 16:15,2026-05-09 17:10,2026-05-09 18:45,2026-05-10 01:10,4.5,5825.0,2026-05-10 07:10,2026-09-10_1802_
Ходжаванд,ПО-Б,КТО,5,2026-05-09 03:30,2026-05-09 14:05,2026-05-09 16:40,2026-05-10 01:00,3.85,4774.0,2026-05-10 08:00,2026-09-10_1802_
ТК Актау,ТШО-Б,КТО,5,2026-05-11 01:10,2026-05-11 02:30,2026-05-11 04:50,2026-05-11 13:50,5.7,8763.0,2026-05-11 21:10,2026-09-10_1802_
Д.Мамедгулузаде,ЕАО-М,КТО,8,2026-05-11 11:00,2026-05-11 12:00,2026-05-11 14:30,2026-05-11 20:30,4.25,5689.0,2026-05-12 03:25,2026-09-10_1802_
Лива,ЕАО-М,КТО,8,2026-05-12 08:00,2026-05-12 09:05,2026-05-12 13:15,2026-05-12 21:00,4.3,6593.0,2026-05-13 19:50,2026-09-10_1802_
Тараз,ЕАО-М,КТО,8,2026-05-13 20:00,2026-05-13 21:05,2026-05-14 01:00,2026-05-14 09:40,4.3,6588.0,2026-05-14 17:20,2026-09-10_1802_
Астана,ТШО-Б,КТО,5,2026-05-14 08:30,2026-05-14 09:35,2026-05-14 12:05,2026-05-14 21:20,5.7,8707.0,2026-05-15 16:00,2026-09-10_1802_
ТК Актау,ЕАО-М,КТО,4,2026-05-15 07:15,2026-05-15 17:20,2026-05-15 19:30,2026-05-16 01:45,4.5,5847.0,2026-05-16 10:30,2026-09-10_1802_
Д.Мамедгулузаде,ЕАО-М,КТО,8,2026-05-14 23:15,2026-05-15 17:00,2026-05-15 19:15,2026-05-16 01:50,4.25,5699.0,2026-05-16 12:00,2026-09-10_1802_
Пр.Гейдар Алиев,ТШО-Б,КТО,5,2026-05-14 10:10,2026-05-15 19:15,2026-05-15 23:30,2026-05-16 10:45,5.7,9341.0,2026-05-17 04:20,2026-09-10_1802_
Алматы,ЕАО-М,КТО,4,2026-05-15 17:15,2026-05-16 11:35,2026-05-16 13:30,2026-05-16 20:10,4.5,5845.0,2026-05-17 07:00,2026-09-10_1802_
Казахстан,BB ENERGY-Б,Oil Transshipment,5,2026-05-09 19:30,2026-05-16 17:00,2026-05-17 07:00,2026-05-17 17:00,5.7,8676.96,2026-05-18 15:50,2026-09-10_1802_
Джаббар Гашимов,ТШО-Б,КТО,4,2026-05-13 04:30,2026-05-17 11:05,2026-05-17 14:30,2026-05-18 00:30,5.7,8655.0,2026-05-18 16:50,2026-09-10_1802_
Тараз,ЕАО-М,КТО,8,2026-05-17 21:00,2026-05-18 14:55,2026-05-18 19:00,2026-05-19 01:30,4.3,6588.0,2026-05-19 10:35,2026-09-10_1802_
Лива,ЕАО-М,КТО,4,2026-05-18 20:30,2026-05-18 21:20,2026-05-19 02:20,2026-05-19 11:00,4.4,6790.0,2026-05-19 17:20,2026-09-10_1802_
Астана,КМГ/КАШАГАН-Б,КТО,5,2026-05-19 01:20,2026-05-19 02:25,2026-05-19 05:10,2026-05-19 14:30,5.7,8723.0,2026-05-19 22:20,2026-09-10_1802_
Алматы,ЕАО-М,КТО,4,2026-05-21 14:10,2026-05-21 15:20,2026-05-21 17:30,2026-05-21 23:30,4.5,5844.0,2026-05-22 07:05,2026-09-10_1802_
ТК Актау,ТШО-Б,КТО,5,2026-05-22 13:40,2026-05-22 14:35,2026-05-22 17:20,2026-05-23 02:40,5.7,8759.0,2026-05-23 09:10,2026-09-10_1802_
Д.Мамедгулузаде,ЕАО-М,КТО,8,2026-05-22 20:30,2026-05-22 21:30,2026-05-23 00:15,2026-05-23 06:45,4.3,5688.0,2026-05-23 14:35,2026-09-10_1802_
Астана,ТШО-Б,КТО,5,2026-05-23 12:35,2026-05-23 16:20,2026-05-23 20:05,2026-05-24 05:20,5.7,8709.0,2026-05-24 11:40,2026-09-10_1802_
Лива,ЕАО-М,КТО,8,2026-05-24 11:00,2026-05-24 12:15,2026-05-24 16:25,2026-05-24 23:20,4.3,6600.0,2026-05-25 06:00,2026-09-10_1802_
Пр.Гейдар Алиев,ТШО-Б,КТО,5,2026-05-24 11:00,2026-05-24 23:35,2026-05-25 02:30,2026-05-25 13:30,5.7,9352.0,2026-05-25 19:40,2026-09-10_1802_
Алматы,ЕАО-М,КТО,4,2026-05-25 07:40,2026-05-25 09:00,2026-05-25 11:20,2026-05-25 17:40,4.5,5771.0,2026-05-25 22:45,2026-09-10_1802_
Тараз,ЕАО-М,КТО,8,2026-05-25 14:00,2026-05-25 15:30,2026-05-25 20:00,2026-05-26 03:00,4.3,6592.0,2026-05-26 07:25,2026-09-10_1802_
Д.Мамедгулузаде,ЕАО-М,КТО,8,2026-05-26 10:00,2026-05-26 10:40,2026-05-26 13:25,2026-05-26 21:45,4.3,5682.0,2026-05-27 22:20,2026-09-10_1802_
ТК Актау,КМГ/КАШАГАН-Б,КТО,5,2026-05-27 00:30,2026-05-27 01:35,2026-05-27 04:00,2026-05-27 13:30,5.7,8756.0,2026-05-27 23:35,2026-09-10_1802_
Костанай,,,8,2026-03-25 21:30,2026-05-28 07:35,,,3.2,,2026-05-28 17:55,2026-09-10_1802_
Астана,ЕАО-М,КТО,4,2026-05-28 03:50,2026-05-28 05:05,2026-05-28 09:05,2026-05-28 16:10,4.5,5843.0,2026-05-28 22:20,2026-09-10_1802_
Караганда,,,8,2026-02-24 17:00,2026-05-28 18:40,,,3.2,,2026-05-29 13:00,2026-09-10_1802_
Тараз,ЕАО-М,КТО,8,2026-05-31 11:00,2026-05-31 12:05,2026-05-31 14:30,2026-05-31 21:10,4.3,6579.0,2026-06-01 02:25,2026-09-10_1802_
Лива,ЕАО-М,КТО,4,2026-05-31 10:00,2026-05-31 10:50,2026-05-31 15:00,2026-05-31 22:00,4.4,6786.0,2026-06-01 02:55,2026-09-10_1802_
Алматы,ЕАО-М,КТО,5,2026-05-31 11:25,2026-05-31 12:45,2026-05-31 21:45,2026-06-01 06:40,4.5,5841.0,2026-06-01 13:10,2026-09-10_1802_
Казахстан,BB ENERGY-Б,Oil Transshipment,4,2026-05-22 07:30,2026-06-01 03:55,2026-06-01 07:00,2026-06-01 16:30,5.7,8699.872,2026-06-02 00:30,2026-09-10_1802_
ТК Актау,ТШО-Б,КТО,5,2026-06-01 04:20,2026-06-01 14:00,2026-06-01 16:50,2026-06-02 02:05,5.7,8758.0,2026-06-02 07:25,2026-09-10_1802_
Астана,ЕАО-М,КТО,4,2026-06-01 15:45,2026-06-02 02:45,2026-06-02 06:45,2026-06-02 13:00,4.5,5834.0,2026-06-03 02:00,2026-09-10_1802_
Джаббар Гашимов,ТШО-Б,КТО,5,2026-05-28 16:20,2026-06-03 07:35,2026-06-03 11:30,2026-06-03 21:30,5.7,8639.0,2026-06-04 05:20,2026-09-10_1802_
Д.Мамедгулузаде,ЕАО-М,КТО,8,2026-06-03 16:30,2026-06-03 17:30,2026-06-03 19:45,2026-06-04 02:30,4.3,5683.0,2026-06-04 09:10,2026-09-10_1802_
Алматы,ЕАО-М,КТО,4,2026-06-04 14:40,2026-06-04 15:45,2026-06-04 18:00,2026-06-05 01:00,4.5,5839.0,2026-06-05 06:50,2026-09-10_1802_
Астана,ТШО-Б,КТО,5,2026-06-05 10:30,2026-06-05 12:25,2026-06-05 15:50,2026-06-06 01:20,5.7,8724.0,2026-06-06 07:05,2026-09-10_1802_
Лива,ЕАО-М,КТО,8,2026-06-05 19:00,2026-06-05 19:50,2026-06-06 00:00,2026-06-06 07:30,4.3,6592.0,2026-06-06 14:25,2026-09-10_1802_
Пр.Гейдар Алиев,ТШО-Б,КТО,5,2026-06-06 09:15,2026-06-06 19:45,2026-06-06 23:00,2026-06-07 10:00,5.7,9354.0,2026-06-07 17:15,2026-09-10_1802_
Д.Мамедгулузаде,ЕАО-М,КТО,8,2026-06-08 09:30,2026-06-08 10:40,2026-06-08 12:55,2026-06-08 21:00,4.3,5695.0,2026-06-09 03:10,2026-09-10_1802_
ТК Актау,ТШО-Б,КТО,5,2026-06-06 09:00,2026-06-08 13:10,2026-06-08 15:30,2026-06-09 01:00,5.7,8706.0,2026-06-09 07:20,2026-09-10_1802_
Алматы,ЕАО-М,КТО,4,2026-06-08 19:45,2026-06-08 21:45,2026-06-08 23:45,2026-06-09 06:00,4.5,5842.0,2026-06-09 14:25,2026-09-10_1802_
Лива,ЕАО-М,КТО,8,2026-06-09 08:00,2026-06-09 08:55,2026-06-09 13:00,2026-06-09 20:20,4.3,6587.0,2026-06-10 02:00,2026-09-10_1802_
Казахстан,BB ENERGY-Б,Oil Transshipment,4,2026-06-06 03:00,2026-06-10 03:35,2026-06-10 12:20,2026-06-10 21:55,5.7,8735.405,2026-06-11 04:50,2026-09-10_1802_
Астана,ТШО-Б,КТО,5,2026-06-09 19:55,2026-06-10 11:30,2026-06-10 14:05,2026-06-10 23:35,5.7,8736.0,2026-06-11 05:25,2026-09-10_1802_
Джаббар Гашимов,ТШО-Б,КТО,5,2026-06-11 13:30,2026-06-11 19:40,2026-06-11 23:45,2026-06-12 10:00,5.7,8652.0,2026-06-12 16:15,2026-09-10_1802_
Тараз,ЕАО-М,КТО,8,2026-06-12 11:00,2026-06-12 12:45,2026-06-12 17:00,2026-06-13 00:00,4.3,6591.0,2026-06-13 06:45,2026-09-10_1802_
Алматы,ЕАО-М,КТО,4,2026-06-12 21:50,2026-06-12 23:10,2026-06-13 00:45,2026-06-13 07:40,4.7,6339.0,2026-06-13 15:10,2026-09-10_1802_
Лива,ЕАО-М,КТО,8,2026-06-12 23:00,2026-06-13 07:25,2026-06-13 13:00,2026-06-13 20:45,4.4,6782.0,2026-06-14 06:40,2026-09-10_1802_
Абай,ЕАО-М,КТО,4,2026-03-08 12:30,2026-06-14 07:40,2026-06-14 14:00,2026-06-14 21:00,4.8,6306.0,2026-06-15 07:15,2026-09-10_1802_
Д.Мамедгулузаде,ЕАО-М,КТО,8,2026-06-14 14:20,2026-06-14 16:40,2026-06-14 19:30,2026-06-15 03:00,4.3,5674.0,2026-06-15 10:35,2026-09-10_1802_
ТК Актау,ТШО-Б,КТО,5,2026-06-12 20:00,2026-06-14 17:25,2026-06-14 20:40,2026-06-15 06:00,5.9,9149.0,2026-06-15 12:00,2026-09-10_1802_
Астана,ТШО-Б,КТО,5,2026-06-14 17:30,2026-06-16 11:30,2026-06-16 14:10,2026-06-17 00:10,5.9,9168.0,2026-06-17 06:05,2026-09-10_1802_
Алматы,ЕАО-М,КТО,4,2026-06-16 07:30,2026-06-16 15:25,2026-06-16 17:15,2026-06-17 00:15,4.7,6348.0,2026-06-17 07:15,2026-09-10_1802_
Тараз,ЕАО-М,КТО,8,2026-06-17 16:00,2026-06-17 17:10,2026-06-17 20:30,2026-06-18 04:00,4.4,6685.0,2026-06-18 11:20,2026-09-10_1802_
Д.Мамедгулузаде,ЕАО-М,КТО,8,2026-06-18 09:15,2026-06-18 12:35,2026-06-18 15:30,2026-06-18 21:30,4.3,5662.0,2026-06-19 03:45,2026-09-10_1802_
Лива,ЕАО-М,КТО,4,2026-06-18 17:45,2026-06-18 18:40,2026-06-18 22:50,2026-06-19 05:40,4.4,6781.0,2026-06-19 15:15,2026-09-10_1802_
ТК Актау,ЕАО-М,КТО,5,2026-06-19 02:00,2026-06-19 04:40,2026-06-19 06:15,2026-06-19 14:10,4.7,6219.0,2026-06-19 23:15,2026-09-10_1802_
Пр.Гейдар Алиев,ТШО-Б,КТО,5,2026-06-19 10:30,2026-06-20 00:10,2026-06-20 02:40,2026-06-20 14:00,5.9,9714.0,2026-06-20 19:45,2026-09-10_1802_
Казахстан,BB ENERGY-Б,Oil Transshipment,4,2026-06-20 02:00,2026-06-20 03:00,2026-06-20 11:00,2026-06-20 20:55,5.7,8710.552,2026-06-21 04:30,2026-09-10_1802_
Алматы,ЕАО-М,КТО,5,2026-06-20 21:30,2026-06-20 22:30,2026-06-21 00:30,2026-06-21 07:00,4.7,6347.0,2026-06-21 23:55,2026-09-10_1802_
Тараз,ЕАО-М,КТО,8,2026-06-21 20:50,2026-06-21 23:20,2026-06-22 03:30,2026-06-22 11:40,4.4,6681.0,2026-06-22 18:25,2026-09-10_1802_
Астана,ТШО-Б,КТО,5,2026-06-21 03:00,2026-06-22 01:15,2026-06-22 04:00,2026-06-22 14:00,5.9,9176.0,2026-06-22 20:05,2026-09-10_1802_
Абай,ЕАО-М,КТО,4,2026-06-20 04:30,2026-06-22 00:50,2026-06-22 08:00,2026-06-22 18:00,4.75,6332.0,2026-06-23 01:00,2026-09-10_1802_
Д.Мамедгулузаде,ЕАО-М,КТО,8,2026-06-22 06:30,2026-06-22 19:40,2026-06-22 22:35,2026-06-23 05:15,4.3,5679.0,2026-06-23 13:05,2026-09-10_1802_
Лива,ЕАО-М,КТО,5,2026-06-22 20:45,2026-06-22 22:10,2026-06-23 02:20,2026-06-23 09:20,4.4,6788.0,2026-06-23 15:45,2026-09-10_1802_
ТК Актау,ТШО-Б,КТО,5,2026-06-23 17:55,2026-06-23 22:45,2026-06-24 02:05,2026-06-24 11:40,5.9,9157.0,2026-06-24 17:35,2026-09-10_1802_
Алматы,ЕАО-М,КТО,5,2026-06-24 20:00,2026-06-24 21:00,2026-06-24 22:45,2026-06-25 06:00,4.7,6354.0,2026-06-25 13:30,2026-09-10_1802_
Казахстан,ЕАО-М,КТО,4,2026-06-25 05:00,2026-06-25 06:05,2026-06-25 13:45,2026-06-25 20:35,4.75,6345.0,2026-06-26 03:20,2026-09-10_1802_
Виктория,ПОТЕНЦИАЛ-ОЙЛ-Б,КТО,5,2026-06-25 12:00,2026-06-25 15:00,2026-06-26 02:00,2026-06-26 11:00,4.4,4480.0,2026-06-26 17:30,2026-09-10_1802_
Тараз,ЕАО-М,КТО,8,2026-06-25 21:00,2026-06-25 22:10,2026-06-26 03:30,2026-06-26 11:00,4.4,6679.0,2026-06-26 22:25,2026-09-10_1802_
Абай,ЕАО-М,КТО,4,2026-06-26 02:00,2026-06-27 00:40,2026-06-27 12:05,2026-06-27 19:20,4.75,6337.0,2026-06-28 02:45,2026-09-10_1802_
Астана,ТШО-Б,КТО,5,2026-06-26 06:55,2026-06-30 17:00,2026-07-01 02:20,2026-07-01 12:00,5.9,9139.0,2026-07-01 22:35,2026-09-10_1802_
Лива,ЕАО-М,КТО,4,2026-06-27 14:00,2026-06-30 13:10,2026-07-01 03:00,2026-07-01 10:00,4.4,6788.0,2026-07-01 23:25,2026-09-10_1802_
Д.Мамедгулузаде,ЕАО-М,КТО,8,2026-06-27 09:30,2026-06-29 17:20,2026-06-30 03:00,2026-07-01 05:30,4.3,5679.0,2026-07-02 00:10,2026-09-10_1802_
Алматы,ЕАО-М,КТО,4,2026-06-30 18:30,2026-07-02 01:50,2026-07-02 03:45,2026-07-02 11:00,4.7,6344.0,2026-07-02 17:50,2026-09-10_1802_
Тараз,ЕАО-М,КТО,8,2026-06-29 21:45,2026-07-02 02:45,2026-07-02 06:30,2026-07-02 14:00,4.4,6792.0,2026-07-02 20:15,2026-09-10_1802_
Казахстан,BB ENERGY-Б,Oil Transshipment,5,2026-07-01 20:00,2026-07-02 01:15,2026-07-02 04:20,2026-07-02 14:00,5.7,8776.761,2026-07-02 22:15,2026-09-10_1802_
ТК Актау,ТШО-Б,КТО,5,2026-06-28 10:00,2026-07-03 01:25,2026-07-03 05:30,2026-07-03 15:05,5.9,9100.0,2026-07-03 22:00,2026-09-10_1802_
Караганда,,,8,2026-05-29 14:00,2026-07-03 15:30,,,3.2,,2026-07-04 00:15,2026-09-10_1802_
Абай,ЕАО-М,КТО,4,2026-07-03 17:00,2026-07-03 18:15,2026-07-03 20:45,2026-07-04 04:25,4.72,6345.0,2026-07-04 12:10,2026-09-10_1802_
Д.Мамедгулузаде,ЕАО-М,КТО,8,2026-07-04 20:00,2026-07-04 21:20,2026-07-05 00:15,2026-07-05 07:00,4.3,5689.0,2026-07-05 14:45,2026-09-10_1802_
Астана,ТШО-Б,КТО,5,2026-07-05 15:30,2026-07-05 16:40,2026-07-05 19:10,2026-07-06 05:30,5.9,9171.0,2026-07-06 11:25,2026-09-10_1802_
Тараз,ЕАО-М,КТО,8,2026-07-06 20:30,2026-07-06 21:25,2026-07-07 00:40,2026-07-07 08:00,4.4,6790.0,2026-07-07 14:40,2026-09-10_1802_
Лива,ЕАО-М,КТО,4,2026-07-06 18:20,2026-07-06 19:20,2026-07-06 23:30,2026-07-07 06:30,4.4,6796.0,2026-07-07 16:05,2026-09-10_1802_
Джаббар Гашимов,ТШО-Б,КТО,5,2026-07-05 14:00,2026-07-07 01:35,2026-07-07 04:30,2026-07-07 15:15,5.7,8614.0,2026-07-07 22:10,2026-09-10_1802_
Костанай,,,8,2026-05-28 19:00,2026-07-07 15:30,,,,,2026-07-08 12:20,2026-09-10_1802_
Казахстан,ЕАО-М,КТО,4,2026-07-06 18:30,2026-07-07 17:00,2026-07-07 19:30,2026-07-08 02:20,4.75,6335.0,2026-07-08 13:10,2026-09-10_1802_
Алматы,ЕАО-М,КТО,5,2026-07-08 00:50,2026-07-08 01:55,2026-07-08 04:30,2026-07-08 12:00,4.7,6332.0,2026-07-08 18:40,2026-09-10_1802_
ТК Актау,ТШО-Б,КТО,5,2026-07-07 10:45,2026-07-08 21:20,2026-07-08 23:40,2026-07-09 09:45,5.9,9166.0,2026-07-09 15:55,2026-09-10_1802_
Абай,ЕАО-М,КТО,4,2026-07-09 00:15,2026-07-09 01:35,2026-07-09 03:55,2026-07-09 11:40,4.75,6345.0,2026-07-09 18:35,2026-09-10_1802_
Д.Мамедгулузаде,ЕАО-М,КТО,8,2026-07-10 01:00,2026-07-10 03:00,2026-07-10 05:30,2026-07-10 12:00,4.3,5684.0,2026-07-11 22:25,2026-09-10_1802_
Тараз,ЕАО-М,КТО,8,2026-07-11 18:00,2026-07-11 23:45,2026-07-12 04:00,2026-07-12 11:10,4.3,6589.0,2026-07-12 17:25,2026-09-10_1802_
Пр.Гейдар Алиев,ТШО-Б,КТО,5,2026-07-10 11:00,2026-07-11 23:15,2026-07-12 03:30,2026-07-12 15:30,5.9,9651.0,2026-07-13 00:05,2026-09-10_1802_
Лива,ЕАО-М,КТО,8,2026-07-12 21:30,2026-07-12 23:15,2026-07-13 03:30,2026-07-13 10:45,4.4,6585.0,2026-07-13 16:25,2026-09-10_1802_
Астана,КМГ/КАШАГАН-Б,КТО,5,2026-07-11 03:10,2026-07-13 00:55,2026-07-13 03:20,2026-07-13 12:40,5.75,8857.0,2026-07-13 19:00,2026-09-10_1802_
Джаббар Гашимов,ТШО-Б,КТО,5,2026-07-12 10:15,2026-07-13 19:50,2026-07-14 00:00,2026-07-14 10:30,5.7,8647.0,2026-07-15 17:55,2026-09-10_1802_
Казахстан,BB ENERGY-Б,Oil Transshipment,4,2026-07-13 12:30,2026-07-13 13:15,2026-07-13 16:30,2026-07-14 02:30,5.7,8726.07,2026-07-15 19:10,2026-09-10_1802_
ТК Актау,ТШО-Б,КТО,5,2026-07-13 10:00,2026-07-15 18:30,2026-07-15 21:20,2026-07-16 07:20,5.9,9158.0,2026-07-16 14:50,2026-09-10_1802_
Алматы,ЕАО-М,КТО,5,2026-07-16 14:00,2026-07-16 15:55,2026-07-16 18:45,2026-07-17 01:45,4.7,6330.0,2026-07-17 14:40,2026-09-10_1802_
Д.Мамедгулузаде,ЕАО-М,КТО,8,2026-07-16 22:00,2026-07-16 23:10,2026-07-17 01:45,2026-07-17 08:00,4.3,5674.0,2026-07-17 17:40,2026-09-10_1802_
Абай,ЕАО-М,КТО,4,2026-07-16 18:00,2026-07-17 15:25,2026-07-17 18:30,2026-07-18 02:15,4.75,6335.0,2026-07-18 10:50,2026-09-10_1802_
Тараз,ЕАО-М,КТО,8,2026-07-18 13:40,2026-07-18 14:45,2026-07-18 18:00,2026-07-19 01:30,4.3,6590.0,2026-07-19 08:15,2026-09-10_1802_
Пр.Гейдар Алиев,ТШО-Б,КТО,5,2026-07-18 15:30,2026-07-18 16:00,2026-07-18 18:30,2026-07-19 06:00,5.9,9727.0,2026-07-19 14:40,2026-09-10_1802_
Лива,ЕАО-М,КТО,8,2026-07-19 13:00,2026-07-19 15:25,2026-07-19 19:40,2026-07-20 02:40,4.3,6592.0,2026-07-20 12:00,2026-09-10_1802_
Астана,ТШО-Б,КТО,5,2026-07-20 06:20,2026-07-20 07:15,2026-07-20 12:10,2026-07-20 21:40,5.9,9165.0,2026-07-21 03:20,2026-09-10_1802_
Казахстан,BB ENERGY-Б,Oil Transshipment,4,2026-07-20 10:00,2026-07-21 02:20,2026-07-21 06:00,2026-07-21 16:00,5.87,9071.858,2026-07-22 17:50,2026-09-10_1802_
ТК Актау,ТШО-Б,КТО,5,2026-07-22 02:00,2026-07-22 03:15,2026-07-22 05:50,2026-07-22 15:30,5.9,9168.0,2026-07-22 22:10,2026-09-10_1802_
Алматы,ЕАО-М,КТО,4,2026-07-22 13:10,2026-07-23 21:10,2026-07-23 23:30,2026-07-24 06:30,4.7,6348.0,2026-07-24 14:50,2026-09-10_1802_
Д.Мамедгулузаде,ЕАО-М,КТО,8,2026-07-22 17:00,2026-07-23 22:05,2026-07-24 01:00,2026-07-24 07:00,4.3,5702.0,2026-07-24 15:30,2026-09-10_1802_
Джаббар Гашимов,КМГ/КАШАГАН-Б,КТО,5,2026-07-22 16:30,2026-07-23 22:45,2026-07-24 02:00,2026-07-24 11:30,5.75,8703.0,2026-07-24 18:45,2026-09-10_1802_
Астана,ТШО-Б,КТО,5,2026-07-24 16:50,2026-07-24 19:35,2026-07-24 23:10,2026-07-25 09:00,5.9,9164.0,2026-07-25 15:15,2026-09-10_1802_
Куруш,ЕАО-М,КТО,8,2026-07-24 02:15,2026-07-24 17:00,2026-07-24 22:30,2026-07-25 08:30,4.2,6476.0,2026-07-25 20:00,2026-09-10_1802_
Тараз,ЕАО-М,КТО,4,2026-07-25 00:30,2026-07-25 04:00,2026-07-25 07:00,2026-07-25 13:45,4.3,6594.0,2026-07-25 21:25,2026-09-10_1802_
Пр.Гейдар Алиев,ТШО-Б,КТО,5,2026-04-25 10:15,2026-04-25 11:05,2026-04-25 14:10,2026-04-26 01:30,5.7,9337.0,2026-07-26 07:05,2026-09-10_1802_
Караганда,,,8,2026-02-24 17:00,2026-04-25 15:00,,,3.2,,2026-07-26 07:20,2026-09-10_1802_
Лива,ЕАО-М,КТО,5,2026-07-25 03:00,2026-07-25 16:30,2026-07-25 20:30,2026-07-26 03:30,4.3,6593.0,2026-07-26 10:40,2026-09-10_1802_
ТК Актау,ТШО-Б,КТО,5,2026-07-26 14:20,2026-07-26 21:30,2026-07-27 00:10,2026-07-27 09:45,5.9,9161.0,2026-07-27 15:25,2026-09-10_1802_
Абай,ЕАО-М,КТО,4,2026-07-23 21:30,2026-07-28 15:20,2026-07-28 18:00,2026-07-29 01:00,4.75,6331.0,2026-07-29 06:10,2026-09-10_1802_
Алматы,ЕАО-М,КТО,4,2026-07-29 19:20,2026-07-29 21:15,2026-07-29 23:45,2026-07-30 06:50,4.7,6333.0,2026-07-30 22:30,2026-09-10_1802_
Джаббар Гашимов,ТШО-Б,КТО,5,2026-07-30 02:25,2026-07-30 03:15,2026-07-30 06:00,2026-07-30 17:45,5.9,9058.0,2026-07-31 00:55,2026-09-10_1802_
Д.Мамедгулузаде,ЕАО-М,КТО,8,2026-07-30 00:00,2026-07-31 00:10,2026-07-31 02:15,2026-07-31 08:45,4.3,5773.0,2026-07-31 14:05,2026-09-10_1802_
Казахстан,BB ENERGY-Б,Oil Transshipment,4,2026-07-26 07:00,2026-07-30 23:30,2026-07-31 02:20,2026-07-31 13:00,5.87,9089.566,2026-07-31 22:20,2026-09-10_1802_
ТК Актау,ТШО-Б,КТО,5,2026-07-31 04:20,2026-07-31 05:20,2026-07-31 08:05,2026-07-31 18:00,5.9,9156.0,2026-08-01 01:10,2026-09-10_1802_
Лива,ЕАО-М,КТО,4,2026-07-31 12:45,2026-07-31 23:45,2026-08-01 03:45,2026-08-01 10:50,4.4,6603.0,2026-08-01 17:50,2026-09-10_1802_
Куруш,ЕАО-М,КТО,8,2026-08-01 04:00,2026-08-01 04:55,2026-08-01 09:15,2026-08-01 18:00,4.2,6478.0,2026-08-02 00:40,2026-09-10_1802_
Астана,ТШО-Б,КТО,5,2026-08-01 09:45,2026-08-01 16:40,2026-08-01 19:20,2026-08-02 05:10,5.9,9169.0,2026-08-02 11:50,2026-09-10_1802_
Тараз,ЕАО-М,КТО,4,2026-08-01 15:45,2026-08-01 18:50,2026-08-01 22:40,2026-08-02 06:50,4.3,6579.0,2026-08-02 14:00,2026-09-10_1802_
Абай,ЕАО-М,КТО,4,2026-08-02 16:45,2026-08-03 19:40,2026-08-03 23:30,2026-08-04 06:45,4.75,6340.0,2026-08-04 15:00,2026-09-10_1802_
Джаббар Гашимов,ТШО-Б,КТО,5,2026-08-04 05:00,2026-08-04 06:00,2026-08-04 08:30,2026-08-04 19:00,5.9,9044.0,2026-08-05 03:00,2026-09-10_1802_
ТК Актау,ТШО-Б,КТО,5,2026-08-05 00:50,2026-08-05 04:15,2026-08-05 07:10,2026-08-05 17:10,5.9,9142.0,2026-08-05 23:25,2026-09-10_1802_
Алматы,ЕАО-М,КТО,4,2026-08-05 08:00,2026-08-05 09:25,2026-08-05 12:10,2026-08-05 19:00,4.7,6340.0,2026-08-06 01:20,2026-09-10_1802_
Д.Мамедгулузаде,ЕАО-М,КТО,8,2026-08-05 20:00,2026-08-05 21:15,2026-08-06 00:15,2026-08-06 06:15,4.3,5691.0,2026-08-06 13:20,2026-09-10_1802_
Казахстан,ЕАО-М,КТО,4,2026-08-04 22:15,2026-08-06 02:10,2026-08-06 04:45,2026-08-06 11:30,4.75,6345.0,2026-08-06 20:20,2026-09-10_1802_
Караганда,,,8,2026-05-29 14:00,2026-08-06 16:45,,,3.2,,2026-08-07 00:35,2026-09-10_1802_
Астана,ТШО-Б,КТО,5,2026-08-06 03:15,2026-08-06 19:45,2026-08-06 23:00,2026-08-07 09:00,5.9,9160.0,2026-08-07 14:55,2026-09-10_1802_
Костанай,,,8,2026-07-08 13:00,2026-08-07 14:05,,,3.2,,2026-08-08 01:20,2026-09-10_1802_
Лива,ЕАО-М,КТО,4,2026-08-07 11:00,2026-08-07 12:05,2026-08-07 16:05,2026-08-07 23:00,4.4,6591.0,2026-08-08 04:55,2026-09-10_1802_
Тараз,ЕАО-М,КТО,8,2026-08-08 15:00,2026-08-08 16:15,2026-08-08 20:00,2026-08-09 04:30,4.3,6595.0,2026-08-09 11:15,2026-09-10_1802_
Абай,ЕАО-М,КТО,4,2026-08-09 22:45,2026-08-10 00:05,2026-08-10 02:45,2026-08-10 09:35,4.75,6346.0,2026-08-10 16:00,2026-09-10_1802_
Пр.Гейдар Алиев,ТШО-Б,КТО,5,2026-08-08 19:15,2026-08-09 19:30,2026-08-10 00:00,2026-08-10 11:00,5.9,9738.0,2026-08-10 18:15,2026-09-10_1802_
Д.Мамедгулузаде,ЕАО-М,КТО,8,2026-08-11 00:00,2026-08-11 01:55,2026-08-11 04:15,2026-08-11 12:10,4.3,5697.0,2026-08-11 19:30,2026-09-10_1802_
Алматы,КМГ/КАШАГАН-Б,КТО,4,2026-08-10 19:30,2026-08-10 21:05,2026-08-10 00:00,2026-08-11 14:20,5.8,8980.0,2026-08-12 10:45,2026-09-10_1802_
Джаббар Гашимов,ТШО-Б,КТО,5,2026-08-10 02:30,2026-08-11 12:45,2026-08-11 16:00,2026-08-12 03:30,5.9,9067.0,2026-08-12 15:50,2026-09-10_1802_
Лива,ЕАО-М,КТО,8,2026-08-12 15:45,2026-08-12 17:05,2026-08-12 21:05,2026-08-13 04:15,4.3,6590.0,2026-08-13 11:00,2026-09-10_1802_
ТК Актау,ТШО-Б,КТО,5,2026-08-10 01:30,2026-08-13 10:15,2026-08-13 12:50,2026-08-13 22:20,5.9,9152.0,2026-08-14 05:00,2026-09-10_1802_
Казахстан,BB ENERGY-Б,Oil Transshipment,4,2026-08-13 13:00,2026-08-13 13:55,2026-08-13 22:00,2026-08-14 09:00,5.89,9180.066,2026-08-14 17:35,2026-09-10_1802_
Абай,ЕАО-М,КТО,4,2026-08-14 14:15,2026-08-14 19:05,2026-08-14 22:30,2026-08-15 05:20,4.75,6342.0,2026-08-15 12:50,2026-09-10_1802_
Тараз,ЕАО-М,КТО,8,2026-08-14 16:00,2026-08-14 18:40,2026-08-14 23:00,2026-08-15 08:40,4.3,6590.0,2026-08-15 17:15,2026-09-10_1802_
Пр.Гейдар Алиев,ТШО-Б,КТО,5,2026-08-14 22:00,2026-08-15 11:05,2026-08-15 14:45,2026-08-16 01:30,5.9,9743.0,2026-08-16 10:00,2026-09-10_1802_
Алматы,ЕАО-М,КТО,4,2026-08-16 04:00,2026-08-16 05:10,2026-08-16 07:15,2026-08-16 14:00,4.7,6331.0,2026-08-16 21:10,2026-09-10_1802_
Астана,ТШО-Б,КТО,5,2026-08-11 05:45,2026-08-17 11:30,2026-08-17 14:40,2026-08-18 00:30,5.9,9166.0,2026-08-18 07:25,2026-09-10_1802_
Д.Мамедгулузаде,ЕАО-М,КТО,8,2026-08-17 13:00,2026-08-17 14:00,2026-08-17 17:05,2026-08-18 00:00,4.3,5681.0,2026-08-18 09:00,2026-09-10_1802_
Лива,ЕАО-М,КТО,8,2026-08-18 19:45,2026-08-18 20:45,2026-08-19 00:45,2026-08-19 08:00,4.3,6584.0,2026-08-19 15:35,2026-09-10_1802_
Лачин,,ИП Мунатов,11,2026-08-03 01:30,2026-08-18 12:30,2026-08-18 18:15,2026-08-19 04:00,3.8,3974.36,2026-08-19 17:10,2026-09-10_1802_
Джаббар Гашимов,КМГ/КАШАГАН-Б,КТО,5,2026-08-19 01:00,2026-08-19 02:15,2026-08-19 05:15,2026-08-19 15:30,5.9,9051.0,2026-08-20 00:25,2026-09-10_1802_
ТК Актау,ТШО-Б,КТО,4,2026-08-19 16:50,2026-08-19 18:00,2026-08-19 20:50,2026-08-20 06:30,5.9,9195.0,2026-08-20 14:20,2026-09-10_1802_
Тараз,ЕАО-М,КТО,8,2026-08-19 19:30,2026-08-19 21:10,2026-08-20 01:00,2026-08-20 07:30,4.3,6594.0,2026-08-20 14:35,2026-09-10_1802_
Абай,ЕАО-М,КТО,4,2026-08-20 16:00,2026-08-20 17:30,2026-08-20 21:30,2026-08-21 04:40,4.75,6338.0,2026-08-21 11:25,2026-09-10_1802_
Казахстан,BB ENERGY-Б,Oil Transshipment,5,2026-08-19 23:00,2026-08-20 16:45,2026-08-20 20:15,2026-08-21 08:00,5.88,9095.819,2026-08-21 22:50,2026-09-10_1802_
Пр.Гейдар Алиев,ТШО-Б,КТО,5,2026-08-20 23:45,2026-08-21 23:40,2026-08-22 02:40,2026-08-22 14:40,5.9,9743.0,2026-08-22 21:20,2026-09-10_1802_
Астана,ТШО-Б,КТО,5,2026-08-22 14:30,2026-08-23 02:25,2026-08-23 05:50,2026-08-23 15:30,5.9,9166.0,2026-08-23 22:10,2026-09-10_1802_
Д.Мамедгулузде,ЕАО-М,КТО,8,2026-08-24 00:30,2026-08-24 01:20,2026-08-24 04:00,2026-08-24 10:00,4.3,5826.0,2026-08-24 18:05,2026-09-10_1802_
Ходжаванд,ПОТЕНЦИАЛ ОЙЛ-Б,КТО,4,2026-08-23 21:30,2026-08-24 03:45,2026-08-24 07:00,2026-08-24 15:30,3.8,4702.0,2026-08-24 22:35,2026-09-10_1802_
Джаббар Гашимов,ТШО-Б,КТО,5,2026-08-24 10:30,2026-08-24 14:25,2026-08-24 18:45,2026-08-25 05:00,5.9,9043.0,2026-08-25 15:30,2026-09-10_1802_
Лива,ЕАО-М,КТО,8,2026-08-24 16:00,2026-08-24 19:20,2026-08-24 23:20,2026-08-25 06:40,4.3,6629.0,2026-08-25 15:50,2026-09-10_1802_
Тараз,ЕАО-М,КТО,4,2026-08-24 21:30,2026-08-24 23:40,2026-08-25 03:00,2026-08-25 09:45,4.3,6633.0,2026-08-25 17:50,2026-09-10_1802_
Казахстан,ЕАО-М,КТО,4,2026-08-25 15:30,2026-08-25 19:15,2026-08-25 23:00,2026-08-26 07:00,4.73,6335.0,2026-08-26 15:20,2026-09-10_1802_
ТК Актау,ТШО-Б,КТО,5,2026-08-25 13:50,2026-08-26 00:00,2026-08-26 03:30,2026-08-26 13:20,5.9,9170.0,2026-08-26 22:50,2026-09-10_1802_
Алматы,КМГ/КАШАГАН-Б,КТО,4,2026-08-23 19:10,2026-08-26 16:30,2026-08-26 19:30,2026-08-27 06:00,5.8,8977.0,2026-08-27 14:10,2026-09-10_1802_
Абай,ЕАО-М,КТО,5,2026-08-27 01:15,2026-08-27 02:30,2026-08-27 05:00,2026-08-27 11:45,4.75,6340.0,2026-08-28 11:00,2026-09-10_1802_
Пр.Гейдар Алиев,ТШО-Б,КТО,4,2026-08-26 15:30,2026-08-27 15:15,2026-08-27 18:15,2026-08-28 05:45,5.9,9747.0,2026-08-28 15:00,2026-09-10_1802_
Астана,ТШО-Б,КТО,5,2026-08-28 02:50,2026-08-28 17:30,2026-08-28 20:30,2026-08-29 06:30,5.9,9167.0,2026-08-29 12:30,2026-09-10_1802_
Лива,ЕАО-М,КТО,8,2026-08-28 19:40,2026-08-28 21:05,2026-08-29 01:00,2026-08-29 08:30,4.3,6585.0,2026-08-29 15:45,2026-09-10_1802_
Д.Мамедгулузаде,ЕАО-М,КТО,4,2026-08-28 23:15,2026-08-29 00:25,2026-08-29 02:45,2026-08-29 09:45,4.3,5681.0,2026-08-29 17:35,2026-09-10_1802_
Тараз,ЕАО-М,КТО,8,2026-08-29 20:40,2026-08-30 13:35,2026-08-31 17:00,2026-09-01 06:00,4.3,6580.0,2026-09-01 14:05,2026-09-10_1802_
Джаббар Гашимов,ТШО-Б,КТО,5,2026-09-03 05:45,2026-09-03 11:30,2026-09-03 15:00,2026-09-04 01:15,5.9,9040.0,2026-09-04 07:50,2026-09-10_1802_
Казахстан,BB ENERGY-Б,Oil Transshipment,4,2026-08-31 10:15,2026-09-03 13:10,2026-09-03 16:30,2026-09-04 03:30,5.88,9092.825,2026-09-04 13:15,2026-09-10_1802_
ТК Актау,ТШО-Б,КТО,5,2026-09-04 00:45,2026-09-04 18:05,2026-09-04 23:00,2026-09-05 08:30,5.9,9162.0,2026-09-05 15:50,2026-09-10_1802_
Алматы,ЕАО-М,КТО,4,2026-09-05 09:40,2026-09-05 10:50,2026-09-05 13:00,2026-09-05 20:00,4.7,6344.0,2026-09-06 02:30,2026-09-10_1802_
Лива,ЕАО-М,КТО,5,2026-09-05 20:00,2026-09-05 20:55,2026-09-06 00:55,2026-09-06 09:00,4.4,6788.0,2026-09-06 15:55,2026-09-10_1802_
Пр.Гейдар Алиев,ТШО-Б,КТО,5,2026-09-06 18:00,2026-09-06 21:50,2026-09-07 01:00,2026-09-07 12:00,5.9,9743.0,2026-09-08 02:20,2026-09-10_1802_
Астана,ТШО-Б,КТО,5,2026-09-07 06:30,2026-09-08 04:05,2026-09-08 06:50,2026-09-08 16:50,5.9,9166.0,2026-09-08 22:45,2026-09-10_1802_
Тараз,ЕАО-М,КТО,4,2026-09-08 20:00,2026-09-08 21:50,2026-09-09 00:00,2026-09-09 08:00,4.4,6784.0,2026-09-09 15:20,2026-09-10_1802_
Абай,,,8,2026-09-06 01:15,2026-09-09 11:55,,,,,2026-09-09 19:50,2026-09-10_1802_
Д.Мамедгулузаде,ЕАО-М,КТО,5,2026-09-09 10:00,2026-09-09 11:15,2026-09-09 14:00,2026-09-09 20:00,4.3,5676.0,2026-09-10 02:50,2026-09-10_1802_
